ISO-10303-21;
HEADER;
FILE_DESCRIPTION (( 'STEP AP214' ),
    '1' );
FILE_NAME ('KMR231NG LFS.STEP',
    '2025-06-26T05:54:59',
    ( '' ),
    ( '' ),
    'SwSTEP 2.0',
    'SolidWorks 2023',
    '' );
FILE_SCHEMA (( 'AUTOMOTIVE_DESIGN' ));
ENDSEC;

DATA;
#1 = AXIS2_PLACEMENT_3D ( 'NONE', #4396, #2132, #5991 ) ;
#2 = DIRECTION ( 'NONE',  ( 0.000000000000000000, -1.000000000000000000, 0.000000000000000000 ) ) ;
#3 = CARTESIAN_POINT ( 'NONE',  ( -1.935355339059327440, 0.6999999999999999556, 0.01464466094067265294 ) ) ;
#4 = EDGE_CURVE ( 'NONE', #4720, #9349, #5098, .T. ) ;
#5 = DIRECTION ( 'NONE',  ( 0.000000000000000000, 0.000000000000000000, 1.000000000000000000 ) ) ;
#6 = DIRECTION ( 'NONE',  ( -0.8522164413315482800, 0.5231893893459534928, 0.000000000000000000 ) ) ;
#7 = CARTESIAN_POINT ( 'NONE',  ( 1.899999999999999911, -1.350000000000000089, 1.199999999999999956 ) ) ;
#8 = VECTOR ( 'NONE', #8725, 1000.000000000000000 ) ;
#9 = CARTESIAN_POINT ( 'NONE',  ( 0.6999999999999999556, 1.350000000000000089, 0.000000000000000000 ) ) ;
#10 = ORIENTED_EDGE ( 'NONE', *, *, #8001, .F. ) ;
#11 = ADVANCED_FACE ( 'NONE', ( #6463 ), #4288, .F. ) ;
#12 = VERTEX_POINT ( 'NONE', #3452 ) ;
#13 = FACE_OUTER_BOUND ( 'NONE', #6724, .T. ) ;
#14 = DIRECTION ( 'NONE',  ( -9.912705577010339108E-17, 1.000000000000000000, -9.912705577010350201E-17 ) ) ;
#15 = AXIS2_PLACEMENT_3D ( 'NONE', #9465, #7839, #3113 ) ;
#16 = CYLINDRICAL_SURFACE ( 'NONE', #994, 0.05000000000000007216 ) ;
#17 = CARTESIAN_POINT ( 'NONE',  ( 1.899999999999999911, -1.350000000000000089, 1.199999999999999956 ) ) ;
#18 = DIRECTION ( 'NONE',  ( 0.000000000000000000, 1.000000000000000000, 0.000000000000000000 ) ) ;
#19 = DIRECTION ( 'NONE',  ( -1.000000000000000000, 0.000000000000000000, 0.000000000000000000 ) ) ;
#20 = DIRECTION ( 'NONE',  ( 0.000000000000000000, 0.000000000000000000, 1.000000000000000000 ) ) ;
#21 = DIRECTION ( 'NONE',  ( 0.000000000000000000, 0.000000000000000000, 1.000000000000000000 ) ) ;
#22 = ORIENTED_EDGE ( 'NONE', *, *, #3794, .F. ) ;
#23 = PRODUCT_CONTEXT ( 'NONE', #3015, 'mechanical' ) ;
#24 = ORIENTED_EDGE ( 'NONE', *, *, #2038, .T. ) ;
#25 = VECTOR ( 'NONE', #5635, 1000.000000000000000 ) ;
#26 = EDGE_CURVE ( 'NONE', #364, #7484, #7228, .T. ) ;
#27 = ORIENTED_EDGE ( 'NONE', *, *, #821, .F. ) ;
#28 = DIRECTION ( 'NONE',  ( 1.000000000000000000, 0.000000000000000000, 0.000000000000000000 ) ) ;
#29 = AXIS2_PLACEMENT_3D ( 'NONE', #9709, #1087, #9660 ) ;
#30 = CARTESIAN_POINT ( 'NONE',  ( -0.1850555678730499976, -0.7903553390593274219, 1.885355339059327395 ) ) ;
#31 = DIRECTION ( 'NONE',  ( -1.000000000000000000, -7.116814260417669499E-17, 0.000000000000000000 ) ) ;
#32 = DIRECTION ( 'NONE',  ( 1.000000000000000000, 0.000000000000000000, 0.000000000000000000 ) ) ;
#33 = DIRECTION ( 'NONE',  ( 0.3199981514759568380, -0.6305562489199274534, 0.7071067811865482389 ) ) ;
#34 = ORIENTED_EDGE ( 'NONE', *, *, #9083, .T. ) ;
#35 = CARTESIAN_POINT ( 'NONE',  ( -0.4080121480153949820, 0.8418358655296350745, 1.300000000000000044 ) ) ;
#36 = VERTEX_POINT ( 'NONE', #929 ) ;
#37 = APPLICATION_CONTEXT ( 'automotive_design' ) ;
#38 = EDGE_CURVE ( 'NONE', #7778, #6066, #7395, .T. ) ;
#39 = ORIENTED_EDGE ( 'NONE', *, *, #5555, .T. ) ;
#40 = CARTESIAN_POINT ( 'NONE',  ( -0.3222667766999390282, 0.6049999999999999822, 1.250000000000000000 ) ) ;
#41 = CARTESIAN_POINT ( 'NONE',  ( -0.6999999999999999556, -1.149999999999999911, 1.250000000000000000 ) ) ;
#42 = FACE_OUTER_BOUND ( 'NONE', #1727, .T. ) ;
#43 = CARTESIAN_POINT ( 'NONE',  ( 1.949999999999999956, -1.036404544565270092, 0.000000000000000000 ) ) ;
#44 = DIRECTION ( 'NONE',  ( -0.8917411990616684880, -0.4525457257516172227, 0.000000000000000000 ) ) ;
#45 = CARTESIAN_POINT ( 'NONE',  ( 2.056066017177982097, 0.4364045445652700028, 0.1060660171779820027 ) ) ;
#46 = CARTESIAN_POINT ( 'NONE',  ( -0.9228818588627429875, -0.4684067951745389813, 1.850000000000000089 ) ) ;
#47 = ORIENTED_EDGE ( 'NONE', *, *, #7008, .T. ) ;
#48 = VERTEX_POINT ( 'NONE', #8139 ) ;
#50 = CARTESIAN_POINT ( 'NONE',  ( -0.3222667766999390282, 0.7550000000000000044, 1.899999999999999911 ) ) ;
#49 = CARTESIAN_POINT ( 'NONE',  ( 0.000000000000000000, 0.000000000000000000, 0.000000000000000000 ) ) ;
#51 = VERTEX_POINT ( 'NONE', #298 ) ;
#52 = EDGE_CURVE ( 'NONE', #5245, #2596, #2632, .T. ) ;
#53 = DIRECTION ( 'NONE',  ( 0.000000000000000000, 1.000000000000000000, 0.000000000000000000 ) ) ;
#54 = DIRECTION ( 'NONE',  ( 0.000000000000000000, 0.7071067811865474617, 0.7071067811865474617 ) ) ;
#55 = AXIS2_PLACEMENT_3D ( 'NONE', #9280, #5611, #1031 ) ;
#56 = DIRECTION ( 'NONE',  ( -0.8917411990616680439, -0.4525457257516179999, 7.372574772901430151E-16 ) ) ;
#57 = DIRECTION ( 'NONE',  ( 0.000000000000000000, 0.000000000000000000, -1.000000000000000000 ) ) ;
#58 = ADVANCED_FACE ( 'NONE', ( #8096 ), #8777, .T. ) ;
#59 = ORIENTED_EDGE ( 'NONE', *, *, #9180, .F. ) ;
#60 = CIRCLE ( 'NONE', #9144, 0.2000000000203730199 ) ;
#61 = ORIENTED_EDGE ( 'NONE', *, *, #7606, .T. ) ;
#62 = DIRECTION ( 'NONE',  ( 0.000000000000000000, -1.000000000000000000, 0.000000000000000000 ) ) ;
#63 = DIRECTION ( 'NONE',  ( 1.000000000000000000, 0.000000000000000000, 0.000000000000000000 ) ) ;
#64 = SHAPE_REPRESENTATION_RELATIONSHIP ( 'NONE' , 'NONE' ,  #2194, #4763 ) ;
#65 = LINE ( 'NONE', #1060, #5908 ) ;
#66 = CARTESIAN_POINT ( 'NONE',  ( -1.949999999999999956, 1.100000000000000089, 0.2000000000000000111 ) ) ;
#67 = DIRECTION ( 'NONE',  ( 0.000000000000000000, 0.000000000000000000, 1.000000000000000000 ) ) ;
#68 = LINE ( 'NONE', #8641, #4270 ) ;
#69 = VECTOR ( 'NONE', #10108, 1000.000000000000000 ) ;
#70 = EDGE_CURVE ( 'NONE', #677, #1220, #3447, .T. ) ;
#71 = DIRECTION ( 'NONE',  ( 0.000000000000000000, -1.000000000000000000, 0.000000000000000000 ) ) ;
#72 = AXIS2_PLACEMENT_3D ( 'NONE', #7162, #6392, #288 ) ;
#73 = DIRECTION ( 'NONE',  ( 0.000000000000000000, 0.7071067811865519026, -0.7071067811865432429 ) ) ;
#74 = VERTEX_POINT ( 'NONE', #8982 ) ;
#75 = DIRECTION ( 'NONE',  ( 1.000000000000000000, 0.000000000000000000, 0.000000000000000000 ) ) ;
#76 = ORIENTED_EDGE ( 'NONE', *, *, #3599, .F. ) ;
#77 = ORIENTED_EDGE ( 'NONE', *, *, #2971, .T. ) ;
#78 = FACE_OUTER_BOUND ( 'NONE', #1407, .T. ) ;
#79 = DIRECTION ( 'NONE',  ( 0.000000000000000000, 0.000000000000000000, 1.000000000000000000 ) ) ;
#80 = AXIS2_PLACEMENT_3D ( 'NONE', #8972, #2627, #5771 ) ;
#81 = EDGE_LOOP ( 'NONE', ( #4940, #3446, #5036, #7585 ) ) ;
#82 = PRODUCT ( 'Switch_C&K_Components_KMR231NG_LFS_eec.STEP', 'Switch_C&K_Components_KMR231NG_LFS_eec.STEP', '', ( #23 ) ) ;
#83 = AXIS2_PLACEMENT_3D ( 'NONE', #7493, #3582, #5088 ) ;
#84 = CARTESIAN_POINT ( 'NONE',  ( 1.899999999999999911, 1.350000000000000089, 0.05000000000000000278 ) ) ;
#85 = CARTESIAN_POINT ( 'NONE',  ( 0.8000000000000000444, -1.350000000000000089, 1.250000000000000000 ) ) ;
#86 = EDGE_CURVE ( 'NONE', #212, #5612, #4764, .T. ) ;
#87 = FACE_OUTER_BOUND ( 'NONE', #9115, .T. ) ;
#88 = DIRECTION ( 'NONE',  ( 0.000000000000000000, 0.000000000000000000, 1.000000000000000000 ) ) ;
#89 = ORIENTED_EDGE ( 'NONE', *, *, #3364, .T. ) ;
#90 = DIRECTION ( 'NONE',  ( -1.000000000000000000, -3.558407130208834749E-17, 3.558407130208834749E-17 ) ) ;
#91 = VERTEX_POINT ( 'NONE', #4189 ) ;
#92 = VECTOR ( 'NONE', #1241, 1000.000000000000114 ) ;
#93 = CYLINDRICAL_SURFACE ( 'NONE', #8636, 0.2000000000000001221 ) ;
#94 = ORIENTED_EDGE ( 'NONE', *, *, #5351, .T. ) ;
#95 = ORIENTED_EDGE ( 'NONE', *, *, #10053, .F. ) ;
#96 = LINE ( 'NONE', #4740, #10036 ) ;
#97 = DIRECTION ( 'NONE',  ( 0.000000000000000000, 0.000000000000000000, 1.000000000000000000 ) ) ;
#98 = DIRECTION ( 'NONE',  ( 0.000000000000000000, -1.000000000000000000, 0.000000000000000000 ) ) ;
#99 = DIRECTION ( 'NONE',  ( 1.000000000000000000, 0.000000000000000000, 0.000000000000000000 ) ) ;
#100 = ADVANCED_FACE ( 'NONE', ( #1135 ), #983, .F. ) ;
#101 = FACE_OUTER_BOUND ( 'NONE', #2764, .T. ) ;
#102 = PLANE ( 'NONE',  #7555 ) ;
#103 = ORIENTED_EDGE ( 'NONE', *, *, #8850, .T. ) ;
#104 = DIRECTION ( 'NONE',  ( 1.000000000000000000, 0.000000000000000000, 0.000000000000000000 ) ) ;
#105 = ORIENTED_EDGE ( 'NONE', *, *, #7843, .T. ) ;
#106 = ORIENTED_EDGE ( 'NONE', *, *, #9825, .F. ) ;
#107 = CARTESIAN_POINT ( 'NONE',  ( 0.7500000000000000000, -1.350000000000000089, 0.000000000000000000 ) ) ;
#108 = CARTESIAN_POINT ( 'NONE',  ( -2.299999999999999822, 0.5000000000000000000, 0.2000000000000000111 ) ) ;
#109 = AXIS2_PLACEMENT_3D ( 'NONE', #2153, #2004, #494 ) ;
#110 = DIRECTION ( 'NONE',  ( 1.000000000000000000, 0.000000000000000000, 0.000000000000000000 ) ) ;
#111 = CARTESIAN_POINT ( 'NONE',  ( 0.4080121480153949820, -0.8418358655296350745, 1.300000000000000044 ) ) ;
#112 = VECTOR ( 'NONE', #7923, 1000.000000000000000 ) ;
#113 = EDGE_CURVE ( 'NONE', #1393, #6848, #3307, .T. ) ;
#114 = FACE_OUTER_BOUND ( 'NONE', #5963, .T. ) ;
#115 = CARTESIAN_POINT ( 'NONE',  ( 1.949999999999999956, 0.4364045445652700028, 0.000000000000000000 ) ) ;
#116 = ORIENTED_EDGE ( 'NONE', *, *, #6041, .T. ) ;
#117 = DIRECTION ( 'NONE',  ( 0.000000000000000000, 0.000000000000000000, 1.000000000000000000 ) ) ;
#118 = VERTEX_POINT ( 'NONE', #2636 ) ;
#119 = VECTOR ( 'NONE', #546, 1000.000000000000000 ) ;
#120 = ADVANCED_FACE ( 'NONE', ( #5667 ), #5615, .F. ) ;
#121 = DIRECTION ( 'NONE',  ( 0.000000000000000000, 1.000000000000000000, 0.000000000000000000 ) ) ;
#122 = PLANE ( 'NONE',  #8563 ) ;
#123 = CARTESIAN_POINT ( 'NONE',  ( -0.8000000000000000444, -1.350000000000000089, 1.199999999999999956 ) ) ;
#124 = CARTESIAN_POINT ( 'NONE',  ( -0.7500000000000000000, -0.6999999999999999556, 1.199999999999999956 ) ) ;
#125 = CARTESIAN_POINT ( 'NONE',  ( 1.095162613781379912, 0.3346456153152879698, 0.000000000000000000 ) ) ;
#126 = CIRCLE ( 'NONE', #9540, 0.2000000000000001221 ) ;
#127 = LINE ( 'NONE', #7757, #5572 ) ;
#128 = DIRECTION ( 'NONE',  ( -1.000000000000000000, 0.000000000000000000, 0.000000000000000000 ) ) ;
#129 = EDGE_LOOP ( 'NONE', ( #8812, #6603, #3118, #7221 ) ) ;
#130 = VERTEX_POINT ( 'NONE', #6507 ) ;
#131 = DIRECTION ( 'NONE',  ( -0.7071067811865482389, 0.000000000000000000, -0.7071067811865466846 ) ) ;
#132 = CARTESIAN_POINT ( 'NONE',  ( -1.899999999999999911, -1.350000000000000089, 1.199999999999999956 ) ) ;
#133 = AXIS2_PLACEMENT_3D ( 'NONE', #475, #4988, #8123 ) ;
#134 = VERTEX_POINT ( 'NONE', #10142 ) ;
#135 = EDGE_CURVE ( 'NONE', #4271, #9281, #10051, .T. ) ;
#136 = EDGE_CURVE ( 'NONE', #3164, #266, #6058, .T. ) ;
#137 = VECTOR ( 'NONE', #6488, 1000.000000000000000 ) ;
#138 = DIRECTION ( 'NONE',  ( -0.000000000000000000, 1.000000000000000000, 0.000000000000000000 ) ) ;
#139 = DIRECTION ( 'NONE',  ( 0.000000000000000000, 0.000000000000000000, 1.000000000000000000 ) ) ;
#140 = CARTESIAN_POINT ( 'NONE',  ( -0.7500000000000000000, 1.250000000000000000, 0.000000000000000000 ) ) ;
#141 = FACE_OUTER_BOUND ( 'NONE', #3906, .T. ) ;
#142 = CARTESIAN_POINT ( 'NONE',  ( 0.3627575754402329600, -0.7526617456234679926, 1.850000000000000089 ) ) ;
#143 = ORIENTED_EDGE ( 'NONE', *, *, #2456, .T. ) ;
#144 = AXIS2_PLACEMENT_3D ( 'NONE', #10176, #3102, #6247 ) ;
#145 = EDGE_LOOP ( 'NONE', ( #9871, #2603, #3039, #1019 ) ) ;
#146 = AXIS2_PLACEMENT_3D ( 'NONE', #8248, #1190, #8852 ) ;
#147 = LINE ( 'NONE', #8774, #3857 ) ;
#148 = ORIENTED_EDGE ( 'NONE', *, *, #7199, .F. ) ;
#149 = VERTEX_POINT ( 'NONE', #6213 ) ;
#150 = ADVANCED_FACE ( 'NONE', ( #6842 ), #2461, .T. ) ;
#151 = CARTESIAN_POINT ( 'NONE',  ( 0.7500000000000000000, -1.199999999999999956, 0.000000000000000000 ) ) ;
#152 = CARTESIAN_POINT ( 'NONE',  ( 1.899999999999999911, -1.100000000000000089, 0.000000000000000000 ) ) ;
#153 = TOROIDAL_SURFACE ( 'NONE', #2142, 0.1000000000000000056, 0.05000000000000000278 ) ;
#154 = DIRECTION ( 'NONE',  ( 0.000000000000000000, 1.000000000000000000, 0.000000000000000000 ) ) ;
#155 = CARTESIAN_POINT ( 'NONE',  ( 0.7646446609406726269, -1.350000000000000089, 1.235355339059327262 ) ) ;
#156 = LINE ( 'NONE', #10234, #4047 ) ;
#157 = DIRECTION ( 'NONE',  ( 0.000000000000000000, 0.000000000000000000, 1.000000000000000000 ) ) ;
#158 = ORIENTED_EDGE ( 'NONE', *, *, #4383, .T. ) ;
#159 = VERTEX_POINT ( 'NONE', #2732 ) ;
#160 = CIRCLE ( 'NONE', #2807, 0.2401626137813800410 ) ;
#161 = AXIS2_PLACEMENT_3D ( 'NONE', #4526, #1492, #669 ) ;
#162 = DIRECTION ( 'NONE',  ( 1.000000000000000000, 0.000000000000000000, 0.000000000000000000 ) ) ;
#163 = EDGE_LOOP ( 'NONE', ( #5932, #5927, #1831, #7167 ) ) ;
#164 = EDGE_LOOP ( 'NONE', ( #2890, #2498, #8307, #9637 ) ) ;
#165 = ADVANCED_FACE ( 'NONE', ( #404 ), #2154, .F. ) ;
#166 = PLANE ( 'NONE',  #2648 ) ;
#167 = AXIS2_PLACEMENT_3D ( 'NONE', #580, #3727, #8471 ) ;
#168 = DIRECTION ( 'NONE',  ( -0.000000000000000000, 1.000000000000000000, 0.000000000000000000 ) ) ;
#169 = LINE ( 'NONE', #7383, #5152 ) ;
#170 = ORIENTED_EDGE ( 'NONE', *, *, #1010, .F. ) ;
#171 = DIRECTION ( 'NONE',  ( 0.000000000000000000, 0.000000000000000000, 1.000000000000000000 ) ) ;
#172 = VECTOR ( 'NONE', #4760, 1000.000000000000000 ) ;
#173 = EDGE_CURVE ( 'NONE', #1468, #8358, #3769, .T. ) ;
#174 = CARTESIAN_POINT ( 'NONE',  ( 1.935355339059327440, -0.6999999999999999556, 0.01464466094067265294 ) ) ;
#175 =( NAMED_UNIT ( * ) SI_UNIT ( $, .STERADIAN. ) SOLID_ANGLE_UNIT ( ) );
#176 = CARTESIAN_POINT ( 'NONE',  ( 1.899999999938880135, -1.349999999973810150, 0.1499999999999999944 ) ) ;
#177 = FACE_OUTER_BOUND ( 'NONE', #3817, .T. ) ;
#178 = DIRECTION ( 'NONE',  ( 0.000000000000000000, 0.000000000000000000, 1.000000000000000000 ) ) ;
#179 = CARTESIAN_POINT ( 'NONE',  ( 1.899999999938880135, 1.349999999973810150, 0.000000000000000000 ) ) ;
#180 = CIRCLE ( 'NONE', #9584, 0.1499999999999999944 ) ;
#181 = FACE_OUTER_BOUND ( 'NONE', #6795, .T. ) ;
#182 = CARTESIAN_POINT ( 'NONE',  ( 1.600000000000000089, 1.569225247049999883, 0.2000000000000000111 ) ) ;
#183 = ORIENTED_EDGE ( 'NONE', *, *, #7711, .T. ) ;
#184 = ORIENTED_EDGE ( 'NONE', *, *, #1707, .F. ) ;
#185 = EDGE_CURVE ( 'NONE', #6505, #4298, #6368, .T. ) ;
#186 = CARTESIAN_POINT ( 'NONE',  ( -1.899999999999999911, 0.6999999999999999556, 0.05000000000000000278 ) ) ;
#187 = CARTESIAN_POINT ( 'NONE',  ( -0.8000000000000000444, 1.350000000000000089, 0.05000000000000000278 ) ) ;
#188 = CIRCLE ( 'NONE', #1351, 0.04999999999999991257 ) ;
#189 = EDGE_CURVE ( 'NONE', #4539, #9553, #1008, .T. ) ;
#190 = ORIENTED_EDGE ( 'NONE', *, *, #2840, .T. ) ;
#191 = DIRECTION ( 'NONE',  ( -0.8917411990616690431, 0.4525457257516160015, 0.000000000000000000 ) ) ;
#192 = CARTESIAN_POINT ( 'NONE',  ( -1.600000000000000089, 0.5000000000000000000, 0.2000000000000000111 ) ) ;
#193 = DIRECTION ( 'NONE',  ( 0.000000000000000000, 0.3713906763541040545, -0.9284766908852591927 ) ) ;
#194 = DIRECTION ( 'NONE',  ( 0.000000000000000000, 1.000000000000000000, 0.000000000000000000 ) ) ;
#195 = EDGE_LOOP ( 'NONE', ( #6186, #4012, #2785, #3066 ) ) ;
#196 = EDGE_CURVE ( 'NONE', #7263, #1246, #3278, .T. ) ;
#197 = PLANE ( 'NONE',  #395 ) ;
#198 = EDGE_LOOP ( 'NONE', ( #4209, #2833, #3315, #670 ) ) ;
#199 = EDGE_LOOP ( 'NONE', ( #6675, #4282, #1945, #2111, #2748, #8904, #4399 ) ) ;
#200 = DIRECTION ( 'NONE',  ( 0.000000000000000000, 1.000000000000000000, 0.000000000000000000 ) ) ;
#201 = CIRCLE ( 'NONE', #9778, 0.04999999999999991257 ) ;
#202 = PRODUCT ( 'terminals.STEP', 'terminals.STEP', '', ( #7914 ) ) ;
#203 = CARTESIAN_POINT ( 'NONE',  ( -1.095162613781379912, 0.3346456153152879698, 0.000000000000000000 ) ) ;
#204 = DIRECTION ( 'NONE',  ( 0.000000000000000000, 0.000000000000000000, 1.000000000000000000 ) ) ;
#205 = CARTESIAN_POINT ( 'NONE',  ( 1.600000000000000089, -0.5000000000000000000, 0.2000000000000000111 ) ) ;
#206 = DIRECTION ( 'NONE',  ( -1.000000000000000000, 3.092222658463279454E-11, 0.000000000000000000 ) ) ;
#207 = ORIENTED_EDGE ( 'NONE', *, *, #339, .F. ) ;
#208 = EDGE_CURVE ( 'NONE', #717, #1131, #6484, .T. ) ;
#209 = ORIENTED_EDGE ( 'NONE', *, *, #3237, .T. ) ;
#210 = ADVANCED_FACE ( 'NONE', ( #8688 ), #7961, .T. ) ;
#211 = CARTESIAN_POINT ( 'NONE',  ( -2.299999999999999822, 1.100000000000000089, 0.000000000000000000 ) ) ;
#212 = VERTEX_POINT ( 'NONE', #7196 ) ;
#213 = VERTEX_POINT ( 'NONE', #3219 ) ;
#214 = DIRECTION ( 'NONE',  ( 0.000000000000000000, 0.000000000000000000, 1.000000000000000000 ) ) ;
#215 = FACE_OUTER_BOUND ( 'NONE', #163, .T. ) ;
#216 = LINE ( 'NONE', #2699, #4611 ) ;
#217 = CARTESIAN_POINT ( 'NONE',  ( -0.7500000000000000000, -0.6999999999999999556, 0.05000000000000000278 ) ) ;
#218 = ORIENTED_EDGE ( 'NONE', *, *, #7594, .F. ) ;
#219 = EDGE_CURVE ( 'NONE', #8275, #8343, #8800, .T. ) ;
#220 = ORIENTED_EDGE ( 'NONE', *, *, #1046, .T. ) ;
#221 = FACE_OUTER_BOUND ( 'NONE', #8821, .T. ) ;
#222 = CYLINDRICAL_SURFACE ( 'NONE', #483, 0.05000000000000007216 ) ;
#223 = PLANE ( 'NONE',  #496 ) ;
#224 = LINE ( 'NONE', #8072, #4225 ) ;
#225 = DIRECTION ( 'NONE',  ( 1.000000000000000000, 6.167905692840670233E-16, 0.000000000000000000 ) ) ;
#226 = DIRECTION ( 'NONE',  ( 0.000000000000000000, -1.000000000000000000, 0.000000000000000000 ) ) ;
#227 = DIRECTION ( 'NONE',  ( 0.000000000000000000, -0.7071067811865482389, -0.7071067811865466846 ) ) ;
#228 = EDGE_CURVE ( 'NONE', #8493, #6327, #7490, .T. ) ;
#229 = VERTEX_POINT ( 'NONE', #8277 ) ;
#230 = ORIENTED_EDGE ( 'NONE', *, *, #7310, .F. ) ;
#231 = CARTESIAN_POINT ( 'NONE',  ( 1.095162613781379912, 0.3346456153152879698, 0.000000000000000000 ) ) ;
#232 = DIRECTION ( 'NONE',  ( 0.8917411990616684880, 0.4525457257516172227, 0.000000000000000000 ) ) ;
#233 = CIRCLE ( 'NONE', #3545, 0.2000000000000001221 ) ;
#234 = PRESENTATION_LAYER_ASSIGNMENT (  '', '', ( #403 ) ) ;
#235 = DIRECTION ( 'NONE',  ( 0.000000000000000000, -1.000000000000000000, 0.000000000000000000 ) ) ;
#236 = FACE_OUTER_BOUND ( 'NONE', #4121, .T. ) ;
#237 = EDGE_CURVE ( 'NONE', #4517, #3788, #2472, .T. ) ;
#238 = DIRECTION ( 'NONE',  ( 0.000000000000000000, -1.000000000000000000, 0.000000000000000000 ) ) ;
#239 = EDGE_CURVE ( 'NONE', #6801, #461, #7565, .T. ) ;
#240 = EDGE_LOOP ( 'NONE', ( #996, #6709, #2894, #7872 ) ) ;
#241 = FACE_OUTER_BOUND ( 'NONE', #3236, .T. ) ;
#242 = ORIENTED_EDGE ( 'NONE', *, *, #10006, .F. ) ;
#243 = AXIS2_PLACEMENT_3D ( 'NONE', #9401, #8832, #4856 ) ;
#244 = VECTOR ( 'NONE', #573, 1000.000000000000000 ) ;
#245 = EDGE_LOOP ( 'NONE', ( #9008, #4999, #1428, #6882, #2124, #2257, #457, #9641, #8345, #9820, #8184, #1864, #2476, #6290, #5109, #3386 ) ) ;
#246 = ORIENTED_EDGE ( 'NONE', *, *, #4143, .T. ) ;
#247 = CYLINDRICAL_SURFACE ( 'NONE', #9108, 0.05000000000000007216 ) ;
#248 = EDGE_CURVE ( 'NONE', #7710, #1685, #816, .T. ) ;
#249 = DIRECTION ( 'NONE',  ( -0.7071067811865482389, 0.000000000000000000, 0.7071067811865466846 ) ) ;
#250 = AXIS2_PLACEMENT_3D ( 'NONE', #4134, #1183, #6546 ) ;
#251 = PRODUCT_DEFINITION_SHAPE ( 'NONE', 'NONE',  #1675 ) ;
#252 = FACE_OUTER_BOUND ( 'NONE', #10221, .T. ) ;
#253 = LINE ( 'NONE', #5118, #7654 ) ;
#254 = CARTESIAN_POINT ( 'NONE',  ( 1.949999999999999956, -1.350000000000000089, 0.05000000000000000278 ) ) ;
#255 = EDGE_LOOP ( 'NONE', ( #918, #6526, #5299, #246 ) ) ;
#256 = ORIENTED_EDGE ( 'NONE', *, *, #6522, .T. ) ;
#257 = LINE ( 'NONE', #9720, #8465 ) ;
#258 = VERTEX_POINT ( 'NONE', #9107 ) ;
#259 = ORIENTED_EDGE ( 'NONE', *, *, #1639, .T. ) ;
#260 = FACE_OUTER_BOUND ( 'NONE', #7582, .T. ) ;
#261 = ADVANCED_FACE ( 'NONE', ( #4357 ), #1978, .F. ) ;
#262 = EDGE_CURVE ( 'NONE', #365, #322, #9559, .T. ) ;
#263 = CARTESIAN_POINT ( 'NONE',  ( 0.6999999999999999556, 1.349999999973810150, -1.122001267506480104 ) ) ;
#264 = CARTESIAN_POINT ( 'NONE',  ( -2.299999999999999822, 1.100000000000000089, 0.000000000000000000 ) ) ;
#265 = CARTESIAN_POINT ( 'NONE',  ( -2.100000000000000089, -1.036404544565270092, -0.2500000000000000000 ) ) ;
#266 = VERTEX_POINT ( 'NONE', #428 ) ;
#267 = VERTEX_POINT ( 'NONE', #3578 ) ;
#268 = DIRECTION ( 'NONE',  ( -1.000000000000000000, 0.000000000000000000, 0.000000000000000000 ) ) ;
#269 = ORIENTED_EDGE ( 'NONE', *, *, #6266, .F. ) ;
#270 = CARTESIAN_POINT ( 'NONE',  ( 0.8000000000000000444, 1.385355339059327395, 0.01464466094067266681 ) ) ;
#271 = ADVANCED_FACE ( 'NONE', ( #5747 ), #7391, .T. ) ;
#272 = FACE_OUTER_BOUND ( 'NONE', #2304, .T. ) ;
#273 = FACE_OUTER_BOUND ( 'NONE', #1624, .T. ) ;
#274 = CARTESIAN_POINT ( 'NONE',  ( 0.8000000000087310603, 1.349999999973810150, 0.000000000000000000 ) ) ;
#275 = CARTESIAN_POINT ( 'NONE',  ( 1.899999999999999911, 1.385355339059327395, 0.01464466094067266681 ) ) ;
#276 = DIRECTION ( 'NONE',  ( 0.000000000000000000, 1.000000000000000000, -5.551115123125780336E-15 ) ) ;
#277 = ORIENTED_EDGE ( 'NONE', *, *, #2418, .T. ) ;
#278 = VECTOR ( 'NONE', #661, 1000.000000000000000 ) ;
#279 = ORIENTED_EDGE ( 'NONE', *, *, #7796, .F. ) ;
#280 = AXIS2_PLACEMENT_3D ( 'NONE', #7715, #3705, #6805 ) ;
#281 = DIRECTION ( 'NONE',  ( 0.000000000000000000, 0.000000000000000000, -1.000000000000000000 ) ) ;
#282 = EDGE_LOOP ( 'NONE', ( #2834, #7152, #4026, #7450 ) ) ;
#283 = EDGE_CURVE ( 'NONE', #3018, #6197, #6429, .T. ) ;
#284 = AXIS2_PLACEMENT_3D ( 'NONE', #2103, #592, #1373 ) ;
#285 = AXIS2_PLACEMENT_3D ( 'NONE', #2760, #7650, #6790 ) ;
#286 = CIRCLE ( 'NONE', #4562, 0.2000000000000001221 ) ;
#287 = CARTESIAN_POINT ( 'NONE',  ( 0.7344566725685474085, 0.6365224701930424223, 1.264644660940672516 ) ) ;
#288 = DIRECTION ( 'NONE',  ( 0.2326572596528327652, 0.9725587897555778572, 0.000000000000000000 ) ) ;
#289 = CARTESIAN_POINT ( 'NONE',  ( -0.1850555678730499976, -0.8549999999999999822, 1.300000000000000044 ) ) ;
#290 = FACE_OUTER_BOUND ( 'NONE', #6744, .T. ) ;
#291 = ORIENTED_EDGE ( 'NONE', *, *, #5817, .T. ) ;
#292 = ORIENTED_EDGE ( 'NONE', *, *, #1311, .F. ) ;
#293 = DIRECTION ( 'NONE',  ( 1.000000000000000000, 0.000000000000000000, 0.000000000000000000 ) ) ;
#294 = ORIENTED_EDGE ( 'NONE', *, *, #545, .F. ) ;
#295 = VECTOR ( 'NONE', #5428, 1000.000000000000000 ) ;
#296 = AXIS2_PLACEMENT_3D ( 'NONE', #3715, #3568, #1350 ) ;
#297 = ORIENTED_EDGE ( 'NONE', *, *, #2341, .F. ) ;
#298 = CARTESIAN_POINT ( 'NONE',  ( -1.899999999999999911, 1.350000000000000089, 0.000000000000000000 ) ) ;
#299 = ADVANCED_FACE ( 'NONE', ( #8117 ), #222, .F. ) ;
#300 = CARTESIAN_POINT ( 'NONE',  ( -0.6999999999999999556, -1.149999999999999911, 0.05000000000000000278 ) ) ;
#301 = VECTOR ( 'NONE', #6320, 1000.000000000000000 ) ;
#302 = AXIS2_PLACEMENT_3D ( 'NONE', #7445, #5137, #5176 ) ;
#303 = DIRECTION ( 'NONE',  ( 0.000000000000000000, 0.000000000000000000, -1.000000000000000000 ) ) ;
#304 = DIRECTION ( 'NONE',  ( 0.000000000000000000, 0.000000000000000000, 1.000000000000000000 ) ) ;
#305 = CARTESIAN_POINT ( 'NONE',  ( -0.8000000000087310603, -1.150000000026190072, 0.000000000000000000 ) ) ;
#306 = EDGE_LOOP ( 'NONE', ( #5106, #1654, #4297, #3588 ) ) ;
#307 = ORIENTED_EDGE ( 'NONE', *, *, #5995, .F. ) ;
#308 = EDGE_CURVE ( 'NONE', #1131, #5971, #9890, .T. ) ;
#309 = ORIENTED_EDGE ( 'NONE', *, *, #9934, .F. ) ;
#310 = AXIS2_PLACEMENT_3D ( 'NONE', #716, #10161, #10111 ) ;
#311 = AXIS2_PLACEMENT_3D ( 'NONE', #10029, #1356, #5419 ) ;
#312 = ORIENTED_EDGE ( 'NONE', *, *, #10151, .T. ) ;
#313 = VECTOR ( 'NONE', #7318, 1000.000000000000000 ) ;
#314 = ADVANCED_FACE ( 'NONE', ( #7442 ), #9001, .T. ) ;
#315 = DIRECTION ( 'NONE',  ( 1.000000000000000000, 0.000000000000000000, 0.000000000000000000 ) ) ;
#316 = CARTESIAN_POINT ( 'NONE',  ( 1.899999999999999911, -1.350000000000000089, 1.199999999999999956 ) ) ;
#317 = CARTESIAN_POINT ( 'NONE',  ( -1.900000000011639933, 1.036404544565270092, 0.000000000000000000 ) ) ;
#318 = DIRECTION ( 'NONE',  ( -1.000000000000000000, 0.000000000000000000, 0.000000000000000000 ) ) ;
#319 = CARTESIAN_POINT ( 'NONE',  ( -1.557918548418649740, 0.9838512662132929965, 0.000000000000000000 ) ) ;
#320 = VERTEX_POINT ( 'NONE', #3375 ) ;
#321 = AXIS2_PLACEMENT_3D ( 'NONE', #2098, #8476, #1418 ) ;
#322 = VERTEX_POINT ( 'NONE', #6529 ) ;
#323 = DIRECTION ( 'NONE',  ( 0.000000000000000000, 0.000000000000000000, 1.000000000000000000 ) ) ;
#324 = EDGE_CURVE ( 'NONE', #10047, #1852, #1057, .T. ) ;
#325 = ORIENTED_EDGE ( 'NONE', *, *, #8849, .T. ) ;
#326 = EDGE_CURVE ( 'NONE', #3202, #1669, #6592, .T. ) ;
#327 = AXIS2_PLACEMENT_3D ( 'NONE', #1704, #7962, #5642 ) ;
#328 = DIRECTION ( 'NONE',  ( -1.000000000000000000, 0.000000000000000000, 0.000000000000000000 ) ) ;
#329 = DIRECTION ( 'NONE',  ( 1.000000000000000000, 0.000000000000000000, 0.000000000000000000 ) ) ;
#330 = CARTESIAN_POINT ( 'NONE',  ( -1.899999999999999911, -1.350000000000000089, 0.000000000000000000 ) ) ;
#331 = FACE_OUTER_BOUND ( 'NONE', #7305, .T. ) ;
#332 = DIRECTION ( 'NONE',  ( 1.000000000000000000, 0.000000000000000000, 0.000000000000000000 ) ) ;
#333 = DIRECTION ( 'NONE',  ( 0.000000000000000000, 1.000000000000000000, 0.000000000000000000 ) ) ;
#334 = CIRCLE ( 'NONE', #7419, 0.04999999999999991257 ) ;
#335 = ORIENTED_EDGE ( 'NONE', *, *, #8620, .F. ) ;
#336 = DIRECTION ( 'NONE',  ( -0.8917411990616690431, 0.4525457257516160015, 0.000000000000000000 ) ) ;
#337 = ORIENTED_EDGE ( 'NONE', *, *, #8192, .T. ) ;
#338 = PRODUCT_DEFINITION_FORMATION_WITH_SPECIFIED_SOURCE ( 'ANY', '', #4787, .NOT_KNOWN. ) ;
#339 = EDGE_CURVE ( 'NONE', #4811, #9553, #9732, .T. ) ;
#340 = DIRECTION ( 'NONE',  ( 0.000000000000000000, 0.000000000000000000, 1.000000000000000000 ) ) ;
#341 = ORIENTED_EDGE ( 'NONE', *, *, #7199, .T. ) ;
#342 = CIRCLE ( 'NONE', #1499, 0.04999999999999991257 ) ;
#343 = DIRECTION ( 'NONE',  ( 0.000000000000000000, 0.000000000000000000, -1.000000000000000000 ) ) ;
#344 = CARTESIAN_POINT ( 'NONE',  ( -1.949999999999999956, -1.036404544565270092, -0.05000000000000000278 ) ) ;
#345 = CARTESIAN_POINT ( 'NONE',  ( 1.935355339059327440, 1.385355339059327395, 0.05000000000000000278 ) ) ;
#346 = DIRECTION ( 'NONE',  ( -1.000000000000000000, 0.000000000000000000, 0.000000000000000000 ) ) ;
#347 = DIRECTION ( 'NONE',  ( 0.000000000000000000, 0.000000000000000000, 1.000000000000000000 ) ) ;
#348 = VERTEX_POINT ( 'NONE', #270 ) ;
#349 = EDGE_LOOP ( 'NONE', ( #8514, #4838, #2649, #8820 ) ) ;
#350 = CARTESIAN_POINT ( 'NONE',  ( 0.8000000000000000444, -1.350000000000000089, 0.05000000000000000278 ) ) ;
#351 = EDGE_LOOP ( 'NONE', ( #9361, #10060, #207, #7112 ) ) ;
#352 = EDGE_CURVE ( 'NONE', #7919, #3920, #5026, .T. ) ;
#353 = AXIS2_PLACEMENT_3D ( 'NONE', #7533, #9100, #2035 ) ;
#354 = AXIS2_PLACEMENT_3D ( 'NONE', #1979, #4202, #2652 ) ;
#355 = EDGE_LOOP ( 'NONE', ( #9937, #7551, #4989, #1212 ) ) ;
#356 = CARTESIAN_POINT ( 'NONE',  ( 1.949999999999999956, 0.7364045445652700472, -0.2999999999999999889 ) ) ;
#357 = CYLINDRICAL_SURFACE ( 'NONE', #6475, 0.05000000000000001665 ) ;
#358 = VECTOR ( 'NONE', #4253, 1000.000000000000000 ) ;
#359 = CARTESIAN_POINT ( 'NONE',  ( -1.949999999999999956, 0.2999999999999999889, 0.2000000000000000111 ) ) ;
#360 = DIRECTION ( 'NONE',  ( -0.000000000000000000, 1.000000000000000000, 0.000000000000000000 ) ) ;
#361 = CARTESIAN_POINT ( 'NONE',  ( -0.8549999999999999822, -0.3346456153152879698, 1.250000000000000000 ) ) ;
#362 = CARTESIAN_POINT ( 'NONE',  ( 1.949999999999999956, 1.036404544565270092, -0.2500000000000000000 ) ) ;
#363 = DIRECTION ( 'NONE',  ( 0.000000000000000000, 0.000000000000000000, 1.000000000000000000 ) ) ;
#364 = VERTEX_POINT ( 'NONE', #4314 ) ;
#365 = VERTEX_POINT ( 'NONE', #3529 ) ;
#366 = ADVANCED_FACE ( 'NONE', ( #1410 ), #2090, .F. ) ;
#367 = VECTOR ( 'NONE', #1548, 1000.000000000000114 ) ;
#368 = ORIENTED_EDGE ( 'NONE', *, *, #3084, .T. ) ;
#369 = LINE ( 'NONE', #5736, #7920 ) ;
#370 = DIRECTION ( 'NONE',  ( 0.000000000000000000, 1.000000000000000000, 0.000000000000000000 ) ) ;
#371 = DIRECTION ( 'NONE',  ( -1.000000000000000000, 0.000000000000000000, 0.000000000000000000 ) ) ;
#372 = CARTESIAN_POINT ( 'NONE',  ( 0.7353553390593273731, 1.214644660940672694, 0.000000000000000000 ) ) ;
#373 = VERTEX_POINT ( 'NONE', #4498 ) ;
#374 = EDGE_CURVE ( 'NONE', #518, #8318, #7599, .T. ) ;
#375 = EDGE_CURVE ( 'NONE', #9022, #8657, #8375, .T. ) ;
#376 = EDGE_LOOP ( 'NONE', ( #2846, #4236, #8415, #6007, #5039 ) ) ;
#377 = DIRECTION ( 'NONE',  ( -1.000000000000000000, -6.167905691643949504E-16, 0.000000000000000000 ) ) ;
#378 = ORIENTED_EDGE ( 'NONE', *, *, #7781, .T. ) ;
#379 =( REPRESENTATION_RELATIONSHIP ('NONE','NONE', #5085, #1923 ) REPRESENTATION_RELATIONSHIP_WITH_TRANSFORMATION ( #6276 )SHAPE_REPRESENTATION_RELATIONSHIP( ) );
#380 = CARTESIAN_POINT ( 'NONE',  ( -0.8000000000000000444, -1.350000000000000089, 0.05000000000000000278 ) ) ;
#381 = DIRECTION ( 'NONE',  ( 0.000000000000000000, 0.000000000000000000, 1.000000000000000000 ) ) ;
#382 = ADVANCED_FACE ( 'NONE', ( #7689 ), #4403, .T. ) ;
#383 = CARTESIAN_POINT ( 'NONE',  ( 0.9636845643521000371, -0.5488085124984810603, 0.1499999999999999944 ) ) ;
#384 = DIRECTION ( 'NONE',  ( 0.000000000000000000, -0.7071067811865474617, -0.7071067811865474617 ) ) ;
#385 = DIRECTION ( 'NONE',  ( 0.000000000000000000, 1.000000000000000000, 0.000000000000000000 ) ) ;
#386 = DIRECTION ( 'NONE',  ( 0.2326572596528327930, 0.9725587897555778572, 0.000000000000000000 ) ) ;
#387 = ORIENTED_EDGE ( 'NONE', *, *, #2829, .T. ) ;
#388 = ORIENTED_EDGE ( 'NONE', *, *, #3750, .F. ) ;
#389 = DIRECTION ( 'NONE',  ( 0.000000000000000000, 0.000000000000000000, -1.000000000000000000 ) ) ;
#390 = VERTEX_POINT ( 'NONE', #2191 ) ;
#391 = EDGE_CURVE ( 'NONE', #4153, #1332, #8425, .T. ) ;
#392 = EDGE_CURVE ( 'NONE', #6431, #1920, #4455, .T. ) ;
#393 = DIRECTION ( 'NONE',  ( 0.5773502691896242878, -0.5773502691896329475, 0.5773502691896199579 ) ) ;
#394 = DIRECTION ( 'NONE',  ( 1.000000000000000000, 0.000000000000000000, 0.000000000000000000 ) ) ;
#395 = AXIS2_PLACEMENT_3D ( 'NONE', #9653, #1814, #1130 ) ;
#396 = DIRECTION ( 'NONE',  ( 0.000000000000000000, -0.3713906763541040545, 0.9284766908852591927 ) ) ;
#397 = CYLINDRICAL_SURFACE ( 'NONE', #1645, 0.05000000000000001665 ) ;
#398 = EDGE_LOOP ( 'NONE', ( #8998, #6946, #10017, #6674, #8296, #7009, #1909, #1765, #2582, #4914, #10079, #4003, #4994, #10162, #9889, #7327 ) ) ;
#399 = ORIENTED_EDGE ( 'NONE', *, *, #7658, .F. ) ;
#400 = ORIENTED_EDGE ( 'NONE', *, *, #511, .T. ) ;
#401 = EDGE_LOOP ( 'NONE', ( #9484, #8660, #4426, #5594 ) ) ;
#402 = AXIS2_PLACEMENT_3D ( 'NONE', #1723, #9713, #1917 ) ;
#403 = STYLED_ITEM ( 'NONE', ( #1741 ), #6793 ) ;
#404 = FACE_OUTER_BOUND ( 'NONE', #7340, .T. ) ;
#405 = LINE ( 'NONE', #3556, #1708 ) ;
#406 = EDGE_CURVE ( 'NONE', #9068, #320, #3780, .T. ) ;
#407 = CARTESIAN_POINT ( 'NONE',  ( -0.8000000000087310603, 1.150000000075669826, 0.1499999999999999944 ) ) ;
#408 = ORIENTED_EDGE ( 'NONE', *, *, #5181, .T. ) ;
#409 = CARTESIAN_POINT ( 'NONE',  ( 1.899999999938880135, -1.349999999973810150, 0.000000000000000000 ) ) ;
#410 = CARTESIAN_POINT ( 'NONE',  ( -0.3750000000000000000, -1.185355339059327440, 0.01464466094067265294 ) ) ;
#411 = ORIENTED_EDGE ( 'NONE', *, *, #5001, .F. ) ;
#412 = CARTESIAN_POINT ( 'NONE',  ( -0.3901486355626809788, -0.7387611798592499390, 1.850000000000000089 ) ) ;
#413 = AXIS2_PLACEMENT_3D ( 'NONE', #7422, #360, #3510 ) ;
#414 = ORIENTED_EDGE ( 'NONE', *, *, #7564, .F. ) ;
#415 = VERTEX_POINT ( 'NONE', #8521 ) ;
#416 = ORIENTED_EDGE ( 'NONE', *, *, #9661, .F. ) ;
#417 = ORIENTED_EDGE ( 'NONE', *, *, #3040, .T. ) ;
#418 = DIRECTION ( 'NONE',  ( 0.000000000000000000, 0.000000000000000000, 1.000000000000000000 ) ) ;
#419 = VECTOR ( 'NONE', #9490, 1000.000000000000000 ) ;
#420 = DIRECTION ( 'NONE',  ( 0.000000000000000000, 1.000000000000000000, 0.000000000000000000 ) ) ;
#421 = EDGE_CURVE ( 'NONE', #9084, #9459, #1821, .T. ) ;
#422 = LINE ( 'NONE', #7381, #5080 ) ;
#423 = FACE_OUTER_BOUND ( 'NONE', #893, .T. ) ;
#424 = VERTEX_POINT ( 'NONE', #530 ) ;
#425 = DIRECTION ( 'NONE',  ( 0.000000000000000000, 0.000000000000000000, -1.000000000000000000 ) ) ;
#426 = AXIS2_PLACEMENT_3D ( 'NONE', #8141, #4091, #1089 ) ;
#427 = VERTEX_POINT ( 'NONE', #1362 ) ;
#428 = CARTESIAN_POINT ( 'NONE',  ( 2.299999999999999822, -1.100000000000000089, 0.2000000000000000111 ) ) ;
#429 = ADVANCED_FACE ( 'NONE', ( #3058 ), #6102, .T. ) ;
#430 = LINE ( 'NONE', #1937, #836 ) ;
#431 = DIRECTION ( 'NONE',  ( 0.000000000000000000, -1.000000000000000000, 0.000000000000000000 ) ) ;
#432 = CARTESIAN_POINT ( 'NONE',  ( -0.6999999999999999556, -1.199999999999999956, 1.199999999999999956 ) ) ;
#433 = DIRECTION ( 'NONE',  ( 0.000000000000000000, -1.000000000000000000, 0.000000000000000000 ) ) ;
#434 = CARTESIAN_POINT ( 'NONE',  ( -1.935355339059327440, -1.385355339059327395, 0.05000000000000000278 ) ) ;
#435 = ORIENTED_EDGE ( 'NONE', *, *, #7645, .T. ) ;
#436 = ORIENTED_EDGE ( 'NONE', *, *, #7581, .T. ) ;
#437 = VECTOR ( 'NONE', #4616, 1000.000000000000000 ) ;
#438 = EDGE_CURVE ( 'NONE', #3526, #4272, #4446, .T. ) ;
#439 = DIRECTION ( 'NONE',  ( 0.000000000000000000, -1.000000000000000000, 0.000000000000000000 ) ) ;
#440 = VERTEX_POINT ( 'NONE', #9987 ) ;
#441 = DIRECTION ( 'NONE',  ( 0.000000000000000000, 0.000000000000000000, -1.000000000000000000 ) ) ;
#442 = LINE ( 'NONE', #2204, #1946 ) ;
#443 = CIRCLE ( 'NONE', #778, 0.05000000000000001665 ) ;
#444 = CIRCLE ( 'NONE', #1936, 0.05000000000000002359 ) ;
#445 = CYLINDRICAL_SURFACE ( 'NONE', #1263, 0.2000000000000000944 ) ;
#446 = ORIENTED_EDGE ( 'NONE', *, *, #8849, .F. ) ;
#447 = ORIENTED_EDGE ( 'NONE', *, *, #6226, .F. ) ;
#448 = EDGE_CURVE ( 'NONE', #7295, #3536, #1462, .T. ) ;
#449 = ADVANCED_FACE ( 'NONE', ( #690 ), #9939, .T. ) ;
#450 = DIRECTION ( 'NONE',  ( 0.000000000000000000, -1.000000000000000000, 0.000000000000000000 ) ) ;
#451 = EDGE_LOOP ( 'NONE', ( #6895, #3831, #3673, #7022 ) ) ;
#452 = AXIS2_PLACEMENT_3D ( 'NONE', #10049, #6693, #9167 ) ;
#453 = VECTOR ( 'NONE', #4021, 1000.000000000000000 ) ;
#454 = ADVANCED_FACE ( 'NONE', ( #3634 ), #9154, .F. ) ;
#455 = CARTESIAN_POINT ( 'NONE',  ( -1.935355339059327662, 1.100000000000000089, 0.01464466094067282120 ) ) ;
#456 = DIRECTION ( 'NONE',  ( 1.000000000000000000, 0.000000000000000000, 0.000000000000000000 ) ) ;
#457 = ORIENTED_EDGE ( 'NONE', *, *, #9908, .F. ) ;
#458 = DIRECTION ( 'NONE',  ( 0.000000000000000000, -0.9284766908852591927, -0.3713906763541041101 ) ) ;
#459 = DIRECTION ( 'NONE',  ( 0.000000000000000000, 0.000000000000000000, 1.000000000000000000 ) ) ;
#460 = CARTESIAN_POINT ( 'NONE',  ( -0.6999999999999999556, 1.199999999973810016, 0.1499999999999999944 ) ) ;
#461 = VERTEX_POINT ( 'NONE', #7950 ) ;
#462 = VECTOR ( 'NONE', #468, 1000.000000000000000 ) ;
#463 = VERTEX_POINT ( 'NONE', #7132 ) ;
#464 = EDGE_CURVE ( 'NONE', #1920, #8718, #5760, .T. ) ;
#465 = ADVANCED_FACE ( 'NONE', ( #894 ), #2342, .T. ) ;
#466 = ORIENTED_EDGE ( 'NONE', *, *, #9262, .F. ) ;
#467 = ORIENTED_EDGE ( 'NONE', *, *, #2029, .T. ) ;
#468 = DIRECTION ( 'NONE',  ( 1.000000000000000000, 0.000000000000000000, 0.000000000000000000 ) ) ;
#469 = AXIS2_PLACEMENT_3D ( 'NONE', #8439, #4512, #8340 ) ;
#470 = FACE_OUTER_BOUND ( 'NONE', #879, .T. ) ;
#471 = AXIS2_PLACEMENT_3D ( 'NONE', #1215, #8225, #1314 ) ;
#472 = PLANE ( 'NONE',  #3926 ) ;
#473 = LINE ( 'NONE', #5169, #2668 ) ;
#474 = VERTEX_POINT ( 'NONE', #3993 ) ;
#475 = CARTESIAN_POINT ( 'NONE',  ( 1.899999999999999911, 1.350000000000000089, 1.199999999999999956 ) ) ;
#476 = AXIS2_PLACEMENT_3D ( 'NONE', #560, #4630, #5403 ) ;
#477 = COLOUR_RGB ( '',0.2862745098039215508, 0.2862745098039215508, 0.2862745098039215508 ) ;
#478 = CARTESIAN_POINT ( 'NONE',  ( -0.9999999999068690526, 1.349999999973810150, 0.1499999999999999944 ) ) ;
#479 = ORIENTED_EDGE ( 'NONE', *, *, #1286, .F. ) ;
#480 = ADVANCED_FACE ( 'NONE', ( #1557 ), #9571, .T. ) ;
#481 = DIRECTION ( 'NONE',  ( 0.000000000000000000, 0.000000000000000000, 1.000000000000000000 ) ) ;
#482 = CARTESIAN_POINT ( 'NONE',  ( 1.899999999999999911, 0.5000000000000000000, 0.000000000000000000 ) ) ;
#483 = AXIS2_PLACEMENT_3D ( 'NONE', #2608, #5851, #9738 ) ;
#484 = CARTESIAN_POINT ( 'NONE',  ( 1.600000000000000089, 0.5500000000000000444, 0.000000000000000000 ) ) ;
#485 = CARTESIAN_POINT ( 'NONE',  ( -0.3222667766999390282, 0.7903553390593274219, 1.885355339059327395 ) ) ;
#486 = CARTESIAN_POINT ( 'NONE',  ( -1.949999999999999956, 0.6999999999999999556, 0.05000000000000000278 ) ) ;
#487 = DIRECTION ( 'NONE',  ( 1.000000000000000000, 0.000000000000000000, 0.000000000000000000 ) ) ;
#488 = EDGE_LOOP ( 'NONE', ( #6777, #3305, #6607, #2936 ) ) ;
#489 = CARTESIAN_POINT ( 'NONE',  ( -1.900000000011639933, 1.349999999973810150, 0.1499999999999999944 ) ) ;
#490 = ORIENTED_EDGE ( 'NONE', *, *, #8518, .F. ) ;
#491 = EDGE_CURVE ( 'NONE', #7640, #7308, #6921, .T. ) ;
#492 = AXIS2_PLACEMENT_3D ( 'NONE', #9954, #6161, #6116 ) ;
#493 = AXIS2_PLACEMENT_3D ( 'NONE', #3708, #8352, #7627 ) ;
#494 = DIRECTION ( 'NONE',  ( -1.000000000000000000, 0.000000000000000000, 0.000000000000000000 ) ) ;
#495 = DIRECTION ( 'NONE',  ( 0.000000000000000000, 0.000000000000000000, 1.000000000000000000 ) ) ;
#496 = AXIS2_PLACEMENT_3D ( 'NONE', #9684, #329, #8914 ) ;
#497 = FACE_OUTER_BOUND ( 'NONE', #2977, .T. ) ;
#498 = EDGE_LOOP ( 'NONE', ( #9672, #1319, #9882, #10030 ) ) ;
#499 = EDGE_CURVE ( 'NONE', #5832, #4717, #3888, .T. ) ;
#500 = CARTESIAN_POINT ( 'NONE',  ( -1.935355339059327440, 0.6999999999999999556, 0.01464466094067265294 ) ) ;
#501 = ORIENTED_EDGE ( 'NONE', *, *, #1324, .F. ) ;
#502 = VERTEX_POINT ( 'NONE', #3265 ) ;
#503 = ORIENTED_EDGE ( 'NONE', *, *, #3716, .F. ) ;
#504 = EDGE_CURVE ( 'NONE', #4783, #130, #7251, .T. ) ;
#505 = EDGE_LOOP ( 'NONE', ( #3749, #8760, #4149, #2992 ) ) ;
#506 = AXIS2_PLACEMENT_3D ( 'NONE', #8110, #6669, #1883 ) ;
#507 = DIRECTION ( 'NONE',  ( 0.8522164413315485021, 0.5231893893459532707, 0.000000000000000000 ) ) ;
#508 = LINE ( 'NONE', #9813, #1842 ) ;
#509 = FACE_OUTER_BOUND ( 'NONE', #912, .T. ) ;
#510 = EDGE_LOOP ( 'NONE', ( #5023, #6825, #2174, #3026 ) ) ;
#511 = EDGE_CURVE ( 'NONE', #9268, #1419, #6422, .T. ) ;
#512 = DIRECTION ( 'NONE',  ( 0.000000000000000000, 0.000000000000000000, -1.000000000000000000 ) ) ;
#513 = DIRECTION ( 'NONE',  ( 0.000000000000000000, 0.000000000000000000, -1.000000000000000000 ) ) ;
#514 = AXIS2_PLACEMENT_3D ( 'NONE', #523, #2230, #7636 ) ;
#515 = LINE ( 'NONE', #7673, #7716 ) ;
#516 = LINE ( 'NONE', #9277, #7712 ) ;
#517 = ORIENTED_EDGE ( 'NONE', *, *, #5555, .F. ) ;
#518 = VERTEX_POINT ( 'NONE', #6478 ) ;
#519 = ORIENTED_EDGE ( 'NONE', *, *, #6158, .T. ) ;
#520 = CARTESIAN_POINT ( 'NONE',  ( 2.100000000000000089, 1.036404544565270092, 0.000000000000000000 ) ) ;
#521 = FACE_OUTER_BOUND ( 'NONE', #7537, .T. ) ;
#522 = EDGE_CURVE ( 'NONE', #7463, #4517, #2549, .T. ) ;
#523 = CARTESIAN_POINT ( 'NONE',  ( 0.3222667766999390282, -0.6049999999999999822, 1.300000000000000044 ) ) ;
#524 = ADVANCED_FACE ( 'NONE', ( #8792 ), #9622, .F. ) ;
#525 = VERTEX_POINT ( 'NONE', #6359 ) ;
#526 = DIRECTION ( 'NONE',  ( 1.000000000000000000, 0.000000000000000000, 0.000000000000000000 ) ) ;
#527 = VECTOR ( 'NONE', #8058, 1000.000000000000000 ) ;
#528 = PLANE ( 'NONE',  #5344 ) ;
#529 = ORIENTED_EDGE ( 'NONE', *, *, #9138, .T. ) ;
#530 = CARTESIAN_POINT ( 'NONE',  ( 1.095162613781379912, -0.3346456153152879698, 0.000000000000000000 ) ) ;
#531 = AXIS2_PLACEMENT_3D ( 'NONE', #2386, #3135, #6198 ) ;
#532 = DIRECTION ( 'NONE',  ( 0.000000000000000000, 0.7071067811865484609, 0.7071067811865466846 ) ) ;
#533 = DIRECTION ( 'NONE',  ( -0.4525457257516172782, 0.8917411990616683770, 0.000000000000000000 ) ) ;
#534 = EDGE_CURVE ( 'NONE', #9022, #118, #7572, .T. ) ;
#535 = FACE_OUTER_BOUND ( 'NONE', #2836, .T. ) ;
#536 = DIRECTION ( 'NONE',  ( 0.000000000000000000, 1.000000000000000000, 0.000000000000000000 ) ) ;
#537 = CARTESIAN_POINT ( 'NONE',  ( 1.025443288266309816, 0.4392834931844787349, 1.850000000000000089 ) ) ;
#538 = CARTESIAN_POINT ( 'NONE',  ( -0.1850555678730499976, -0.8050000000000000488, 1.300000000000000044 ) ) ;
#539 = EDGE_LOOP ( 'NONE', ( #5702, #2260, #4523, #5381 ) ) ;
#540 = PLANE ( 'NONE',  #3280 ) ;
#541 = ORIENTED_EDGE ( 'NONE', *, *, #5250, .T. ) ;
#542 = DIRECTION ( 'NONE',  ( 0.000000000000000000, 0.000000000000000000, 1.000000000000000000 ) ) ;
#543 = DIRECTION ( 'NONE',  ( -0.7071067811865483499, 0.000000000000000000, 0.7071067811865466846 ) ) ;
#544 = FACE_OUTER_BOUND ( 'NONE', #8063, .T. ) ;
#545 = EDGE_CURVE ( 'NONE', #390, #12, #8677, .T. ) ;
#546 = DIRECTION ( 'NONE',  ( 0.000000000000000000, 0.000000000000000000, -1.000000000000000000 ) ) ;
#547 = FACE_OUTER_BOUND ( 'NONE', #2965, .T. ) ;
#548 = CARTESIAN_POINT ( 'NONE',  ( 1.899999999999999911, -1.350000000000000089, 0.05000000000000000278 ) ) ;
#549 = ORIENTED_EDGE ( 'NONE', *, *, #3044, .T. ) ;
#550 = ORIENTED_EDGE ( 'NONE', *, *, #3856, .F. ) ;
#551 = ORIENTED_EDGE ( 'NONE', *, *, #8288, .F. ) ;
#552 = VECTOR ( 'NONE', #4506, 1000.000000000000000 ) ;
#553 = EDGE_CURVE ( 'NONE', #5790, #5047, #4103, .T. ) ;
#554 = CARTESIAN_POINT ( 'NONE',  ( -0.9636845643521000371, -0.5488085124984810603, 0.1499999999999999944 ) ) ;
#555 = EDGE_CURVE ( 'NONE', #5718, #7431, #1322, .T. ) ;
#556 = ORIENTED_EDGE ( 'NONE', *, *, #946, .F. ) ;
#557 = LINE ( 'NONE', #9919, #8822 ) ;
#558 = DIRECTION ( 'NONE',  ( 1.665334536937734318E-16, 0.7071067811865467956, 0.7071067811865482389 ) ) ;
#559 = CARTESIAN_POINT ( 'NONE',  ( 2.056066017177982097, 1.036404544565270092, 0.1060660171779820027 ) ) ;
#560 = CARTESIAN_POINT ( 'NONE',  ( -2.100000000000000089, 1.036404544565270092, 0.000000000000000000 ) ) ;
#561 = ORIENTED_EDGE ( 'NONE', *, *, #6214, .T. ) ;
#562 = EDGE_LOOP ( 'NONE', ( #9050, #8953, #9030, #4028 ) ) ;
#563 = CIRCLE ( 'NONE', #3702, 0.04999999999999991257 ) ;
#564 = EDGE_LOOP ( 'NONE', ( #8646, #7968, #9761, #2005 ) ) ;
#565 = ADVANCED_FACE ( 'NONE', ( #7243 ), #166, .T. ) ;
#566 = DIRECTION ( 'NONE',  ( 0.000000000000000000, 0.000000000000000000, -1.000000000000000000 ) ) ;
#567 = DIRECTION ( 'NONE',  ( 0.000000000000000000, -1.000000000000000000, 0.000000000000000000 ) ) ;
#568 = AXIS2_PLACEMENT_3D ( 'NONE', #5564, #4809, #7830 ) ;
#569 = CIRCLE ( 'NONE', #9477, 0.04999999999999991257 ) ;
#570 = CARTESIAN_POINT ( 'NONE',  ( 1.005000000000000115, -0.2287144171094039891, 1.850000000000000089 ) ) ;
#571 = EDGE_LOOP ( 'NONE', ( #6379, #6836, #3335, #8980 ) ) ;
#572 = ORIENTED_EDGE ( 'NONE', *, *, #9874, .F. ) ;
#573 = DIRECTION ( 'NONE',  ( 1.000000000000000000, 0.000000000000000000, 0.000000000000000000 ) ) ;
#574 = EDGE_LOOP ( 'NONE', ( #4678, #10114, #6540, #8385 ) ) ;
#575 = CIRCLE ( 'NONE', #250, 0.05000000000000000278 ) ;
#576 = EDGE_CURVE ( 'NONE', #8048, #213, #3322, .T. ) ;
#577 = VECTOR ( 'NONE', #31, 1000.000000000000000 ) ;
#578 = ADVANCED_FACE ( 'NONE', ( #736 ), #6254, .T. ) ;
#579 = DIRECTION ( 'NONE',  ( 1.000000000000000000, 0.000000000000000000, 0.000000000000000000 ) ) ;
#580 = CARTESIAN_POINT ( 'NONE',  ( 0.5999999999912689619, -1.349999999973810150, 0.1499999999999999944 ) ) ;
#581 = CARTESIAN_POINT ( 'NONE',  ( 1.054999999999999938, 0.4574288342188090328, 1.250000000000000000 ) ) ;
#582 = PLANE ( 'NONE',  #6626 ) ;
#583 = CARTESIAN_POINT ( 'NONE',  ( 0.3499999999999999778, 1.199999999999999956, 0.000000000000000000 ) ) ;
#584 = AXIS2_PLACEMENT_3D ( 'NONE', #8804, #4713, #2518 ) ;
#585 = EDGE_CURVE ( 'NONE', #6969, #1179, #2152, .T. ) ;
#586 = EDGE_LOOP ( 'NONE', ( #3515, #4311, #10150, #5130 ) ) ;
#587 = FACE_OUTER_BOUND ( 'NONE', #4419, .T. ) ;
#588 = ORIENTED_EDGE ( 'NONE', *, *, #4301, .F. ) ;
#589 = PLANE ( 'NONE',  #4860 ) ;
#590 = PRODUCT_DEFINITION_SHAPE ( 'NONE', 'NONE',  #3170 ) ;
#591 = EDGE_CURVE ( 'NONE', #3463, #979, #1658, .T. ) ;
#592 = DIRECTION ( 'NONE',  ( 0.000000000000000000, -1.000000000000000000, 0.000000000000000000 ) ) ;
#593 =( NAMED_UNIT ( * ) SI_UNIT ( $, .STERADIAN. ) SOLID_ANGLE_UNIT ( ) );
#594 = DIRECTION ( 'NONE',  ( 0.000000000000000000, 0.000000000000000000, -1.000000000000000000 ) ) ;
#595 = CARTESIAN_POINT ( 'NONE',  ( -1.899999999999999911, 1.350000000000000089, 0.05000000000000000278 ) ) ;
#596 = CARTESIAN_POINT ( 'NONE',  ( 1.025443288266309816, 0.4392834931844787349, 1.300000000000000044 ) ) ;
#597 = EDGE_LOOP ( 'NONE', ( #5625, #7526, #9432, #1198 ) ) ;
#598 = AXIS2_PLACEMENT_3D ( 'NONE', #6443, #911, #4067 ) ;
#599 = ORIENTED_EDGE ( 'NONE', *, *, #1867, .T. ) ;
#600 = ORIENTED_EDGE ( 'NONE', *, *, #9014, .T. ) ;
#601 = ADVANCED_FACE ( 'NONE', ( #260 ), #4246, .F. ) ;
#602 = DIRECTION ( 'NONE',  ( 0.000000000000000000, 0.000000000000000000, 1.000000000000000000 ) ) ;
#603 = CIRCLE ( 'NONE', #1934, 0.1500000000000000500 ) ;
#604 = AXIS2_PLACEMENT_3D ( 'NONE', #1722, #1661, #6243 ) ;
#605 = DIRECTION ( 'NONE',  ( 1.000000000000000000, 0.000000000000000000, 0.000000000000000000 ) ) ;
#606 = ORIENTED_EDGE ( 'NONE', *, *, #6606, .T. ) ;
#607 = CARTESIAN_POINT ( 'NONE',  ( 0.4194033005640447342, 0.7964074873194196824, 1.264644660940671850 ) ) ;
#608 = DIRECTION ( 'NONE',  ( 0.000000000000000000, 1.000000000000000000, 0.000000000000000000 ) ) ;
#609 = CYLINDRICAL_SURFACE ( 'NONE', #3963, 0.05000000000000001665 ) ;
#610 = CARTESIAN_POINT ( 'NONE',  ( -1.900000000011639933, -0.4364045445652709465, 0.000000000000000000 ) ) ;
#611 = ORIENTED_EDGE ( 'NONE', *, *, #6576, .F. ) ;
#612 = ORIENTED_EDGE ( 'NONE', *, *, #499, .F. ) ;
#613 = PRESENTATION_LAYER_ASSIGNMENT (  '', '', ( #5068 ) ) ;
#614 = AXIS2_PLACEMENT_3D ( 'NONE', #2106, #4511, #594 ) ;
#615 = EDGE_CURVE ( 'NONE', #2631, #1502, #369, .T. ) ;
#616 = EDGE_LOOP ( 'NONE', ( #7809, #9130, #103, #1593 ) ) ;
#617 = CARTESIAN_POINT ( 'NONE',  ( 1.949999999999999956, 0.8000000000000000444, 0.000000000000000000 ) ) ;
#618 = DIRECTION ( 'NONE',  ( 0.000000000000000000, 0.000000000000000000, 1.000000000000000000 ) ) ;
#619 = AXIS2_PLACEMENT_3D ( 'NONE', #7396, #4407, #5903 ) ;
#620 = CIRCLE ( 'NONE', #795, 0.05000000000000002359 ) ;
#621 = CARTESIAN_POINT ( 'NONE',  ( 2.299999999999999822, 0.5000000000000000000, 0.000000000000000000 ) ) ;
#622 = AXIS2_PLACEMENT_3D ( 'NONE', #10000, #5917, #1375 ) ;
#623 = ORIENTED_EDGE ( 'NONE', *, *, #10031, .T. ) ;
#624 = DIRECTION ( 'NONE',  ( 0.000000000000000000, 0.000000000000000000, -1.000000000000000000 ) ) ;
#625 = ORIENTED_EDGE ( 'NONE', *, *, #10200, .T. ) ;
#626 = ADVANCED_FACE ( 'NONE', ( #6568 ), #7750, .F. ) ;
#627 = LINE ( 'NONE', #2037, #9986 ) ;
#628 = ORIENTED_EDGE ( 'NONE', *, *, #6060, .T. ) ;
#629 = ADVANCED_FACE ( 'NONE', ( #5014 ), #6622, .T. ) ;
#630 = VECTOR ( 'NONE', #1796, 1000.000000000000000 ) ;
#631 = AXIS2_PLACEMENT_3D ( 'NONE', #4684, #9397, #6405 ) ;
#632 = CARTESIAN_POINT ( 'NONE',  ( 0.8000000000000000444, 1.350000000000000089, 1.199999999999999956 ) ) ;
#633 = CARTESIAN_POINT ( 'NONE',  ( 0.4309513410520389720, 0.8191628971831930173, 0.1499999999999999944 ) ) ;
#634 = FACE_OUTER_BOUND ( 'NONE', #2235, .T. ) ;
#635 = LINE ( 'NONE', #486, #3990 ) ;
#636 = CIRCLE ( 'NONE', #5412, 0.04999999999999991257 ) ;
#637 = FACE_OUTER_BOUND ( 'NONE', #4967, .T. ) ;
#638 = CIRCLE ( 'NONE', #6419, 0.05000000000000002359 ) ;
#639 = EDGE_CURVE ( 'NONE', #3567, #7568, #6782, .T. ) ;
#640 = AXIS2_PLACEMENT_3D ( 'NONE', #2403, #121, #4929 ) ;
#641 = VECTOR ( 'NONE', #1747, 1000.000000000000000 ) ;
#642 = CARTESIAN_POINT ( 'NONE',  ( 0.6999999999999999556, 1.199999999999999956, 0.1499999999999999944 ) ) ;
#643 = ORIENTED_EDGE ( 'NONE', *, *, #324, .T. ) ;
#644 = VERTEX_POINT ( 'NONE', #4972 ) ;
#645 = PLANE ( 'NONE',  #7805 ) ;
#646 = EDGE_CURVE ( 'NONE', #9707, #8634, #3484, .T. ) ;
#647 = LINE ( 'NONE', #5481, #2928 ) ;
#648 = VECTOR ( 'NONE', #3310, 1000.000000000000000 ) ;
#649 = AXIS2_PLACEMENT_3D ( 'NONE', #9923, #8941, #7370 ) ;
#650 = VECTOR ( 'NONE', #9018, 1000.000000000000000 ) ;
#651 = DIRECTION ( 'NONE',  ( 1.000000000000000000, 0.000000000000000000, 0.000000000000000000 ) ) ;
#652 = EDGE_CURVE ( 'NONE', #5758, #2622, #6118, .T. ) ;
#653 = DIRECTION ( 'NONE',  ( -1.000000000000000000, 0.000000000000000000, 0.000000000000000000 ) ) ;
#654 = CIRCLE ( 'NONE', #6092, 0.05000000000000002359 ) ;
#655 = VERTEX_POINT ( 'NONE', #5837 ) ;
#656 = CARTESIAN_POINT ( 'NONE',  ( 0.000000000000000000, 0.000000000000000000, 0.000000000000000000 ) ) ;
#657 = EDGE_LOOP ( 'NONE', ( #7522, #9580, #6223, #9235 ) ) ;
#658 = CIRCLE ( 'NONE', #327, 0.05000000000000001665 ) ;
#659 = VECTOR ( 'NONE', #1676, 1000.000000000000000 ) ;
#660 = ORIENTED_EDGE ( 'NONE', *, *, #8338, .T. ) ;
#661 = DIRECTION ( 'NONE',  ( 0.000000000000000000, -1.000000000000000000, 0.000000000000000000 ) ) ;
#662 = VECTOR ( 'NONE', #381, 1000.000000000000000 ) ;
#663 = CARTESIAN_POINT ( 'NONE',  ( 0.8000000000000000444, -1.399999999999999911, 0.000000000000000000 ) ) ;
#664 =( GEOMETRIC_REPRESENTATION_CONTEXT ( 3 ) GLOBAL_UNCERTAINTY_ASSIGNED_CONTEXT ( ( #4658 ) ) GLOBAL_UNIT_ASSIGNED_CONTEXT ( ( #6945, #5537, #1429 ) ) REPRESENTATION_CONTEXT ( 'NONE', 'WORKASPACE' ) );
#665 = DIRECTION ( 'NONE',  ( -9.912705577010339108E-17, 1.000000000000000000, -9.912705577010350201E-17 ) ) ;
#666 = CARTESIAN_POINT ( 'NONE',  ( -0.8000000000087310603, -1.150000000026190072, 0.000000000000000000 ) ) ;
#667 = EDGE_CURVE ( 'NONE', #3551, #2437, #5067, .T. ) ;
#668 = DIRECTION ( 'NONE',  ( 0.000000000000000000, -1.000000000000000000, 0.000000000000000000 ) ) ;
#669 = DIRECTION ( 'NONE',  ( -1.000000000000000000, 0.000000000000000000, 0.000000000000000000 ) ) ;
#670 = ORIENTED_EDGE ( 'NONE', *, *, #9511, .T. ) ;
#671 =( NAMED_UNIT ( * ) SI_UNIT ( $, .STERADIAN. ) SOLID_ANGLE_UNIT ( ) );
#672 = EDGE_LOOP ( 'NONE', ( #5195, #9468, #5566, #8623 ) ) ;
#673 = CARTESIAN_POINT ( 'NONE',  ( 0.1850555678730499976, 0.7550000000000000044, 1.850000000000000089 ) ) ;
#674 = ORIENTED_EDGE ( 'NONE', *, *, #421, .F. ) ;
#675 = VECTOR ( 'NONE', #1925, 1000.000000000000000 ) ;
#676 =( GEOMETRIC_REPRESENTATION_CONTEXT ( 3 ) GLOBAL_UNCERTAINTY_ASSIGNED_CONTEXT ( ( #9629 ) ) GLOBAL_UNIT_ASSIGNED_CONTEXT ( ( #3741, #2918, #8484 ) ) REPRESENTATION_CONTEXT ( 'NONE', 'WORKASPACE' ) );
#677 = VERTEX_POINT ( 'NONE', #4304 ) ;
#678 = DIRECTION ( 'NONE',  ( 1.982541115402059686E-16, -1.000000000000000000, -1.982541115402064617E-16 ) ) ;
#679 = CARTESIAN_POINT ( 'NONE',  ( -0.7052020075671829868, -0.5788761627328729009, 1.899999999999999911 ) ) ;
#680 = ORIENTED_EDGE ( 'NONE', *, *, #6226, .T. ) ;
#681 = CARTESIAN_POINT ( 'NONE',  ( -1.149999999999999911, 0.5000000000000000000, 0.000000000000000000 ) ) ;
#682 = AXIS2_PLACEMENT_3D ( 'NONE', #7447, #2759, #4936 ) ;
#683 = DIRECTION ( 'NONE',  ( 0.000000000000000000, 0.000000000000000000, 1.000000000000000000 ) ) ;
#684 = EDGE_CURVE ( 'NONE', #7762, #717, #7433, .T. ) ;
#685 = ORIENTED_EDGE ( 'NONE', *, *, #5885, .T. ) ;
#686 = ORIENTED_EDGE ( 'NONE', *, *, #4805, .F. ) ;
#687 = PLANE ( 'NONE',  #8154 ) ;
#688 = VERTEX_POINT ( 'NONE', #6667 ) ;
#689 = AXIS2_PLACEMENT_3D ( 'NONE', #4459, #2196, #2044 ) ;
#690 = FACE_OUTER_BOUND ( 'NONE', #351, .T. ) ;
#691 = DIRECTION ( 'NONE',  ( -0.4525457257516167231, -0.8917411990616685991, 0.000000000000000000 ) ) ;
#692 = CARTESIAN_POINT ( 'NONE',  ( -0.8000000000087310603, 1.150000000075669826, 0.000000000000000000 ) ) ;
#693 = LINE ( 'NONE', #5525, #6465 ) ;
#694 = CIRCLE ( 'NONE', #2020, 0.04999999999999991257 ) ;
#695 = DIRECTION ( 'NONE',  ( 0.000000000000000000, 0.000000000000000000, -1.000000000000000000 ) ) ;
#696 = EDGE_CURVE ( 'NONE', #6653, #1455, #5890, .T. ) ;
#697 = ORIENTED_EDGE ( 'NONE', *, *, #3846, .T. ) ;
#698 = FACE_OUTER_BOUND ( 'NONE', #6780, .T. ) ;
#699 = ORIENTED_EDGE ( 'NONE', *, *, #9537, .F. ) ;
#700 = DIRECTION ( 'NONE',  ( -0.7071067811865474617, -0.7071067811865474617, 0.000000000000000000 ) ) ;
#701 = VECTOR ( 'NONE', #2946, 1000.000000000000000 ) ;
#702 = ADVANCED_FACE ( 'NONE', ( #2803 ), #8841, .T. ) ;
#703 = DIRECTION ( 'NONE',  ( -7.116814260417669499E-17, 1.000000000000000000, 0.000000000000000000 ) ) ;
#704 = DIRECTION ( 'NONE',  ( 0.000000000000000000, 0.000000000000000000, 1.000000000000000000 ) ) ;
#705 = CYLINDRICAL_SURFACE ( 'NONE', #4719, 0.05000000000000001665 ) ;
#706 = AXIS2_PLACEMENT_3D ( 'NONE', #2338, #1671, #4862 ) ;
#707 = ORIENTED_EDGE ( 'NONE', *, *, #6755, .F. ) ;
#708 = ORIENTED_EDGE ( 'NONE', *, *, #9849, .F. ) ;
#709 = EDGE_LOOP ( 'NONE', ( #4825, #6502, #77, #2450 ) ) ;
#710 = ADVANCED_FACE ( 'NONE', ( #9192 ), #3676, .F. ) ;
#711 = EDGE_CURVE ( 'NONE', #8808, #10102, #2998, .T. ) ;
#712 = PLANE ( 'NONE',  #5556 ) ;
#713 = LINE ( 'NONE', #10065, #5683 ) ;
#714 = FACE_OUTER_BOUND ( 'NONE', #2788, .T. ) ;
#715 = DIRECTION ( 'NONE',  ( 0.000000000000000000, -0.7071067811865482389, -0.7071067811865466846 ) ) ;
#716 = CARTESIAN_POINT ( 'NONE',  ( -0.8000000000000000444, 1.250000000000000000, 0.05000000000000000278 ) ) ;
#717 = VERTEX_POINT ( 'NONE', #10120 ) ;
#718 = CYLINDRICAL_SURFACE ( 'NONE', #1067, 0.05000000000000007216 ) ;
#719 = ORIENTED_EDGE ( 'NONE', *, *, #585, .T. ) ;
#720 = ORIENTED_EDGE ( 'NONE', *, *, #8449, .T. ) ;
#721 = DIRECTION ( 'NONE',  ( 0.000000000000000000, 0.000000000000000000, 1.000000000000000000 ) ) ;
#722 = EDGE_CURVE ( 'NONE', #12, #6329, #8686, .T. ) ;
#723 = CARTESIAN_POINT ( 'NONE',  ( 0.7353553390593273731, 1.214644660940672694, 0.05000000000000000278 ) ) ;
#724 = LINE ( 'NONE', #6192, #5096 ) ;
#725 = DIRECTION ( 'NONE',  ( -1.000000000000000000, 0.000000000000000000, 0.000000000000000000 ) ) ;
#726 = LINE ( 'NONE', #2333, #9088 ) ;
#727 = DIRECTION ( 'NONE',  ( 0.000000000000000000, 0.000000000000000000, 1.000000000000000000 ) ) ;
#728 = PLANE ( 'NONE',  #9213 ) ;
#729 = ORIENTED_EDGE ( 'NONE', *, *, #5782, .T. ) ;
#730 = AXIS2_PLACEMENT_3D ( 'NONE', #673, #2374, #877 ) ;
#731 = CARTESIAN_POINT ( 'NONE',  ( -0.8000000000000000444, -0.5000000000000000000, 0.000000000000000000 ) ) ;
#732 = ORIENTED_EDGE ( 'NONE', *, *, #6385, .T. ) ;
#733 = ORIENTED_EDGE ( 'NONE', *, *, #3617, .T. ) ;
#734 = ADVANCED_FACE ( 'NONE', ( #470 ), #9930, .T. ) ;
#735 = AXIS2_PLACEMENT_3D ( 'NONE', #4145, #7321, #4192 ) ;
#736 = FACE_OUTER_BOUND ( 'NONE', #1386, .T. ) ;
#737 = DIRECTION ( 'NONE',  ( 1.000000000000000000, 0.000000000000000000, 0.000000000000000000 ) ) ;
#738 = DIRECTION ( 'NONE',  ( 0.000000000000000000, 1.000000000000000000, 0.000000000000000000 ) ) ;
#739 = CARTESIAN_POINT ( 'NONE',  ( 2.299999999999999822, -1.100000000000000089, 0.000000000000000000 ) ) ;
#740 = FACE_OUTER_BOUND ( 'NONE', #7125, .T. ) ;
#741 = ORIENTED_EDGE ( 'NONE', *, *, #9673, .T. ) ;
#742 = VECTOR ( 'NONE', #8046, 1000.000000000000000 ) ;
#743 = DIRECTION ( 'NONE',  ( -5.551115123125780336E-15, 1.000000000000000000, 0.000000000000000000 ) ) ;
#744 = AXIS2_PLACEMENT_3D ( 'NONE', #8767, #3297, #6453 ) ;
#745 = ORIENTED_EDGE ( 'NONE', *, *, #8338, .F. ) ;
#746 = CARTESIAN_POINT ( 'NONE',  ( 1.899999999938880135, -0.4364045445652709465, 0.1499999999999999944 ) ) ;
#747 = EDGE_CURVE ( 'NONE', #993, #5311, #970, .T. ) ;
#748 = DIRECTION ( 'NONE',  ( 1.000000000000000000, 0.000000000000000000, 0.000000000000000000 ) ) ;
#749 = CIRCLE ( 'NONE', #3553, 0.04999999999999991257 ) ;
#750 = AXIS2_PLACEMENT_3D ( 'NONE', #5854, #9060, #1998 ) ;
#751 = CARTESIAN_POINT ( 'NONE',  ( 0.7646446609406726269, -1.250000000000000000, 0.01464466094067265987 ) ) ;
#752 = FACE_OUTER_BOUND ( 'NONE', #7631, .T. ) ;
#753 = LINE ( 'NONE', #2359, #7357 ) ;
#754 = ORIENTED_EDGE ( 'NONE', *, *, #8519, .F. ) ;
#755 = ORIENTED_EDGE ( 'NONE', *, *, #7004, .T. ) ;
#756 = EDGE_CURVE ( 'NONE', #3886, #7413, #6554, .T. ) ;
#757 = VERTEX_POINT ( 'NONE', #7013 ) ;
#758 = LINE ( 'NONE', #4839, #1435 ) ;
#759 = ADVANCED_FACE ( 'NONE', ( #10169 ), #7881, .T. ) ;
#760 = CYLINDRICAL_SURFACE ( 'NONE', #4290, 0.1999999999999998446 ) ;
#761 = CARTESIAN_POINT ( 'NONE',  ( -0.3901486355626809788, 0.7387611798592499390, 1.899999999999999911 ) ) ;
#762 = CARTESIAN_POINT ( 'NONE',  ( -0.8000000000000000444, -1.350000000000000089, 0.05000000000000000278 ) ) ;
#763 = LINE ( 'NONE', #3915, #419 ) ;
#764 = EDGE_LOOP ( 'NONE', ( #4865, #2643, #699, #4369 ) ) ;
#765 = FACE_OUTER_BOUND ( 'NONE', #3524, .T. ) ;
#766 = ORIENTED_EDGE ( 'NONE', *, *, #4289, .T. ) ;
#767 = EDGE_CURVE ( 'NONE', #3187, #5661, #3095, .T. ) ;
#768 = CARTESIAN_POINT ( 'NONE',  ( 0.8000000000000000444, -1.350000000000000089, 0.05000000000000000278 ) ) ;
#769 = ORIENTED_EDGE ( 'NONE', *, *, #70, .F. ) ;
#770 = ORIENTED_EDGE ( 'NONE', *, *, #5919, .F. ) ;
#771 = ADVANCED_FACE ( 'NONE', ( #42 ), #8617, .T. ) ;
#772 = CARTESIAN_POINT ( 'NONE',  ( 0.9455091451503230271, -0.5129938551276220782, 1.850000000000000089 ) ) ;
#773 = CARTESIAN_POINT ( 'NONE',  ( -0.8000000000000000444, 1.250000000000000000, 1.250000000000000000 ) ) ;
#774 = DIRECTION ( 'NONE',  ( 0.000000000000000000, 0.000000000000000000, 1.000000000000000000 ) ) ;
#775 = CARTESIAN_POINT ( 'NONE',  ( 1.600000000000000089, -0.5000000000000000000, 0.2000000000000000111 ) ) ;
#776 = PLANE ( 'NONE',  #2227 ) ;
#777 = LINE ( 'NONE', #4538, #2136 ) ;
#778 = AXIS2_PLACEMENT_3D ( 'NONE', #7048, #6383, #811 ) ;
#779 = VERTEX_POINT ( 'NONE', #6297 ) ;
#780 = EDGE_CURVE ( 'NONE', #9973, #1210, #8863, .T. ) ;
#781 = VECTOR ( 'NONE', #1338, 1000.000000000000000 ) ;
#782 = SPHERICAL_SURFACE ( 'NONE', #5468, 0.05000000000000000278 ) ;
#783 = EDGE_LOOP ( 'NONE', ( #2644, #3748, #5996, #2617 ) ) ;
#784 = AXIS2_PLACEMENT_3D ( 'NONE', #4080, #9387, #6287 ) ;
#785 = CARTESIAN_POINT ( 'NONE',  ( 1.005000000000000115, -0.2287144171094039891, 1.899999999999999911 ) ) ;
#786 = CARTESIAN_POINT ( 'NONE',  ( -0.8000000000000000444, 1.385355339059327395, 0.01464466094067263906 ) ) ;
#787 = CARTESIAN_POINT ( 'NONE',  ( 2.100000000000000089, -1.029507992841129926, -0.2672413793103449731 ) ) ;
#788 = CYLINDRICAL_SURFACE ( 'NONE', #5784, 0.1999999999999998446 ) ;
#789 = DIRECTION ( 'NONE',  ( 0.000000000000000000, 0.000000000000000000, 1.000000000000000000 ) ) ;
#790 = EDGE_CURVE ( 'NONE', #8151, #1967, #6346, .T. ) ;
#791 = CARTESIAN_POINT ( 'NONE',  ( -0.6999999999999999556, -1.250000000000000000, 0.000000000000000000 ) ) ;
#792 = VECTOR ( 'NONE', #1517, 1000.000000000000114 ) ;
#793 = ORIENTED_EDGE ( 'NONE', *, *, #8497, .T. ) ;
#794 = DIRECTION ( 'NONE',  ( -0.3199981514759548951, -0.6305562489199278975, 0.7071067811865487940 ) ) ;
#795 = AXIS2_PLACEMENT_3D ( 'NONE', #3765, #7587, #3624 ) ;
#796 = ORIENTED_EDGE ( 'NONE', *, *, #4016, .F. ) ;
#797 = DIRECTION ( 'NONE',  ( -7.792703114739560161E-16, -0.7071067811865474617, -0.7071067811865476838 ) ) ;
#798 = DIRECTION ( 'NONE',  ( 1.000000000000000000, 0.000000000000000000, 0.000000000000000000 ) ) ;
#799 = AXIS2_PLACEMENT_3D ( 'NONE', #4590, #10171, #10026 ) ;
#800 = DIRECTION ( 'NONE',  ( 0.000000000000000000, 0.000000000000000000, 1.000000000000000000 ) ) ;
#801 = DIRECTION ( 'NONE',  ( -1.000000000000000000, 0.000000000000000000, 0.000000000000000000 ) ) ;
#802 = CARTESIAN_POINT ( 'NONE',  ( 2.100000000000000089, 1.036404544565270092, 0.000000000000000000 ) ) ;
#803 = EDGE_CURVE ( 'NONE', #4786, #9701, #5383, .T. ) ;
#804 = DIRECTION ( 'NONE',  ( 0.7071067811865482389, 0.000000000000000000, 0.7071067811865466846 ) ) ;
#805 = ORIENTED_EDGE ( 'NONE', *, *, #2893, .T. ) ;
#806 = DIRECTION ( 'NONE',  ( 1.000000000000000000, 0.000000000000000000, 0.000000000000000000 ) ) ;
#807 = VERTEX_POINT ( 'NONE', #4293 ) ;
#808 = ORIENTED_EDGE ( 'NONE', *, *, #3267, .F. ) ;
#809 = VECTOR ( 'NONE', #6513, 1000.000000000000000 ) ;
#810 = AXIS2_PLACEMENT_3D ( 'NONE', #5052, #1915, #2584 ) ;
#811 = DIRECTION ( 'NONE',  ( 0.7071067811865482389, 0.000000000000000000, 0.7071067811865466846 ) ) ;
#812 = EDGE_LOOP ( 'NONE', ( #1176, #7180, #4530, #4365, #7486, #6770 ) ) ;
#813 = CARTESIAN_POINT ( 'NONE',  ( 0.9749999999999999778, 1.350000000000000089, 0.000000000000000000 ) ) ;
#814 = CARTESIAN_POINT ( 'NONE',  ( -1.600000000000000089, 1.100000000000000089, 0.2000000000000000111 ) ) ;
#815 = AXIS2_PLACEMENT_3D ( 'NONE', #4331, #8973, #8132 ) ;
#816 = CIRCLE ( 'NONE', #4292, 0.05000000000000007216 ) ;
#817 = PLANE ( 'NONE',  #5034 ) ;
#818 = CARTESIAN_POINT ( 'NONE',  ( 0.6999999999999999556, 1.199999999973810016, -1.122001267506480104 ) ) ;
#819 = LINE ( 'NONE', #3861, #7039 ) ;
#820 = VERTEX_POINT ( 'NONE', #7421 ) ;
#821 = EDGE_CURVE ( 'NONE', #48, #10195, #3352, .T. ) ;
#822 = CARTESIAN_POINT ( 'NONE',  ( -0.8000000000000000444, 1.350000000000000089, 1.199999999999999956 ) ) ;
#823 = VERTEX_POINT ( 'NONE', #1965 ) ;
#824 = DIRECTION ( 'NONE',  ( -0.7071067811865474617, 0.000000000000000000, 0.7071067811865474617 ) ) ;
#825 = ORIENTED_EDGE ( 'NONE', *, *, #927, .F. ) ;
#826 = VERTEX_POINT ( 'NONE', #5113 ) ;
#827 = AXIS2_PLACEMENT_3D ( 'NONE', #3179, #9595, #9642 ) ;
#828 = AXIS2_PLACEMENT_3D ( 'NONE', #2068, #8452, #1343 ) ;
#829 = CARTESIAN_POINT ( 'NONE',  ( 0.3222667766999390282, -0.6049999999999999822, 1.850000000000000089 ) ) ;
#830 = DIRECTION ( 'NONE',  ( 0.000000000000000000, 0.000000000000000000, 1.000000000000000000 ) ) ;
#831 = EDGE_CURVE ( 'NONE', #7620, #5690, #6381, .T. ) ;
#832 = CARTESIAN_POINT ( 'NONE',  ( 0.3222667766999390282, 0.6049999999999999822, 1.850000000000000089 ) ) ;
#833 = DIRECTION ( 'NONE',  ( 0.7071067811865482389, 0.000000000000000000, -0.7071067811865466846 ) ) ;
#834 = CYLINDRICAL_SURFACE ( 'NONE', #849, 0.05000000000000001665 ) ;
#835 = DIRECTION ( 'NONE',  ( 0.000000000000000000, 0.000000000000000000, 1.000000000000000000 ) ) ;
#836 = VECTOR ( 'NONE', #2707, 1000.000000000000000 ) ;
#837 = VERTEX_POINT ( 'NONE', #407 ) ;
#838 = ORIENTED_EDGE ( 'NONE', *, *, #9269, .F. ) ;
#840 = DIRECTION ( 'NONE',  ( -1.000000000000000000, 0.000000000000000000, 0.000000000000000000 ) ) ;
#839 = CARTESIAN_POINT ( 'NONE',  ( 0.000000000000000000, 0.000000000000000000, 0.000000000000000000 ) ) ;
#841 = ORIENTED_EDGE ( 'NONE', *, *, #2059, .F. ) ;
#842 = AXIS2_PLACEMENT_3D ( 'NONE', #316, #9829, #4918 ) ;
#843 = DIRECTION ( 'NONE',  ( 0.000000000000000000, 0.000000000000000000, -1.000000000000000000 ) ) ;
#844 = EDGE_CURVE ( 'NONE', #7670, #463, #9710, .T. ) ;
#845 = DIRECTION ( 'NONE',  ( -0.000000000000000000, 1.000000000000000000, 0.000000000000000000 ) ) ;
#846 = CYLINDRICAL_SURFACE ( 'NONE', #6728, 0.1999999999999998446 ) ;
#847 = FACE_OUTER_BOUND ( 'NONE', #9735, .T. ) ;
#848 = FACE_OUTER_BOUND ( 'NONE', #2547, .T. ) ;
#849 = AXIS2_PLACEMENT_3D ( 'NONE', #9454, #5620, #6194 ) ;
#850 = DIRECTION ( 'NONE',  ( 0.000000000000000000, -1.000000000000000000, 0.000000000000000000 ) ) ;
#851 = ORIENTED_EDGE ( 'NONE', *, *, #4, .F. ) ;
#852 = FILL_AREA_STYLE ('',( #7250 ) ) ;
#853 = ORIENTED_EDGE ( 'NONE', *, *, #3931, .F. ) ;
#854 = CARTESIAN_POINT ( 'NONE',  ( -0.6999999999999999556, -1.250000000000000000, 0.05000000000000000278 ) ) ;
#855 = DIRECTION ( 'NONE',  ( 0.2326572596528327652, -0.9725587897555778572, 0.000000000000000000 ) ) ;
#856 = EDGE_CURVE ( 'NONE', #9068, #2424, #2588, .T. ) ;
#857 = CIRCLE ( 'NONE', #4627, 0.04999999999999991257 ) ;
#858 = DIRECTION ( 'NONE',  ( 1.000000000000000000, 0.000000000000000000, 0.000000000000000000 ) ) ;
#859 = DIRECTION ( 'NONE',  ( 0.000000000000000000, 0.000000000000000000, 1.000000000000000000 ) ) ;
#860 = LINE ( 'NONE', #4010, #6736 ) ;
#861 = CARTESIAN_POINT ( 'NONE',  ( 1.899999999999999911, -0.4364045445652709465, -0.05000000000000000278 ) ) ;
#862 = SHAPE_DEFINITION_REPRESENTATION ( #5132, #5085 ) ;
#863 = ORIENTED_EDGE ( 'NONE', *, *, #8729, .T. ) ;
#864 = ORIENTED_EDGE ( 'NONE', *, *, #1074, .F. ) ;
#865 = CIRCLE ( 'NONE', #9102, 0.1500000000000000500 ) ;
#866 = CARTESIAN_POINT ( 'NONE',  ( 1.949999999999999956, 0.5000000000000000000, 0.2000000000000000111 ) ) ;
#867 = CARTESIAN_POINT ( 'NONE',  ( -1.600000000000000089, -0.5000000000000000000, 0.2000000000000000111 ) ) ;
#868 = EDGE_LOOP ( 'NONE', ( #2285, #1281, #3611, #9241, #5051, #1653, #4596 ) ) ;
#869 = ADVANCED_FACE ( 'NONE', ( #6510 ), #5721, .F. ) ;
#870 = AXIS2_PLACEMENT_3D ( 'NONE', #8549, #2211, #9222 ) ;
#871 = CARTESIAN_POINT ( 'NONE',  ( 0.6999999999999999556, -1.250000000000000000, 1.199999999999999956 ) ) ;
#872 = DIRECTION ( 'NONE',  ( 0.000000000000000000, 1.000000000000000000, 0.000000000000000000 ) ) ;
#873 = DIRECTION ( 'NONE',  ( -1.000000000000000000, -3.558407130208829819E-17, -3.558407130208834749E-17 ) ) ;
#874 = SURFACE_STYLE_FILL_AREA ( #7055 ) ;
#875 = CARTESIAN_POINT ( 'NONE',  ( 0.9636845643521000371, -0.5488085124984810603, 0.000000000000000000 ) ) ;
#876 = ORIENTED_EDGE ( 'NONE', *, *, #8445, .T. ) ;
#877 = DIRECTION ( 'NONE',  ( 0.000000000000000000, 0.7071067811865474617, 0.7071067811865474617 ) ) ;
#878 = EDGE_LOOP ( 'NONE', ( #3918, #2275, #9703, #4152, #6026, #5727, #600, #411, #2932, #8146, #7980, #3504 ) ) ;
#879 = EDGE_LOOP ( 'NONE', ( #7903, #1611, #6403, #2207 ) ) ;
#880 = CARTESIAN_POINT ( 'NONE',  ( -0.1850555678730499976, -0.8549999999999999822, 1.300000000000000044 ) ) ;
#881 = EDGE_CURVE ( 'NONE', #4720, #8989, #3911, .T. ) ;
#882 = EDGE_CURVE ( 'NONE', #6562, #8796, #8405, .T. ) ;
#883 = CARTESIAN_POINT ( 'NONE',  ( -1.935355339059327440, 1.385355339059327395, 0.000000000000000000 ) ) ;
#884 = CARTESIAN_POINT ( 'NONE',  ( 0.3222667766999390282, -0.6049999999999999822, 1.899999999999999911 ) ) ;
#885 = FACE_OUTER_BOUND ( 'NONE', #574, .T. ) ;
#886 = SPHERICAL_SURFACE ( 'NONE', #243, 0.05000000000000000278 ) ;
#887 = CARTESIAN_POINT ( 'NONE',  ( 1.600000000000000089, 0.5000000000000000000, 0.000000000000000000 ) ) ;
#888 = ORIENTED_EDGE ( 'NONE', *, *, #5155, .T. ) ;
#889 = ORIENTED_EDGE ( 'NONE', *, *, #1227, .T. ) ;
#890 = DIRECTION ( 'NONE',  ( 1.982541115402069794E-16, -1.000000000000000000, 0.000000000000000000 ) ) ;
#891 = EDGE_CURVE ( 'NONE', #5822, #518, #444, .T. ) ;
#892 = ORIENTED_EDGE ( 'NONE', *, *, #7051, .T. ) ;
#893 = EDGE_LOOP ( 'NONE', ( #3575, #4552, #8909, #1081 ) ) ;
#894 = FACE_OUTER_BOUND ( 'NONE', #1761, .T. ) ;
#895 = LINE ( 'NONE', #6423, #5613 ) ;
#896 = LINE ( 'NONE', #7245, #4915 ) ;
#897 = CARTESIAN_POINT ( 'NONE',  ( -1.935355339059327440, 0.3682022722709940021, -0.01464466094067265294 ) ) ;
#898 = CARTESIAN_POINT ( 'NONE',  ( -1.899999999999999911, 0.4364045445652700028, -0.05000000000000000278 ) ) ;
#899 = ORIENTED_EDGE ( 'NONE', *, *, #9940, .F. ) ;
#900 = EDGE_CURVE ( 'NONE', #5924, #8977, #4901, .T. ) ;
#901 = EDGE_CURVE ( 'NONE', #6415, #1655, #3609, .T. ) ;
#902 = VECTOR ( 'NONE', #5077, 1000.000000000000000 ) ;
#903 = ORIENTED_EDGE ( 'NONE', *, *, #4698, .T. ) ;
#904 = PRESENTATION_STYLE_ASSIGNMENT (( #6435 ) ) ;
#905 = CARTESIAN_POINT ( 'NONE',  ( 1.949999999999999956, 1.350000000000000089, 0.000000000000000000 ) ) ;
#906 = DIRECTION ( 'NONE',  ( 0.000000000000000000, 0.000000000000000000, 1.000000000000000000 ) ) ;
#907 = LINE ( 'NONE', #4063, #6900 ) ;
#908 = VECTOR ( 'NONE', #9815, 1000.000000000000000 ) ;
#909 = CARTESIAN_POINT ( 'NONE',  ( -1.899999999999999911, 0.6999999999999999556, 0.000000000000000000 ) ) ;
#910 = AXIS2_PLACEMENT_3D ( 'NONE', #2776, #9855, #9799 ) ;
#911 = DIRECTION ( 'NONE',  ( 0.000000000000000000, -1.000000000000000000, 0.000000000000000000 ) ) ;
#912 = EDGE_LOOP ( 'NONE', ( #8444, #3917, #6069, #6754 ) ) ;
#913 = ORIENTED_EDGE ( 'NONE', *, *, #2806, .T. ) ;
#914 = EDGE_CURVE ( 'NONE', #6275, #7698, #2839, .T. ) ;
#915 = EDGE_CURVE ( 'NONE', #5971, #9255, #10106, .T. ) ;
#916 = CARTESIAN_POINT ( 'NONE',  ( 0.9749999999999999778, 1.385355339059327395, 1.235355339059327262 ) ) ;
#917 = VECTOR ( 'NONE', #4438, 1000.000000000000000 ) ;
#918 = ORIENTED_EDGE ( 'NONE', *, *, #3281, .F. ) ;
#919 = DIRECTION ( 'NONE',  ( 0.000000000000000000, -1.000000000000000000, 0.000000000000000000 ) ) ;
#920 = CARTESIAN_POINT ( 'NONE',  ( 2.056066017177982097, -0.5182022722942770665, 0.1060660171779820443 ) ) ;
#921 = CARTESIAN_POINT ( 'NONE',  ( 0.6999999999999999556, -1.250000000000000000, 0.05000000000000000278 ) ) ;
#922 = CYLINDRICAL_SURFACE ( 'NONE', #784, 0.05000000000000007216 ) ;
#923 = ORIENTED_EDGE ( 'NONE', *, *, #7335, .F. ) ;
#924 = AXIS2_PLACEMENT_3D ( 'NONE', #4689, #774, #6967 ) ;
#925 = FACE_OUTER_BOUND ( 'NONE', #5066, .T. ) ;
#926 = ORIENTED_EDGE ( 'NONE', *, *, #6177, .T. ) ;
#927 = EDGE_CURVE ( 'NONE', #8033, #2312, #5719, .T. ) ;
#928 = ORIENTED_EDGE ( 'NONE', *, *, #5923, .T. ) ;
#929 = CARTESIAN_POINT ( 'NONE',  ( 0.7500000000000000000, -1.250000000000000000, 0.05000000000000000278 ) ) ;
#930 = DIRECTION ( 'NONE',  ( -0.7071067811865474617, 0.7071067811865474617, 0.000000000000000000 ) ) ;
#931 = AXIS2_PLACEMENT_3D ( 'NONE', #7707, #8394, #1330 ) ;
#932 = FACE_OUTER_BOUND ( 'NONE', #1085, .T. ) ;
#933 = FACE_OUTER_BOUND ( 'NONE', #6615, .T. ) ;
#934 = SURFACE_STYLE_USAGE ( .BOTH. , #9666 ) ;
#935 = ORIENTED_EDGE ( 'NONE', *, *, #1034, .F. ) ;
#936 = EDGE_LOOP ( 'NONE', ( #549, #888, #4082, #9898 ) ) ;
#937 = ADVANCED_FACE ( 'NONE', ( #509 ), #8447, .T. ) ;
#938 = PLANE ( 'NONE',  #3337 ) ;
#939 = EDGE_LOOP ( 'NONE', ( #5108, #3213, #3389, #588 ) ) ;
#940 = ORIENTED_EDGE ( 'NONE', *, *, #2202, .F. ) ;
#941 = CARTESIAN_POINT ( 'NONE',  ( -0.4354032081378430008, -0.8279352997654170210, 1.300000000000000044 ) ) ;
#942 = VECTOR ( 'NONE', #4993, 1000.000000000000114 ) ;
#943 = EDGE_CURVE ( 'NONE', #440, #4431, #3417, .T. ) ;
#944 = DIRECTION ( 'NONE',  ( -0.8522164413315482800, -0.5231893893459534928, 0.000000000000000000 ) ) ;
#945 = VECTOR ( 'NONE', #8039, 1000.000000000000000 ) ;
#946 = EDGE_CURVE ( 'NONE', #4086, #8504, #9016, .T. ) ;
#947 = ORIENTED_EDGE ( 'NONE', *, *, #1403, .F. ) ;
#948 = CYLINDRICAL_SURFACE ( 'NONE', #8470, 0.05000000000000001665 ) ;
#949 = VECTOR ( 'NONE', #2045, 1000.000000000000000 ) ;
#950 = AXIS2_PLACEMENT_3D ( 'NONE', #7106, #3912, #3180 ) ;
#951 = DIRECTION ( 'NONE',  ( -1.982541115402069794E-16, 1.000000000000000000, 0.000000000000000000 ) ) ;
#952 = LINE ( 'NONE', #3168, #2478 ) ;
#953 = ADVANCED_FACE ( 'NONE', ( #3755 ), #6902, .T. ) ;
#954 = DIRECTION ( 'NONE',  ( -5.551115123125780336E-15, 1.000000000000000000, 0.000000000000000000 ) ) ;
#955 = LINE ( 'NONE', #4117, #7280 ) ;
#956 = DIRECTION ( 'NONE',  ( 0.000000000000000000, 0.000000000000000000, 1.000000000000000000 ) ) ;
#957 = AXIS2_PLACEMENT_3D ( 'NONE', #3060, #9250, #2242 ) ;
#958 = DIRECTION ( 'NONE',  ( 0.000000000000000000, 0.000000000000000000, 1.000000000000000000 ) ) ;
#959 = AXIS2_PLACEMENT_3D ( 'NONE', #10023, #6036, #2943 ) ;
#960 = CIRCLE ( 'NONE', #1961, 0.05000000000000000278 ) ;
#961 = VERTEX_POINT ( 'NONE', #554 ) ;
#962 = ADVANCED_FACE ( 'NONE', ( #9225 ), #10064, .T. ) ;
#963 = ORIENTED_EDGE ( 'NONE', *, *, #7736, .F. ) ;
#964 = DIRECTION ( 'NONE',  ( -1.000000000000000000, 0.000000000000000000, 0.000000000000000000 ) ) ;
#965 = AXIS2_PLACEMENT_3D ( 'NONE', #2310, #4664, #6273 ) ;
#966 = ORIENTED_EDGE ( 'NONE', *, *, #3842, .F. ) ;
#967 = CIRCLE ( 'NONE', #8703, 0.1500000000000000500 ) ;
#968 = AXIS2_PLACEMENT_3D ( 'NONE', #5753, #6441, #5647 ) ;
#969 = DIRECTION ( 'NONE',  ( 0.000000000000000000, 1.000000000000000000, 0.000000000000000000 ) ) ;
#970 = LINE ( 'NONE', #9753, #7036 ) ;
#971 = EDGE_CURVE ( 'NONE', #1799, #2110, #8022, .T. ) ;
#972 = CARTESIAN_POINT ( 'NONE',  ( 2.299999999999999822, -1.100000000000000089, 0.000000000000000000 ) ) ;
#973 = CARTESIAN_POINT ( 'NONE',  ( -2.100000000000000089, -0.9881286824963051441, -0.3706896551724139788 ) ) ;
#974 = AXIS2_PLACEMENT_3D ( 'NONE', #822, #9547, #6501 ) ;
#975 = CARTESIAN_POINT ( 'NONE',  ( 1.949999999999999956, -1.036404544565270092, -0.7500000000000000000 ) ) ;
#976 = ORIENTED_EDGE ( 'NONE', *, *, #5114, .F. ) ;
#977 = CYLINDRICAL_SURFACE ( 'NONE', #9884, 0.05000000000000007216 ) ;
#978 = CIRCLE ( 'NONE', #4933, 0.04999999999999991257 ) ;
#979 = VERTEX_POINT ( 'NONE', #5159 ) ;
#980 = DIRECTION ( 'NONE',  ( 1.000000000000000000, 0.000000000000000000, 0.000000000000000000 ) ) ;
#981 = EDGE_LOOP ( 'NONE', ( #7913, #4125, #3399, #9918 ) ) ;
#982 = ORIENTED_EDGE ( 'NONE', *, *, #7130, .F. ) ;
#983 = PLANE ( 'NONE',  #6583 ) ;
#984 = CARTESIAN_POINT ( 'NONE',  ( -1.949999999999999956, 0.9570941997376839483, -0.4482758620689660245 ) ) ;
#985 = AXIS2_PLACEMENT_3D ( 'NONE', #3973, #5499, #1712 ) ;
#986 = EDGE_CURVE ( 'NONE', #1457, #8443, #2213, .T. ) ;
#987 = CARTESIAN_POINT ( 'NONE',  ( -1.900000000011639933, 0.4364045445652700028, 0.000000000000000000 ) ) ;
#988 = CARTESIAN_POINT ( 'NONE',  ( 2.299999999999999822, 1.100000000000000089, 0.2000000000000000111 ) ) ;
#989 = CARTESIAN_POINT ( 'NONE',  ( -0.3750000000000000000, -1.199999999999999956, 1.199999999999999956 ) ) ;
#990 = LINE ( 'NONE', #1341, #69 ) ;
#991 = DIRECTION ( 'NONE',  ( 1.000000000000000000, -3.092222658463279454E-11, 0.000000000000000000 ) ) ;
#992 = ORIENTED_EDGE ( 'NONE', *, *, #10094, .F. ) ;
#993 = VERTEX_POINT ( 'NONE', #4433 ) ;
#994 = AXIS2_PLACEMENT_3D ( 'NONE', #3122, #2404, #7393 ) ;
#995 = CYLINDRICAL_SURFACE ( 'NONE', #3190, 0.05000000000000007216 ) ;
#996 = ORIENTED_EDGE ( 'NONE', *, *, #7754, .F. ) ;
#997 = ORIENTED_EDGE ( 'NONE', *, *, #4947, .T. ) ;
#998 = ADVANCED_FACE ( 'NONE', ( #3808 ), #9523, .T. ) ;
#999 = CIRCLE ( 'NONE', #4965, 0.04999999999999991257 ) ;
#1000 = AXIS2_PLACEMENT_3D ( 'NONE', #49, #1608, #4752 ) ;
#1001 = CARTESIAN_POINT ( 'NONE',  ( 0.000000000000000000, 1.199999999973810016, -1.122001267506480104 ) ) ;
#1002 = DIRECTION ( 'NONE',  ( -0.7071067811865482389, 0.000000000000000000, -0.7071067811865466846 ) ) ;
#1003 = FACE_OUTER_BOUND ( 'NONE', #7763, .T. ) ;
#1004 = EDGE_LOOP ( 'NONE', ( #3937, #6295, #6630, #6234, #7227, #6093, #4030 ) ) ;
#1005 = ORIENTED_EDGE ( 'NONE', *, *, #4064, .F. ) ;
#1006 = DIRECTION ( 'NONE',  ( -0.7071067811865483499, 0.000000000000000000, 0.7071067811865466846 ) ) ;
#1007 = VECTOR ( 'NONE', #2805, 1000.000000000000000 ) ;
#1008 = LINE ( 'NONE', #4772, #5915 ) ;
#1009 = LINE ( 'NONE', #5084, #6769 ) ;
#1010 = EDGE_CURVE ( 'NONE', #9803, #4109, #9965, .T. ) ;
#1011 = CARTESIAN_POINT ( 'NONE',  ( -1.095162613781379912, -0.3346456153152879698, 0.1499999999999999944 ) ) ;
#1012 = DIRECTION ( 'NONE',  ( -1.000000000000000000, 0.000000000000000000, 0.000000000000000000 ) ) ;
#1013 = DIRECTION ( 'NONE',  ( 0.000000000000000000, 0.000000000000000000, 1.000000000000000000 ) ) ;
#1014 = VECTOR ( 'NONE', #9561, 1000.000000000000000 ) ;
#1015 = CARTESIAN_POINT ( 'NONE',  ( -0.8000000000000000444, -0.6999999999999999556, 1.250000000000000000 ) ) ;
#1016 = AXIS2_PLACEMENT_3D ( 'NONE', #9827, #420, #9774 ) ;
#1017 = DIRECTION ( 'NONE',  ( 0.000000000000000000, 0.000000000000000000, -1.000000000000000000 ) ) ;
#1018 = ORIENTED_EDGE ( 'NONE', *, *, #3823, .T. ) ;
#1019 = ORIENTED_EDGE ( 'NONE', *, *, #4983, .F. ) ;
#1020 = EDGE_CURVE ( 'NONE', #4378, #5628, #6077, .T. ) ;
#1021 = CARTESIAN_POINT ( 'NONE',  ( 1.054999999999999938, 0.3346456153152879698, 1.850000000000000089 ) ) ;
#1022 = DIRECTION ( 'NONE',  ( 0.7071067811865483499, 0.000000000000000000, 0.7071067811865466846 ) ) ;
#1023 = VECTOR ( 'NONE', #4703, 1000.000000000000000 ) ;
#1024 = ORIENTED_EDGE ( 'NONE', *, *, #9931, .F. ) ;
#1025 = CARTESIAN_POINT ( 'NONE',  ( -1.005000000000000115, 0.3346456153152879698, 1.899999999999999911 ) ) ;
#1026 = LINE ( 'NONE', #5866, #3260 ) ;
#1027 = FACE_OUTER_BOUND ( 'NONE', #9621, .T. ) ;
#1028 = DIRECTION ( 'NONE',  ( 0.7071067811865474617, -0.7071067811865474617, 0.000000000000000000 ) ) ;
#1029 = TOROIDAL_SURFACE ( 'NONE', #3829, 0.1499999999999999944, 0.05000000000000000278 ) ;
#1030 = ORIENTED_EDGE ( 'NONE', *, *, #7859, .T. ) ;
#1031 = DIRECTION ( 'NONE',  ( 0.000000000000000000, 1.000000000000000000, 0.000000000000000000 ) ) ;
#1032 = ORIENTED_EDGE ( 'NONE', *, *, #392, .T. ) ;
#1033 = ADVANCED_FACE ( 'NONE', ( #9439 ), #2366, .T. ) ;
#1034 = EDGE_CURVE ( 'NONE', #2618, #5659, #7209, .T. ) ;
#1035 = ORIENTED_EDGE ( 'NONE', *, *, #1403, .T. ) ;
#1036 = DIRECTION ( 'NONE',  ( -1.000000000000000000, 0.000000000000000000, 0.000000000000000000 ) ) ;
#1037 = AXIS2_PLACEMENT_3D ( 'NONE', #7329, #4969, #3316 ) ;
#1038 = FACE_BOUND ( 'NONE', #3347, .T. ) ;
#1039 = CARTESIAN_POINT ( 'NONE',  ( -1.899999999999999911, 0.5000000000000000000, 0.05000000000000000278 ) ) ;
#1040 = CYLINDRICAL_SURFACE ( 'NONE', #2070, 0.1500000000000000500 ) ;
#1041 = PRODUCT_RELATED_PRODUCT_CATEGORY ( 'part', '', ( #6852 ) ) ;
#1042 = FILL_AREA_STYLE_COLOUR ( '', #9723 ) ;
#1043 = ORIENTED_EDGE ( 'NONE', *, *, #1753, .T. ) ;
#1044 = ORIENTED_EDGE ( 'NONE', *, *, #173, .T. ) ;
#1045 = LINE ( 'NONE', #5454, #3530 ) ;
#1046 = EDGE_CURVE ( 'NONE', #8845, #1706, #6997, .T. ) ;
#1047 = ORIENTED_EDGE ( 'NONE', *, *, #5467, .F. ) ;
#1048 = ORIENTED_EDGE ( 'NONE', *, *, #1838, .T. ) ;
#1049 = CARTESIAN_POINT ( 'NONE',  ( -1.899999999999999911, -1.036404544565270092, -0.05000000000000000278 ) ) ;
#1050 = DIRECTION ( 'NONE',  ( 0.000000000000000000, 0.000000000000000000, -1.000000000000000000 ) ) ;
#1051 = DIRECTION ( 'NONE',  ( 0.000000000000000000, 1.000000000000000000, 0.000000000000000000 ) ) ;
#1052 = CARTESIAN_POINT ( 'NONE',  ( -1.104999999999999982, 0.2287144171094039891, 1.300000000000000044 ) ) ;
#1053 = VERTEX_POINT ( 'NONE', #761 ) ;
#1054 = ORIENTED_EDGE ( 'NONE', *, *, #2116, .T. ) ;
#1055 = CARTESIAN_POINT ( 'NONE',  ( -0.7646446609406726269, 1.250000000000000000, 1.235355339059327262 ) ) ;
#1056 = EDGE_CURVE ( 'NONE', #5295, #1432, #9856, .T. ) ;
#1057 = LINE ( 'NONE', #8955, #7891 ) ;
#1058 = CARTESIAN_POINT ( 'NONE',  ( 0.8000000000000000444, -1.350000000000000089, 1.199999999999999956 ) ) ;
#1059 = CARTESIAN_POINT ( 'NONE',  ( 0.9636845643521000371, 0.5488085124984810603, 0.000000000000000000 ) ) ;
#1060 = CARTESIAN_POINT ( 'NONE',  ( -1.054999999999999938, 0.3346456153152879698, 1.250000000000000000 ) ) ;
#1061 = DIRECTION ( 'NONE',  ( 1.000000000000000000, 0.000000000000000000, 0.000000000000000000 ) ) ;
#1062 = CARTESIAN_POINT ( 'NONE',  ( -1.949999999999999956, -0.4364045445652709465, -0.05000000000000000278 ) ) ;
#1063 = PLANE ( 'NONE',  #968 ) ;
#1064 = LINE ( 'NONE', #2084, #630 ) ;
#1065 = ORIENTED_EDGE ( 'NONE', *, *, #1140, .F. ) ;
#1066 = ORIENTED_EDGE ( 'NONE', *, *, #7503, .T. ) ;
#1067 = AXIS2_PLACEMENT_3D ( 'NONE', #4799, #7060, #7006 ) ;
#1068 = EDGE_CURVE ( 'NONE', #6340, #5718, #7041, .T. ) ;
#1069 = CARTESIAN_POINT ( 'NONE',  ( 1.949999999999999956, 0.4364045445652700028, 0.000000000000000000 ) ) ;
#1070 = ORIENTED_EDGE ( 'NONE', *, *, #2893, .F. ) ;
#1071 = AXIS2_PLACEMENT_3D ( 'NONE', #6179, #558, #6857 ) ;
#1072 = AXIS2_PLACEMENT_3D ( 'NONE', #1841, #8064, #1887 ) ;
#1073 = DIRECTION ( 'NONE',  ( 0.000000000000000000, -1.000000000000000000, 0.000000000000000000 ) ) ;
#1074 = EDGE_CURVE ( 'NONE', #8796, #6248, #9382, .T. ) ;
#1075 = PLANE ( 'NONE',  #3546 ) ;
#1076 = DIRECTION ( 'NONE',  ( 0.000000000000000000, 0.7071067811865482389, -0.7071067811865466846 ) ) ;
#1077 = CARTESIAN_POINT ( 'NONE',  ( 0.7278292938547639146, 0.6234632226859558868, 1.300000000000000044 ) ) ;
#1078 = ORIENTED_EDGE ( 'NONE', *, *, #9214, .T. ) ;
#1079 = EDGE_LOOP ( 'NONE', ( #4159, #9904, #5491, #9077, #5896 ) ) ;
#1080 = CARTESIAN_POINT ( 'NONE',  ( 0.3750000000000000000, 1.149999999999999911, 1.199999999999999956 ) ) ;
#1081 = ORIENTED_EDGE ( 'NONE', *, *, #5763, .T. ) ;
#1082 = EDGE_CURVE ( 'NONE', #7983, #6305, #3296, .T. ) ;
#1083 = CIRCLE ( 'NONE', #5691, 0.05000000000000000278 ) ;
#1084 = VECTOR ( 'NONE', #6824, 1000.000000000000000 ) ;
#1085 = EDGE_LOOP ( 'NONE', ( #7238, #8930, #808, #6957 ) ) ;
#1086 = EDGE_LOOP ( 'NONE', ( #95, #6578, #1815, #5078 ) ) ;
#1087 = DIRECTION ( 'NONE',  ( 0.000000000000000000, 0.000000000000000000, 1.000000000000000000 ) ) ;
#1088 = AXIS2_PLACEMENT_3D ( 'NONE', #5697, #9474, #5532 ) ;
#1089 = DIRECTION ( 'NONE',  ( -0.8917411990616685991, 0.4525457257516167786, 0.000000000000000000 ) ) ;
#1090 = CARTESIAN_POINT ( 'NONE',  ( 0.6999999999999999556, 1.149999999999999911, 0.05000000000000000278 ) ) ;
#1091 = DIRECTION ( 'NONE',  ( 1.000000000000000000, 0.000000000000000000, 0.000000000000000000 ) ) ;
#1092 = ORIENTED_EDGE ( 'NONE', *, *, #711, .F. ) ;
#1093 = ORIENTED_EDGE ( 'NONE', *, *, #3528, .T. ) ;
#1094 = EDGE_CURVE ( 'NONE', #320, #1670, #1537, .T. ) ;
#1095 = EDGE_LOOP ( 'NONE', ( #5460, #6461, #10219, #963 ) ) ;
#1096 = VECTOR ( 'NONE', #1377, 1000.000000000000000 ) ;
#1097 = ORIENTED_EDGE ( 'NONE', *, *, #6291, .F. ) ;
#1098 = EDGE_CURVE ( 'NONE', #2089, #8396, #7769, .T. ) ;
#1099 = CYLINDRICAL_SURFACE ( 'NONE', #2496, 0.05000000000000001665 ) ;
#1100 = LINE ( 'NONE', #372, #5804 ) ;
#1101 = VECTOR ( 'NONE', #21, 1000.000000000000000 ) ;
#1102 = ORIENTED_EDGE ( 'NONE', *, *, #5605, .T. ) ;
#1103 = CARTESIAN_POINT ( 'NONE',  ( 1.899999999999999911, 1.100000000000000089, 0.05000000000000000278 ) ) ;
#1104 = APPLICATION_CONTEXT ( 'automotive_design' ) ;
#1105 = VECTOR ( 'NONE', #6322, 1000.000000000000000 ) ;
#1106 = CARTESIAN_POINT ( 'NONE',  ( -1.899999999999999911, 1.350000000000000089, 1.199999999999999956 ) ) ;
#1107 = DIRECTION ( 'NONE',  ( 0.7071067811865483499, 0.000000000000000000, 0.7071067811865466846 ) ) ;
#1108 = CARTESIAN_POINT ( 'NONE',  ( 0.8549999999999999822, -0.3346456153152879698, 1.300000000000000044 ) ) ;
#1109 = ADVANCED_FACE ( 'NONE', ( #4791 ), #6391, .T. ) ;
#1110 = CARTESIAN_POINT ( 'NONE',  ( 1.899999999999999911, -0.5000000000000000000, 0.05000000000000000278 ) ) ;
#1111 = DIRECTION ( 'NONE',  ( -6.167905692840670233E-16, 1.000000000000000000, 0.000000000000000000 ) ) ;
#1112 = LINE ( 'NONE', #7255, #3285 ) ;
#1113 = LINE ( 'NONE', #4450, #5404 ) ;
#1114 = ORIENTED_EDGE ( 'NONE', *, *, #2368, .F. ) ;
#1115 = AXIS2_PLACEMENT_3D ( 'NONE', #3489, #2718, #2673 ) ;
#1116 = ORIENTED_EDGE ( 'NONE', *, *, #8639, .T. ) ;
#1117 = VECTOR ( 'NONE', #3509, 1000.000000000000000 ) ;
#1118 = DIRECTION ( 'NONE',  ( 0.000000000000000000, 1.000000000000000000, 0.000000000000000000 ) ) ;
#1119 = ORIENTED_EDGE ( 'NONE', *, *, #6253, .T. ) ;
#1120 = LINE ( 'NONE', #1180, #5928 ) ;
#1121 = AXIS2_PLACEMENT_3D ( 'NONE', #7799, #797, #3951 ) ;
#1122 = VECTOR ( 'NONE', #4447, 1000.000000000000000 ) ;
#1123 = VECTOR ( 'NONE', #8239, 1000.000000000000114 ) ;
#1124 = EDGE_CURVE ( 'NONE', #1235, #2635, #6331, .T. ) ;
#1125 = CARTESIAN_POINT ( 'NONE',  ( 0.9681364314379040659, 0.5575809150807050640, 1.300000000000000044 ) ) ;
#1126 = CARTESIAN_POINT ( 'NONE',  ( -1.005000000000000115, 0.2287144171094039891, 1.899999999999999911 ) ) ;
#1127 = DIRECTION ( 'NONE',  ( 0.000000000000000000, 0.000000000000000000, 1.000000000000000000 ) ) ;
#1128 = EDGE_LOOP ( 'NONE', ( #3127, #6751, #8036, #447, #6395, #6492 ) ) ;
#1129 = ORIENTED_EDGE ( 'NONE', *, *, #6776, .F. ) ;
#1130 = DIRECTION ( 'NONE',  ( 0.000000000000000000, 1.000000000000000000, 0.000000000000000000 ) ) ;
#1131 = VERTEX_POINT ( 'NONE', #8550 ) ;
#1132 = AXIS2_PLACEMENT_3D ( 'NONE', #6204, #2143, #10085 ) ;
#1133 = CIRCLE ( 'NONE', #9542, 0.1499999999999999944 ) ;
#1134 = ORIENTED_EDGE ( 'NONE', *, *, #7010, .T. ) ;
#1135 = FACE_OUTER_BOUND ( 'NONE', #2579, .T. ) ;
#1136 = DIRECTION ( 'NONE',  ( 0.000000000000000000, 0.000000000000000000, 1.000000000000000000 ) ) ;
#1137 = ADVANCED_FACE ( 'NONE', ( #2264 ), #8604, .T. ) ;
#1138 = AXIS2_PLACEMENT_3D ( 'NONE', #2100, #4504, #6837 ) ;
#1139 = CARTESIAN_POINT ( 'NONE',  ( -1.899999999999999911, 1.036404544565270092, -0.05000000000000000278 ) ) ;
#1140 = EDGE_CURVE ( 'NONE', #10112, #4086, #1489, .T. ) ;
#1141 = VECTOR ( 'NONE', #1633, 1000.000000000000000 ) ;
#1142 = CARTESIAN_POINT ( 'NONE',  ( -2.100000000000000089, -1.036404544565270092, -0.2500000000000000000 ) ) ;
#1143 = LINE ( 'NONE', #989, #7247 ) ;
#1144 = AXIS2_PLACEMENT_3D ( 'NONE', #7965, #956, #3381 ) ;
#1145 = LINE ( 'NONE', #6512, #7169 ) ;
#1146 = DIRECTION ( 'NONE',  ( 0.8917411990616684880, -0.4525457257516172227, 0.000000000000000000 ) ) ;
#1147 = ORIENTED_EDGE ( 'NONE', *, *, #5187, .F. ) ;
#1148 = ORIENTED_EDGE ( 'NONE', *, *, #5230, .F. ) ;
#1149 = AXIS2_PLACEMENT_3D ( 'NONE', #8939, #7423, #6659 ) ;
#1150 = VECTOR ( 'NONE', #8622, 1000.000000000000000 ) ;
#1151 = ORIENTED_EDGE ( 'NONE', *, *, #135, .F. ) ;
#1152 = EDGE_CURVE ( 'NONE', #2251, #5500, #2479, .T. ) ;
#1153 = CARTESIAN_POINT ( 'NONE',  ( -0.1850555678730499976, -0.7550000000000000044, 1.899999999999999911 ) ) ;
#1154 = DIRECTION ( 'NONE',  ( 0.000000000000000000, 1.000000000000000000, 0.000000000000000000 ) ) ;
#1155 = FACE_OUTER_BOUND ( 'NONE', #6538, .T. ) ;
#1156 = CARTESIAN_POINT ( 'NONE',  ( 0.7353553390593273731, -1.214644660940672694, 1.199999999999999956 ) ) ;
#1157 = AXIS2_PLACEMENT_3D ( 'NONE', #5643, #3220, #6438 ) ;
#1158 = ORIENTED_EDGE ( 'NONE', *, *, #7767, .F. ) ;
#1159 = AXIS2_PLACEMENT_3D ( 'NONE', #4411, #6791, #6004 ) ;
#1160 = VERTEX_POINT ( 'NONE', #3080 ) ;
#1161 = DIRECTION ( 'NONE',  ( -1.982541115402059686E-16, 1.000000000000000000, -1.982541115402064617E-16 ) ) ;
#1162 = ORIENTED_EDGE ( 'NONE', *, *, #4029, .T. ) ;
#1163 = ADVANCED_FACE ( 'NONE', ( #5447 ), #8766, .T. ) ;
#1164 = ADVANCED_FACE ( 'NONE', ( #5604 ), #712, .T. ) ;
#1165 = AXIS2_PLACEMENT_3D ( 'NONE', #3531, #4263, #8070 ) ;
#1166 = VECTOR ( 'NONE', #5257, 1000.000000000000000 ) ;
#1167 = DIRECTION ( 'NONE',  ( 0.8917411990616683770, 0.4525457257516171672, 0.000000000000000000 ) ) ;
#1168 = CARTESIAN_POINT ( 'NONE',  ( 1.000000000008729906, 1.349999999973810150, 0.000000000000000000 ) ) ;
#1169 = CARTESIAN_POINT ( 'NONE',  ( -0.6999999999999999556, 1.250000000000000000, 1.250000000000000000 ) ) ;
#1170 = CARTESIAN_POINT ( 'NONE',  ( 0.8549999999999999822, -0.3346456153152879698, 0.000000000000000000 ) ) ;
#1171 = CARTESIAN_POINT ( 'NONE',  ( -0.7646446609406726269, 0.5999999999999999778, 0.01464466094067265294 ) ) ;
#1172 = CARTESIAN_POINT ( 'NONE',  ( 1.899999999999999911, 1.399999999999999911, 0.000000000000000000 ) ) ;
#1173 = DIRECTION ( 'NONE',  ( -0.000000000000000000, 1.000000000000000000, 0.000000000000000000 ) ) ;
#1174 = AXIS2_PLACEMENT_3D ( 'NONE', #4157, #8993, #9775 ) ;
#1175 = EDGE_LOOP ( 'NONE', ( #7131, #5342, #1270, #6470, #4391, #6718, #2888 ) ) ;
#1176 = ORIENTED_EDGE ( 'NONE', *, *, #8595, .F. ) ;
#1177 = ADVANCED_FACE ( 'NONE', ( #2722 ), #5818, .T. ) ;
#1178 = PLANE ( 'NONE',  #5063 ) ;
#1179 = VERTEX_POINT ( 'NONE', #344 ) ;
#1180 = CARTESIAN_POINT ( 'NONE',  ( -0.9999999999068690526, 1.349999999973810150, 0.1499999999999999944 ) ) ;
#1181 = SPHERICAL_SURFACE ( 'NONE', #1789, 0.05000000000000000278 ) ;
#1182 = CARTESIAN_POINT ( 'NONE',  ( -1.899999999999999911, 1.036404544565270092, -0.05000000000000000278 ) ) ;
#1183 = DIRECTION ( 'NONE',  ( -1.000000000000000000, 0.000000000000000000, 0.000000000000000000 ) ) ;
#1184 = LINE ( 'NONE', #1955, #2471 ) ;
#1185 = ORIENTED_EDGE ( 'NONE', *, *, #6042, .F. ) ;
#1186 = ORIENTED_EDGE ( 'NONE', *, *, #7702, .T. ) ;
#1187 = ORIENTED_EDGE ( 'NONE', *, *, #10174, .T. ) ;
#1188 = VECTOR ( 'NONE', #1940, 1000.000000000000000 ) ;
#1189 = ORIENTED_EDGE ( 'NONE', *, *, #1953, .T. ) ;
#1190 = DIRECTION ( 'NONE',  ( 0.000000000000000000, 0.000000000000000000, 1.000000000000000000 ) ) ;
#1191 = CARTESIAN_POINT ( 'NONE',  ( 1.000000000008729906, -1.349999999973810150, 0.000000000000000000 ) ) ;
#1192 = DIRECTION ( 'NONE',  ( 0.000000000000000000, 0.000000000000000000, -1.000000000000000000 ) ) ;
#1193 = ORIENTED_EDGE ( 'NONE', *, *, #8925, .F. ) ;
#1194 = CARTESIAN_POINT ( 'NONE',  ( 0.9455091451503230271, 0.5129938551276220782, 1.250000000000000000 ) ) ;
#1195 = CARTESIAN_POINT ( 'NONE',  ( 0.7353553390593273731, 1.214644660940672694, 1.199999999999999956 ) ) ;
#1196 = DIRECTION ( 'NONE',  ( 0.000000000000000000, 1.000000000000000000, 0.000000000000000000 ) ) ;
#1197 = DIRECTION ( 'NONE',  ( -9.912705577010350201E-17, 1.000000000000000000, 9.912705577010350201E-17 ) ) ;
#1198 = ORIENTED_EDGE ( 'NONE', *, *, #374, .F. ) ;
#1199 = VERTEX_POINT ( 'NONE', #5101 ) ;
#1200 = ADVANCED_FACE ( 'NONE', ( #2576 ), #8085, .T. ) ;
#1201 = AXIS2_PLACEMENT_3D ( 'NONE', #1599, #4741, #4804 ) ;
#1202 = ORIENTED_EDGE ( 'NONE', *, *, #5754, .T. ) ;
#1203 = ORIENTED_EDGE ( 'NONE', *, *, #8097, .T. ) ;
#1204 = CARTESIAN_POINT ( 'NONE',  ( 0.8000000000000000444, -1.250000000000000000, 0.05000000000000000278 ) ) ;
#1205 = CARTESIAN_POINT ( 'NONE',  ( 0.000000000000000000, 1.149999999973809972, -0.05000000000000000278 ) ) ;
#1206 = DIRECTION ( 'NONE',  ( 0.000000000000000000, 0.3713906763541041101, -0.9284766908852591927 ) ) ;
#1207 = DIRECTION ( 'NONE',  ( 0.000000000000000000, -1.000000000000000000, 0.000000000000000000 ) ) ;
#1208 = VECTOR ( 'NONE', #6175, 1000.000000000000000 ) ;
#1209 = EDGE_CURVE ( 'NONE', #5047, #8306, #4327, .T. ) ;
#1210 = VERTEX_POINT ( 'NONE', #3494 ) ;
#1211 = DIRECTION ( 'NONE',  ( 0.000000000000000000, 1.000000000000000000, 0.000000000000000000 ) ) ;
#1212 = ORIENTED_EDGE ( 'NONE', *, *, #4481, .F. ) ;
#1213 = CARTESIAN_POINT ( 'NONE',  ( 0.6999999999999999556, -1.149999999999999911, 0.05000000000000000278 ) ) ;
#1214 = DIRECTION ( 'NONE',  ( 1.000000000000000000, 0.000000000000000000, 0.000000000000000000 ) ) ;
#1215 = CARTESIAN_POINT ( 'NONE',  ( 0.8000000000000000444, 1.350000000000000089, 1.199999999999999956 ) ) ;
#1216 = LINE ( 'NONE', #9251, #5798 ) ;
#1217 = CARTESIAN_POINT ( 'NONE',  ( -1.900000000011639933, 1.349999999973810150, 0.000000000000000000 ) ) ;
#1218 = EDGE_CURVE ( 'NONE', #8077, #4435, #4130, .T. ) ;
#1219 = EDGE_CURVE ( 'NONE', #5311, #9875, #1026, .T. ) ;
#1220 = VERTEX_POINT ( 'NONE', #6596 ) ;
#1221 = EDGE_CURVE ( 'NONE', #8504, #6327, #8366, .T. ) ;
#1222 = CARTESIAN_POINT ( 'NONE',  ( 2.056066017177982097, -0.4364045445652709465, 0.1060660171779820027 ) ) ;
#1223 = ORIENTED_EDGE ( 'NONE', *, *, #9169, .T. ) ;
#1224 = CARTESIAN_POINT ( 'NONE',  ( 1.600000000000000089, -0.5000000000000000000, 0.000000000000000000 ) ) ;
#1225 = DIRECTION ( 'NONE',  ( 1.000000000000000000, 0.000000000000000000, 0.000000000000000000 ) ) ;
#1226 = CARTESIAN_POINT ( 'NONE',  ( 0.8000000000000000444, 1.350000000000000089, 1.199999999999999956 ) ) ;
#1227 = EDGE_CURVE ( 'NONE', #7273, #7240, #7457, .T. ) ;
#1228 = DIRECTION ( 'NONE',  ( 0.000000000000000000, -1.000000000000000000, 0.000000000000000000 ) ) ;
#1229 = STYLED_ITEM ( 'NONE', ( #9604 ), #6654 ) ;
#1230 = EDGE_CURVE ( 'NONE', #6567, #7258, #286, .T. ) ;
#1231 = DIRECTION ( 'NONE',  ( 0.000000000000000000, 0.000000000000000000, 1.000000000000000000 ) ) ;
#1232 = ORIENTED_EDGE ( 'NONE', *, *, #2209, .T. ) ;
#1233 = EDGE_LOOP ( 'NONE', ( #8713, #8880, #9089, #9220 ) ) ;
#1234 = ORIENTED_EDGE ( 'NONE', *, *, #3651, .F. ) ;
#1235 = VERTEX_POINT ( 'NONE', #9013 ) ;
#1236 = AXIS2_PLACEMENT_3D ( 'NONE', #6349, #2379, #3878 ) ;
#1237 = AXIS2_PLACEMENT_3D ( 'NONE', #6725, #6629, #7342 ) ;
#1238 = CARTESIAN_POINT ( 'NONE',  ( -0.7504565801423450644, -0.6680502826390388726, 1.250000000000000000 ) ) ;
#1239 = DIRECTION ( 'NONE',  ( 0.000000000000000000, 1.000000000000000000, 0.000000000000000000 ) ) ;
#1240 = ORIENTED_EDGE ( 'NONE', *, *, #8593, .T. ) ;
#1241 = DIRECTION ( 'NONE',  ( -0.8917411990616683770, -0.4525457257516171672, 0.000000000000000000 ) ) ;
#1242 = EDGE_CURVE ( 'NONE', #5629, #440, #1905, .T. ) ;
#1243 = FACE_OUTER_BOUND ( 'NONE', #4392, .T. ) ;
#1244 = CARTESIAN_POINT ( 'NONE',  ( -0.8000000000087310603, -1.150000000026190072, 0.000000000000000000 ) ) ;
#1245 = VECTOR ( 'NONE', #8143, 1000.000000000000000 ) ;
#1246 = VERTEX_POINT ( 'NONE', #3441 ) ;
#1247 = AXIS2_PLACEMENT_3D ( 'NONE', #1806, #5708, #1648 ) ;
#1248 = ORIENTED_EDGE ( 'NONE', *, *, #1376, .F. ) ;
#1249 = EDGE_LOOP ( 'NONE', ( #8456, #2672, #5388, #9627, #5911 ) ) ;
#1250 = ORIENTED_EDGE ( 'NONE', *, *, #2228, .T. ) ;
#1251 = CARTESIAN_POINT ( 'NONE',  ( 1.949999999999999956, 0.4364045445652700028, -0.7500000000000000000 ) ) ;
#1252 = AXIS2_PLACEMENT_3D ( 'NONE', #6454, #5607, #32 ) ;
#1253 = DIRECTION ( 'NONE',  ( 1.000000000000000000, 0.000000000000000000, 0.000000000000000000 ) ) ;
#1254 = VECTOR ( 'NONE', #4008, 1000.000000000000000 ) ;
#1255 = CARTESIAN_POINT ( 'NONE',  ( -0.4354032081378430008, 0.8279352997654170210, 1.250000000000000000 ) ) ;
#1256 = LINE ( 'NONE', #1354, #8754 ) ;
#1257 = ADVANCED_FACE ( 'NONE', ( #8816 ), #1951, .T. ) ;
#1258 = ORIENTED_EDGE ( 'NONE', *, *, #3303, .F. ) ;
#1259 = DIRECTION ( 'NONE',  ( 0.000000000000000000, -1.000000000000000000, 0.000000000000000000 ) ) ;
#1260 = ORIENTED_EDGE ( 'NONE', *, *, #3764, .F. ) ;
#1261 = ADVANCED_FACE ( 'NONE', ( #5042 ), #1181, .T. ) ;
#1262 = CARTESIAN_POINT ( 'NONE',  ( 1.000000000008729906, 1.349999999973810150, 0.1499999999999999944 ) ) ;
#1263 = AXIS2_PLACEMENT_3D ( 'NONE', #2109, #4563, #6894 ) ;
#1264 = DIRECTION ( 'NONE',  ( 0.000000000000000000, -1.000000000000000000, 0.000000000000000000 ) ) ;
#1265 = LINE ( 'NONE', #6684, #9161 ) ;
#1266 = CARTESIAN_POINT ( 'NONE',  ( 1.899999999999999911, 1.350000000000000089, 0.05000000000000000278 ) ) ;
#1267 = DIRECTION ( 'NONE',  ( 1.000000000000000000, 0.000000000000000000, 0.000000000000000000 ) ) ;
#1268 = EDGE_CURVE ( 'NONE', #2251, #1522, #6452, .T. ) ;
#1269 = SPHERICAL_SURFACE ( 'NONE', #1159, 0.05000000000000000278 ) ;
#1270 = ORIENTED_EDGE ( 'NONE', *, *, #6541, .T. ) ;
#1271 = DIRECTION ( 'NONE',  ( 0.000000000000000000, 1.000000000000000000, 0.000000000000000000 ) ) ;
#1272 = ORIENTED_EDGE ( 'NONE', *, *, #1348, .T. ) ;
#1273 = CARTESIAN_POINT ( 'NONE',  ( -2.299999999999999822, 0.5000000000000000000, 0.000000000000000000 ) ) ;
#1274 = ORIENTED_EDGE ( 'NONE', *, *, #3738, .T. ) ;
#1275 = ADVANCED_FACE ( 'NONE', ( #8869 ), #9596, .F. ) ;
#1276 = DIRECTION ( 'NONE',  ( 0.000000000000000000, 0.000000000000000000, 1.000000000000000000 ) ) ;
#1277 = AXIS2_PLACEMENT_3D ( 'NONE', #9379, #79, #4018 ) ;
#1278 = DIRECTION ( 'NONE',  ( -0.7071067811865475727, 0.000000000000000000, 0.7071067811865475727 ) ) ;
#1279 = AXIS2_PLACEMENT_3D ( 'NONE', #9099, #1253, #7530 ) ;
#1280 = FACE_OUTER_BOUND ( 'NONE', #199, .T. ) ;
#1281 = ORIENTED_EDGE ( 'NONE', *, *, #9953, .F. ) ;
#1282 = ORIENTED_EDGE ( 'NONE', *, *, #4064, .T. ) ;
#1283 = EDGE_LOOP ( 'NONE', ( #923, #4200, #851, #4486, #1258, #7857, #4955, #4309, #22, #3988, #8995, #7510, #1070, #745, #5487, #7372 ) ) ;
#1284 = ORIENTED_EDGE ( 'NONE', *, *, #7638, .T. ) ;
#1285 = VECTOR ( 'NONE', #7092, 1000.000000000000000 ) ;
#1286 = EDGE_CURVE ( 'NONE', #3977, #7240, #8027, .T. ) ;
#1287 = AXIS2_PLACEMENT_3D ( 'NONE', #583, #6880, #2820 ) ;
#1288 = ADVANCED_FACE ( 'NONE', ( #4227 ), #4279, .F. ) ;
#1289 = CARTESIAN_POINT ( 'NONE',  ( -1.949999999999999956, 1.036404544565270092, -0.05000000000000000278 ) ) ;
#1290 = DIRECTION ( 'NONE',  ( -0.7071067811865474617, -0.7071067811865474617, 0.000000000000000000 ) ) ;
#1291 = VERTEX_POINT ( 'NONE', #8487 ) ;
#1292 = CARTESIAN_POINT ( 'NONE',  ( 0.3687982286305056534, -0.7995117579511155093, 1.300000000000000044 ) ) ;
#1293 = DIRECTION ( 'NONE',  ( 0.000000000000000000, 0.000000000000000000, -1.000000000000000000 ) ) ;
#1294 = DIRECTION ( 'NONE',  ( 0.7071067811865482389, 0.000000000000000000, -0.7071067811865466846 ) ) ;
#1295 = DIRECTION ( 'NONE',  ( -9.912705577010339108E-17, 1.000000000000000000, -9.912705577010350201E-17 ) ) ;
#1296 = CIRCLE ( 'NONE', #7225, 0.04999999999999991257 ) ;
#1297 = ORIENTED_EDGE ( 'NONE', *, *, #3053, .F. ) ;
#1298 = VERTEX_POINT ( 'NONE', #3742 ) ;
#1299 = ORIENTED_EDGE ( 'NONE', *, *, #8780, .T. ) ;
#1300 = LINE ( 'NONE', #5264, #6401 ) ;
#1301 = EDGE_CURVE ( 'NONE', #427, #6278, #5969, .T. ) ;
#1302 = CARTESIAN_POINT ( 'NONE',  ( -0.8549999999999999822, -0.3346456153152879698, 1.850000000000000089 ) ) ;
#1303 = AXIS2_PLACEMENT_3D ( 'NONE', #880, #7729, #7011 ) ;
#1304 = CYLINDRICAL_SURFACE ( 'NONE', #9762, 0.1999999999476129720 ) ;
#1305 = ORIENTED_EDGE ( 'NONE', *, *, #3548, .F. ) ;
#1306 = DIRECTION ( 'NONE',  ( 0.000000000000000000, -1.000000000000000000, 0.000000000000000000 ) ) ;
#1307 = AXIS2_PLACEMENT_3D ( 'NONE', #10091, #4464, #5281 ) ;
#1308 = FACE_OUTER_BOUND ( 'NONE', #812, .T. ) ;
#1309 = CLOSED_SHELL ( 'NONE', ( #3252, #7448, #5522, #5967, #314, #5850 ) ) ;
#1310 = ORIENTED_EDGE ( 'NONE', *, *, #5633, .T. ) ;
#1311 = EDGE_CURVE ( 'NONE', #9861, #8734, #7506, .T. ) ;
#1312 = DIRECTION ( 'NONE',  ( 1.000000000000000000, 0.000000000000000000, 0.000000000000000000 ) ) ;
#1313 = LINE ( 'NONE', #9300, #2489 ) ;
#1314 = DIRECTION ( 'NONE',  ( 0.000000000000000000, 1.000000000000000000, 0.000000000000000000 ) ) ;
#1315 = DIRECTION ( 'NONE',  ( 1.000000000000000000, 0.000000000000000000, 0.000000000000000000 ) ) ;
#1316 = CARTESIAN_POINT ( 'NONE',  ( -0.3222667766999390282, -0.8549999999999999822, 1.300000000000000044 ) ) ;
#1317 = DIRECTION ( 'NONE',  ( 1.000000000000000000, 0.000000000000000000, 0.000000000000000000 ) ) ;
#1318 = ORIENTED_EDGE ( 'NONE', *, *, #3897, .T. ) ;
#1319 = ORIENTED_EDGE ( 'NONE', *, *, #4805, .T. ) ;
#1320 = DIRECTION ( 'NONE',  ( -6.167905691643949504E-16, 1.000000000000000000, 0.000000000000000000 ) ) ;
#1321 = AXIS2_PLACEMENT_3D ( 'NONE', #1058, #8853, #4213 ) ;
#1322 = CIRCLE ( 'NONE', #7082, 0.04999999999999991257 ) ;
#1323 = CARTESIAN_POINT ( 'NONE',  ( -0.3222667766999390282, -0.6049999999999999822, 0.000000000000000000 ) ) ;
#1324 = EDGE_CURVE ( 'NONE', #7916, #6472, #2830, .T. ) ;
#1325 = ADVANCED_FACE ( 'NONE', ( #8339 ), #2053, .T. ) ;
#1326 = DIRECTION ( 'NONE',  ( 1.000000000000000000, 0.000000000000000000, 0.000000000000000000 ) ) ;
#1327 = VECTOR ( 'NONE', #5322, 1000.000000000000000 ) ;
#1328 = LINE ( 'NONE', #2874, #5082 ) ;
#1329 = AXIS2_PLACEMENT_3D ( 'NONE', #9955, #2873, #1225 ) ;
#1330 = DIRECTION ( 'NONE',  ( 0.000000000000000000, 0.000000000000000000, -1.000000000000000000 ) ) ;
#1331 = ORIENTED_EDGE ( 'NONE', *, *, #7252, .T. ) ;
#1332 = VERTEX_POINT ( 'NONE', #9906 ) ;
#1333 = EDGE_CURVE ( 'NONE', #322, #3567, #4423, .T. ) ;
#1334 = VERTEX_POINT ( 'NONE', #4560 ) ;
#1335 = DIRECTION ( 'NONE',  ( 0.8917411990616683770, -0.4525457257516171672, 0.000000000000000000 ) ) ;
#1336 = VECTOR ( 'NONE', #6203, 1000.000000000000000 ) ;
#1337 = DIRECTION ( 'NONE',  ( 0.000000000000000000, -1.000000000000000000, 0.000000000000000000 ) ) ;
#1338 = DIRECTION ( 'NONE',  ( 0.000000000000000000, 1.000000000000000000, 0.000000000000000000 ) ) ;
#1339 = EDGE_LOOP ( 'NONE', ( #5898, #5093, #6450, #8699 ) ) ;
#1340 = CARTESIAN_POINT ( 'NONE',  ( -1.600000000000000089, -0.5000000000000000000, 0.000000000000000000 ) ) ;
#1341 = CARTESIAN_POINT ( 'NONE',  ( -0.8000000000000000444, 0.5999999999999999778, 0.000000000000000000 ) ) ;
#1342 = AXIS2_PLACEMENT_3D ( 'NONE', #1999, #9788, #2711 ) ;
#1343 = DIRECTION ( 'NONE',  ( -0.7071067811865483499, 0.000000000000000000, 0.7071067811865466846 ) ) ;
#1344 =( NAMED_UNIT ( * ) PLANE_ANGLE_UNIT ( ) SI_UNIT ( $, .RADIAN. ) );
#1345 = ORIENTED_EDGE ( 'NONE', *, *, #6020, .F. ) ;
#1346 = EDGE_CURVE ( 'NONE', #6197, #6567, #3697, .T. ) ;
#1347 = ORIENTED_EDGE ( 'NONE', *, *, #3146, .T. ) ;
#1348 = EDGE_CURVE ( 'NONE', #8734, #4884, #9215, .T. ) ;
#1349 = ORIENTED_EDGE ( 'NONE', *, *, #8159, .F. ) ;
#1350 = DIRECTION ( 'NONE',  ( -0.4525457257516172782, 0.8917411990616683770, 0.000000000000000000 ) ) ;
#1351 = AXIS2_PLACEMENT_3D ( 'NONE', #4501, #3010, #6049 ) ;
#1352 = PLANE ( 'NONE',  #7613 ) ;
#1353 = DIRECTION ( 'NONE',  ( 0.000000000000000000, 1.000000000000000000, 0.000000000000000000 ) ) ;
#1354 = CARTESIAN_POINT ( 'NONE',  ( -0.4309513410520389720, 0.8191628971831930173, 0.000000000000000000 ) ) ;
#1355 = ORIENTED_EDGE ( 'NONE', *, *, #3238, .T. ) ;
#1356 = DIRECTION ( 'NONE',  ( 0.000000000000000000, 1.000000000000000000, 0.000000000000000000 ) ) ;
#1357 = ORIENTED_EDGE ( 'NONE', *, *, #9462, .T. ) ;
#1358 = ADVANCED_FACE ( 'NONE', ( #497 ), #6748, .T. ) ;
#1359 = AXIS2_PLACEMENT_3D ( 'NONE', #9399, #6464, #930 ) ;
#1360 = SPHERICAL_SURFACE ( 'NONE', #5190, 0.05000000000000000278 ) ;
#1361 = ORIENTED_EDGE ( 'NONE', *, *, #3368, .F. ) ;
#1362 = CARTESIAN_POINT ( 'NONE',  ( 1.899999999938880135, -1.036404544565270092, 0.1499999999999999944 ) ) ;
#1363 = VECTOR ( 'NONE', #1509, 1000.000000000000000 ) ;
#1364 = CARTESIAN_POINT ( 'NONE',  ( -1.949999999999999956, -0.4364045445652709465, 0.000000000000000000 ) ) ;
#1365 = LINE ( 'NONE', #787, #7049 ) ;
#1366 = DIRECTION ( 'NONE',  ( 1.000000000000000000, 0.000000000000000000, 0.000000000000000000 ) ) ;
#1367 = DIRECTION ( 'NONE',  ( -0.4525457257516167231, -0.8917411990616685991, 0.000000000000000000 ) ) ;
#1368 = ADVANCED_FACE ( 'NONE', ( #6892 ), #2157, .T. ) ;
#1369 = ORIENTED_EDGE ( 'NONE', *, *, #5171, .F. ) ;
#1370 = DIRECTION ( 'NONE',  ( 0.000000000000000000, 1.000000000000000000, 0.000000000000000000 ) ) ;
#1371 = VERTEX_POINT ( 'NONE', #6800 ) ;
#1372 = DIRECTION ( 'NONE',  ( 0.2326572596528327652, -0.9725587897555778572, 0.000000000000000000 ) ) ;
#1373 = DIRECTION ( 'NONE',  ( 0.000000000000000000, 0.000000000000000000, -1.000000000000000000 ) ) ;
#1374 = LINE ( 'NONE', #9070, #5157 ) ;
#1375 = DIRECTION ( 'NONE',  ( 0.000000000000000000, 1.000000000000000000, 0.000000000000000000 ) ) ;
#1376 = EDGE_CURVE ( 'NONE', #3872, #1332, #1328, .T. ) ;
#1377 = DIRECTION ( 'NONE',  ( 1.982541115402059686E-16, -1.000000000000000000, -1.982541115402064617E-16 ) ) ;
#1378 = ORIENTED_EDGE ( 'NONE', *, *, #9166, .T. ) ;
#1379 = VERTEX_POINT ( 'NONE', #5149 ) ;
#1380 = ORIENTED_EDGE ( 'NONE', *, *, #189, .F. ) ;
#1381 = DIRECTION ( 'NONE',  ( 1.000000000000000000, 0.000000000000000000, 0.000000000000000000 ) ) ;
#1382 = DIRECTION ( 'NONE',  ( 0.000000000000000000, 0.000000000000000000, -1.000000000000000000 ) ) ;
#1383 = ADVANCED_FACE ( 'NONE', ( #8292 ), #6697, .F. ) ;
#1384 = CIRCLE ( 'NONE', #2553, 0.04999999999999991257 ) ;
#1385 = DIRECTION ( 'NONE',  ( 0.000000000000000000, 0.000000000000000000, -1.000000000000000000 ) ) ;
#1386 = EDGE_LOOP ( 'NONE', ( #1065, #5189, #256, #4088 ) ) ;
#1387 = DIRECTION ( 'NONE',  ( -1.000000000000000000, -2.055968564105149785E-16, 0.000000000000000000 ) ) ;
#1388 = DIRECTION ( 'NONE',  ( 0.000000000000000000, 0.3713906763541041101, -0.9284766908852591927 ) ) ;
#1389 = CARTESIAN_POINT ( 'NONE',  ( 1.899999999938880135, 1.349999999973810150, 0.1499999999999999944 ) ) ;
#1390 = EDGE_CURVE ( 'NONE', #807, #9281, #6402, .T. ) ;
#1391 = DIRECTION ( 'NONE',  ( 0.8917411990616684880, 0.4525457257516172227, 0.000000000000000000 ) ) ;
#1392 = ORIENTED_EDGE ( 'NONE', *, *, #7004, .F. ) ;
#1393 = VERTEX_POINT ( 'NONE', #4470 ) ;
#1394 = CIRCLE ( 'NONE', #7159, 0.04999999999999991257 ) ;
#1395 = AXIS2_PLACEMENT_3D ( 'NONE', #3161, #743, #3896 ) ;
#1396 = CARTESIAN_POINT ( 'NONE',  ( -1.040355339059327422, -0.3346456153152879698, 1.885355339059327395 ) ) ;
#1397 = LINE ( 'NONE', #1452, #8778 ) ;
#1398 = ADVANCED_FACE ( 'NONE', ( #6119 ), #10054, .T. ) ;
#1399 = AXIS2_PLACEMENT_3D ( 'NONE', #4341, #6762, #3707 ) ;
#1400 = CIRCLE ( 'NONE', #2721, 0.2000000000000001221 ) ;
#1401 = CARTESIAN_POINT ( 'NONE',  ( 0.3222667766999390282, 0.8451626137813800232, 0.000000000000000000 ) ) ;
#1402 = ORIENTED_EDGE ( 'NONE', *, *, #9983, .F. ) ;
#1403 = EDGE_CURVE ( 'NONE', #6472, #8048, #442, .T. ) ;
#1404 = CARTESIAN_POINT ( 'NONE',  ( -1.899999999999999911, -0.4364045445652709465, -0.05000000000000000278 ) ) ;
#1405 = ORIENTED_EDGE ( 'NONE', *, *, #7937, .T. ) ;
#1406 = DIRECTION ( 'NONE',  ( 1.000000000000000000, 0.000000000000000000, 0.000000000000000000 ) ) ;
#1407 = EDGE_LOOP ( 'NONE', ( #8542, #2237, #1543, #9807 ) ) ;
#1408 = AXIS2_PLACEMENT_3D ( 'NONE', #9275, #668, #7576 ) ;
#1409 = AXIS2_PLACEMENT_3D ( 'NONE', #1110, #7446, #3533 ) ;
#1410 = FACE_OUTER_BOUND ( 'NONE', #2324, .T. ) ;
#1411 = EDGE_CURVE ( 'NONE', #10195, #757, #4374, .T. ) ;
#1412 = EDGE_CURVE ( 'NONE', #7785, #2239, #3797, .T. ) ;
#1413 = DIRECTION ( 'NONE',  ( 0.000000000000000000, 0.000000000000000000, 1.000000000000000000 ) ) ;
#1414 = DIRECTION ( 'NONE',  ( 0.000000000000000000, 0.000000000000000000, -1.000000000000000000 ) ) ;
#1415 = DIRECTION ( 'NONE',  ( 0.000000000000000000, 0.000000000000000000, -1.000000000000000000 ) ) ;
#1416 = CARTESIAN_POINT ( 'NONE',  ( 0.8000000000000000444, -1.350000000000000089, 0.05000000000000000278 ) ) ;
#1417 = VECTOR ( 'NONE', #8668, 1000.000000000000000 ) ;
#1418 = DIRECTION ( 'NONE',  ( 1.000000000000000000, 0.000000000000000000, 0.000000000000000000 ) ) ;
#1419 = VERTEX_POINT ( 'NONE', #2408 ) ;
#1420 = DIRECTION ( 'NONE',  ( 0.000000000000000000, 0.000000000000000000, 1.000000000000000000 ) ) ;
#1421 = ORIENTED_EDGE ( 'NONE', *, *, #1930, .T. ) ;
#1422 = DIRECTION ( 'NONE',  ( -0.7071067811865466846, 9.147955830346443662E-16, -0.7071067811865484609 ) ) ;
#1423 = CARTESIAN_POINT ( 'NONE',  ( -1.949999999999999956, 1.036404544565270092, 0.000000000000000000 ) ) ;
#1424 = CARTESIAN_POINT ( 'NONE',  ( 2.299999999999999822, -1.100000000000000089, 0.000000000000000000 ) ) ;
#1425 = EDGE_CURVE ( 'NONE', #3036, #6197, #8522, .T. ) ;
#1426 = CARTESIAN_POINT ( 'NONE',  ( 1.800000000000000044, -1.036404544565270092, 0.1499999999999999944 ) ) ;
#1427 = DIRECTION ( 'NONE',  ( 0.000000000000000000, 0.000000000000000000, -1.000000000000000000 ) ) ;
#1428 = ORIENTED_EDGE ( 'NONE', *, *, #7860, .F. ) ;
#1429 =( NAMED_UNIT ( * ) SI_UNIT ( $, .STERADIAN. ) SOLID_ANGLE_UNIT ( ) );
#1430 = AXIS2_PLACEMENT_3D ( 'NONE', #8758, #10148, #5486 ) ;
#1431 = ORIENTED_EDGE ( 'NONE', *, *, #8219, .T. ) ;
#1432 = VERTEX_POINT ( 'NONE', #2463 ) ;
#1433 = EDGE_CURVE ( 'NONE', #9984, #2312, #1696, .T. ) ;
#1434 = DIRECTION ( 'NONE',  ( 0.4525457257516172227, 0.8917411990616683770, 0.000000000000000000 ) ) ;
#1435 = VECTOR ( 'NONE', #4785, 1000.000000000000000 ) ;
#1436 = AXIS2_PLACEMENT_3D ( 'NONE', #8496, #665, #5977 ) ;
#1437 = CARTESIAN_POINT ( 'NONE',  ( -0.8549999999999999822, -0.3346456153152879698, 1.850000000000000089 ) ) ;
#1438 = CYLINDRICAL_SURFACE ( 'NONE', #9485, 0.2401626137813800410 ) ;
#1439 = CARTESIAN_POINT ( 'NONE',  ( 0.8000000000000000444, 1.350000000000000089, 0.05000000000000000278 ) ) ;
#1440 = FACE_OUTER_BOUND ( 'NONE', #3116, .T. ) ;
#1441 = ORIENTED_EDGE ( 'NONE', *, *, #7834, .F. ) ;
#1442 = DIRECTION ( 'NONE',  ( 0.000000000000000000, -1.000000000000000000, 0.000000000000000000 ) ) ;
#1443 = ORIENTED_EDGE ( 'NONE', *, *, #3084, .F. ) ;
#1444 = CARTESIAN_POINT ( 'NONE',  ( 0.3750000000000000000, -1.385355339059327395, 0.01464466094067265294 ) ) ;
#1445 = ORIENTED_EDGE ( 'NONE', *, *, #6840, .T. ) ;
#1446 = AXIS2_PLACEMENT_3D ( 'NONE', #3019, #7846, #700 ) ;
#1447 = VECTOR ( 'NONE', #3970, 1000.000000000000000 ) ;
#1448 = ORIENTED_EDGE ( 'NONE', *, *, #4583, .T. ) ;
#1449 = DIRECTION ( 'NONE',  ( -1.000000000000000000, 0.000000000000000000, 0.000000000000000000 ) ) ;
#1450 = EDGE_CURVE ( 'NONE', #4884, #6994, #68, .T. ) ;
#1451 = EDGE_CURVE ( 'NONE', #2622, #5762, #7539, .T. ) ;
#1452 = CARTESIAN_POINT ( 'NONE',  ( 2.299999999999999822, 1.100000000000000089, 0.000000000000000000 ) ) ;
#1453 = TOROIDAL_SURFACE ( 'NONE', #8529, 0.1499999999999999944, 0.05000000000000000278 ) ;
#1454 = FACE_OUTER_BOUND ( 'NONE', #7822, .T. ) ;
#1455 = VERTEX_POINT ( 'NONE', #8592 ) ;
#1456 = DIRECTION ( 'NONE',  ( 1.000000000000000000, 0.000000000000000000, 0.000000000000000000 ) ) ;
#1457 = VERTEX_POINT ( 'NONE', #751 ) ;
#1458 = CARTESIAN_POINT ( 'NONE',  ( -0.4127759218502620175, 0.7833482398123340351, 1.850000000000000089 ) ) ;
#1459 = EDGE_CURVE ( 'NONE', #8306, #3655, #2356, .T. ) ;
#1460 = ORIENTED_EDGE ( 'NONE', *, *, #7230, .F. ) ;
#1461 = CIRCLE ( 'NONE', #8537, 0.05000000000000001665 ) ;
#1462 = LINE ( 'NONE', #8469, #9892 ) ;
#1463 = DIRECTION ( 'NONE',  ( 0.7071067811865502373, 6.938893903907230350E-16, -0.7071067811865446862 ) ) ;
#1464 = CARTESIAN_POINT ( 'NONE',  ( -1.899999999999999911, -1.350000000000000089, 1.199999999999999956 ) ) ;
#1465 = DIRECTION ( 'NONE',  ( 0.000000000000000000, -1.000000000000000000, 0.000000000000000000 ) ) ;
#1466 = LINE ( 'NONE', #3114, #7050 ) ;
#1467 = VECTOR ( 'NONE', #5316, 1000.000000000000000 ) ;
#1468 = VERTEX_POINT ( 'NONE', #6985 ) ;
#1469 = CARTESIAN_POINT ( 'NONE',  ( 1.899999999999999911, -1.350000000000000089, 1.199999999999999956 ) ) ;
#1470 = ORIENTED_EDGE ( 'NONE', *, *, #4594, .F. ) ;
#1471 = CARTESIAN_POINT ( 'NONE',  ( 0.3222667766999390282, -0.6049999999999999822, 1.250000000000000000 ) ) ;
#1472 = EDGE_CURVE ( 'NONE', #9349, #5941, #1632, .T. ) ;
#1473 = EDGE_CURVE ( 'NONE', #8367, #1379, #5588, .T. ) ;
#1474 = VERTEX_POINT ( 'NONE', #5484 ) ;
#1475 = LINE ( 'NONE', #2352, #1285 ) ;
#1476 = AXIS2_PLACEMENT_3D ( 'NONE', #9899, #2046, #5183 ) ;
#1477 = VECTOR ( 'NONE', #2778, 1000.000000000000114 ) ;
#1478 = PRODUCT_RELATED_PRODUCT_CATEGORY ( 'part', '', ( #82 ) ) ;
#1479 = CARTESIAN_POINT ( 'NONE',  ( -2.000000000005820233, 0.8364045445652700250, -0.7500000000000000000 ) ) ;
#1480 = CARTESIAN_POINT ( 'NONE',  ( 1.949999999999999956, 1.100000000000000089, 0.000000000000000000 ) ) ;
#1481 = VECTOR ( 'NONE', #7105, 1000.000000000000000 ) ;
#1482 = ORIENTED_EDGE ( 'NONE', *, *, #2163, .T. ) ;
#1483 = ORIENTED_EDGE ( 'NONE', *, *, #2902, .F. ) ;
#1484 = AXIS2_PLACEMENT_3D ( 'NONE', #7894, #4699, #1613 ) ;
#1485 = ORIENTED_EDGE ( 'NONE', *, *, #553, .F. ) ;
#1486 = ADVANCED_FACE ( 'NONE', ( #2309 ), #6272, .T. ) ;
#1487 = FACE_OUTER_BOUND ( 'NONE', #7664, .T. ) ;
#1488 = AXIS2_PLACEMENT_3D ( 'NONE', #7133, #1616, #7951 ) ;
#1489 = LINE ( 'NONE', #7813, #3090 ) ;
#1490 = FACE_OUTER_BOUND ( 'NONE', #9125, .T. ) ;
#1491 = DIRECTION ( 'NONE',  ( -1.000000000000000000, -3.558407130208834749E-17, 3.558407130208834749E-17 ) ) ;
#1492 = DIRECTION ( 'NONE',  ( 0.000000000000000000, 0.000000000000000000, -1.000000000000000000 ) ) ;
#1493 = VERTEX_POINT ( 'NONE', #7038 ) ;
#1494 = SURFACE_SIDE_STYLE ('',( #5258 ) ) ;
#1495 = ORIENTED_EDGE ( 'NONE', *, *, #5795, .F. ) ;
#1496 = LINE ( 'NONE', #8612, #7797 ) ;
#1497 = ORIENTED_EDGE ( 'NONE', *, *, #5285, .T. ) ;
#1498 = EDGE_CURVE ( 'NONE', #51, #1853, #960, .T. ) ;
#1499 = AXIS2_PLACEMENT_3D ( 'NONE', #4251, #7337, #7382 ) ;
#1500 = ORIENTED_EDGE ( 'NONE', *, *, #1219, .T. ) ;
#1501 = DIRECTION ( 'NONE',  ( 1.000000000000000000, 0.000000000000000000, 0.000000000000000000 ) ) ;
#1502 = VERTEX_POINT ( 'NONE', #1527 ) ;
#1503 = DIRECTION ( 'NONE',  ( 0.000000000000000000, 0.000000000000000000, 1.000000000000000000 ) ) ;
#1504 = DIRECTION ( 'NONE',  ( 0.000000000000000000, 0.000000000000000000, -1.000000000000000000 ) ) ;
#1505 = CARTESIAN_POINT ( 'NONE',  ( -1.900000000011639933, -1.036404544565270092, 0.000000000000000000 ) ) ;
#1506 = LINE ( 'NONE', #8512, #2783 ) ;
#1507 = ORIENTED_EDGE ( 'NONE', *, *, #5995, .T. ) ;
#1508 = EDGE_CURVE ( 'NONE', #4072, #8151, #3932, .T. ) ;
#1509 = DIRECTION ( 'NONE',  ( -1.000000000000000000, 0.000000000000000000, 0.000000000000000000 ) ) ;
#1510 = EDGE_LOOP ( 'NONE', ( #4666, #9479, #9536, #4861, #1651, #2160, #5894 ) ) ;
#1511 =( NAMED_UNIT ( * ) PLANE_ANGLE_UNIT ( ) SI_UNIT ( $, .RADIAN. ) );
#1512 = AXIS2_PLACEMENT_3D ( 'NONE', #7, #6309, #3061 ) ;
#1513 = ORIENTED_EDGE ( 'NONE', *, *, #4672, .T. ) ;
#1514 = DIRECTION ( 'NONE',  ( 0.000000000000000000, -1.000000000000000000, 0.000000000000000000 ) ) ;
#1515 = DIRECTION ( 'NONE',  ( 0.000000000000000000, 1.000000000000000000, 0.000000000000000000 ) ) ;
#1516 = EDGE_CURVE ( 'NONE', #9970, #10165, #9364, .T. ) ;
#1517 = DIRECTION ( 'NONE',  ( 0.000000000000000000, -0.3713906763541040545, -0.9284766908852591927 ) ) ;
#1518 = LINE ( 'NONE', #1562, #8579 ) ;
#1519 = CARTESIAN_POINT ( 'NONE',  ( 0.8000000000000000444, 0.6999999999999999556, 1.199999999999999956 ) ) ;
#1520 = VECTOR ( 'NONE', #4637, 1000.000000000000114 ) ;
#1521 = CARTESIAN_POINT ( 'NONE',  ( -0.4309513410520389720, -0.8191628971831930173, 0.1499999999999999944 ) ) ;
#1522 = VERTEX_POINT ( 'NONE', #7148 ) ;
#1523 = CARTESIAN_POINT ( 'NONE',  ( 1.600000000000000089, -0.2500000000000000000, 0.000000000000000000 ) ) ;
#1524 = ORIENTED_EDGE ( 'NONE', *, *, #3885, .F. ) ;
#1525 = CARTESIAN_POINT ( 'NONE',  ( 1.899999999999999911, 0.4364045445652700028, -0.05000000000000000278 ) ) ;
#1526 = ADVANCED_FACE ( 'NONE', ( #9475 ), #3957, .T. ) ;
#1527 = CARTESIAN_POINT ( 'NONE',  ( 0.4309513410520389720, -0.8191628971831930173, 0.1499999999999999944 ) ) ;
#1528 = CARTESIAN_POINT ( 'NONE',  ( -0.3687982286305056534, -0.7995117579511156203, 1.250000000000000000 ) ) ;
#1529 = CARTESIAN_POINT ( 'NONE',  ( 1.899999999938880135, 0.4364045445652700028, 0.000000000000000000 ) ) ;
#1530 = ORIENTED_EDGE ( 'NONE', *, *, #4247, .F. ) ;
#1531 = EDGE_CURVE ( 'NONE', #1474, #5579, #7096, .T. ) ;
#1532 = ORIENTED_EDGE ( 'NONE', *, *, #3969, .T. ) ;
#1533 = ORIENTED_EDGE ( 'NONE', *, *, #1221, .F. ) ;
#1534 = LINE ( 'NONE', #916, #8513 ) ;
#1535 = ADVANCED_FACE ( 'NONE', ( #6942 ), #7756, .T. ) ;
#1536 = EDGE_CURVE ( 'NONE', #7710, #5629, #3847, .T. ) ;
#1537 = LINE ( 'NONE', #4075, #2274 ) ;
#1538 = DIRECTION ( 'NONE',  ( 0.000000000000000000, 0.000000000000000000, 1.000000000000000000 ) ) ;
#1539 = DIRECTION ( 'NONE',  ( 0.000000000000000000, 0.000000000000000000, 1.000000000000000000 ) ) ;
#1540 = DIRECTION ( 'NONE',  ( 0.000000000000000000, 0.000000000000000000, 1.000000000000000000 ) ) ;
#1541 = ORIENTED_EDGE ( 'NONE', *, *, #7287, .F. ) ;
#1542 = CARTESIAN_POINT ( 'NONE',  ( 0.4354032081378430008, -0.8279352997654170210, 1.300000000000000044 ) ) ;
#1543 = ORIENTED_EDGE ( 'NONE', *, *, #9206, .F. ) ;
#1544 = CARTESIAN_POINT ( 'NONE',  ( 0.6999999999999999556, 1.185355339059327440, 0.01464466094067265987 ) ) ;
#1545 = ORIENTED_EDGE ( 'NONE', *, *, #5923, .F. ) ;
#1546 = ORIENTED_EDGE ( 'NONE', *, *, #406, .T. ) ;
#1547 = FACE_OUTER_BOUND ( 'NONE', #9535, .T. ) ;
#1548 = DIRECTION ( 'NONE',  ( 0.000000000000000000, -0.3713906763541040545, -0.9284766908852591927 ) ) ;
#1549 = EDGE_CURVE ( 'NONE', #6314, #7624, #8384, .T. ) ;
#1550 = DIRECTION ( 'NONE',  ( 1.000000000000000000, 0.000000000000000000, 0.000000000000000000 ) ) ;
#1551 = DIRECTION ( 'NONE',  ( 0.000000000000000000, 0.000000000000000000, 1.000000000000000000 ) ) ;
#1552 = DIRECTION ( 'NONE',  ( 0.8917411990616690431, -0.4525457257516160015, 0.000000000000000000 ) ) ;
#1553 = CARTESIAN_POINT ( 'NONE',  ( 1.935355339059327440, -1.385355339059327395, 1.199999999999999956 ) ) ;
#1554 = ORIENTED_EDGE ( 'NONE', *, *, #3738, .F. ) ;
#1555 = COLOUR_RGB ( '',0.8627450980392157298, 0.6274509803921568540, 0.05882352941176470507 ) ;
#1556 = ORIENTED_EDGE ( 'NONE', *, *, #3027, .T. ) ;
#1557 = FACE_OUTER_BOUND ( 'NONE', #6666, .T. ) ;
#1558 = AXIS2_PLACEMENT_3D ( 'NONE', #9887, #5800, #5131 ) ;
#1559 = EDGE_CURVE ( 'NONE', #6802, #6083, #1112, .T. ) ;
#1560 = FACE_OUTER_BOUND ( 'NONE', #1817, .T. ) ;
#1561 = DIRECTION ( 'NONE',  ( 0.000000000000000000, 0.3713906763541040545, -0.9284766908852591927 ) ) ;
#1562 = CARTESIAN_POINT ( 'NONE',  ( -2.299999999999999822, 1.100000000000000089, 0.2000000000000000111 ) ) ;
#1563 = DIRECTION ( 'NONE',  ( 1.000000000000000000, 0.000000000000000000, 0.000000000000000000 ) ) ;
#1564 = LINE ( 'NONE', #3011, #7863 ) ;
#1565 = DIRECTION ( 'NONE',  ( 0.7071067811865474617, 0.7071067811865474617, 0.000000000000000000 ) ) ;
#1566 = ORIENTED_EDGE ( 'NONE', *, *, #491, .F. ) ;
#1567 = AXIS2_PLACEMENT_3D ( 'NONE', #6649, #238, #1861 ) ;
#1568 = DIRECTION ( 'NONE',  ( -1.982541115402069794E-16, 1.000000000000000000, 0.000000000000000000 ) ) ;
#1569 = AXIS2_PLACEMENT_3D ( 'NONE', #3630, #6043, #6779 ) ;
#1570 = VERTEX_POINT ( 'NONE', #8168 ) ;
#1571 = UNCERTAINTY_MEASURE_WITH_UNIT (LENGTH_MEASURE( 1.000000000000000082E-05 ), #2570, 'distance_accuracy_value', 'NONE');
#1572 = DIRECTION ( 'NONE',  ( 0.000000000000000000, -1.000000000000000000, 0.000000000000000000 ) ) ;
#1573 = EDGE_CURVE ( 'NONE', #134, #6397, #8122, .T. ) ;
#1574 = AXIS2_PLACEMENT_3D ( 'NONE', #921, #1539, #6393 ) ;
#1575 = LINE ( 'NONE', #8013, #4697 ) ;
#1576 = ADVANCED_BREP_SHAPE_REPRESENTATION ( '', ( #10145, #7728 ), #4950 ) ;
#1577 = DIRECTION ( 'NONE',  ( 0.000000000000000000, 0.000000000000000000, -1.000000000000000000 ) ) ;
#1578 = CARTESIAN_POINT ( 'NONE',  ( -1.899999999999999911, -1.350000000000000089, 1.199999999999999956 ) ) ;
#1579 = CYLINDRICAL_SURFACE ( 'NONE', #2420, 0.05000000000000001665 ) ;
#1580 = SHAPE_DEFINITION_REPRESENTATION ( #9422, #6068 ) ;
#1581 = ORIENTED_EDGE ( 'NONE', *, *, #6020, .T. ) ;
#1582 = VERTEX_POINT ( 'NONE', #5809 ) ;
#1583 = ADVANCED_FACE ( 'NONE', ( #3430 ), #8918, .T. ) ;
#1584 = DIRECTION ( 'NONE',  ( -1.000000000000000000, -2.055968564105149785E-16, 0.000000000000000000 ) ) ;
#1585 = ORIENTED_EDGE ( 'NONE', *, *, #2829, .F. ) ;
#1586 = CARTESIAN_POINT ( 'NONE',  ( 1.899999999999999911, 1.100000000000000089, 0.05000000000000000278 ) ) ;
#1587 = LINE ( 'NONE', #7867, #7656 ) ;
#1588 = DIRECTION ( 'NONE',  ( 0.000000000000000000, -1.000000000000000000, 0.000000000000000000 ) ) ;
#1589 = DIRECTION ( 'NONE',  ( 1.000000000000000000, 0.000000000000000000, 0.000000000000000000 ) ) ;
#1590 = FACE_OUTER_BOUND ( 'NONE', #3669, .T. ) ;
#1591 = ORIENTED_EDGE ( 'NONE', *, *, #6681, .T. ) ;
#1592 = LINE ( 'NONE', #5550, #2706 ) ;
#1593 = ORIENTED_EDGE ( 'NONE', *, *, #8632, .T. ) ;
#1594 = EDGE_CURVE ( 'NONE', #4046, #1655, #1850, .T. ) ;
#1595 = EDGE_CURVE ( 'NONE', #3788, #979, #4928, .T. ) ;
#1596 = ORIENTED_EDGE ( 'NONE', *, *, #7430, .F. ) ;
#1597 = VECTOR ( 'NONE', #2976, 1000.000000000000000 ) ;
#1598 = LINE ( 'NONE', #3924, #3439 ) ;
#1599 = CARTESIAN_POINT ( 'NONE',  ( 1.899999999999999911, 1.350000000000000089, 0.05000000000000000278 ) ) ;
#1600 = DIRECTION ( 'NONE',  ( 1.000000000000000000, 7.116814260417669499E-17, 0.000000000000000000 ) ) ;
#1601 = DIRECTION ( 'NONE',  ( 0.000000000000000000, 0.000000000000000000, 1.000000000000000000 ) ) ;
#1602 = DIRECTION ( 'NONE',  ( -2.055968564105149785E-16, 1.000000000000000000, 0.000000000000000000 ) ) ;
#1603 = CARTESIAN_POINT ( 'NONE',  ( -0.9681364314379040659, -0.5575809150807050640, 1.300000000000000044 ) ) ;
#1604 = LINE ( 'NONE', #4810, #3115 ) ;
#1605 = CIRCLE ( 'NONE', #9854, 0.04999999999999991257 ) ;
#1606 = ORIENTED_EDGE ( 'NONE', *, *, #2586, .F. ) ;
#1607 = VECTOR ( 'NONE', #8348, 1000.000000000000000 ) ;
#1609 = FACE_OUTER_BOUND ( 'NONE', #8018, .T. ) ;
#1608 = DIRECTION ( 'NONE',  ( 0.000000000000000000, 0.000000000000000000, 1.000000000000000000 ) ) ;
#1610 = ADVANCED_FACE ( 'NONE', ( #4937 ), #1063, .T. ) ;
#1611 = ORIENTED_EDGE ( 'NONE', *, *, #6462, .T. ) ;
#1612 = CIRCLE ( 'NONE', #7371, 0.04999999999999991257 ) ;
#1613 = DIRECTION ( 'NONE',  ( 0.000000000000000000, 0.000000000000000000, -1.000000000000000000 ) ) ;
#1614 = CIRCLE ( 'NONE', #296, 0.2401626137813799300 ) ;
#1615 = VECTOR ( 'NONE', #7559, 1000.000000000000114 ) ;
#1616 = DIRECTION ( 'NONE',  ( 0.000000000000000000, 0.000000000000000000, -1.000000000000000000 ) ) ;
#1617 = DIRECTION ( 'NONE',  ( -1.000000000000000000, 0.000000000000000000, 0.000000000000000000 ) ) ;
#1618 = CARTESIAN_POINT ( 'NONE',  ( 0.8000000000000000444, -1.350000000000000089, 0.05000000000000000278 ) ) ;
#1619 = ORIENTED_EDGE ( 'NONE', *, *, #4229, .T. ) ;
#1620 = CARTESIAN_POINT ( 'NONE',  ( 0.3222667766999390282, -0.8451626137813800232, 0.000000000000000000 ) ) ;
#1621 = VECTOR ( 'NONE', #2994, 1000.000000000000000 ) ;
#1622 = VECTOR ( 'NONE', #3226, 1000.000000000000000 ) ;
#1623 = ADVANCED_FACE ( 'NONE', ( #181 ), #9585, .T. ) ;
#1624 = EDGE_LOOP ( 'NONE', ( #4185, #3597, #4669, #61 ) ) ;
#1625 = DIRECTION ( 'NONE',  ( 0.000000000000000000, -0.7071067811865482389, -0.7071067811865466846 ) ) ;
#1626 = CARTESIAN_POINT ( 'NONE',  ( 0.8000000000000000444, 0.5000000000000000000, 0.000000000000000000 ) ) ;
#1627 = VECTOR ( 'NONE', #194, 1000.000000000000000 ) ;
#1628 = DIRECTION ( 'NONE',  ( 1.000000000000000000, 0.000000000000000000, 0.000000000000000000 ) ) ;
#1629 = AXIS2_PLACEMENT_3D ( 'NONE', #1578, #7853, #9371 ) ;
#1630 = VECTOR ( 'NONE', #9841, 1000.000000000000000 ) ;
#1631 = SPHERICAL_SURFACE ( 'NONE', #5744, 0.05000000000000000278 ) ;
#1632 = LINE ( 'NONE', #6162, #1622 ) ;
#1633 = DIRECTION ( 'NONE',  ( 0.000000000000000000, 0.000000000000000000, -1.000000000000000000 ) ) ;
#1634 = DIRECTION ( 'NONE',  ( 1.000000000000000000, 0.000000000000000000, 0.000000000000000000 ) ) ;
#1635 = VERTEX_POINT ( 'NONE', #275 ) ;
#1636 = APPLICATION_PROTOCOL_DEFINITION ( 'draft international standard', 'automotive_design', 1998, #8479 ) ;
#1637 = EDGE_LOOP ( 'NONE', ( #9295, #841, #6871, #8411, #2058, #6288, #6168, #10070, #9657 ) ) ;
#1638 = ORIENTED_EDGE ( 'NONE', *, *, #2878, .T. ) ;
#1639 = EDGE_CURVE ( 'NONE', #10015, #1334, #5745, .T. ) ;
#1640 = AXIS2_PLACEMENT_3D ( 'NONE', #1542, #1391, #2989 ) ;
#1641 = ADVANCED_FACE ( 'NONE', ( #3483 ), #6638, .T. ) ;
#1642 = FILL_AREA_STYLE_COLOUR ( '', #7410 ) ;
#1643 = VERTEX_POINT ( 'NONE', #125 ) ;
#1644 = CARTESIAN_POINT ( 'NONE',  ( 1.949999999999999956, -0.4364045445652709465, -0.7500000000000000000 ) ) ;
#1645 = AXIS2_PLACEMENT_3D ( 'NONE', #3550, #5921, #9650 ) ;
#1646 = EDGE_CURVE ( 'NONE', #3551, #8396, #2293, .T. ) ;
#1647 = AXIS2_PLACEMENT_3D ( 'NONE', #2139, #1312, #7541 ) ;
#1648 = DIRECTION ( 'NONE',  ( 1.000000000000000000, 0.000000000000000000, 0.000000000000000000 ) ) ;
#1649 = DIRECTION ( 'NONE',  ( 0.7071067811865474617, 0.000000000000000000, -0.7071067811865474617 ) ) ;
#1650 = CARTESIAN_POINT ( 'NONE',  ( 0.3901486355626809788, -0.7387611798592499390, 1.850000000000000089 ) ) ;
#1651 = ORIENTED_EDGE ( 'NONE', *, *, #9790, .F. ) ;
#1652 = CARTESIAN_POINT ( 'NONE',  ( 2.299999999999999822, -1.100000000000000089, 0.2000000000000000111 ) ) ;
#1653 = ORIENTED_EDGE ( 'NONE', *, *, #5985, .F. ) ;
#1654 = ORIENTED_EDGE ( 'NONE', *, *, #4262, .T. ) ;
#1655 = VERTEX_POINT ( 'NONE', #5856 ) ;
#1656 = AXIS2_PLACEMENT_3D ( 'NONE', #2769, #9751, #9069 ) ;
#1657 = VECTOR ( 'NONE', #7144, 1000.000000000000000 ) ;
#1658 = CIRCLE ( 'NONE', #3968, 0.1999999999999998446 ) ;
#1659 = DIRECTION ( 'NONE',  ( 0.000000000000000000, 0.7071067811865482389, 0.7071067811865466846 ) ) ;
#1660 = DIRECTION ( 'NONE',  ( -1.000000000000000000, 0.000000000000000000, 0.000000000000000000 ) ) ;
#1661 = DIRECTION ( 'NONE',  ( -9.912705577010339108E-17, 1.000000000000000000, -9.912705577010350201E-17 ) ) ;
#1662 = ADVANCED_FACE ( 'NONE', ( #9006 ), #1941, .F. ) ;
#1663 = DIRECTION ( 'NONE',  ( 0.7071067811865483499, 0.000000000000000000, 0.7071067811865466846 ) ) ;
#1664 = LINE ( 'NONE', #4745, #8932 ) ;
#1665 = EDGE_CURVE ( 'NONE', #9285, #7100, #907, .T. ) ;
#1666 = CARTESIAN_POINT ( 'NONE',  ( 0.8000000000000000444, -1.350000000000000089, 0.000000000000000000 ) ) ;
#1667 = VECTOR ( 'NONE', #9988, 1000.000000000000000 ) ;
#1668 = DIRECTION ( 'NONE',  ( -1.000000000000000000, 0.000000000000000000, 0.000000000000000000 ) ) ;
#1669 = VERTEX_POINT ( 'NONE', #2519 ) ;
#1670 = VERTEX_POINT ( 'NONE', #9687 ) ;
#1671 = DIRECTION ( 'NONE',  ( 0.000000000000000000, 0.000000000000000000, 1.000000000000000000 ) ) ;
#1672 = ORIENTED_EDGE ( 'NONE', *, *, #1221, .T. ) ;
#1673 = ORIENTED_EDGE ( 'NONE', *, *, #5680, .T. ) ;
#1674 = AXIS2_PLACEMENT_3D ( 'NONE', #1984, #9881, #9676 ) ;
#1675 = PRODUCT_DEFINITION ( 'UNKNOWN', '', #1992, #3119 ) ;
#1676 = DIRECTION ( 'NONE',  ( 0.000000000000000000, 0.000000000000000000, 1.000000000000000000 ) ) ;
#1677 = LINE ( 'NONE', #5575, #8238 ) ;
#1678 = EDGE_CURVE ( 'NONE', #8611, #48, #8805, .T. ) ;
#1679 = CARTESIAN_POINT ( 'NONE',  ( -2.056066017177982097, -1.036404544565270092, 0.1060660171779820027 ) ) ;
#1680 = CARTESIAN_POINT ( 'NONE',  ( -0.9636845643521000371, -0.5488085124984810603, 0.000000000000000000 ) ) ;
#1681 = EDGE_CURVE ( 'NONE', #5832, #7698, #4882, .T. ) ;
#1682 = CARTESIAN_POINT ( 'NONE',  ( -1.935355339059327440, 0.6999999999999999556, 1.235355339059327262 ) ) ;
#1683 = AXIS2_PLACEMENT_3D ( 'NONE', #8365, #7783, #10173 ) ;
#1684 = DIRECTION ( 'NONE',  ( 0.000000000000000000, 0.000000000000000000, -1.000000000000000000 ) ) ;
#1685 = VERTEX_POINT ( 'NONE', #8857 ) ;
#1686 = SURFACE_STYLE_FILL_AREA ( #852 ) ;
#1687 = ORIENTED_EDGE ( 'NONE', *, *, #8958, .F. ) ;
#1688 = CYLINDRICAL_SURFACE ( 'NONE', #1446, 0.05000000000000007216 ) ;
#1689 = FACE_OUTER_BOUND ( 'NONE', #5844, .T. ) ;
#1690 = AXIS2_PLACEMENT_3D ( 'NONE', #5576, #57, #7898 ) ;
#1691 = CYLINDRICAL_SURFACE ( 'NONE', #1829, 0.1999999998981370208 ) ;
#1692 = DIRECTION ( 'NONE',  ( 0.000000000000000000, 0.000000000000000000, 1.000000000000000000 ) ) ;
#1693 = ADVANCED_FACE ( 'NONE', ( #5699 ), #9113, .T. ) ;
#1694 = CARTESIAN_POINT ( 'NONE',  ( 0.7500000000000000000, -1.399999999999999911, 0.000000000000000000 ) ) ;
#1695 = CARTESIAN_POINT ( 'NONE',  ( 2.299999999999999822, -0.5000000000000000000, 0.2000000000000000111 ) ) ;
#1696 = LINE ( 'NONE', #9314, #9863 ) ;
#1697 = CARTESIAN_POINT ( 'NONE',  ( 1.899999999999999911, 1.036404544565270092, -0.05000000000000000278 ) ) ;
#1698 = LINE ( 'NONE', #7855, #437 ) ;
#1699 = ORIENTED_EDGE ( 'NONE', *, *, #986, .T. ) ;
#1700 = VERTEX_POINT ( 'NONE', #434 ) ;
#1701 = VERTEX_POINT ( 'NONE', #4460 ) ;
#1702 = CIRCLE ( 'NONE', #4478, 0.05000000000000002359 ) ;
#1703 = ORIENTED_EDGE ( 'NONE', *, *, #2155, .F. ) ;
#1704 = CARTESIAN_POINT ( 'NONE',  ( 1.899999999999999911, -1.100000000000000089, 0.05000000000000000278 ) ) ;
#1705 = DIRECTION ( 'NONE',  ( 0.000000000000000000, -1.000000000000000000, 0.000000000000000000 ) ) ;
#1706 = VERTEX_POINT ( 'NONE', #537 ) ;
#1707 = EDGE_CURVE ( 'NONE', #9993, #8107, #8364, .T. ) ;
#1708 = VECTOR ( 'NONE', #4190, 1000.000000000000000 ) ;
#1709 = DIRECTION ( 'NONE',  ( 0.000000000000000000, 0.000000000000000000, 1.000000000000000000 ) ) ;
#1710 = DIRECTION ( 'NONE',  ( 1.000000000000000000, 0.000000000000000000, 0.000000000000000000 ) ) ;
#1711 = CARTESIAN_POINT ( 'NONE',  ( -0.8000000000000000444, -0.6999999999999999556, 1.199999999999999956 ) ) ;
#1712 = DIRECTION ( 'NONE',  ( -0.7071067811865474617, 0.000000000000000000, 0.7071067811865474617 ) ) ;
#1713 = ORIENTED_EDGE ( 'NONE', *, *, #1209, .T. ) ;
#1714 = DIRECTION ( 'NONE',  ( 0.4525457257516172782, -0.8917411990616683770, 0.000000000000000000 ) ) ;
#1715 = EDGE_LOOP ( 'NONE', ( #4412, #5674, #1240, #1347 ) ) ;
#1716 = FILL_AREA_STYLE ('',( #4956 ) ) ;
#1717 = VERTEX_POINT ( 'NONE', #5141 ) ;
#1718 = ORIENTED_EDGE ( 'NONE', *, *, #9525, .F. ) ;
#1719 = ADVANCED_FACE ( 'NONE', ( #3535 ), #2962, .F. ) ;
#1720 = CARTESIAN_POINT ( 'NONE',  ( 0.000000000000000000, 1.149999999973809972, -0.05000000000000000278 ) ) ;
#1721 = LINE ( 'NONE', #6296, #6128 ) ;
#1722 = CARTESIAN_POINT ( 'NONE',  ( 1.899999999999999911, -0.6999999999999999556, 0.05000000000000000278 ) ) ;
#1723 = CARTESIAN_POINT ( 'NONE',  ( 0.3750000000000000000, -1.350000000000000089, 1.199999999999999956 ) ) ;
#1724 = LINE ( 'NONE', #4855, #2511 ) ;
#1725 = CARTESIAN_POINT ( 'NONE',  ( 1.935355339059327440, -1.385355339059327395, 0.000000000000000000 ) ) ;
#1726 = CARTESIAN_POINT ( 'NONE',  ( -0.4309513410520389720, -0.8191628971831930173, 0.000000000000000000 ) ) ;
#1727 = EDGE_LOOP ( 'NONE', ( #2859, #697, #5329, #3850 ) ) ;
#1728 = ORIENTED_EDGE ( 'NONE', *, *, #5001, .T. ) ;
#1729 = DIRECTION ( 'NONE',  ( 0.000000000000000000, 0.000000000000000000, -1.000000000000000000 ) ) ;
#1730 = ORIENTED_EDGE ( 'NONE', *, *, #3677, .F. ) ;
#1731 = ORIENTED_EDGE ( 'NONE', *, *, #5318, .T. ) ;
#1732 = EDGE_CURVE ( 'NONE', #4234, #4000, #6686, .T. ) ;
#1733 = DIRECTION ( 'NONE',  ( 0.000000000000000000, -0.7071067811865474617, -0.7071067811865474617 ) ) ;
#1734 = DIRECTION ( 'NONE',  ( 1.000000000000000000, 0.000000000000000000, 0.000000000000000000 ) ) ;
#1735 = EDGE_CURVE ( 'NONE', #4990, #2198, #7495, .T. ) ;
#1736 = CARTESIAN_POINT ( 'NONE',  ( -1.095162613781379912, -0.3346456153152879698, 0.000000000000000000 ) ) ;
#1737 = AXIS2_PLACEMENT_3D ( 'NONE', #8836, #8105, #8892 ) ;
#1738 = LINE ( 'NONE', #1680, #6451 ) ;
#1739 = FACE_OUTER_BOUND ( 'NONE', #9933, .T. ) ;
#1740 = ORIENTED_EDGE ( 'NONE', *, *, #3854, .T. ) ;
#1741 = PRESENTATION_STYLE_ASSIGNMENT (( #4001 ) ) ;
#1742 = AXIS2_PLACEMENT_3D ( 'NONE', #8379, #7828, #725 ) ;
#1743 = EDGE_CURVE ( 'NONE', #8245, #10011, #4410, .T. ) ;
#1744 = CIRCLE ( 'NONE', #5186, 0.04999999999999991257 ) ;
#1745 = CARTESIAN_POINT ( 'NONE',  ( 0.9749999999999999778, 1.399999999999999911, 1.199999999999999956 ) ) ;
#1746 = DIRECTION ( 'NONE',  ( 0.000000000000000000, 0.000000000000000000, 1.000000000000000000 ) ) ;
#1747 = DIRECTION ( 'NONE',  ( 0.000000000000000000, 0.000000000000000000, 1.000000000000000000 ) ) ;
#1748 = CIRCLE ( 'NONE', #8481, 0.2500000000000001110 ) ;
#1749 = DIRECTION ( 'NONE',  ( 0.4525457257516172782, -0.8917411990616683770, 0.000000000000000000 ) ) ;
#1750 = AXIS2_PLACEMENT_3D ( 'NONE', #4595, #6147, #10033 ) ;
#1751 = EDGE_LOOP ( 'NONE', ( #8573, #4542, #863, #3350 ) ) ;
#1752 = VERTEX_POINT ( 'NONE', #5278 ) ;
#1753 = EDGE_CURVE ( 'NONE', #9470, #4732, #6735, .T. ) ;
#1754 = DIRECTION ( 'NONE',  ( 0.000000000000000000, 0.000000000000000000, 1.000000000000000000 ) ) ;
#1755 = DIRECTION ( 'NONE',  ( -1.000000000000000000, 0.000000000000000000, 0.000000000000000000 ) ) ;
#1756 = AXIS2_PLACEMENT_3D ( 'NONE', #6285, #873, #4729 ) ;
#1757 = ORIENTED_EDGE ( 'NONE', *, *, #10115, .T. ) ;
#1758 = DIRECTION ( 'NONE',  ( 0.000000000000000000, 0.000000000000000000, -1.000000000000000000 ) ) ;
#1759 = CYLINDRICAL_SURFACE ( 'NONE', #8320, 0.04999999999999998196 ) ;
#1760 = DIRECTION ( 'NONE',  ( 1.000000000000000000, 0.000000000000000000, 0.000000000000000000 ) ) ;
#1761 = EDGE_LOOP ( 'NONE', ( #8160, #4332, #5431, #5122, #4503, #8543, #5204, #8150, #7414 ) ) ;
#1762 = VERTEX_POINT ( 'NONE', #6833 ) ;
#1763 = AXIS2_PLACEMENT_3D ( 'NONE', #5829, #5056, #3254 ) ;
#1764 = DIRECTION ( 'NONE',  ( -2.055968564160549760E-16, 1.000000000000000000, 0.000000000000000000 ) ) ;
#1765 = ORIENTED_EDGE ( 'NONE', *, *, #1888, .T. ) ;
#1766 = EDGE_CURVE ( 'NONE', #1457, #8597, #9520, .T. ) ;
#1767 = VERTEX_POINT ( 'NONE', #3731 ) ;
#1768 = CARTESIAN_POINT ( 'NONE',  ( -0.8000000000000000444, 1.350000000000000089, 1.199999999999999956 ) ) ;
#1769 = PLANE ( 'NONE',  #7118 ) ;
#1770 = LINE ( 'NONE', #7175, #2061 ) ;
#1771 = FACE_OUTER_BOUND ( 'NONE', #9267, .T. ) ;
#1772 = CARTESIAN_POINT ( 'NONE',  ( -0.7212019151409807538, -0.6104039751788693513, 1.885355339059327395 ) ) ;
#1773 = ORIENTED_EDGE ( 'NONE', *, *, #2634, .F. ) ;
#1774 = ORIENTED_EDGE ( 'NONE', *, *, #6931, .F. ) ;
#1775 = CIRCLE ( 'NONE', #2102, 0.04999999999999991257 ) ;
#1776 = CARTESIAN_POINT ( 'NONE',  ( -1.935355339059326996, -1.350000000000000089, 0.01464466094067225221 ) ) ;
#1777 = ORIENTED_EDGE ( 'NONE', *, *, #7897, .F. ) ;
#1778 = EDGE_CURVE ( 'NONE', #5376, #3433, #5960, .T. ) ;
#1779 = EDGE_LOOP ( 'NONE', ( #3184, #7535, #8399, #1581 ) ) ;
#1780 = CARTESIAN_POINT ( 'NONE',  ( -0.1850555678730499976, -0.7550000000000000044, 1.850000000000000089 ) ) ;
#1781 = AXIS2_PLACEMENT_3D ( 'NONE', #9593, #5815, #3387 ) ;
#1782 = FACE_OUTER_BOUND ( 'NONE', #6982, .T. ) ;
#1783 = CYLINDRICAL_SURFACE ( 'NONE', #4461, 0.05000000000000007216 ) ;
#1784 = LINE ( 'NONE', #5842, #2838 ) ;
#1785 = EDGE_CURVE ( 'NONE', #717, #3197, #2909, .T. ) ;
#1786 = VERTEX_POINT ( 'NONE', #9253 ) ;
#1787 = CARTESIAN_POINT ( 'NONE',  ( -2.100000000000000089, -1.036404544565270092, 0.000000000000000000 ) ) ;
#1788 = AXIS2_PLACEMENT_3D ( 'NONE', #4770, #2401, #7703 ) ;
#1789 = AXIS2_PLACEMENT_3D ( 'NONE', #9646, #8129, #393 ) ;
#1790 = LINE ( 'NONE', #905, #1657 ) ;
#1791 = CARTESIAN_POINT ( 'NONE',  ( 2.100000000000000089, 0.4364045445652700028, -0.7500000000000000000 ) ) ;
#1792 = FACE_OUTER_BOUND ( 'NONE', #562, .T. ) ;
#1793 = FACE_OUTER_BOUND ( 'NONE', #9408, .T. ) ;
#1794 = CARTESIAN_POINT ( 'NONE',  ( 1.005000000000000115, -0.2287144171094039891, 1.850000000000000089 ) ) ;
#1795 = EDGE_CURVE ( 'NONE', #2030, #7273, #3589, .T. ) ;
#1796 = DIRECTION ( 'NONE',  ( 0.000000000000000000, 0.000000000000000000, 1.000000000000000000 ) ) ;
#1797 = ADVANCED_FACE ( 'NONE', ( #3584 ), #3259, .F. ) ;
#1798 = ORIENTED_EDGE ( 'NONE', *, *, #6931, .T. ) ;
#1799 = VERTEX_POINT ( 'NONE', #8381 ) ;
#1800 = LINE ( 'NONE', #4017, #2150 ) ;
#1801 = DIRECTION ( 'NONE',  ( 0.7071067811865474617, 0.7071067811865474617, 0.000000000000000000 ) ) ;
#1802 = AXIS2_PLACEMENT_3D ( 'NONE', #5033, #6489, #7350 ) ;
#1803 = ORIENTED_EDGE ( 'NONE', *, *, #4045, .T. ) ;
#1804 = CIRCLE ( 'NONE', #631, 0.05000000000000002359 ) ;
#1805 = DIRECTION ( 'NONE',  ( -0.8917411990616694872, 0.4525457257516152243, 2.081668171172170880E-15 ) ) ;
#1806 = CARTESIAN_POINT ( 'NONE',  ( 0.6999999999999999556, 1.250000000000000000, 0.05000000000000000278 ) ) ;
#1807 = ADVANCED_FACE ( 'NONE', ( #2097 ), #5179, .T. ) ;
#1808 = LINE ( 'NONE', #3497, #9483 ) ;
#1809 = VECTOR ( 'NONE', #7629, 1000.000000000000000 ) ;
#1810 = CARTESIAN_POINT ( 'NONE',  ( 0.7504565801423450644, 0.6680502826390388726, 1.300000000000000044 ) ) ;
#1811 = VERTEX_POINT ( 'NONE', #1217 ) ;
#1812 = CIRCLE ( 'NONE', #5578, 0.04999999999999991257 ) ;
#1813 = ORIENTED_EDGE ( 'NONE', *, *, #5250, .F. ) ;
#1814 = DIRECTION ( 'NONE',  ( 1.000000000000000000, 0.000000000000000000, 0.000000000000000000 ) ) ;
#1815 = ORIENTED_EDGE ( 'NONE', *, *, #6531, .T. ) ;
#1816 = ORIENTED_EDGE ( 'NONE', *, *, #3486, .T. ) ;
#1817 = EDGE_LOOP ( 'NONE', ( #6838, #4473, #2671, #8567 ) ) ;
#1818 = STYLED_ITEM ( 'NONE', ( #6030 ), #3527 ) ;
#1819 = DIRECTION ( 'NONE',  ( 0.000000000000000000, 0.000000000000000000, 1.000000000000000000 ) ) ;
#1820 = VECTOR ( 'NONE', #9208, 1000.000000000000000 ) ;
#1821 = CIRCLE ( 'NONE', #1647, 0.05000000000000000278 ) ;
#1822 = DIRECTION ( 'NONE',  ( -0.4525457257516167786, -0.8917411990616684880, 0.000000000000000000 ) ) ;
#1823 = DIRECTION ( 'NONE',  ( -1.000000000000000000, 0.000000000000000000, 0.000000000000000000 ) ) ;
#1824 = EDGE_CURVE ( 'NONE', #1582, #2855, #5070, .T. ) ;
#1825 = CARTESIAN_POINT ( 'NONE',  ( -1.935355339059327218, -1.350000000000000089, 1.235355339059327484 ) ) ;
#1826 = DIRECTION ( 'NONE',  ( 0.000000000000000000, 0.000000000000000000, -1.000000000000000000 ) ) ;
#1827 = VERTEX_POINT ( 'NONE', #8228 ) ;
#1828 = ORIENTED_EDGE ( 'NONE', *, *, #652, .T. ) ;
#1829 = AXIS2_PLACEMENT_3D ( 'NONE', #2354, #2516, #1628 ) ;
#1830 = CARTESIAN_POINT ( 'NONE',  ( 0.7646446609406726269, 1.350000000000000311, 0.01464466094067265987 ) ) ;
#1831 = ORIENTED_EDGE ( 'NONE', *, *, #4793, .F. ) ;
#1832 = ORIENTED_EDGE ( 'NONE', *, *, #3716, .T. ) ;
#1833 = DIRECTION ( 'NONE',  ( 0.000000000000000000, 0.000000000000000000, 1.000000000000000000 ) ) ;
#1834 = AXIS2_PLACEMENT_3D ( 'NONE', #6532, #9840, #2663 ) ;
#1835 = AXIS2_PLACEMENT_3D ( 'NONE', #3800, #4667, #75 ) ;
#1836 = CYLINDRICAL_SURFACE ( 'NONE', #3264, 0.05000000000000007216 ) ;
#1837 = DIRECTION ( 'NONE',  ( 0.000000000000000000, 0.000000000000000000, -1.000000000000000000 ) ) ;
#1838 = EDGE_CURVE ( 'NONE', #7640, #9146, #9896, .T. ) ;
#1839 = ORIENTED_EDGE ( 'NONE', *, *, #1743, .F. ) ;
#1840 = ORIENTED_EDGE ( 'NONE', *, *, #6893, .F. ) ;
#1841 = CARTESIAN_POINT ( 'NONE',  ( 1.600000000000000089, -1.100000000000000089, 0.000000000000000000 ) ) ;
#1842 = VECTOR ( 'NONE', #9625, 1000.000000000000000 ) ;
#1843 = ORIENTED_EDGE ( 'NONE', *, *, #208, .T. ) ;
#1844 = ADVANCED_FACE ( 'NONE', ( #10134 ), #9303, .T. ) ;
#1845 = DIRECTION ( 'NONE',  ( 1.000000000000000000, 0.000000000000000000, 0.000000000000000000 ) ) ;
#1846 = DIRECTION ( 'NONE',  ( -0.7071067811865474617, 0.000000000000000000, 0.7071067811865474617 ) ) ;
#1847 = DIRECTION ( 'NONE',  ( 0.7071067811865474617, -0.7071067811865474617, 0.000000000000000000 ) ) ;
#1848 = FACE_OUTER_BOUND ( 'NONE', #936, .T. ) ;
#1849 = CIRCLE ( 'NONE', #5446, 0.04999999999999991257 ) ;
#1850 = LINE ( 'NONE', #7349, #3939 ) ;
#1851 = LINE ( 'NONE', #5810, #4924 ) ;
#1852 = VERTEX_POINT ( 'NONE', #3786 ) ;
#1853 = VERTEX_POINT ( 'NONE', #5375 ) ;
#1854 = PLANE ( 'NONE',  #1115 ) ;
#1855 = CIRCLE ( 'NONE', #1512, 0.04999999999999991257 ) ;
#1856 = ORIENTED_EDGE ( 'NONE', *, *, #2982, .T. ) ;
#1857 = EDGE_CURVE ( 'NONE', #3295, #1767, #1466, .T. ) ;
#1858 = DIRECTION ( 'NONE',  ( 0.000000000000000000, 0.000000000000000000, 1.000000000000000000 ) ) ;
#1859 = CARTESIAN_POINT ( 'NONE',  ( -1.949999999999999956, 0.4364045445652700028, -0.7500000000000000000 ) ) ;
#1860 = ADVANCED_FACE ( 'NONE', ( #7029 ), #8475, .T. ) ;
#1861 = DIRECTION ( 'NONE',  ( -0.7071067811865482389, 0.000000000000000000, 0.7071067811865466846 ) ) ;
#1862 = CIRCLE ( 'NONE', #3999, 0.04999999999999991257 ) ;
#1863 = ORIENTED_EDGE ( 'NONE', *, *, #7010, .F. ) ;
#1864 = ORIENTED_EDGE ( 'NONE', *, *, #10039, .F. ) ;
#1865 =( NAMED_UNIT ( * ) PLANE_ANGLE_UNIT ( ) SI_UNIT ( $, .RADIAN. ) );
#1866 = ORIENTED_EDGE ( 'NONE', *, *, #185, .T. ) ;
#1867 = EDGE_CURVE ( 'NONE', #1767, #9973, #3097, .T. ) ;
#1868 = CARTESIAN_POINT ( 'NONE',  ( 1.600000000000000089, -1.100000000000000089, 0.000000000000000000 ) ) ;
#1869 = CIRCLE ( 'NONE', #1037, 0.04999999999999991257 ) ;
#1870 = PRODUCT_DEFINITION_SHAPE ( 'NONE', 'NONE',  #10236 ) ;
#1871 = DIRECTION ( 'NONE',  ( 0.3199981514759568380, -0.6305562489199274534, 0.7071067811865482389 ) ) ;
#1872 = CARTESIAN_POINT ( 'NONE',  ( -1.899999999999999911, 0.3682022722709940021, 0.000000000000000000 ) ) ;
#1873 = DIRECTION ( 'NONE',  ( 0.000000000000000000, 0.000000000000000000, 1.000000000000000000 ) ) ;
#1874 = CARTESIAN_POINT ( 'NONE',  ( -0.3222667766999390282, -0.8549999999999999822, 1.250000000000000000 ) ) ;
#1875 = LINE ( 'NONE', #3563, #3283 ) ;
#1876 = VERTEX_POINT ( 'NONE', #6260 ) ;
#1877 = ORIENTED_EDGE ( 'NONE', *, *, #6851, .T. ) ;
#1878 = CARTESIAN_POINT ( 'NONE',  ( 0.3853848617278139987, -0.7972488055765520887, 1.850000000000000089 ) ) ;
#1879 = ORIENTED_EDGE ( 'NONE', *, *, #9996, .F. ) ;
#1880 = ORIENTED_EDGE ( 'NONE', *, *, #9457, .T. ) ;
#1881 = ADVANCED_FACE ( 'NONE', ( #637 ), #8879, .F. ) ;
#1882 = DIRECTION ( 'NONE',  ( 0.000000000000000000, 0.000000000000000000, -1.000000000000000000 ) ) ;
#1883 = DIRECTION ( 'NONE',  ( -0.7071067811865482389, 0.000000000000000000, 0.7071067811865466846 ) ) ;
#1884 = PLANE ( 'NONE',  #6932 ) ;
#1885 = ORIENTED_EDGE ( 'NONE', *, *, #8518, .T. ) ;
#1886 = ORIENTED_EDGE ( 'NONE', *, *, #4066, .T. ) ;
#1887 = DIRECTION ( 'NONE',  ( 0.000000000000000000, 0.000000000000000000, -1.000000000000000000 ) ) ;
#1888 = EDGE_CURVE ( 'NONE', #1160, #961, #10088, .T. ) ;
#1889 = CARTESIAN_POINT ( 'NONE',  ( -0.8549999999999999822, 0.3346456153152879698, 1.300000000000000044 ) ) ;
#1890 = VECTOR ( 'NONE', #3361, 1000.000000000000000 ) ;
#1891 = DIRECTION ( 'NONE',  ( 0.000000000000000000, -1.000000000000000000, 0.000000000000000000 ) ) ;
#1892 = CARTESIAN_POINT ( 'NONE',  ( -1.900000000011639933, 0.4364045445652700028, 0.1499999999999999944 ) ) ;
#1893 = CARTESIAN_POINT ( 'NONE',  ( 0.6999999999999999556, 1.250000000000000000, 0.000000000000000000 ) ) ;
#1894 = CARTESIAN_POINT ( 'NONE',  ( -0.3999999999708960252, -1.350000000046569948, 0.1499999999999999944 ) ) ;
#1895 = CARTESIAN_POINT ( 'NONE',  ( 0.9749999999999999778, 1.350000000000000089, 1.199999999999999956 ) ) ;
#1896 = DIRECTION ( 'NONE',  ( -1.000000000000000000, 0.000000000000000000, 0.000000000000000000 ) ) ;
#1897 = EDGE_LOOP ( 'NONE', ( #2469, #5786, #6910, #1718 ) ) ;
#1898 = ORIENTED_EDGE ( 'NONE', *, *, #10104, .F. ) ;
#1899 = VECTOR ( 'NONE', #2250, 1000.000000000000000 ) ;
#1900 = DIRECTION ( 'NONE',  ( 0.000000000000000000, 0.000000000000000000, 1.000000000000000000 ) ) ;
#1901 = ADVANCED_FACE ( 'NONE', ( #740 ), #8631, .F. ) ;
#1902 = ORIENTED_EDGE ( 'NONE', *, *, #6321, .T. ) ;
#1903 = VECTOR ( 'NONE', #8195, 1000.000000000000000 ) ;
#1904 = VECTOR ( 'NONE', #5348, 1000.000000000000114 ) ;
#1905 = LINE ( 'NONE', #4182, #4416 ) ;
#1906 = DIRECTION ( 'NONE',  ( 0.000000000000000000, 0.000000000000000000, 1.000000000000000000 ) ) ;
#1907 = DIRECTION ( 'NONE',  ( 0.000000000000000000, 0.000000000000000000, -1.000000000000000000 ) ) ;
#1908 = ORIENTED_EDGE ( 'NONE', *, *, #1242, .F. ) ;
#1909 = ORIENTED_EDGE ( 'NONE', *, *, #6279, .T. ) ;
#1910 = EDGE_CURVE ( 'NONE', #5690, #4272, #1564, .T. ) ;
#1911 = CYLINDRICAL_SURFACE ( 'NONE', #5666, 0.05000000000000007216 ) ;
#1912 = ORIENTED_EDGE ( 'NONE', *, *, #8402, .T. ) ;
#1913 = VECTOR ( 'NONE', #2367, 1000.000000000000000 ) ;
#1914 = ORIENTED_EDGE ( 'NONE', *, *, #4198, .T. ) ;
#1915 = DIRECTION ( 'NONE',  ( -0.8917411990616695983, -0.4525457257516147802, 0.000000000000000000 ) ) ;
#1916 = CARTESIAN_POINT ( 'NONE',  ( 0.8000000000025470070, 1.150000000026190072, 0.1499999999999999944 ) ) ;
#1917 = DIRECTION ( 'NONE',  ( 0.000000000000000000, -0.7071067811865474617, 0.7071067811865474617 ) ) ;
#1918 = CARTESIAN_POINT ( 'NONE',  ( -1.899999999999999911, 1.350000000000000089, 1.199999999999999956 ) ) ;
#1919 = DIRECTION ( 'NONE',  ( 0.000000000000000000, -1.000000000000000000, 0.000000000000000000 ) ) ;
#1920 = VERTEX_POINT ( 'NONE', #3893 ) ;
#1921 = ORIENTED_EDGE ( 'NONE', *, *, #2468, .F. ) ;
#1922 = EDGE_LOOP ( 'NONE', ( #8235, #7171, #7844, #1005 ) ) ;
#1923 = SHAPE_REPRESENTATION ( 'Switch_C&K_Components_KMR231NG_LFS_eec.STEP', ( #1000, #2654, #2975, #9907, #1329 ), #3633 ) ;
#1924 = ORIENTED_EDGE ( 'NONE', *, *, #2006, .T. ) ;
#1925 = DIRECTION ( 'NONE',  ( -1.000000000000000000, 0.000000000000000000, 0.000000000000000000 ) ) ;
#1926 = CARTESIAN_POINT ( 'NONE',  ( 0.3701111357461009943, -0.8050000000000000488, 1.250000000000000000 ) ) ;
#1927 = DIRECTION ( 'NONE',  ( -0.8917411990616693762, 0.4525457257516151688, 2.081668171172170880E-15 ) ) ;
#1928 = ORIENTED_EDGE ( 'NONE', *, *, #7843, .F. ) ;
#1929 = CIRCLE ( 'NONE', #1430, 0.04999999999999991951 ) ;
#1930 = EDGE_CURVE ( 'NONE', #8092, #9549, #3928, .T. ) ;
#1931 = VERTEX_POINT ( 'NONE', #5325 ) ;
#1932 = LINE ( 'NONE', #6527, #9810 ) ;
#1933 = ORIENTED_EDGE ( 'NONE', *, *, #747, .T. ) ;
#1934 = AXIS2_PLACEMENT_3D ( 'NONE', #1423, #4368, #543 ) ;
#1935 = DIRECTION ( 'NONE',  ( -0.2326572596528327652, 0.9725587897555778572, 0.000000000000000000 ) ) ;
#1936 = AXIS2_PLACEMENT_3D ( 'NONE', #6129, #6854, #456 ) ;
#1937 = CARTESIAN_POINT ( 'NONE',  ( 0.4127759218502620175, 0.7833482398123340351, 1.250000000000000000 ) ) ;
#1938 = PLANE ( 'NONE',  #5393 ) ;
#1939 = DIRECTION ( 'NONE',  ( 0.000000000000000000, -1.000000000000000000, 0.000000000000000000 ) ) ;
#1940 = DIRECTION ( 'NONE',  ( -1.000000000000000000, 0.000000000000000000, 0.000000000000000000 ) ) ;
#1941 = CYLINDRICAL_SURFACE ( 'NONE', #1144, 0.2000000000203731032 ) ;
#1942 = EDGE_CURVE ( 'NONE', #7511, #10112, #5554, .T. ) ;
#1943 = ORIENTED_EDGE ( 'NONE', *, *, #6579, .F. ) ;
#1944 = AXIS2_PLACEMENT_3D ( 'NONE', #1323, #3590, #2050 ) ;
#1945 = ORIENTED_EDGE ( 'NONE', *, *, #4417, .T. ) ;
#1946 = VECTOR ( 'NONE', #2774, 1000.000000000000000 ) ;
#1947 = CARTESIAN_POINT ( 'NONE',  ( 1.949999999999999956, -0.4364045445652709465, 0.000000000000000000 ) ) ;
#1948 = ORIENTED_EDGE ( 'NONE', *, *, #1390, .F. ) ;
#1949 = CIRCLE ( 'NONE', #957, 0.1999999999999998446 ) ;
#1950 = VECTOR ( 'NONE', #6141, 1000.000000000000000 ) ;
#1951 = PLANE ( 'NONE',  #5730 ) ;
#1952 = CARTESIAN_POINT ( 'NONE',  ( -0.6999999999999999556, 1.199999999973810016, -0.05000000000000000278 ) ) ;
#1953 = EDGE_CURVE ( 'NONE', #7484, #3263, #6978, .T. ) ;
#1954 = DIRECTION ( 'NONE',  ( 0.000000000000000000, 0.7071067811865474617, -0.7071067811865474617 ) ) ;
#1955 = CARTESIAN_POINT ( 'NONE',  ( -0.6999999999999999556, 1.350000000000000089, 0.1499999999999999944 ) ) ;
#1956 = ORIENTED_EDGE ( 'NONE', *, *, #4405, .T. ) ;
#1957 = ORIENTED_EDGE ( 'NONE', *, *, #4685, .F. ) ;
#1958 = CARTESIAN_POINT ( 'NONE',  ( 0.3222667766999390282, -0.8451626137813800232, 0.000000000000000000 ) ) ;
#1959 = ORIENTED_EDGE ( 'NONE', *, *, #9047, .F. ) ;
#1960 = VECTOR ( 'NONE', #8806, 1000.000000000000000 ) ;
#1961 = AXIS2_PLACEMENT_3D ( 'NONE', #2255, #8755, #4714 ) ;
#1962 = ORIENTED_EDGE ( 'NONE', *, *, #8206, .F. ) ;
#1963 = CARTESIAN_POINT ( 'NONE',  ( -1.600000000000000089, -1.100000000000000089, 0.2000000000000000111 ) ) ;
#1964 = EDGE_CURVE ( 'NONE', #6665, #8343, #620, .T. ) ;
#1965 = CARTESIAN_POINT ( 'NONE',  ( -0.7353553390593273731, -1.214644660940672694, 0.05000000000000000278 ) ) ;
#1966 = CIRCLE ( 'NONE', #9378, 0.04999999999999991257 ) ;
#1967 = VERTEX_POINT ( 'NONE', #1396 ) ;
#1968 = VECTOR ( 'NONE', #63, 1000.000000000000000 ) ;
#1969 = LINE ( 'NONE', #1194, #6173 ) ;
#1970 = CARTESIAN_POINT ( 'NONE',  ( -1.949999999999999956, 1.350000000000000089, 0.000000000000000000 ) ) ;
#1971 = CARTESIAN_POINT ( 'NONE',  ( 1.069644660940672676, -0.3346456153152879698, 1.264644660940672516 ) ) ;
#1972 = APPLICATION_CONTEXT ( 'automotive_design' ) ;
#1973 = EDGE_LOOP ( 'NONE', ( #6990, #5742, #4097, #8952 ) ) ;
#1974 = EDGE_LOOP ( 'NONE', ( #1443, #3363, #2900, #1361 ) ) ;
#1975 = ORIENTED_EDGE ( 'NONE', *, *, #9031, .T. ) ;
#1976 = VECTOR ( 'NONE', #8833, 1000.000000000000000 ) ;
#1977 = ORIENTED_EDGE ( 'NONE', *, *, #2775, .T. ) ;
#1978 = TOROIDAL_SURFACE ( 'NONE', #6086, 0.2500000000000000000, 0.05000000000000000278 ) ;
#1979 = CARTESIAN_POINT ( 'NONE',  ( -0.8549999999999999822, -0.3346456153152879698, 1.899999999999999911 ) ) ;
#1980 = ADVANCED_FACE ( 'NONE', ( #6865 ), #7676, .F. ) ;
#1981 = EDGE_CURVE ( 'NONE', #2847, #7785, #10073, .T. ) ;
#1982 = CARTESIAN_POINT ( 'NONE',  ( 1.000000000008729906, 1.349999999973810150, 0.000000000000000000 ) ) ;
#1983 = PLANE ( 'NONE',  #8203 ) ;
#1984 = CARTESIAN_POINT ( 'NONE',  ( -1.899999999999999911, 0.6999999999999999556, 0.05000000000000000278 ) ) ;
#1985 = VECTOR ( 'NONE', #6316, 1000.000000000000000 ) ;
#1986 = ORIENTED_EDGE ( 'NONE', *, *, #9645, .T. ) ;
#1987 = ORIENTED_EDGE ( 'NONE', *, *, #4045, .F. ) ;
#1988 = PLANE ( 'NONE',  #5675 ) ;
#1989 = ORIENTED_EDGE ( 'NONE', *, *, #1707, .T. ) ;
#1990 = EDGE_CURVE ( 'NONE', #3433, #3775, #9201, .T. ) ;
#1991 = AXIS2_PLACEMENT_3D ( 'NONE', #7080, #1734, #1515 ) ;
#1992 = PRODUCT_DEFINITION_FORMATION_WITH_SPECIFIED_SOURCE ( 'ANY', '', #82, .NOT_KNOWN. ) ;
#1993 = DIRECTION ( 'NONE',  ( 0.000000000000000000, 1.000000000000000000, 0.000000000000000000 ) ) ;
#1994 = EDGE_CURVE ( 'NONE', #2351, #8614, #1300, .T. ) ;
#1995 = EDGE_CURVE ( 'NONE', #6431, #9093, #9531, .T. ) ;
#1996 = DIRECTION ( 'NONE',  ( 0.5773502691896229555, -0.5773502691896272854, 0.5773502691896272854 ) ) ;
#1997 = LINE ( 'NONE', #9110, #7548 ) ;
#1998 = DIRECTION ( 'NONE',  ( 0.7071067811865483499, 0.000000000000000000, 0.7071067811865466846 ) ) ;
#1999 = CARTESIAN_POINT ( 'NONE',  ( -0.8000000000000000444, -0.6999999999999999556, 1.199999999999999956 ) ) ;
#2000 = DIRECTION ( 'NONE',  ( 0.8917411990616684880, -0.4525457257516172227, 0.000000000000000000 ) ) ;
#2001 = CIRCLE ( 'NONE', #506, 0.05000000000000001665 ) ;
#2002 = DIRECTION ( 'NONE',  ( 0.000000000000000000, 0.000000000000000000, -1.000000000000000000 ) ) ;
#2003 = ORIENTED_EDGE ( 'NONE', *, *, #1098, .F. ) ;
#2004 = DIRECTION ( 'NONE',  ( 0.000000000000000000, -1.000000000000000000, -5.551115123125780336E-15 ) ) ;
#2005 = ORIENTED_EDGE ( 'NONE', *, *, #8837, .T. ) ;
#2006 = EDGE_CURVE ( 'NONE', #424, #5212, #1614, .T. ) ;
#2007 = VECTOR ( 'NONE', #4808, 1000.000000000000000 ) ;
#2008 = DIRECTION ( 'NONE',  ( 0.7071067811865474617, 0.7071067811865474617, 0.000000000000000000 ) ) ;
#2009 = CARTESIAN_POINT ( 'NONE',  ( -1.899999999999999911, 0.6999999999999999556, 0.05000000000000000278 ) ) ;
#2010 = CARTESIAN_POINT ( 'NONE',  ( -1.600000000000000089, 0.5000000000000000000, 0.000000000000000000 ) ) ;
#2011 = PLANE ( 'NONE',  #3905 ) ;
#2012 = ORIENTED_EDGE ( 'NONE', *, *, #1046, .F. ) ;
#2013 = ORIENTED_EDGE ( 'NONE', *, *, #7823, .F. ) ;
#2014 = EDGE_LOOP ( 'NONE', ( #6605, #8128, #9938, #2812 ) ) ;
#2015 = CIRCLE ( 'NONE', #8590, 0.2000000000000001221 ) ;
#2016 = DIRECTION ( 'NONE',  ( -0.8917411990616683770, -0.4525457257516171672, 0.000000000000000000 ) ) ;
#2017 = ORIENTED_EDGE ( 'NONE', *, *, #591, .T. ) ;
#2018 = EDGE_CURVE ( 'NONE', #6327, #6397, #8035, .T. ) ;
#2019 = CARTESIAN_POINT ( 'NONE',  ( -0.6999999999999999556, 1.250000000000000000, 0.05000000000000000278 ) ) ;
#2020 = AXIS2_PLACEMENT_3D ( 'NONE', #300, #6656, #5110 ) ;
#2021 = DIRECTION ( 'NONE',  ( 0.000000000000000000, -0.7071067811865474617, 0.7071067811865474617 ) ) ;
#2022 = ORIENTED_EDGE ( 'NONE', *, *, #8495, .T. ) ;
#2023 = DIRECTION ( 'NONE',  ( -2.055968564160549760E-16, 1.000000000000000000, 0.000000000000000000 ) ) ;
#2024 = CARTESIAN_POINT ( 'NONE',  ( 0.3222667766999390282, -0.7903553390593274219, 1.885355339059327395 ) ) ;
#2025 = EDGE_LOOP ( 'NONE', ( #408, #1591, #9814, #7466 ) ) ;
#2026 = CARTESIAN_POINT ( 'NONE',  ( 0.8000000000000000444, 1.350000000000000089, 0.05000000000000000278 ) ) ;
#2027 = ORIENTED_EDGE ( 'NONE', *, *, #9537, .T. ) ;
#2028 = VERTEX_POINT ( 'NONE', #4488 ) ;
#2029 = EDGE_CURVE ( 'NONE', #3567, #8977, #6912, .T. ) ;
#2030 = VERTEX_POINT ( 'NONE', #9284 ) ;
#2031 = ORIENTED_EDGE ( 'NONE', *, *, #5618, .F. ) ;
#2032 = LINE ( 'NONE', #5168, #3594 ) ;
#2033 = EDGE_CURVE ( 'NONE', #3655, #2883, #9236, .T. ) ;
#2034 = LINE ( 'NONE', #4395, #5735 ) ;
#2035 = DIRECTION ( 'NONE',  ( 0.5773502691896273964, -0.5773502691896273964, -0.5773502691896225114 ) ) ;
#2036 = ORIENTED_EDGE ( 'NONE', *, *, #2981, .F. ) ;
#2037 = CARTESIAN_POINT ( 'NONE',  ( -1.900000000011639933, -1.350000000046569948, 0.000000000000000000 ) ) ;
#2038 = EDGE_CURVE ( 'NONE', #3340, #10160, #8360, .T. ) ;
#2039 = ORIENTED_EDGE ( 'NONE', *, *, #1994, .F. ) ;
#2040 = DIRECTION ( 'NONE',  ( 0.000000000000000000, -1.000000000000000000, 0.000000000000000000 ) ) ;
#2041 = DIRECTION ( 'NONE',  ( -1.000000000000000000, 0.000000000000000000, 0.000000000000000000 ) ) ;
#2042 = DIRECTION ( 'NONE',  ( 0.000000000000000000, 0.000000000000000000, 1.000000000000000000 ) ) ;
#2043 = DIRECTION ( 'NONE',  ( 1.000000000000000000, 7.116814260417669499E-17, 0.000000000000000000 ) ) ;
#2044 = DIRECTION ( 'NONE',  ( 0.7071067811865482389, 0.000000000000000000, -0.7071067811865466846 ) ) ;
#2045 = DIRECTION ( 'NONE',  ( 1.000000000000000000, 0.000000000000000000, 0.000000000000000000 ) ) ;
#2046 = DIRECTION ( 'NONE',  ( -0.8917411990616684880, -0.4525457257516172227, 0.000000000000000000 ) ) ;
#2047 = ORIENTED_EDGE ( 'NONE', *, *, #7077, .T. ) ;
#2048 = EDGE_CURVE ( 'NONE', #3395, #213, #2179, .T. ) ;
#2049 = EDGE_CURVE ( 'NONE', #36, #1457, #6729, .T. ) ;
#2050 = DIRECTION ( 'NONE',  ( 0.4525457257516167786, 0.8917411990616684880, 0.000000000000000000 ) ) ;
#2051 = ORIENTED_EDGE ( 'NONE', *, *, #2151, .F. ) ;
#2052 = CARTESIAN_POINT ( 'NONE',  ( -2.100000000000000089, -0.8364045445652710242, -0.7500000000000000000 ) ) ;
#2053 = CYLINDRICAL_SURFACE ( 'NONE', #7374, 0.1500000000000000500 ) ;
#2054 = VECTOR ( 'NONE', #6960, 1000.000000000000000 ) ;
#2055 = DIRECTION ( 'NONE',  ( 0.000000000000000000, -1.000000000000000000, 0.000000000000000000 ) ) ;
#2056 = VERTEX_POINT ( 'NONE', #6817 ) ;
#2057 = ORIENTED_EDGE ( 'NONE', *, *, #6786, .T. ) ;
#2058 = ORIENTED_EDGE ( 'NONE', *, *, #8999, .F. ) ;
#2059 = EDGE_CURVE ( 'NONE', #4221, #5859, #4349, .T. ) ;
#2060 = ORIENTED_EDGE ( 'NONE', *, *, #237, .F. ) ;
#2061 = VECTOR ( 'NONE', #4904, 1000.000000000000000 ) ;
#2062 = AXIS2_PLACEMENT_3D ( 'NONE', #2201, #1422, #3736 ) ;
#2063 = DIRECTION ( 'NONE',  ( -1.000000000000000000, 0.000000000000000000, 0.000000000000000000 ) ) ;
#2064 = CARTESIAN_POINT ( 'NONE',  ( 0.7646446609406726269, -0.5999999999999999778, 0.01464466094067265294 ) ) ;
#2065 = EDGE_LOOP ( 'NONE', ( #7464, #2526, #6052, #9019 ) ) ;
#2066 = DIRECTION ( 'NONE',  ( 0.000000000000000000, 0.000000000000000000, 1.000000000000000000 ) ) ;
#2067 = DIRECTION ( 'NONE',  ( 0.000000000000000000, 0.000000000000000000, -1.000000000000000000 ) ) ;
#2068 = CARTESIAN_POINT ( 'NONE',  ( -1.949999999999999956, -0.2182022722942769943, 0.000000000000000000 ) ) ;
#2069 = SPHERICAL_SURFACE ( 'NONE', #5414, 0.05000000000000000278 ) ;
#2070 = AXIS2_PLACEMENT_3D ( 'NONE', #4194, #7471, #6559 ) ;
#2071 = ORIENTED_EDGE ( 'NONE', *, *, #3528, .F. ) ;
#2072 = AXIS2_PLACEMENT_3D ( 'NONE', #7977, #872, #8870 ) ;
#2073 = ORIENTED_EDGE ( 'NONE', *, *, #326, .F. ) ;
#2074 = EDGE_CURVE ( 'NONE', #1493, #2941, #8417, .T. ) ;
#2075 = ORIENTED_EDGE ( 'NONE', *, *, #2963, .F. ) ;
#2076 = ORIENTED_EDGE ( 'NONE', *, *, #2742, .T. ) ;
#2077 = CARTESIAN_POINT ( 'NONE',  ( 2.299999999999999822, -1.100000000000000089, 0.2000000000000000111 ) ) ;
#2078 = DIRECTION ( 'NONE',  ( 0.000000000000000000, 1.000000000000000000, 0.000000000000000000 ) ) ;
#2079 = AXIS2_PLACEMENT_3D ( 'NONE', #6334, #5449, #5400 ) ;
#2080 = DIRECTION ( 'NONE',  ( 1.000000000000000000, 0.000000000000000000, 0.000000000000000000 ) ) ;
#2081 = CARTESIAN_POINT ( 'NONE',  ( -2.100000000000000089, -0.9364045445652711130, -0.5000000000000000000 ) ) ;
#2082 = DIRECTION ( 'NONE',  ( 0.000000000000000000, 0.000000000000000000, -1.000000000000000000 ) ) ;
#2083 = ORIENTED_EDGE ( 'NONE', *, *, #3037, .T. ) ;
#2084 = CARTESIAN_POINT ( 'NONE',  ( 1.949999999999999956, -1.100000000000000089, 0.000000000000000000 ) ) ;
#2085 = EDGE_CURVE ( 'NONE', #1670, #4000, #2802, .T. ) ;
#2086 = EDGE_CURVE ( 'NONE', #2592, #837, #2032, .T. ) ;
#2087 = VERTEX_POINT ( 'NONE', #1251 ) ;
#2088 = CARTESIAN_POINT ( 'NONE',  ( -2.000000000005820233, 1.036404544565270092, -0.2500000000000000000 ) ) ;
#2089 = VERTEX_POINT ( 'NONE', #5987 ) ;
#2090 = PLANE ( 'NONE',  #8062 ) ;
#2091 = CARTESIAN_POINT ( 'NONE',  ( -1.054999999999999938, 0.3346456153152879698, 1.850000000000000089 ) ) ;
#2092 = AXIS2_PLACEMENT_3D ( 'NONE', #4471, #653, #6750 ) ;
#2093 = ADVANCED_FACE ( 'NONE', ( #7528 ), #9363, .T. ) ;
#2094 = DIRECTION ( 'NONE',  ( -0.8917411990616690431, 0.4525457257516160015, 0.000000000000000000 ) ) ;
#2095 = CARTESIAN_POINT ( 'NONE',  ( -0.8549999999999999822, 0.3346456153152879698, 1.300000000000000044 ) ) ;
#2096 = DIRECTION ( 'NONE',  ( -0.8917411990616690431, 0.4525457257516160015, -1.127570259384924020E-15 ) ) ;
#2097 = FACE_OUTER_BOUND ( 'NONE', #2065, .T. ) ;
#2098 = CARTESIAN_POINT ( 'NONE',  ( -0.8549999999999999822, -0.3346456153152879698, 0.1499999999999999944 ) ) ;
#2099 = EDGE_LOOP ( 'NONE', ( #3779, #1392, #1566, #7681, #230, #926, #6231 ) ) ;
#2100 = CARTESIAN_POINT ( 'NONE',  ( -0.9749999999999999778, -1.350000000000000089, 1.199999999999999956 ) ) ;
#2101 = ORIENTED_EDGE ( 'NONE', *, *, #1301, .T. ) ;
#2102 = AXIS2_PLACEMENT_3D ( 'NONE', #6943, #4665, #10099 ) ;
#2103 = CARTESIAN_POINT ( 'NONE',  ( -1.104999999999999982, 0.3346456153152879698, 1.300000000000000044 ) ) ;
#2104 = EDGE_CURVE ( 'NONE', #6505, #3340, #9338, .T. ) ;
#2105 = EDGE_CURVE ( 'NONE', #7785, #9668, #96, .T. ) ;
#2106 = CARTESIAN_POINT ( 'NONE',  ( -1.104999999999999982, 0.3346456153152879698, 1.300000000000000044 ) ) ;
#2107 = AXIS2_PLACEMENT_3D ( 'NONE', #6328, #4621, #4071 ) ;
#2108 = AXIS2_PLACEMENT_3D ( 'NONE', #4384, #605, #2021 ) ;
#2109 = CARTESIAN_POINT ( 'NONE',  ( 0.5999999999912689619, -1.349999999973810150, 0.1499999999999999944 ) ) ;
#2110 = VERTEX_POINT ( 'NONE', #3249 ) ;
#2111 = ORIENTED_EDGE ( 'NONE', *, *, #2619, .T. ) ;
#2112 = ORIENTED_EDGE ( 'NONE', *, *, #9578, .T. ) ;
#2113 = PRODUCT_DEFINITION ( 'UNKNOWN', '', #338, #4163 ) ;
#2114 = CIRCLE ( 'NONE', #10025, 0.05000000000000007216 ) ;
#2115 = FACE_OUTER_BOUND ( 'NONE', #1128, .T. ) ;
#2116 = EDGE_CURVE ( 'NONE', #6329, #5757, #1598, .T. ) ;
#2117 = CARTESIAN_POINT ( 'NONE',  ( -1.600000000000000089, -1.569225247049999883, 0.2000000000000000111 ) ) ;
#2118 = ORIENTED_EDGE ( 'NONE', *, *, #9591, .T. ) ;
#2119 = DIRECTION ( 'NONE',  ( 0.000000000000000000, 0.000000000000000000, -1.000000000000000000 ) ) ;
#2120 = CARTESIAN_POINT ( 'NONE',  ( -1.949999999999999956, 1.036404544565270092, -0.7500000000000000000 ) ) ;
#2121 = CARTESIAN_POINT ( 'NONE',  ( 0.3222667766999390282, -0.7550000000000000044, 1.899999999999999911 ) ) ;
#2122 = ORIENTED_EDGE ( 'NONE', *, *, #5621, .T. ) ;
#2123 = ORIENTED_EDGE ( 'NONE', *, *, #7760, .T. ) ;
#2124 = ORIENTED_EDGE ( 'NONE', *, *, #3450, .F. ) ;
#2125 = ORIENTED_EDGE ( 'NONE', *, *, #3360, .T. ) ;
#2126 = CARTESIAN_POINT ( 'NONE',  ( 2.299999999999999822, 0.5000000000000000000, 0.2000000000000000111 ) ) ;
#2127 = VECTOR ( 'NONE', #4218, 1000.000000000000000 ) ;
#2128 = DIRECTION ( 'NONE',  ( 0.000000000000000000, 0.000000000000000000, -1.000000000000000000 ) ) ;
#2129 = AXIS2_PLACEMENT_3D ( 'NONE', #4339, #3401, #3508 ) ;
#2130 = AXIS2_PLACEMENT_3D ( 'NONE', #1794, #333, #9789 ) ;
#2131 = ADVANCED_FACE ( 'NONE', ( #3092 ), #7063, .F. ) ;
#2132 = DIRECTION ( 'NONE',  ( 0.000000000000000000, 0.000000000000000000, 1.000000000000000000 ) ) ;
#2133 = ORIENTED_EDGE ( 'NONE', *, *, #1995, .T. ) ;
#2134 = CARTESIAN_POINT ( 'NONE',  ( 1.935355339059327218, -1.350000000000000089, 1.235355339059327484 ) ) ;
#2135 = VECTOR ( 'NONE', #7002, 1000.000000000000000 ) ;
#2136 = VECTOR ( 'NONE', #624, 1000.000000000000000 ) ;
#2137 = CARTESIAN_POINT ( 'NONE',  ( -0.4194033005640451783, 0.7964074873194205706, 1.264644660940672516 ) ) ;
#2138 = EDGE_LOOP ( 'NONE', ( #6251, #8511, #793, #4693 ) ) ;
#2139 = CARTESIAN_POINT ( 'NONE',  ( -0.6999999999999999556, 1.149999999999999911, 0.05000000000000000278 ) ) ;
#2140 = EDGE_CURVE ( 'NONE', #8597, #4353, #3045, .T. ) ;
#2141 = CARTESIAN_POINT ( 'NONE',  ( 0.7646446609406726269, -0.5999999999999999778, 1.235355339059327262 ) ) ;
#2142 = AXIS2_PLACEMENT_3D ( 'NONE', #7651, #2822, #1317 ) ;
#2143 = DIRECTION ( 'NONE',  ( 0.000000000000000000, 1.000000000000000000, 0.000000000000000000 ) ) ;
#2144 = DIRECTION ( 'NONE',  ( 1.000000000000000000, 0.000000000000000000, 0.000000000000000000 ) ) ;
#2145 = CARTESIAN_POINT ( 'NONE',  ( 1.899999999999999911, -1.350000000000000089, 0.05000000000000000278 ) ) ;
#2146 = VERTEX_POINT ( 'NONE', #772 ) ;
#2147 = DIRECTION ( 'NONE',  ( -1.000000000000000000, -3.558407130208829819E-17, -3.558407130208834749E-17 ) ) ;
#2148 = ORIENTED_EDGE ( 'NONE', *, *, #7042, .F. ) ;
#2149 = SPHERICAL_SURFACE ( 'NONE', #2062, 0.05000000000000000278 ) ;
#2150 = VECTOR ( 'NONE', #6382, 1000.000000000000000 ) ;
#2151 = EDGE_CURVE ( 'NONE', #3920, #5882, #7705, .T. ) ;
#2152 = CIRCLE ( 'NONE', #4782, 0.05000000000000001665 ) ;
#2153 = CARTESIAN_POINT ( 'NONE',  ( 0.8000000000000000444, 1.350000000000000089, 0.05000000000000000278 ) ) ;
#2154 = PLANE ( 'NONE',  #146 ) ;
#2155 = EDGE_CURVE ( 'NONE', #1701, #5376, #6072, .T. ) ;
#2156 = VECTOR ( 'NONE', #5749, 1000.000000000000000 ) ;
#2157 = PLANE ( 'NONE',  #3753 ) ;
#2158 = FACE_OUTER_BOUND ( 'NONE', #9000, .T. ) ;
#2159 = LINE ( 'NONE', #500, #1096 ) ;
#2160 = ORIENTED_EDGE ( 'NONE', *, *, #4430, .F. ) ;
#2161 = VERTEX_POINT ( 'NONE', #6240 ) ;
#2162 = ORIENTED_EDGE ( 'NONE', *, *, #1034, .T. ) ;
#2163 = EDGE_CURVE ( 'NONE', #7304, #134, #1804, .T. ) ;
#2164 = AXIS2_PLACEMENT_3D ( 'NONE', #8209, #6673, #1002 ) ;
#2165 = EDGE_CURVE ( 'NONE', #5197, #2762, #2623, .T. ) ;
#2166 = FACE_OUTER_BOUND ( 'NONE', #2924, .T. ) ;
#2167 = CARTESIAN_POINT ( 'NONE',  ( -1.600000000000000089, 0.5000000000000000000, 0.2000000000000000111 ) ) ;
#2168 = ORIENTED_EDGE ( 'NONE', *, *, #6786, .F. ) ;
#2169 = DIRECTION ( 'NONE',  ( 0.000000000000000000, 0.000000000000000000, -1.000000000000000000 ) ) ;
#2170 = CARTESIAN_POINT ( 'NONE',  ( 1.999999999969439779, -0.9364045445652711130, -0.5000000000000000000 ) ) ;
#2171 = AXIS2_PLACEMENT_3D ( 'NONE', #4035, #5514, #7070 ) ;
#2172 = DIRECTION ( 'NONE',  ( 0.000000000000000000, -1.000000000000000000, 0.000000000000000000 ) ) ;
#2173 = CYLINDRICAL_SURFACE ( 'NONE', #4274, 0.05000000000000007216 ) ;
#2174 = ORIENTED_EDGE ( 'NONE', *, *, #3927, .T. ) ;
#2175 = AXIS2_PLACEMENT_3D ( 'NONE', #9042, #1882, #9726 ) ;
#2176 = ORIENTED_EDGE ( 'NONE', *, *, #821, .T. ) ;
#2177 = EDGE_CURVE ( 'NONE', #8229, #8718, #7779, .T. ) ;
#2178 = VERTEX_POINT ( 'NONE', #9450 ) ;
#2179 = LINE ( 'NONE', #3674, #1122 ) ;
#2180 = CIRCLE ( 'NONE', #6789, 0.05000000000000001665 ) ;
#2181 = DIRECTION ( 'NONE',  ( -0.8917411990616683770, 0.4525457257516172227, 0.000000000000000000 ) ) ;
#2182 = CARTESIAN_POINT ( 'NONE',  ( 0.4080121480153949820, -0.8418358655296350745, 1.300000000000000044 ) ) ;
#2183 = DIRECTION ( 'NONE',  ( 3.092198806847238144E-11, 1.000000000000000000, 0.000000000000000000 ) ) ;
#2184 = ORIENTED_EDGE ( 'NONE', *, *, #5531, .T. ) ;
#2185 = LINE ( 'NONE', #5270, #5105 ) ;
#2186 = VERTEX_POINT ( 'NONE', #3191 ) ;
#2187 = CIRCLE ( 'NONE', #5965, 0.2044619385973020509 ) ;
#2188 = FACE_OUTER_BOUND ( 'NONE', #878, .T. ) ;
#2189 = ORIENTED_EDGE ( 'NONE', *, *, #5187, .T. ) ;
#2190 = ADVANCED_FACE ( 'NONE', ( #1547 ), #4585, .T. ) ;
#2191 = CARTESIAN_POINT ( 'NONE',  ( 0.3222667766999390282, -0.8196446609406725647, 1.264644660940672516 ) ) ;
#2192 = CIRCLE ( 'NONE', #5970, 0.1499999999999999944 ) ;
#2193 = DIRECTION ( 'NONE',  ( 0.000000000000000000, 0.000000000000000000, 1.000000000000000000 ) ) ;
#2194 = SHAPE_REPRESENTATION ( 'terminals.STEP', ( #7728 ), #8564 ) ;
#2195 = DIRECTION ( 'NONE',  ( 1.000000000000000000, 0.000000000000000000, 0.000000000000000000 ) ) ;
#2196 = DIRECTION ( 'NONE',  ( 0.000000000000000000, 1.000000000000000000, 0.000000000000000000 ) ) ;
#2197 = DIRECTION ( 'NONE',  ( 0.2326572596528327652, -0.9725587897555778572, 0.000000000000000000 ) ) ;
#2198 = VERTEX_POINT ( 'NONE', #2377 ) ;
#2199 = DIRECTION ( 'NONE',  ( 0.000000000000000000, 0.000000000000000000, 1.000000000000000000 ) ) ;
#2200 = ORIENTED_EDGE ( 'NONE', *, *, #375, .F. ) ;
#2201 = CARTESIAN_POINT ( 'NONE',  ( 0.8000000000000000444, -1.350000000000000089, 1.199999999999999956 ) ) ;
#2202 = EDGE_CURVE ( 'NONE', #6992, #3500, #1461, .T. ) ;
#2203 = LINE ( 'NONE', #4468, #3587 ) ;
#2204 = CARTESIAN_POINT ( 'NONE',  ( -1.600000000000000089, -0.5500000000000000444, 0.000000000000000000 ) ) ;
#2205 = DIRECTION ( 'NONE',  ( 0.5773502691896258421, 0.5773502691896258421, 0.5773502691896258421 ) ) ;
#2206 = DIRECTION ( 'NONE',  ( 0.000000000000000000, 0.000000000000000000, -1.000000000000000000 ) ) ;
#2207 = ORIENTED_EDGE ( 'NONE', *, *, #4597, .T. ) ;
#2208 = ORIENTED_EDGE ( 'NONE', *, *, #7834, .T. ) ;
#2209 = EDGE_CURVE ( 'NONE', #1752, #9707, #3871, .T. ) ;
#2210 = EDGE_CURVE ( 'NONE', #6044, #373, #7934, .T. ) ;
#2211 = DIRECTION ( 'NONE',  ( 1.982541115402059686E-16, -1.000000000000000000, -1.982541115402064617E-16 ) ) ;
#2212 = VECTOR ( 'NONE', #7776, 1000.000000000000000 ) ;
#2213 = LINE ( 'NONE', #2064, #3579 ) ;
#2214 = ADVANCED_FACE ( 'NONE', ( #2491 ), #5458, .F. ) ;
#2215 = DIRECTION ( 'NONE',  ( 0.000000000000000000, 0.000000000000000000, 1.000000000000000000 ) ) ;
#2216 = LINE ( 'NONE', #6955, #6182 ) ;
#2217 = CARTESIAN_POINT ( 'NONE',  ( 2.100000000000000089, -0.4364045445652709465, -0.7500000000000000000 ) ) ;
#2218 = DIRECTION ( 'NONE',  ( 0.000000000000000000, 0.000000000000000000, 1.000000000000000000 ) ) ;
#2219 = ORIENTED_EDGE ( 'NONE', *, *, #8001, .T. ) ;
#2220 = CYLINDRICAL_SURFACE ( 'NONE', #7476, 0.05000000000000007216 ) ;
#2221 = ORIENTED_EDGE ( 'NONE', *, *, #8826, .T. ) ;
#2222 = AXIS2_PLACEMENT_3D ( 'NONE', #1039, #2689, #6466 ) ;
#2223 =( GEOMETRIC_REPRESENTATION_CONTEXT ( 3 ) GLOBAL_UNCERTAINTY_ASSIGNED_CONTEXT ( ( #2514 ) ) GLOBAL_UNIT_ASSIGNED_CONTEXT ( ( #7088, #7138, #6313 ) ) REPRESENTATION_CONTEXT ( 'NONE', 'WORKASPACE' ) );
#2224 = DIRECTION ( 'NONE',  ( 0.000000000000000000, -1.000000000000000000, 0.000000000000000000 ) ) ;
#2225 = CARTESIAN_POINT ( 'NONE',  ( -0.6999999999999999556, 1.149999999999999911, 1.250000000000000000 ) ) ;
#2226 = DIRECTION ( 'NONE',  ( -0.3199981514759568380, 0.6305562489199274534, -0.7071067811865482389 ) ) ;
#2227 = AXIS2_PLACEMENT_3D ( 'NONE', #3933, #7071, #3405 ) ;
#2228 = EDGE_CURVE ( 'NONE', #7314, #6566, #1133, .T. ) ;
#2229 = VECTOR ( 'NONE', #4792, 1000.000000000000000 ) ;
#2230 = DIRECTION ( 'NONE',  ( 0.000000000000000000, 0.000000000000000000, 1.000000000000000000 ) ) ;
#2231 = ADVANCED_FACE ( 'NONE', ( #4824 ), #3839, .T. ) ;
#2232 = ORIENTED_EDGE ( 'NONE', *, *, #491, .T. ) ;
#2233 = DIRECTION ( 'NONE',  ( 0.000000000000000000, 1.000000000000000000, 0.000000000000000000 ) ) ;
#2234 = ORIENTED_EDGE ( 'NONE', *, *, #780, .T. ) ;
#2235 = EDGE_LOOP ( 'NONE', ( #116, #8187, #755, #1556 ) ) ;
#2236 = CARTESIAN_POINT ( 'NONE',  ( 1.040355339059327422, -0.2287144171094039891, 1.885355339059327395 ) ) ;
#2237 = ORIENTED_EDGE ( 'NONE', *, *, #6776, .T. ) ;
#2238 = TOROIDAL_SURFACE ( 'NONE', #1574, 0.1000000000000000056, 0.05000000000000000278 ) ;
#2239 = VERTEX_POINT ( 'NONE', #5477 ) ;
#2240 = CIRCLE ( 'NONE', #4874, 0.2401626137813801243 ) ;
#2241 = LINE ( 'NONE', #2141, #4454 ) ;
#2242 = DIRECTION ( 'NONE',  ( 0.8522164413315482800, 0.5231893893459534928, 0.000000000000000000 ) ) ;
#2243 = EDGE_CURVE ( 'NONE', #51, #2793, #7841, .T. ) ;
#2244 = CYLINDRICAL_SURFACE ( 'NONE', #3490, 0.05000000000000007216 ) ;
#2245 = CARTESIAN_POINT ( 'NONE',  ( 1.949999999999999956, 0.2182022722709940077, 0.000000000000000000 ) ) ;
#2246 = AXIS2_PLACEMENT_3D ( 'NONE', #9685, #8281, #2818 ) ;
#2247 = ORIENTED_EDGE ( 'NONE', *, *, #2049, .F. ) ;
#2248 = DIRECTION ( 'NONE',  ( 1.000000000000000000, 0.000000000000000000, 0.000000000000000000 ) ) ;
#2249 = ORIENTED_EDGE ( 'NONE', *, *, #9466, .F. ) ;
#2250 = DIRECTION ( 'NONE',  ( -1.000000000000000000, -6.167905692840670233E-16, 0.000000000000000000 ) ) ;
#2251 = VERTEX_POINT ( 'NONE', #4766 ) ;
#2252 = FACE_OUTER_BOUND ( 'NONE', #4493, .T. ) ;
#2253 = CIRCLE ( 'NONE', #2092, 0.04999999999999991257 ) ;
#2254 = EDGE_CURVE ( 'NONE', #3977, #9993, #8742, .T. ) ;
#2255 = CARTESIAN_POINT ( 'NONE',  ( -1.899999999999999911, 1.350000000000000089, 0.05000000000000000278 ) ) ;
#2256 = CARTESIAN_POINT ( 'NONE',  ( -1.899999999999999911, 0.4364045445652700028, -0.05000000000000000278 ) ) ;
#2257 = ORIENTED_EDGE ( 'NONE', *, *, #522, .F. ) ;
#2258 = APPLICATION_PROTOCOL_DEFINITION ( 'draft international standard', 'automotive_design', 1998, #5847 ) ;
#2259 = ORIENTED_EDGE ( 'NONE', *, *, #7078, .T. ) ;
#2260 = ORIENTED_EDGE ( 'NONE', *, *, #4923, .T. ) ;
#2261 = CARTESIAN_POINT ( 'NONE',  ( -1.900000000011639933, -1.350000000046569948, 0.000000000000000000 ) ) ;
#2262 = DIRECTION ( 'NONE',  ( 0.000000000000000000, 0.000000000000000000, 1.000000000000000000 ) ) ;
#2263 = ADVANCED_FACE ( 'NONE', ( #6261 ), #4054, .F. ) ;
#2264 = FACE_OUTER_BOUND ( 'NONE', #3558, .T. ) ;
#2265 = CARTESIAN_POINT ( 'NONE',  ( 0.9521365238641065210, 0.5260531026347090577, 1.264644660940672960 ) ) ;
#2266 = CARTESIAN_POINT ( 'NONE',  ( 2.299999999999999822, 1.100000000000000089, 0.2000000000000000111 ) ) ;
#2267 = CARTESIAN_POINT ( 'NONE',  ( 1.000000000008729906, -1.349999999973810150, 0.000000000000000000 ) ) ;
#2268 = ORIENTED_EDGE ( 'NONE', *, *, #6490, .F. ) ;
#2269 = EDGE_LOOP ( 'NONE', ( #3385, #5269, #7619, #7407 ) ) ;
#2270 = CARTESIAN_POINT ( 'NONE',  ( -1.600000000000000089, -1.100000000000000089, 0.000000000000000000 ) ) ;
#2271 = ORIENTED_EDGE ( 'NONE', *, *, #1536, .F. ) ;
#2272 =( GEOMETRIC_REPRESENTATION_CONTEXT ( 3 ) GLOBAL_UNCERTAINTY_ASSIGNED_CONTEXT ( ( #8065 ) ) GLOBAL_UNIT_ASSIGNED_CONTEXT ( ( #5658, #7220, #10218 ) ) REPRESENTATION_CONTEXT ( 'NONE', 'WORKASPACE' ) );
#2273 = VECTOR ( 'NONE', #8430, 1000.000000000000000 ) ;
#2274 = VECTOR ( 'NONE', #8705, 1000.000000000000000 ) ;
#2275 = ORIENTED_EDGE ( 'NONE', *, *, #6872, .T. ) ;
#2276 = FACE_OUTER_BOUND ( 'NONE', #8060, .T. ) ;
#2277 = EDGE_CURVE ( 'NONE', #2798, #3828, #4927, .T. ) ;
#2278 = DIRECTION ( 'NONE',  ( -1.000000000000000000, 0.000000000000000000, 0.000000000000000000 ) ) ;
#2279 = CARTESIAN_POINT ( 'NONE',  ( 0.8000000000087310603, -1.149999999973809972, 0.000000000000000000 ) ) ;
#2280 = VECTOR ( 'NONE', #3996, 1000.000000000000000 ) ;
#2281 = VECTOR ( 'NONE', #9097, 1000.000000000000000 ) ;
#2282 = DIRECTION ( 'NONE',  ( 0.000000000000000000, 0.7071067811865471286, 0.7071067811865480168 ) ) ;
#2283 = DIRECTION ( 'NONE',  ( 0.000000000000000000, 0.000000000000000000, -1.000000000000000000 ) ) ;
#2284 = DIRECTION ( 'NONE',  ( -1.000000000000000000, 0.000000000000000000, 0.000000000000000000 ) ) ;
#2285 = ORIENTED_EDGE ( 'NONE', *, *, #10105, .F. ) ;
#2286 = LINE ( 'NONE', #7239, #8603 ) ;
#2287 = VERTEX_POINT ( 'NONE', #9 ) ;
#2288 = ORIENTED_EDGE ( 'NONE', *, *, #5099, .F. ) ;
#2289 = VECTOR ( 'NONE', #8756, 1000.000000000000000 ) ;
#2290 = EDGE_CURVE ( 'NONE', #8245, #7578, #967, .T. ) ;
#2291 = AXIS2_PLACEMENT_3D ( 'NONE', #6964, #8507, #1449 ) ;
#2292 = ADVANCED_FACE ( 'NONE', ( #6708 ), #5091, .T. ) ;
#2293 = CIRCLE ( 'NONE', #8717, 0.04999999999999991257 ) ;
#2294 = FACE_OUTER_BOUND ( 'NONE', #8609, .T. ) ;
#2295 = ADVANCED_FACE ( 'NONE', ( #9028 ), #8251, .T. ) ;
#2296 = CARTESIAN_POINT ( 'NONE',  ( -0.5999999999912689619, -1.350000000046569948, 0.000000000000000000 ) ) ;
#2297 = CYLINDRICAL_SURFACE ( 'NONE', #5296, 0.1499999999999999944 ) ;
#2298 = CIRCLE ( 'NONE', #310, 0.05000000000000002359 ) ;
#2299 = DIRECTION ( 'NONE',  ( 0.7071067811865483499, 0.000000000000000000, 0.7071067811865466846 ) ) ;
#2300 = CIRCLE ( 'NONE', #311, 0.04999999999999991257 ) ;
#2301 = ORIENTED_EDGE ( 'NONE', *, *, #9462, .F. ) ;
#2302 = FACE_OUTER_BOUND ( 'NONE', #7032, .T. ) ;
#2303 = EDGE_CURVE ( 'NONE', #7431, #1717, #4115, .T. ) ;
#2304 = EDGE_LOOP ( 'NONE', ( #3692, #1554, #6183, #3359 ) ) ;
#2305 = CYLINDRICAL_SURFACE ( 'NONE', #10183, 0.05000000000000001665 ) ;
#2306 = CIRCLE ( 'NONE', #9055, 0.05000000000000001665 ) ;
#2307 = AXIS2_PLACEMENT_3D ( 'NONE', #3478, #328, #6730 ) ;
#2308 = DIRECTION ( 'NONE',  ( -2.055968564160549760E-16, 1.000000000000000000, 0.000000000000000000 ) ) ;
#2309 = FACE_OUTER_BOUND ( 'NONE', #6896, .T. ) ;
#2310 = CARTESIAN_POINT ( 'NONE',  ( 0.8000000000000000444, 1.350000000000000089, 1.199999999999999956 ) ) ;
#2311 = DIRECTION ( 'NONE',  ( 0.000000000000000000, 0.000000000000000000, 1.000000000000000000 ) ) ;
#2312 = VERTEX_POINT ( 'NONE', #4879 ) ;
#2313 = ORIENTED_EDGE ( 'NONE', *, *, #9269, .T. ) ;
#2314 = EDGE_LOOP ( 'NONE', ( #3663, #5196, #2581, #9320 ) ) ;
#2315 = EDGE_CURVE ( 'NONE', #5746, #4235, #4984, .T. ) ;
#2316 = DIRECTION ( 'NONE',  ( 0.000000000000000000, 0.000000000000000000, 1.000000000000000000 ) ) ;
#2317 = AXIS2_PLACEMENT_3D ( 'NONE', #6784, #8426, #691 ) ;
#2318 = CARTESIAN_POINT ( 'NONE',  ( -1.054999999999999938, 0.2287144171094039891, 1.850000000000000089 ) ) ;
#2319 = LINE ( 'NONE', #5497, #6348 ) ;
#2320 = LINE ( 'NONE', #2266, #7174 ) ;
#2321 = CYLINDRICAL_SURFACE ( 'NONE', #3444, 0.04999999999999998196 ) ;
#2322 = ORIENTED_EDGE ( 'NONE', *, *, #2934, .T. ) ;
#2323 = DIRECTION ( 'NONE',  ( 0.8522164413315482800, -0.5231893893459534928, 0.000000000000000000 ) ) ;
#2324 = EDGE_LOOP ( 'NONE', ( #8263, #4798, #6847, #1248 ) ) ;
#2325 = AXIS2_PLACEMENT_3D ( 'NONE', #7025, #5472, #8627 ) ;
#2326 = EDGE_CURVE ( 'NONE', #3203, #7308, #8752, .T. ) ;
#2327 = ORIENTED_EDGE ( 'NONE', *, *, #5863, .T. ) ;
#2328 = DIRECTION ( 'NONE',  ( 0.000000000000000000, 0.000000000000000000, -1.000000000000000000 ) ) ;
#2329 = FACE_OUTER_BOUND ( 'NONE', #5519, .T. ) ;
#2330 = CIRCLE ( 'NONE', #8093, 0.04999999999999991257 ) ;
#2331 = CARTESIAN_POINT ( 'NONE',  ( 1.935355339059327440, -1.385355339059327395, 0.05000000000000000278 ) ) ;
#2332 = DIRECTION ( 'NONE',  ( 0.000000000000000000, 0.000000000000000000, -1.000000000000000000 ) ) ;
#2333 = CARTESIAN_POINT ( 'NONE',  ( -1.949999999999999956, -0.4364045445652709465, 0.1499999999999999944 ) ) ;
#2334 = CYLINDRICAL_SURFACE ( 'NONE', #6839, 0.05000000000000007216 ) ;
#2335 = CARTESIAN_POINT ( 'NONE',  ( 0.4309513410520389720, 0.8191628971831930173, 0.1499999999999999944 ) ) ;
#2336 = ORIENTED_EDGE ( 'NONE', *, *, #136, .T. ) ;
#2337 = ADVANCED_FACE ( 'NONE', ( #5644 ), #2562, .T. ) ;
#2338 = CARTESIAN_POINT ( 'NONE',  ( -1.899999999999999911, -1.350000000000000089, 0.05000000000000000278 ) ) ;
#2339 = CIRCLE ( 'NONE', #8270, 0.05000000000000000278 ) ;
#2340 = VERTEX_POINT ( 'NONE', #1011 ) ;
#2341 = EDGE_CURVE ( 'NONE', #9281, #4378, #65, .T. ) ;
#2342 = PLANE ( 'NONE',  #9902 ) ;
#2343 = CARTESIAN_POINT ( 'NONE',  ( 2.100000000000000089, -0.8364045445652710242, -0.7500000000000000000 ) ) ;
#2344 = DIRECTION ( 'NONE',  ( 0.000000000000000000, 1.000000000000000000, 0.000000000000000000 ) ) ;
#2345 = CARTESIAN_POINT ( 'NONE',  ( -1.900000000011639933, 1.036404544565270092, 0.1499999999999999944 ) ) ;
#2346 = CARTESIAN_POINT ( 'NONE',  ( 1.899999999999999911, -1.036404544565270092, -0.05000000000000000278 ) ) ;
#2347 = AXIS2_PLACEMENT_3D ( 'NONE', #3507, #8191, #1819 ) ;
#2348 = CARTESIAN_POINT ( 'NONE',  ( -0.3222667766999390282, -0.6049999999999999822, 1.300000000000000044 ) ) ;
#2349 = ADVANCED_FACE ( 'NONE', ( #177 ), #1631, .T. ) ;
#2350 = ORIENTED_EDGE ( 'NONE', *, *, #4220, .F. ) ;
#2351 = VERTEX_POINT ( 'NONE', #8689 ) ;
#2352 = CARTESIAN_POINT ( 'NONE',  ( 2.100000000000000089, 1.036404544565270092, -0.7500000000000000000 ) ) ;
#2353 = AXIS2_PLACEMENT_3D ( 'NONE', #2930, #602, #2063 ) ;
#2354 = CARTESIAN_POINT ( 'NONE',  ( -0.8000000000087310603, 1.349999999973810150, 0.000000000000000000 ) ) ;
#2355 = DIRECTION ( 'NONE',  ( 1.000000000000000000, 0.000000000000000000, 0.000000000000000000 ) ) ;
#2356 = LINE ( 'NONE', #4775, #7226 ) ;
#2357 = EDGE_CURVE ( 'NONE', #9449, #5846, #7543, .T. ) ;
#2358 = DIRECTION ( 'NONE',  ( -0.7071067811865482389, 0.000000000000000000, -0.7071067811865466846 ) ) ;
#2359 = CARTESIAN_POINT ( 'NONE',  ( -1.949999999999999956, -1.036404544565270092, -0.7500000000000000000 ) ) ;
#2360 = ORIENTED_EDGE ( 'NONE', *, *, #8837, .F. ) ;
#2361 = ORIENTED_EDGE ( 'NONE', *, *, #10075, .T. ) ;
#2362 = ORIENTED_EDGE ( 'NONE', *, *, #8323, .F. ) ;
#2363 = CYLINDRICAL_SURFACE ( 'NONE', #1277, 0.1999999999999998446 ) ;
#2364 = ORIENTED_EDGE ( 'NONE', *, *, #3317, .F. ) ;
#2365 = CARTESIAN_POINT ( 'NONE',  ( 0.8000000000000000444, -1.350000000000000089, 1.199999999999999956 ) ) ;
#2366 = PLANE ( 'NONE',  #5887 ) ;
#2367 = DIRECTION ( 'NONE',  ( 1.000000000000000000, 0.000000000000000000, 0.000000000000000000 ) ) ;
#2368 = EDGE_CURVE ( 'NONE', #644, #8933, #1997, .T. ) ;
#2369 = DIRECTION ( 'NONE',  ( 0.000000000000000000, -0.7071067811865484609, 0.7071067811865466846 ) ) ;
#2370 = FACE_OUTER_BOUND ( 'NONE', #6357, .T. ) ;
#2371 = ORIENTED_EDGE ( 'NONE', *, *, #3569, .F. ) ;
#2372 = DIRECTION ( 'NONE',  ( 0.000000000000000000, 0.000000000000000000, 1.000000000000000000 ) ) ;
#2373 = EDGE_LOOP ( 'NONE', ( #9846, #4567, #6537, #685, #9603, #6869, #8834 ) ) ;
#2374 = DIRECTION ( 'NONE',  ( -1.000000000000000000, 0.000000000000000000, 0.000000000000000000 ) ) ;
#2375 = ORIENTED_EDGE ( 'NONE', *, *, #7458, .T. ) ;
#2376 = VERTEX_POINT ( 'NONE', #5956 ) ;
#2377 = CARTESIAN_POINT ( 'NONE',  ( -0.3222667766999390282, -0.8451626137813800232, 0.1499999999999999944 ) ) ;
#2378 = PLANE ( 'NONE',  #5636 ) ;
#2379 = DIRECTION ( 'NONE',  ( 1.982541115402059686E-16, -1.000000000000000000, -1.982541115402064617E-16 ) ) ;
#2380 = DIRECTION ( 'NONE',  ( 0.7071067811865482389, 0.000000000000000000, -0.7071067811865466846 ) ) ;
#2381 = EDGE_CURVE ( 'NONE', #7258, #9973, #2816, .T. ) ;
#2382 = LINE ( 'NONE', #1725, #5024 ) ;
#2383 = DIRECTION ( 'NONE',  ( 0.000000000000000000, 0.7071067811865482389, -0.7071067811865466846 ) ) ;
#2384 = ORIENTED_EDGE ( 'NONE', *, *, #7483, .T. ) ;
#2385 = AXIS2_PLACEMENT_3D ( 'NONE', #7722, #2991, #6135 ) ;
#2386 = CARTESIAN_POINT ( 'NONE',  ( -0.3222667766999390282, -0.6049999999999999822, 0.1499999999999999944 ) ) ;
#2387 = ORIENTED_EDGE ( 'NONE', *, *, #8434, .T. ) ;
#2388 = VECTOR ( 'NONE', #5622, 1000.000000000000000 ) ;
#2389 = CARTESIAN_POINT ( 'NONE',  ( -0.8000000000000000444, -1.350000000000000089, 0.000000000000000000 ) ) ;
#2390 = CIRCLE ( 'NONE', #6516, 0.04999999999999991257 ) ;
#2391 = DIRECTION ( 'NONE',  ( -1.000000000000000000, -3.558407130208829819E-17, -3.558407130208834749E-17 ) ) ;
#2392 = CARTESIAN_POINT ( 'NONE',  ( 0.3222667766999390282, 0.7550000000000000044, 1.850000000000000089 ) ) ;
#2393 = ADVANCED_FACE ( 'NONE', ( #2864, #5806 ), #8280, .T. ) ;
#2394 = CYLINDRICAL_SURFACE ( 'NONE', #4475, 0.05000000000000007216 ) ;
#2395 = EDGE_CURVE ( 'NONE', #1493, #4393, #6000, .T. ) ;
#2396 = ORIENTED_EDGE ( 'NONE', *, *, #2277, .F. ) ;
#2397 = VECTOR ( 'NONE', #8656, 1000.000000000000000 ) ;
#2398 = CARTESIAN_POINT ( 'NONE',  ( -0.6999999999999999556, -1.149999999999999911, 0.05000000000000000278 ) ) ;
#2399 = AXIS2_PLACEMENT_3D ( 'NONE', #8422, #8370, #3004 ) ;
#2400 = EDGE_LOOP ( 'NONE', ( #1357, #158, #183, #7566 ) ) ;
#2401 = DIRECTION ( 'NONE',  ( 7.792703114739566078E-16, -0.7071067811865473507, -0.7071067811865476838 ) ) ;
#2402 = EDGE_CURVE ( 'NONE', #518, #6457, #2947, .T. ) ;
#2403 = CARTESIAN_POINT ( 'NONE',  ( -1.899999999999999911, -1.350000000000000089, 1.199999999999999956 ) ) ;
#2404 = DIRECTION ( 'NONE',  ( 1.000000000000000000, 0.000000000000000000, 0.000000000000000000 ) ) ;
#2405 = AXIS2_PLACEMENT_3D ( 'NONE', #7907, #2462, #7095 ) ;
#2406 = DIRECTION ( 'NONE',  ( 0.000000000000000000, 0.000000000000000000, -1.000000000000000000 ) ) ;
#2407 = CARTESIAN_POINT ( 'NONE',  ( 0.6999999999999999556, 1.150000000029289815, 0.1499999999999999944 ) ) ;
#2408 = CARTESIAN_POINT ( 'NONE',  ( 0.7500000000000000000, -1.350000000000000089, 0.05000000000000000278 ) ) ;
#2409 = DIRECTION ( 'NONE',  ( 0.7071067811865483499, 0.000000000000000000, 0.7071067811865466846 ) ) ;
#2410 = DIRECTION ( 'NONE',  ( -0.8917411990616694872, 0.4525457257516152243, 2.081668171172170880E-15 ) ) ;
#2411 = ORIENTED_EDGE ( 'NONE', *, *, #7019, .F. ) ;
#2412 = APPLICATION_PROTOCOL_DEFINITION ( 'draft international standard', 'automotive_design', 1998, #3015 ) ;
#2413 = EDGE_LOOP ( 'NONE', ( #8965, #5443, #5860, #5536 ) ) ;
#2414 = ORIENTED_EDGE ( 'NONE', *, *, #1124, .F. ) ;
#2415 = DIRECTION ( 'NONE',  ( 0.000000000000000000, 0.000000000000000000, -1.000000000000000000 ) ) ;
#2416 = EDGE_LOOP ( 'NONE', ( #8787, #3028, #1297, #3420 ) ) ;
#2417 = EDGE_CURVE ( 'NONE', #1570, #7733, #7380, .T. ) ;
#2418 = EDGE_CURVE ( 'NONE', #1752, #8315, #9369, .T. ) ;
#2419 = DIRECTION ( 'NONE',  ( 0.000000000000000000, 1.000000000000000000, 0.000000000000000000 ) ) ;
#2420 = AXIS2_PLACEMENT_3D ( 'NONE', #9478, #2410, #9372 ) ;
#2421 = DIRECTION ( 'NONE',  ( 0.000000000000000000, -1.000000000000000000, 0.000000000000000000 ) ) ;
#2422 = CARTESIAN_POINT ( 'NONE',  ( -0.3750000000000000000, 1.350000000000000089, 1.199999999999999956 ) ) ;
#2423 = CARTESIAN_POINT ( 'NONE',  ( 0.5999999999912689619, -1.349999999973810150, 0.000000000000000000 ) ) ;
#2424 = VERTEX_POINT ( 'NONE', #1892 ) ;
#2425 = ORIENTED_EDGE ( 'NONE', *, *, #3462, .F. ) ;
#2426 = EDGE_CURVE ( 'NONE', #6616, #993, #6737, .T. ) ;
#2427 = ORIENTED_EDGE ( 'NONE', *, *, #6522, .F. ) ;
#2428 = AXIS2_PLACEMENT_3D ( 'NONE', #2826, #5912, #3694 ) ;
#2429 = DIRECTION ( 'NONE',  ( 0.000000000000000000, 0.000000000000000000, -1.000000000000000000 ) ) ;
#2430 = ADVANCED_FACE ( 'NONE', ( #7492 ), #3637, .F. ) ;
#2431 = CARTESIAN_POINT ( 'NONE',  ( -1.025443288266309816, -0.4392834931844787349, 1.850000000000000089 ) ) ;
#2432 = DIRECTION ( 'NONE',  ( 0.000000000000000000, 0.000000000000000000, -1.000000000000000000 ) ) ;
#2433 = DIRECTION ( 'NONE',  ( 0.000000000000000000, 0.000000000000000000, 1.000000000000000000 ) ) ;
#2434 = DIRECTION ( 'NONE',  ( 0.000000000000000000, 0.000000000000000000, 1.000000000000000000 ) ) ;
#2435 =( NAMED_UNIT ( * ) SI_UNIT ( $, .STERADIAN. ) SOLID_ANGLE_UNIT ( ) );
#2436 = VECTOR ( 'NONE', #340, 1000.000000000000000 ) ;
#2437 = VERTEX_POINT ( 'NONE', #8324 ) ;
#2438 = VECTOR ( 'NONE', #1267, 1000.000000000000000 ) ;
#2439 = ORIENTED_EDGE ( 'NONE', *, *, #3121, .F. ) ;
#2440 = VECTOR ( 'NONE', #6025, 1000.000000000000000 ) ;
#2441 = ORIENTED_EDGE ( 'NONE', *, *, #6950, .F. ) ;
#2442 = VERTEX_POINT ( 'NONE', #383 ) ;
#2443 = EDGE_CURVE ( 'NONE', #4153, #6505, #6785, .T. ) ;
#2444 = DIRECTION ( 'NONE',  ( 0.000000000000000000, 0.000000000000000000, 1.000000000000000000 ) ) ;
#2445 = CARTESIAN_POINT ( 'NONE',  ( -0.6999999999999999556, -1.199999999999999956, 0.05000000000000000278 ) ) ;
#2446 = CARTESIAN_POINT ( 'NONE',  ( -1.899999999999999911, 1.350000000000000089, 0.05000000000000000278 ) ) ;
#2447 = PLANE ( 'NONE',  #4801 ) ;
#2448 = CARTESIAN_POINT ( 'NONE',  ( 2.100000000000000089, 0.4364045445652700028, 0.000000000000000000 ) ) ;
#2449 = AXIS2_PLACEMENT_3D ( 'NONE', #10132, #6878, #5373 ) ;
#2450 = ORIENTED_EDGE ( 'NONE', *, *, #5919, .T. ) ;
#2451 = FACE_OUTER_BOUND ( 'NONE', #3345, .T. ) ;
#2452 = AXIS2_PLACEMENT_3D ( 'NONE', #8071, #6370, #8012 ) ;
#2453 = AXIS2_PLACEMENT_3D ( 'NONE', #6373, #10098, #9370 ) ;
#2454 = ORIENTED_EDGE ( 'NONE', *, *, #9591, .F. ) ;
#2455 = CARTESIAN_POINT ( 'NONE',  ( -1.900000000011639933, 1.036404544565270092, 0.000000000000000000 ) ) ;
#2456 = EDGE_CURVE ( 'NONE', #8933, #8081, #4420, .T. ) ;
#2457 = PLANE ( 'NONE',  #7081 ) ;
#2458 = CIRCLE ( 'NONE', #3608, 0.2401626137813799300 ) ;
#2459 = CARTESIAN_POINT ( 'NONE',  ( -1.600000000000000089, -1.100000000000000089, 0.000000000000000000 ) ) ;
#2460 = VECTOR ( 'NONE', #1017, 1000.000000000000000 ) ;
#2461 = TOROIDAL_SURFACE ( 'NONE', #8216, 0.1000000000000000056, 0.05000000000000000278 ) ;
#2462 = DIRECTION ( 'NONE',  ( 0.000000000000000000, -1.000000000000000000, 0.000000000000000000 ) ) ;
#2463 = CARTESIAN_POINT ( 'NONE',  ( 1.899999999999999911, 1.100000000000000089, 0.000000000000000000 ) ) ;
#2464 = DIRECTION ( 'NONE',  ( 0.000000000000000000, 1.000000000000000000, 0.000000000000000000 ) ) ;
#2465 = DIRECTION ( 'NONE',  ( 0.000000000000000000, 1.000000000000000000, 0.000000000000000000 ) ) ;
#2466 = ORIENTED_EDGE ( 'NONE', *, *, #7306, .T. ) ;
#2467 = ORIENTED_EDGE ( 'NONE', *, *, #2086, .F. ) ;
#2468 = EDGE_CURVE ( 'NONE', #3034, #5762, #10035, .T. ) ;
#2469 = ORIENTED_EDGE ( 'NONE', *, *, #8486, .F. ) ;
#2470 = CIRCLE ( 'NONE', #9556, 0.1500000000000000777 ) ;
#2471 = VECTOR ( 'NONE', #5104, 1000.000000000000000 ) ;
#2472 = CIRCLE ( 'NONE', #10059, 0.04999999999999991257 ) ;
#2473 = CARTESIAN_POINT ( 'NONE',  ( 0.3222667766999390282, 0.6049999999999999822, 0.000000000000000000 ) ) ;
#2474 = CARTESIAN_POINT ( 'NONE',  ( 0.8549999999999999822, 0.3346456153152879698, 1.300000000000000044 ) ) ;
#2475 = EDGE_CURVE ( 'NONE', #8432, #9763, #126, .T. ) ;
#2476 = ORIENTED_EDGE ( 'NONE', *, *, #3237, .F. ) ;
#2477 = DIRECTION ( 'NONE',  ( 0.7071067811865482389, 0.000000000000000000, -0.7071067811865466846 ) ) ;
#2478 = VECTOR ( 'NONE', #4113, 1000.000000000000000 ) ;
#2479 = LINE ( 'NONE', #4623, #9194 ) ;
#2480 = CARTESIAN_POINT ( 'NONE',  ( -1.899999999999999911, 1.350000000000000089, 0.000000000000000000 ) ) ;
#2481 = CARTESIAN_POINT ( 'NONE',  ( -1.104999999999999982, 0.2287144171094039891, 1.300000000000000044 ) ) ;
#2482 = ORIENTED_EDGE ( 'NONE', *, *, #5665, .F. ) ;
#2483 = DIRECTION ( 'NONE',  ( 0.000000000000000000, 1.000000000000000000, 0.000000000000000000 ) ) ;
#2484 = ORIENTED_EDGE ( 'NONE', *, *, #4198, .F. ) ;
#2485 = EDGE_CURVE ( 'NONE', #9285, #8448, #9893, .T. ) ;
#2486 = CARTESIAN_POINT ( 'NONE',  ( 1.899999999938880135, -1.349999999973810150, 0.000000000000000000 ) ) ;
#2487 = EDGE_LOOP ( 'NONE', ( #8897, #6980, #4334, #5914 ) ) ;
#2488 = ORIENTED_EDGE ( 'NONE', *, *, #3163, .F. ) ;
#2489 = VECTOR ( 'NONE', #6047, 1000.000000000000000 ) ;
#2490 = EDGE_CURVE ( 'NONE', #8625, #130, #6831, .T. ) ;
#2491 = FACE_OUTER_BOUND ( 'NONE', #8009, .T. ) ;
#2492 = FACE_OUTER_BOUND ( 'NONE', #1339, .T. ) ;
#2493 = DIRECTION ( 'NONE',  ( 0.000000000000000000, 0.000000000000000000, -1.000000000000000000 ) ) ;
#2494 = LINE ( 'NONE', #7884, #4806 ) ;
#2495 = CARTESIAN_POINT ( 'NONE',  ( -1.040355339059327422, 0.3346456153152879698, 1.885355339059327395 ) ) ;
#2496 = AXIS2_PLACEMENT_3D ( 'NONE', #7292, #5072, #5794 ) ;
#2497 = LINE ( 'NONE', #1772, #809 ) ;
#2498 = ORIENTED_EDGE ( 'NONE', *, *, #3020, .T. ) ;
#2499 = ADVANCED_FACE ( 'NONE', ( #9989 ), #8959, .T. ) ;
#2500 = ORIENTED_EDGE ( 'NONE', *, *, #2539, .T. ) ;
#2502 = CARTESIAN_POINT ( 'NONE',  ( 1.949999999999999956, -1.036404544565270092, 0.1499999999999999944 ) ) ;
#2501 = SHAPE_REPRESENTATION_RELATIONSHIP ( 'NONE' , 'NONE' ,  #6068, #6618 ) ;
#2503 = ORIENTED_EDGE ( 'NONE', *, *, #4875, .F. ) ;
#2504 = ORIENTED_EDGE ( 'NONE', *, *, #7297, .T. ) ;
#2505 = AXIS2_PLACEMENT_3D ( 'NONE', #7348, #3481, #4318 ) ;
#2506 = CARTESIAN_POINT ( 'NONE',  ( 1.899999999938880135, 0.4364045445652700028, 0.000000000000000000 ) ) ;
#2507 = LINE ( 'NONE', #8794, #1336 ) ;
#2508 = DIRECTION ( 'NONE',  ( 0.000000000000000000, 0.000000000000000000, 1.000000000000000000 ) ) ;
#2509 = CARTESIAN_POINT ( 'NONE',  ( -0.3222667766999390282, 0.8451626137813800232, 0.1499999999999999944 ) ) ;
#2510 = ADVANCED_FACE ( 'NONE', ( #9003 ), #1938, .T. ) ;
#2511 = VECTOR ( 'NONE', #7993, 1000.000000000000114 ) ;
#2512 = ORIENTED_EDGE ( 'NONE', *, *, #9415, .T. ) ;
#2513 = CYLINDRICAL_SURFACE ( 'NONE', #8815, 0.04999999999999998196 ) ;
#2514 = UNCERTAINTY_MEASURE_WITH_UNIT (LENGTH_MEASURE( 1.000000000000000082E-05 ), #7088, 'distance_accuracy_value', 'NONE');
#2515 = AXIS2_PLACEMENT_3D ( 'NONE', #2908, #8474, #7494 ) ;
#2516 = DIRECTION ( 'NONE',  ( 0.000000000000000000, 0.000000000000000000, 1.000000000000000000 ) ) ;
#2517 = CARTESIAN_POINT ( 'NONE',  ( -0.7353553390593273731, 1.214644660940672694, 0.000000000000000000 ) ) ;
#2518 = DIRECTION ( 'NONE',  ( 0.7071067811865482389, 0.000000000000000000, 0.7071067811865466846 ) ) ;
#2519 = CARTESIAN_POINT ( 'NONE',  ( 0.6999999999999999556, 1.150000000029289815, 0.000000000000000000 ) ) ;
#2520 = DIRECTION ( 'NONE',  ( 0.000000000000000000, 0.000000000000000000, -1.000000000000000000 ) ) ;
#2521 = ADVANCED_FACE ( 'NONE', ( #634 ), #3890, .F. ) ;
#2522 = ORIENTED_EDGE ( 'NONE', *, *, #3854, .F. ) ;
#2523 = EDGE_LOOP ( 'NONE', ( #1924, #1513, #6019, #2031 ) ) ;
#2524 = DIRECTION ( 'NONE',  ( 0.000000000000000000, 0.000000000000000000, 1.000000000000000000 ) ) ;
#2525 = FACE_OUTER_BOUND ( 'NONE', #9759, .T. ) ;
#2526 = ORIENTED_EDGE ( 'NONE', *, *, #5883, .T. ) ;
#2527 = AXIS2_PLACEMENT_3D ( 'NONE', #1169, #3282, #2611 ) ;
#2528 = DIRECTION ( 'NONE',  ( 0.000000000000000000, 0.000000000000000000, -1.000000000000000000 ) ) ;
#2529 = LINE ( 'NONE', #8818, #4696 ) ;
#2530 = PRESENTATION_STYLE_ASSIGNMENT (( #8819 ) ) ;
#2531 = EDGE_CURVE ( 'NONE', #8358, #6726, #1296, .T. ) ;
#2532 = FACE_OUTER_BOUND ( 'NONE', #5457, .T. ) ;
#2533 = ORIENTED_EDGE ( 'NONE', *, *, #6915, .T. ) ;
#2534 =( LENGTH_UNIT ( ) NAMED_UNIT ( * ) SI_UNIT ( .MILLI., .METRE. ) );
#2535 = ORIENTED_EDGE ( 'NONE', *, *, #5166, .T. ) ;
#2536 = EDGE_LOOP ( 'NONE', ( #388, #7001, #1606, #7289, #643 ) ) ;
#2537 = DIRECTION ( 'NONE',  ( 0.000000000000000000, 0.000000000000000000, -1.000000000000000000 ) ) ;
#2538 = DIRECTION ( 'NONE',  ( -1.000000000000000000, 0.000000000000000000, 0.000000000000000000 ) ) ;
#2539 = EDGE_CURVE ( 'NONE', #7003, #6238, #9360, .T. ) ;
#2540 = LINE ( 'NONE', #3404, #6696 ) ;
#2541 = FACE_OUTER_BOUND ( 'NONE', #5184, .T. ) ;
#2542 = DIRECTION ( 'NONE',  ( 0.000000000000000000, -0.7071067811865482389, -0.7071067811865466846 ) ) ;
#2543 = FACE_OUTER_BOUND ( 'NONE', #5926, .T. ) ;
#2544 = VERTEX_POINT ( 'NONE', #10187 ) ;
#2545 = ORIENTED_EDGE ( 'NONE', *, *, #2210, .F. ) ;
#2546 = CARTESIAN_POINT ( 'NONE',  ( 2.299999999999999822, 0.5000000000000000000, 0.000000000000000000 ) ) ;
#2547 = EDGE_LOOP ( 'NONE', ( #3843, #4243, #1497, #190 ) ) ;
#2548 = ORIENTED_EDGE ( 'NONE', *, *, #6827, .T. ) ;
#2549 = LINE ( 'NONE', #785, #4951 ) ;
#2550 = ADVANCED_FACE ( 'NONE', ( #3112 ), #8524, .T. ) ;
#2551 = EDGE_CURVE ( 'NONE', #9268, #3886, #5899, .T. ) ;
#2552 = DIRECTION ( 'NONE',  ( 0.8917411990616690431, -0.4525457257516160015, 0.000000000000000000 ) ) ;
#2553 = AXIS2_PLACEMENT_3D ( 'NONE', #5379, #6157, #3065 ) ;
#2554 = FACE_OUTER_BOUND ( 'NONE', #2877, .T. ) ;
#2555 = DIRECTION ( 'NONE',  ( -1.000000000000000000, 0.000000000000000000, 0.000000000000000000 ) ) ;
#2556 = ORIENTED_EDGE ( 'NONE', *, *, #228, .T. ) ;
#2557 = DIRECTION ( 'NONE',  ( 0.000000000000000000, 0.000000000000000000, 1.000000000000000000 ) ) ;
#2558 = CIRCLE ( 'NONE', #1236, 0.05000000000000001665 ) ;
#2559 = VECTOR ( 'NONE', #9734, 1000.000000000000000 ) ;
#2560 = EDGE_CURVE ( 'NONE', #1455, #427, #7742, .T. ) ;
#2561 = CARTESIAN_POINT ( 'NONE',  ( -1.949999999999999956, -1.036404544565270092, 0.1499999999999999944 ) ) ;
#2562 = CYLINDRICAL_SURFACE ( 'NONE', #2452, 0.05000000000000007216 ) ;
#2563 = PLANE ( 'NONE',  #4057 ) ;
#2564 = CARTESIAN_POINT ( 'NONE',  ( 0.9636845643521000371, -0.5488085124984810603, 0.000000000000000000 ) ) ;
#2565 = CARTESIAN_POINT ( 'NONE',  ( -2.100000000000000089, -0.4364045445652709465, -0.7500000000000000000 ) ) ;
#2566 = AXIS2_PLACEMENT_3D ( 'NONE', #1603, #1552, #4747 ) ;
#2567 = FACE_OUTER_BOUND ( 'NONE', #4529, .T. ) ;
#2568 = ORIENTED_EDGE ( 'NONE', *, *, #9612, .F. ) ;
#2569 = ORIENTED_EDGE ( 'NONE', *, *, #5456, .T. ) ;
#2570 =( LENGTH_UNIT ( ) NAMED_UNIT ( * ) SI_UNIT ( .MILLI., .METRE. ) );
#2571 = CYLINDRICAL_SURFACE ( 'NONE', #3414, 0.05000000000000007216 ) ;
#2572 = AXIS2_PLACEMENT_3D ( 'NONE', #4079, #1588, #4675 ) ;
#2573 = ORIENTED_EDGE ( 'NONE', *, *, #9279, .F. ) ;
#2574 = AXIS2_PLACEMENT_3D ( 'NONE', #8293, #5820, #4328 ) ;
#2575 = EDGE_CURVE ( 'NONE', #3655, #5790, #8582, .T. ) ;
#2576 = FACE_OUTER_BOUND ( 'NONE', #657, .T. ) ;
#2577 = CYLINDRICAL_SURFACE ( 'NONE', #72, 0.2000000000000001221 ) ;
#2578 = CARTESIAN_POINT ( 'NONE',  ( 0.3750000000000000000, 1.149999999999999911, 0.05000000000000000278 ) ) ;
#2579 = EDGE_LOOP ( 'NONE', ( #853, #9719, #9390, #9636, #8186 ) ) ;
#2580 = LINE ( 'NONE', #1652, #1627 ) ;
#2581 = ORIENTED_EDGE ( 'NONE', *, *, #534, .F. ) ;
#2582 = ORIENTED_EDGE ( 'NONE', *, *, #9934, .T. ) ;
#2583 = ORIENTED_EDGE ( 'NONE', *, *, #585, .F. ) ;
#2584 = DIRECTION ( 'NONE',  ( 0.000000000000000000, 0.000000000000000000, 1.000000000000000000 ) ) ;
#2585 = EDGE_CURVE ( 'NONE', #159, #8611, #5090, .T. ) ;
#2586 = EDGE_CURVE ( 'NONE', #4550, #4390, #1365, .T. ) ;
#2587 = DIRECTION ( 'NONE',  ( 0.8917411990616683770, -0.4525457257516171672, 0.000000000000000000 ) ) ;
#2588 = LINE ( 'NONE', #987, #9692 ) ;
#2589 = CARTESIAN_POINT ( 'NONE',  ( 0.3222667766999390282, -0.6049999999999999822, 0.000000000000000000 ) ) ;
#2590 = CARTESIAN_POINT ( 'NONE',  ( -0.6999999999999999556, 1.185355339059327440, 1.235355339059327262 ) ) ;
#2591 = PRESENTATION_STYLE_ASSIGNMENT (( #934 ) ) ;
#2592 = VERTEX_POINT ( 'NONE', #692 ) ;
#2593 = ORIENTED_EDGE ( 'NONE', *, *, #8666, .F. ) ;
#2594 = ADVANCED_FACE ( 'NONE', ( #9412 ), #1453, .T. ) ;
#2595 = ORIENTED_EDGE ( 'NONE', *, *, #8595, .T. ) ;
#2596 = VERTEX_POINT ( 'NONE', #6105 ) ;
#2597 = DIRECTION ( 'NONE',  ( 0.000000000000000000, -1.000000000000000000, 0.000000000000000000 ) ) ;
#2598 = CIRCLE ( 'NONE', #2920, 0.1500000000000000500 ) ;
#2599 = DIRECTION ( 'NONE',  ( 0.000000000000000000, 1.000000000000000000, 0.000000000000000000 ) ) ;
#2600 = DIRECTION ( 'NONE',  ( -0.000000000000000000, 1.000000000000000000, 0.000000000000000000 ) ) ;
#2601 = AXIS2_PLACEMENT_3D ( 'NONE', #9141, #2080, #6819 ) ;
#2602 = ORIENTED_EDGE ( 'NONE', *, *, #6158, .F. ) ;
#2603 = ORIENTED_EDGE ( 'NONE', *, *, #2210, .T. ) ;
#2604 = SPHERICAL_SURFACE ( 'NONE', #3198, 0.05000000000000000278 ) ;
#2605 = EDGE_CURVE ( 'NONE', #3852, #7983, #7648, .T. ) ;
#2606 = UNCERTAINTY_MEASURE_WITH_UNIT (LENGTH_MEASURE( 1.000000000000000082E-05 ), #9263, 'distance_accuracy_value', 'NONE');
#2607 = EDGE_CURVE ( 'NONE', #3500, #3202, #4649, .T. ) ;
#2608 = CARTESIAN_POINT ( 'NONE',  ( 0.6999999999999999556, -1.250000000000000000, 0.000000000000000000 ) ) ;
#2609 = DIRECTION ( 'NONE',  ( 0.000000000000000000, 0.000000000000000000, -1.000000000000000000 ) ) ;
#2610 = FACE_OUTER_BOUND ( 'NONE', #2536, .T. ) ;
#2611 = DIRECTION ( 'NONE',  ( -0.7071067811865474617, -0.7071067811865474617, 0.000000000000000000 ) ) ;
#2612 = DIRECTION ( 'NONE',  ( -0.7071067811865474617, 0.000000000000000000, -0.7071067811865474617 ) ) ;
#2613 = CARTESIAN_POINT ( 'NONE',  ( 0.7504565801423450644, 0.6680502826390388726, 1.300000000000000044 ) ) ;
#2614 = CARTESIAN_POINT ( 'NONE',  ( -0.8549999999999999822, -0.3346456153152879698, 1.250000000000000000 ) ) ;
#2615 = VECTOR ( 'NONE', #2698, 1000.000000000000000 ) ;
#2616 = CARTESIAN_POINT ( 'NONE',  ( 1.025443288266309816, -0.4392834931844787349, 1.300000000000000044 ) ) ;
#2617 = ORIENTED_EDGE ( 'NONE', *, *, #5819, .T. ) ;
#2618 = VERTEX_POINT ( 'NONE', #6151 ) ;
#2619 = EDGE_CURVE ( 'NONE', #1706, #3295, #1949, .T. ) ;
#2620 = CARTESIAN_POINT ( 'NONE',  ( 0.6999999999999999556, 1.199999999973810016, -1.122001267506480104 ) ) ;
#2621 = VECTOR ( 'NONE', #5700, 1000.000000000000000 ) ;
#2622 = VERTEX_POINT ( 'NONE', #6976 ) ;
#2623 = CIRCLE ( 'NONE', #6577, 0.2500000000000001110 ) ;
#2624 = CARTESIAN_POINT ( 'NONE',  ( -0.8000000000000000444, 1.350000000000000089, 1.199999999999999956 ) ) ;
#2625 = DIRECTION ( 'NONE',  ( 1.982541115402059686E-16, -1.000000000000000000, -1.982541115402064617E-16 ) ) ;
#2626 = CARTESIAN_POINT ( 'NONE',  ( -0.6999999999999999556, -1.250000000000000000, 1.250000000000000000 ) ) ;
#2627 = DIRECTION ( 'NONE',  ( 0.000000000000000000, -1.000000000000000000, 0.000000000000000000 ) ) ;
#2628 = VECTOR ( 'NONE', #7609, 1000.000000000000000 ) ;
#2629 = ORIENTED_EDGE ( 'NONE', *, *, #6462, .F. ) ;
#2630 =( GEOMETRIC_REPRESENTATION_CONTEXT ( 3 ) GLOBAL_UNCERTAINTY_ASSIGNED_CONTEXT ( ( #5801 ) ) GLOBAL_UNIT_ASSIGNED_CONTEXT ( ( #3357, #5516, #2435 ) ) REPRESENTATION_CONTEXT ( 'NONE', 'WORKASPACE' ) );
#2631 = VERTEX_POINT ( 'NONE', #8472 ) ;
#2632 = CIRCLE ( 'NONE', #9052, 0.05000000000000000278 ) ;
#2633 = VERTEX_POINT ( 'NONE', #3784 ) ;
#2634 = EDGE_CURVE ( 'NONE', #2847, #427, #4050, .T. ) ;
#2635 = VERTEX_POINT ( 'NONE', #1679 ) ;
#2636 = CARTESIAN_POINT ( 'NONE',  ( 0.8000000000000000444, -1.399999999999999911, 0.05000000000000000278 ) ) ;
#2637 = AXIS2_PLACEMENT_3D ( 'NONE', #5117, #9714, #7233 ) ;
#2638 = DIRECTION ( 'NONE',  ( 0.8917411990616680439, 0.4525457257516179999, -7.372574772901430151E-16 ) ) ;
#2639 = CIRCLE ( 'NONE', #8233, 0.05000000000000000278 ) ;
#2640 = CARTESIAN_POINT ( 'NONE',  ( -0.3222667766999390282, 0.6049999999999999822, 1.899999999999999911 ) ) ;
#2641 = FACE_OUTER_BOUND ( 'NONE', #5144, .T. ) ;
#2642 = FACE_OUTER_BOUND ( 'NONE', #2808, .T. ) ;
#2643 = ORIENTED_EDGE ( 'NONE', *, *, #9340, .F. ) ;
#2644 = ORIENTED_EDGE ( 'NONE', *, *, #9997, .T. ) ;
#2645 = ADVANCED_FACE ( 'NONE', ( #1782 ), #5686, .T. ) ;
#2646 = VECTOR ( 'NONE', #951, 1000.000000000000000 ) ;
#2647 = CARTESIAN_POINT ( 'NONE',  ( 1.005000000000000115, 0.3346456153152879698, 1.850000000000000089 ) ) ;
#2648 = AXIS2_PLACEMENT_3D ( 'NONE', #9460, #843, #1514 ) ;
#2649 = ORIENTED_EDGE ( 'NONE', *, *, #1594, .F. ) ;
#2650 = ORIENTED_EDGE ( 'NONE', *, *, #352, .F. ) ;
#2651 = CARTESIAN_POINT ( 'NONE',  ( 1.054999999999999938, 0.3346456153152879698, 1.300000000000000044 ) ) ;
#2652 = DIRECTION ( 'NONE',  ( -0.8522164413315487241, -0.5231893893459528266, 0.000000000000000000 ) ) ;
#2653 = AXIS2_PLACEMENT_3D ( 'NONE', #3781, #3008, #9109 ) ;
#2654 = AXIS2_PLACEMENT_3D ( 'NONE', #839, #495, #4422 ) ;
#2655 = FACE_OUTER_BOUND ( 'NONE', #9373, .T. ) ;
#2656 = CARTESIAN_POINT ( 'NONE',  ( -1.900000000011639933, 1.349999999973810150, 0.000000000000000000 ) ) ;
#2657 = DIRECTION ( 'NONE',  ( 0.000000000000000000, -1.000000000000000000, 0.000000000000000000 ) ) ;
#2658 = VERTEX_POINT ( 'NONE', #5634 ) ;
#2659 = ORIENTED_EDGE ( 'NONE', *, *, #3020, .F. ) ;
#2660 = DIRECTION ( 'NONE',  ( 0.000000000000000000, -1.000000000000000000, 0.000000000000000000 ) ) ;
#2661 = AXIS2_PLACEMENT_3D ( 'NONE', #111, #56, #3270 ) ;
#2662 = DIRECTION ( 'NONE',  ( 0.000000000000000000, 0.000000000000000000, 1.000000000000000000 ) ) ;
#2663 = DIRECTION ( 'NONE',  ( 0.000000000000000000, 0.000000000000000000, 1.000000000000000000 ) ) ;
#2664 = EDGE_CURVE ( 'NONE', #9553, #9311, #9529, .T. ) ;
#2665 = CARTESIAN_POINT ( 'NONE',  ( -1.899999999999999911, 0.6999999999999999556, 1.199999999999999956 ) ) ;
#2666 = CARTESIAN_POINT ( 'NONE',  ( -1.949999999999999956, 1.399999999999999911, 0.000000000000000000 ) ) ;
#2667 = DIRECTION ( 'NONE',  ( 1.000000000000000000, 0.000000000000000000, 0.000000000000000000 ) ) ;
#2668 = VECTOR ( 'NONE', #6775, 1000.000000000000000 ) ;
#2669 = DIRECTION ( 'NONE',  ( 0.000000000000000000, 0.000000000000000000, 1.000000000000000000 ) ) ;
#2670 = CYLINDRICAL_SURFACE ( 'NONE', #8536, 0.05000000000000001665 ) ;
#2671 = ORIENTED_EDGE ( 'NONE', *, *, #7483, .F. ) ;
#2672 = ORIENTED_EDGE ( 'NONE', *, *, #1218, .T. ) ;
#2673 = DIRECTION ( 'NONE',  ( 0.000000000000000000, 1.000000000000000000, 0.000000000000000000 ) ) ;
#2674 = VECTOR ( 'NONE', #5905, 1000.000000000000000 ) ;
#2675 = ORIENTED_EDGE ( 'NONE', *, *, #8675, .T. ) ;
#2676 = ADVANCED_FACE ( 'NONE', ( #215 ), #4105, .F. ) ;
#2677 = CARTESIAN_POINT ( 'NONE',  ( 0.6999999999999999556, -1.149999999977080023, 0.000000000000000000 ) ) ;
#2678 = DIRECTION ( 'NONE',  ( 0.000000000000000000, 1.000000000000000000, 0.000000000000000000 ) ) ;
#2679 = CARTESIAN_POINT ( 'NONE',  ( 0.8000000000087310603, -1.149999999973809972, 0.000000000000000000 ) ) ;
#2680 = AXIS2_PLACEMENT_3D ( 'NONE', #10230, #1660, #97 ) ;
#2681 = VERTEX_POINT ( 'NONE', #3365 ) ;
#2682 = ORIENTED_EDGE ( 'NONE', *, *, #3279, .F. ) ;
#2683 = CARTESIAN_POINT ( 'NONE',  ( 1.899999999938880135, -0.4364045445652709465, 0.000000000000000000 ) ) ;
#2684 = ORIENTED_EDGE ( 'NONE', *, *, #6716, .F. ) ;
#2685 = DIRECTION ( 'NONE',  ( 0.000000000000000000, 0.000000000000000000, -1.000000000000000000 ) ) ;
#2686 = CIRCLE ( 'NONE', #5308, 0.04999999999999991257 ) ;
#2687 = DIRECTION ( 'NONE',  ( 0.000000000000000000, 0.000000000000000000, 1.000000000000000000 ) ) ;
#2688 = EDGE_CURVE ( 'NONE', #4566, #8448, #7697, .T. ) ;
#2689 = DIRECTION ( 'NONE',  ( 0.000000000000000000, -1.000000000000000000, 0.000000000000000000 ) ) ;
#2690 = CARTESIAN_POINT ( 'NONE',  ( -0.3222667766999390282, 0.6049999999999999822, 1.300000000000000044 ) ) ;
#2691 = DIRECTION ( 'NONE',  ( 0.000000000000000000, 0.000000000000000000, 1.000000000000000000 ) ) ;
#2692 =( REPRESENTATION_RELATIONSHIP ('NONE','NONE', #1923, #3636 ) REPRESENTATION_RELATIONSHIP_WITH_TRANSFORMATION ( #5489 )SHAPE_REPRESENTATION_RELATIONSHIP( ) );
#2693 = ORIENTED_EDGE ( 'NONE', *, *, #6458, .F. ) ;
#2694 = ORIENTED_EDGE ( 'NONE', *, *, #262, .T. ) ;
#2695 = ORIENTED_EDGE ( 'NONE', *, *, #3342, .F. ) ;
#2696 = DIRECTION ( 'NONE',  ( 0.000000000000000000, 0.000000000000000000, -1.000000000000000000 ) ) ;
#2697 = ADVANCED_FACE ( 'NONE', ( #5738 ), #8842, .T. ) ;
#2698 = DIRECTION ( 'NONE',  ( 0.000000000000000000, 0.000000000000000000, 1.000000000000000000 ) ) ;
#2699 = CARTESIAN_POINT ( 'NONE',  ( -0.7344566725685474085, -0.6365224701930424223, 1.264644660940672516 ) ) ;
#2700 = DIRECTION ( 'NONE',  ( 0.000000000000000000, 0.000000000000000000, 1.000000000000000000 ) ) ;
#2701 = ORIENTED_EDGE ( 'NONE', *, *, #4131, .T. ) ;
#2702 = VERTEX_POINT ( 'NONE', #4759 ) ;
#2703 = DIRECTION ( 'NONE',  ( 0.000000000000000000, -1.000000000000000000, 0.000000000000000000 ) ) ;
#2704 = EDGE_LOOP ( 'NONE', ( #8747, #1310, #8947, #5714 ) ) ;
#2705 = DIRECTION ( 'NONE',  ( 0.000000000000000000, 0.000000000000000000, -1.000000000000000000 ) ) ;
#2706 = VECTOR ( 'NONE', #3140, 1000.000000000000000 ) ;
#2707 = DIRECTION ( 'NONE',  ( 0.000000000000000000, 0.000000000000000000, -1.000000000000000000 ) ) ;
#2708 = ADVANCED_FACE ( 'NONE', ( #8738 ), #1836, .T. ) ;
#2709 = DIRECTION ( 'NONE',  ( -0.7071067811865474617, -0.7071067811865474617, 0.000000000000000000 ) ) ;
#2710 = LINE ( 'NONE', #7544, #5693 ) ;
#2711 = DIRECTION ( 'NONE',  ( 0.7071067811865474617, 0.000000000000000000, 0.7071067811865474617 ) ) ;
#2712 = DIRECTION ( 'NONE',  ( 0.000000000000000000, 0.000000000000000000, -1.000000000000000000 ) ) ;
#2713 = ORIENTED_EDGE ( 'NONE', *, *, #3492, .F. ) ;
#2714 = ORIENTED_EDGE ( 'NONE', *, *, #7252, .F. ) ;
#2715 = AXIS2_PLACEMENT_3D ( 'NONE', #7281, #5670, #1822 ) ;
#2716 = AXIS2_PLACEMENT_3D ( 'NONE', #9780, #7296, #8996 ) ;
#2717 = ADVANCED_FACE ( 'NONE', ( #3323 ), #8006, .T. ) ;
#2718 = DIRECTION ( 'NONE',  ( 1.000000000000000000, 0.000000000000000000, 0.000000000000000000 ) ) ;
#2719 = ORIENTED_EDGE ( 'NONE', *, *, #4615, .F. ) ;
#2720 = AXIS2_PLACEMENT_3D ( 'NONE', #5933, #9085, #9131 ) ;
#2721 = AXIS2_PLACEMENT_3D ( 'NONE', #9385, #4524, #3181 ) ;
#2722 = FACE_OUTER_BOUND ( 'NONE', #1233, .T. ) ;
#2723 = CARTESIAN_POINT ( 'NONE',  ( -1.949999999999999956, -0.8000000000000000444, 0.2000000000000000111 ) ) ;
#2724 = CARTESIAN_POINT ( 'NONE',  ( 0.7500000000000000000, 1.250000000000000000, 0.05000000000000000278 ) ) ;
#2725 = ORIENTED_EDGE ( 'NONE', *, *, #9315, .T. ) ;
#2726 = FACE_OUTER_BOUND ( 'NONE', #3978, .T. ) ;
#2727 = ORIENTED_EDGE ( 'NONE', *, *, #8204, .F. ) ;
#2728 = EDGE_CURVE ( 'NONE', #3720, #1210, #7378, .T. ) ;
#2729 = AXIS2_PLACEMENT_3D ( 'NONE', #5029, #9787, #5751 ) ;
#2730 = EDGE_CURVE ( 'NONE', #10165, #7361, #7861, .T. ) ;
#2731 = ORIENTED_EDGE ( 'NONE', *, *, #6984, .T. ) ;
#2732 = CARTESIAN_POINT ( 'NONE',  ( -1.935355339059327218, -0.5000000000000000000, 0.01464466094067247599 ) ) ;
#2733 = PLANE ( 'NONE',  #6480 ) ;
#2734 = ORIENTED_EDGE ( 'NONE', *, *, #8308, .F. ) ;
#2735 = VECTOR ( 'NONE', #6080, 1000.000000000000000 ) ;
#2736 = LINE ( 'NONE', #9967, #2735 ) ;
#2737 = CARTESIAN_POINT ( 'NONE',  ( -1.899999999999999911, 1.100000000000000089, 0.05000000000000000278 ) ) ;
#2738 = ADVANCED_FACE ( 'NONE', ( #6308 ), #846, .T. ) ;
#2739 = LINE ( 'NONE', #9034, #6743 ) ;
#2740 = ORIENTED_EDGE ( 'NONE', *, *, #26, .F. ) ;
#2741 = EDGE_LOOP ( 'NONE', ( #1921, #2083, #2925, #9404 ) ) ;
#2742 = EDGE_CURVE ( 'NONE', #1643, #8259, #896, .T. ) ;
#2743 = ADVANCED_FACE ( 'NONE', ( #5016 ), #1983, .T. ) ;
#2744 = EDGE_LOOP ( 'NONE', ( #378, #2076, #992, #2350 ) ) ;
#2745 = ORIENTED_EDGE ( 'NONE', *, *, #7276, .F. ) ;
#2746 = DIRECTION ( 'NONE',  ( 0.000000000000000000, -1.000000000000000000, 0.000000000000000000 ) ) ;
#2747 = CARTESIAN_POINT ( 'NONE',  ( -2.299999999999999822, 0.5000000000000000000, 0.2000000000000000111 ) ) ;
#2748 = ORIENTED_EDGE ( 'NONE', *, *, #3737, .F. ) ;
#2749 = AXIS2_PLACEMENT_3D ( 'NONE', #7204, #128, #450 ) ;
#2750 = ORIENTED_EDGE ( 'NONE', *, *, #8424, .F. ) ;
#2751 = CARTESIAN_POINT ( 'NONE',  ( 1.600000000000000089, 0.5000000000000000000, 0.000000000000000000 ) ) ;
#2752 = ORIENTED_EDGE ( 'NONE', *, *, #5605, .F. ) ;
#2753 = EDGE_CURVE ( 'NONE', #474, #1931, #422, .T. ) ;
#2754 = CIRCLE ( 'NONE', #9186, 0.04999999999999991951 ) ;
#2755 = CARTESIAN_POINT ( 'NONE',  ( -0.3222667766999390282, 0.6049999999999999822, 1.300000000000000044 ) ) ;
#2756 = DIRECTION ( 'NONE',  ( 0.000000000000000000, 0.000000000000000000, -1.000000000000000000 ) ) ;
#2757 = DIRECTION ( 'NONE',  ( -1.000000000000000000, -3.558407130208834749E-17, 3.558407130208834749E-17 ) ) ;
#2758 = CYLINDRICAL_SURFACE ( 'NONE', #6688, 0.05000000000000007216 ) ;
#2759 = DIRECTION ( 'NONE',  ( 0.000000000000000000, 0.000000000000000000, 1.000000000000000000 ) ) ;
#2760 = CARTESIAN_POINT ( 'NONE',  ( 0.8000000000000000444, -1.250000000000000000, 0.05000000000000000278 ) ) ;
#2761 = CARTESIAN_POINT ( 'NONE',  ( -1.899999999999999911, 0.6999999999999999556, 0.05000000000000000278 ) ) ;
#2762 = VERTEX_POINT ( 'NONE', #1255 ) ;
#2763 = MECHANICAL_DESIGN_GEOMETRIC_PRESENTATION_REPRESENTATION (  '', ( #5726 ), #2272 ) ;
#2764 = EDGE_LOOP ( 'NONE', ( #9677, #4591, #9335, #8839 ) ) ;
#2765 = VECTOR ( 'NONE', #7161, 1000.000000000000000 ) ;
#2766 = ADVANCED_FACE ( 'NONE', ( #2655 ), #8992, .T. ) ;
#2767 = CARTESIAN_POINT ( 'NONE',  ( 1.600000000000000089, 1.100000000000000089, 0.000000000000000000 ) ) ;
#2768 = VERTEX_POINT ( 'NONE', #5793 ) ;
#2769 = CARTESIAN_POINT ( 'NONE',  ( 0.3901486355626809788, 0.7387611798592499390, 1.850000000000000089 ) ) ;
#2770 = AXIS2_PLACEMENT_3D ( 'NONE', #1736, #110, #1051 ) ;
#2771 = AXIS2_PLACEMENT_3D ( 'NONE', #7744, #8526, #4652 ) ;
#2772 = VECTOR ( 'NONE', #4612, 1000.000000000000000 ) ;
#2773 = DIRECTION ( 'NONE',  ( 0.000000000000000000, 0.000000000000000000, 1.000000000000000000 ) ) ;
#2774 = DIRECTION ( 'NONE',  ( 0.000000000000000000, 1.000000000000000000, 0.000000000000000000 ) ) ;
#2775 = EDGE_CURVE ( 'NONE', #2239, #3187, #2034, .T. ) ;
#2776 = CARTESIAN_POINT ( 'NONE',  ( 0.8000000000000000444, 1.350000000000000089, 1.199999999999999956 ) ) ;
#2777 = CARTESIAN_POINT ( 'NONE',  ( -0.9455091451503230271, -0.5129938551276220782, 1.850000000000000089 ) ) ;
#2778 = DIRECTION ( 'NONE',  ( 0.8917411990616683770, -0.4525457257516171672, 0.000000000000000000 ) ) ;
#2779 = ORIENTED_EDGE ( 'NONE', *, *, #308, .F. ) ;
#2780 = ORIENTED_EDGE ( 'NONE', *, *, #2456, .F. ) ;
#2781 = ORIENTED_EDGE ( 'NONE', *, *, #2878, .F. ) ;
#2782 = EDGE_CURVE ( 'NONE', #9701, #4646, #6570, .T. ) ;
#2783 = VECTOR ( 'NONE', #1456, 1000.000000000000000 ) ;
#2784 = AXIS2_PLACEMENT_3D ( 'NONE', #8378, #5028, #4316 ) ;
#2785 = ORIENTED_EDGE ( 'NONE', *, *, #10227, .F. ) ;
#2786 = DIRECTION ( 'NONE',  ( 0.000000000000000000, 0.000000000000000000, 1.000000000000000000 ) ) ;
#2787 = VECTOR ( 'NONE', #1197, 1000.000000000000000 ) ;
#2788 = EDGE_LOOP ( 'NONE', ( #3370, #8104, #997, #39 ) ) ;
#2789 = ADVANCED_FACE ( 'NONE', ( #3415 ), #3469, .T. ) ;
#2790 = VECTOR ( 'NONE', #14, 1000.000000000000000 ) ;
#2791 = CARTESIAN_POINT ( 'NONE',  ( -0.3853848617278139987, 0.7972488055765520887, 1.850000000000000089 ) ) ;
#2792 = DIRECTION ( 'NONE',  ( -0.5773502691896272854, -0.5773502691896229555, 0.5773502691896272854 ) ) ;
#2793 = VERTEX_POINT ( 'NONE', #5071 ) ;
#2794 = DIRECTION ( 'NONE',  ( 0.000000000000000000, 0.000000000000000000, -1.000000000000000000 ) ) ;
#2795 = ORIENTED_EDGE ( 'NONE', *, *, #2490, .F. ) ;
#2796 = ORIENTED_EDGE ( 'NONE', *, *, #4323, .T. ) ;
#2797 = ADVANCED_FACE ( 'NONE', ( #7532 ), #472, .T. ) ;
#2798 = VERTEX_POINT ( 'NONE', #8949 ) ;
#2799 = VECTOR ( 'NONE', #3033, 1000.000000000000000 ) ;
#2800 = ORIENTED_EDGE ( 'NONE', *, *, #6862, .F. ) ;
#2801 = VECTOR ( 'NONE', #4261, 1000.000000000000000 ) ;
#2802 = LINE ( 'NONE', #5942, #2281 ) ;
#2803 = FACE_OUTER_BOUND ( 'NONE', #9139, .T. ) ;
#2804 = EDGE_CURVE ( 'NONE', #3289, #7418, #9704, .T. ) ;
#2805 = DIRECTION ( 'NONE',  ( 0.000000000000000000, 0.000000000000000000, 1.000000000000000000 ) ) ;
#2806 = EDGE_CURVE ( 'NONE', #2870, #826, #3431, .T. ) ;
#2807 = AXIS2_PLACEMENT_3D ( 'NONE', #7921, #3134, #4128 ) ;
#2808 = EDGE_LOOP ( 'NONE', ( #1495, #9689, #9836, #7184 ) ) ;
#2809 = AXIS2_PLACEMENT_3D ( 'NONE', #4817, #5682, #4757 ) ;
#2810 = DIRECTION ( 'NONE',  ( 0.7071067811865482389, 0.000000000000000000, -0.7071067811865466846 ) ) ;
#2811 = ORIENTED_EDGE ( 'NONE', *, *, #326, .T. ) ;
#2812 = ORIENTED_EDGE ( 'NONE', *, *, #5145, .F. ) ;
#2813 = AXIS2_PLACEMENT_3D ( 'NONE', #3835, #6307, #54 ) ;
#2814 = CARTESIAN_POINT ( 'NONE',  ( -1.600000000000000089, -1.100000000000000089, 0.000000000000000000 ) ) ;
#2815 = CARTESIAN_POINT ( 'NONE',  ( 2.100000000000000089, -1.036404544565270092, -0.2500000000000000000 ) ) ;
#2816 = LINE ( 'NONE', #5086, #8205 ) ;
#2817 = ADVANCED_FACE ( 'NONE', ( #7481 ), #2853, .T. ) ;
#2818 = DIRECTION ( 'NONE',  ( 0.000000000000000000, 1.000000000000000000, 0.000000000000000000 ) ) ;
#2819 = CARTESIAN_POINT ( 'NONE',  ( -1.600000000000000089, -1.100000000000000089, 0.2000000000000000111 ) ) ;
#2820 = DIRECTION ( 'NONE',  ( 0.000000000000000000, 0.7071067811865471286, 0.7071067811865480168 ) ) ;
#2821 = AXIS2_PLACEMENT_3D ( 'NONE', #3416, #6038, #683 ) ;
#2822 = DIRECTION ( 'NONE',  ( 0.000000000000000000, 0.000000000000000000, 1.000000000000000000 ) ) ;
#2823 = ORIENTED_EDGE ( 'NONE', *, *, #4186, .T. ) ;
#2824 = CARTESIAN_POINT ( 'NONE',  ( 1.899999999999999911, -1.385355339059327395, 1.235355339059327262 ) ) ;
#2825 = EDGE_LOOP ( 'NONE', ( #9695, #220, #9231, #6963 ) ) ;
#2826 = CARTESIAN_POINT ( 'NONE',  ( -1.899999999999999911, -1.350000000000000089, 0.05000000000000000278 ) ) ;
#2827 = ORIENTED_EDGE ( 'NONE', *, *, #2916, .F. ) ;
#2828 = VECTOR ( 'NONE', #3770, 1000.000000000000000 ) ;
#2829 = EDGE_CURVE ( 'NONE', #7578, #2883, #6820, .T. ) ;
#2830 = LINE ( 'NONE', #6015, #5237 ) ;
#2831 = LINE ( 'NONE', #6846, #9671 ) ;
#2832 = ORIENTED_EDGE ( 'NONE', *, *, #4877, .F. ) ;
#2833 = ORIENTED_EDGE ( 'NONE', *, *, #8287, .T. ) ;
#2834 = ORIENTED_EDGE ( 'NONE', *, *, #2417, .T. ) ;
#2835 = DIRECTION ( 'NONE',  ( 0.000000000000000000, 0.000000000000000000, -1.000000000000000000 ) ) ;
#2836 = EDGE_LOOP ( 'NONE', ( #1532, #7269, #309, #7126 ) ) ;
#2837 = CARTESIAN_POINT ( 'NONE',  ( -0.6999999999999999556, 1.250000000000000000, 0.05000000000000000278 ) ) ;
#2838 = VECTOR ( 'NONE', #8994, 1000.000000000000000 ) ;
#2839 = LINE ( 'NONE', #3662, #1607 ) ;
#2840 = EDGE_CURVE ( 'NONE', #8229, #1799, #9878, .T. ) ;
#2841 = ORIENTED_EDGE ( 'NONE', *, *, #790, .T. ) ;
#2842 = PLANE ( 'NONE',  #413 ) ;
#2843 = CARTESIAN_POINT ( 'NONE',  ( -0.6999999999999999556, 1.149999999973809972, -0.05000000000000000278 ) ) ;
#2844 = DIRECTION ( 'NONE',  ( 0.8917411990616683770, 0.4525457257516171672, 0.000000000000000000 ) ) ;
#2845 = FACE_OUTER_BOUND ( 'NONE', #1086, .T. ) ;
#2846 = ORIENTED_EDGE ( 'NONE', *, *, #9214, .F. ) ;
#2847 = VERTEX_POINT ( 'NONE', #3824 ) ;
#2848 = CIRCLE ( 'NONE', #6303, 0.04999999999999991257 ) ;
#2849 = EDGE_LOOP ( 'NONE', ( #5232, #1284, #7468, #4348 ) ) ;
#2850 = VERTEX_POINT ( 'NONE', #6090 ) ;
#2851 = EDGE_CURVE ( 'NONE', #8318, #1371, #724, .T. ) ;
#2852 = DIRECTION ( 'NONE',  ( -1.000000000000000000, 0.000000000000000000, 0.000000000000000000 ) ) ;
#2853 = CYLINDRICAL_SURFACE ( 'NONE', #3601, 0.2000000000000001221 ) ;
#2854 = DIRECTION ( 'NONE',  ( 0.000000000000000000, -1.000000000000000000, 0.000000000000000000 ) ) ;
#2855 = VERTEX_POINT ( 'NONE', #2331 ) ;
#2856 = DIRECTION ( 'NONE',  ( -1.000000000000000000, 0.000000000000000000, 0.000000000000000000 ) ) ;
#2857 = PRODUCT_DEFINITION ( 'UNKNOWN', '', #7090, #9424 ) ;
#2858 = CARTESIAN_POINT ( 'NONE',  ( -0.3750000000000000000, -1.149999999999999911, 0.000000000000000000 ) ) ;
#2859 = ORIENTED_EDGE ( 'NONE', *, *, #3094, .F. ) ;
#2860 = EDGE_CURVE ( 'NONE', #8151, #4378, #8213, .T. ) ;
#2861 = ADVANCED_FACE ( 'NONE', ( #547 ), #10001, .T. ) ;
#2862 = DIRECTION ( 'NONE',  ( -0.7071067811865466846, -0.7071067811865484609, -8.470329472543003391E-16 ) ) ;
#2863 = DIRECTION ( 'NONE',  ( -0.7071067811865483499, 0.000000000000000000, 0.7071067811865466846 ) ) ;
#2864 = FACE_BOUND ( 'NONE', #3656, .T. ) ;
#2865 = CARTESIAN_POINT ( 'NONE',  ( -0.8000000000000000444, -1.350000000000000089, 1.199999999999999956 ) ) ;
#2866 = CARTESIAN_POINT ( 'NONE',  ( 0.4354032081378430008, 0.8279352997654170210, 1.300000000000000044 ) ) ;
#2867 = ADVANCED_FACE ( 'NONE', ( #2158 ), #5290, .T. ) ;
#2868 = ORIENTED_EDGE ( 'NONE', *, *, #1376, .T. ) ;
#2869 = CARTESIAN_POINT ( 'NONE',  ( 1.949999999999999956, 0.8000000000000000444, 0.2000000000000000111 ) ) ;
#2870 = VERTEX_POINT ( 'NONE', #7662 ) ;
#2871 = EDGE_CURVE ( 'NONE', #1853, #5629, #9207, .T. ) ;
#2872 = DIRECTION ( 'NONE',  ( -1.000000000000000000, 0.000000000000000000, 0.000000000000000000 ) ) ;
#2873 = DIRECTION ( 'NONE',  ( 0.000000000000000000, 0.000000000000000000, 1.000000000000000000 ) ) ;
#2874 = CARTESIAN_POINT ( 'NONE',  ( 1.600000000000000089, 1.100000000000000089, 0.2000000000000000111 ) ) ;
#2875 = LINE ( 'NONE', #4425, #5046 ) ;
#2876 = ORIENTED_EDGE ( 'NONE', *, *, #4164, .T. ) ;
#2877 = EDGE_LOOP ( 'NONE', ( #8000, #8049, #2781, #2745 ) ) ;
#2878 = EDGE_CURVE ( 'NONE', #979, #10127, #5648, .T. ) ;
#2879 = CIRCLE ( 'NONE', #5848, 0.05000000000000001665 ) ;
#2880 = VECTOR ( 'NONE', #8010, 1000.000000000000000 ) ;
#2881 = CARTESIAN_POINT ( 'NONE',  ( 0.6999999999999999556, -1.250000000000000000, 0.000000000000000000 ) ) ;
#2882 = CARTESIAN_POINT ( 'NONE',  ( 0.8549999999999999822, -0.3346456153152879698, 1.850000000000000089 ) ) ;
#2883 = VERTEX_POINT ( 'NONE', #802 ) ;
#2884 = CARTESIAN_POINT ( 'NONE',  ( -1.899999999999999911, 1.350000000000000089, 1.250000000000000000 ) ) ;
#2885 = DIRECTION ( 'NONE',  ( 0.000000000000000000, 0.000000000000000000, 1.000000000000000000 ) ) ;
#2886 = DIRECTION ( 'NONE',  ( 1.000000000000000000, 3.083952846240829818E-16, 0.000000000000000000 ) ) ;
#2887 = DIRECTION ( 'NONE',  ( 0.3199981514759548951, 0.6305562489199278975, 0.7071067811865487940 ) ) ;
#2888 = ORIENTED_EDGE ( 'NONE', *, *, #3492, .T. ) ;
#2889 = AXIS2_PLACEMENT_3D ( 'NONE', #2626, #7266, #8817 ) ;
#2890 = ORIENTED_EDGE ( 'NONE', *, *, #262, .F. ) ;
#2891 = EDGE_CURVE ( 'NONE', #2186, #1799, #860, .T. ) ;
#2892 = ORIENTED_EDGE ( 'NONE', *, *, #9757, .F. ) ;
#2893 = EDGE_CURVE ( 'NONE', #8081, #9449, #4835, .T. ) ;
#2894 = ORIENTED_EDGE ( 'NONE', *, *, #9031, .F. ) ;
#2895 = CARTESIAN_POINT ( 'NONE',  ( -0.8000000000000000444, -1.350000000000000089, 1.199999999999999956 ) ) ;
#2896 = LINE ( 'NONE', #8418, #1520 ) ;
#2897 = VECTOR ( 'NONE', #2206, 1000.000000000000000 ) ;
#2898 = CIRCLE ( 'NONE', #5040, 0.04999999999999991257 ) ;
#2899 = FACE_OUTER_BOUND ( 'NONE', #2979, .T. ) ;
#2900 = ORIENTED_EDGE ( 'NONE', *, *, #8632, .F. ) ;
#2901 = CARTESIAN_POINT ( 'NONE',  ( -0.3222667766999390282, 0.8196446609406725647, 1.264644660940672516 ) ) ;
#2902 = EDGE_CURVE ( 'NONE', #2855, #3358, #8884, .T. ) ;
#2903 = PLANE ( 'NONE',  #1750 ) ;
#2904 = VERTEX_POINT ( 'NONE', #3124 ) ;
#2905 = DIRECTION ( 'NONE',  ( 3.965082230804129727E-16, -1.000000000000000000, 0.000000000000000000 ) ) ;
#2906 = FACE_OUTER_BOUND ( 'NONE', #9541, .T. ) ;
#2907 = CARTESIAN_POINT ( 'NONE',  ( 2.100000000000000089, 0.9881286824963051441, -0.3706896551724139788 ) ) ;
#2908 = CARTESIAN_POINT ( 'NONE',  ( 1.899999999999999911, -0.3682022722942769888, -0.05000000000000000278 ) ) ;
#2909 = LINE ( 'NONE', #3640, #2273 ) ;
#2910 = EDGE_CURVE ( 'NONE', #3145, #3233, #3902, .T. ) ;
#2911 = DIRECTION ( 'NONE',  ( 0.000000000000000000, -1.000000000000000000, 0.000000000000000000 ) ) ;
#2912 = ORIENTED_EDGE ( 'NONE', *, *, #4544, .F. ) ;
#2913 = DIRECTION ( 'NONE',  ( 0.000000000000000000, 0.000000000000000000, 1.000000000000000000 ) ) ;
#2914 = EDGE_LOOP ( 'NONE', ( #1202, #3262, #5974, #7277 ) ) ;
#2915 = LINE ( 'NONE', #6112, #7153 ) ;
#2916 = EDGE_CURVE ( 'NONE', #8343, #6616, #10043, .T. ) ;
#2917 = DIRECTION ( 'NONE',  ( 0.000000000000000000, 1.000000000000000000, 0.000000000000000000 ) ) ;
#2918 =( NAMED_UNIT ( * ) PLANE_ANGLE_UNIT ( ) SI_UNIT ( $, .RADIAN. ) );
#2919 = DIRECTION ( 'NONE',  ( 1.000000000000000000, 0.000000000000000000, 0.000000000000000000 ) ) ;
#2920 = AXIS2_PLACEMENT_3D ( 'NONE', #1947, #5652, #1022 ) ;
#2921 = ADVANCED_FACE ( 'NONE', ( #6374 ), #7040, .T. ) ;
#2922 = AXIS2_PLACEMENT_3D ( 'NONE', #1437, #8301, #4521 ) ;
#2923 = CARTESIAN_POINT ( 'NONE',  ( -2.100000000000000089, 0.4364045445652700028, 0.1499999999999999944 ) ) ;
#2924 = EDGE_LOOP ( 'NONE', ( #3598, #10223, #4870, #2695 ) ) ;
#2925 = ORIENTED_EDGE ( 'NONE', *, *, #3078, .F. ) ;
#2926 = ORIENTED_EDGE ( 'NONE', *, *, #4186, .F. ) ;
#2927 = LINE ( 'NONE', #9271, #278 ) ;
#2928 = VECTOR ( 'NONE', #8638, 1000.000000000000000 ) ;
#2929 = VECTOR ( 'NONE', #3547, 1000.000000000000000 ) ;
#2930 = CARTESIAN_POINT ( 'NONE',  ( 0.8000000000000000444, -1.350000000000000089, 0.05000000000000000278 ) ) ;
#2931 = DIRECTION ( 'NONE',  ( 1.000000000000000000, 3.274160456609790281E-11, 0.000000000000000000 ) ) ;
#2932 = ORIENTED_EDGE ( 'NONE', *, *, #10235, .F. ) ;
#2933 = LINE ( 'NONE', #409, #7185 ) ;
#2934 = EDGE_CURVE ( 'NONE', #993, #2186, #4577, .T. ) ;
#2935 = DIRECTION ( 'NONE',  ( 0.000000000000000000, 0.000000000000000000, -1.000000000000000000 ) ) ;
#2936 = ORIENTED_EDGE ( 'NONE', *, *, #3591, .F. ) ;
#2937 = CARTESIAN_POINT ( 'NONE',  ( 0.8000000000000000444, 1.399999999999999911, 0.05000000000000000278 ) ) ;
#2938 = AXIS2_PLACEMENT_3D ( 'NONE', #9514, #7896, #9463 ) ;
#2939 = ORIENTED_EDGE ( 'NONE', *, *, #2085, .T. ) ;
#2940 = AXIS2_PLACEMENT_3D ( 'NONE', #3581, #2094, #8165 ) ;
#2941 = VERTEX_POINT ( 'NONE', #9428 ) ;
#2942 = VERTEX_POINT ( 'NONE', #7097 ) ;
#2943 = DIRECTION ( 'NONE',  ( 0.000000000000000000, -1.000000000000000000, 0.000000000000000000 ) ) ;
#2944 = AXIS2_PLACEMENT_3D ( 'NONE', #1469, #1271, #2913 ) ;
#2945 = VECTOR ( 'NONE', #7203, 1000.000000000000000 ) ;
#2946 = DIRECTION ( 'NONE',  ( 0.000000000000000000, -1.000000000000000000, 0.000000000000000000 ) ) ;
#2947 = CIRCLE ( 'NONE', #7231, 0.04999999999999991257 ) ;
#2948 = AXIS2_PLACEMENT_3D ( 'NONE', #7302, #226, #2712 ) ;
#2949 = LINE ( 'NONE', #7591, #5437 ) ;
#2950 = ADVANCED_FACE ( 'NONE', ( #752 ), #5589, .F. ) ;
#2951 = ORIENTED_EDGE ( 'NONE', *, *, #6103, .T. ) ;
#2952 = CARTESIAN_POINT ( 'NONE',  ( 1.949999999999999956, -1.100000000000000089, 0.2000000000000000111 ) ) ;
#2953 = ORIENTED_EDGE ( 'NONE', *, *, #9525, .T. ) ;
#2954 = DIRECTION ( 'NONE',  ( 1.000000000000000000, 0.000000000000000000, 0.000000000000000000 ) ) ;
#2955 = AXIS2_PLACEMENT_3D ( 'NONE', #1720, #7988, #7278 ) ;
#2956 = ORIENTED_EDGE ( 'NONE', *, *, #6755, .T. ) ;
#2957 = CARTESIAN_POINT ( 'NONE',  ( -1.900000000011639933, 1.349999999973810150, 0.000000000000000000 ) ) ;
#2958 = LINE ( 'NONE', #4406, #7089 ) ;
#2959 = AXIS2_PLACEMENT_3D ( 'NONE', #4998, #347, #3499 ) ;
#2960 = DIRECTION ( 'NONE',  ( 0.4525457257516172227, 0.8917411990616683770, 0.000000000000000000 ) ) ;
#2961 = DIRECTION ( 'NONE',  ( 0.000000000000000000, 0.000000000000000000, -1.000000000000000000 ) ) ;
#2962 = PLANE ( 'NONE',  #8026 ) ;
#2963 = EDGE_CURVE ( 'NONE', #3187, #229, #4108, .T. ) ;
#2964 = LINE ( 'NONE', #9254, #3454 ) ;
#2965 = EDGE_LOOP ( 'NONE', ( #2568, #1402, #708, #3722 ) ) ;
#2966 = CARTESIAN_POINT ( 'NONE',  ( 1.899999999999999911, 0.3682022722709940021, -0.05000000000000000278 ) ) ;
#2967 = ORIENTED_EDGE ( 'NONE', *, *, #4543, .T. ) ;
#2968 = DIRECTION ( 'NONE',  ( 0.000000000000000000, 0.000000000000000000, 1.000000000000000000 ) ) ;
#2969 = VECTOR ( 'NONE', #2886, 1000.000000000000000 ) ;
#2970 = CARTESIAN_POINT ( 'NONE',  ( 0.3222667766999390282, -0.8050000000000000488, 1.300000000000000044 ) ) ;
#2971 = EDGE_CURVE ( 'NONE', #7916, #4539, #4614, .T. ) ;
#2972 = CARTESIAN_POINT ( 'NONE',  ( -0.6999999999999999556, -1.250000000000000000, 0.05000000000000000278 ) ) ;
#2973 = AXIS2_PLACEMENT_3D ( 'NONE', #1364, #6731, #2863 ) ;
#2974 = DIRECTION ( 'NONE',  ( 1.982541115402059686E-16, -1.000000000000000000, -1.982541115402064617E-16 ) ) ;
#2975 = AXIS2_PLACEMENT_3D ( 'NONE', #6014, #7558, #3649 ) ;
#2976 = DIRECTION ( 'NONE',  ( 1.000000000000000000, 0.000000000000000000, 0.000000000000000000 ) ) ;
#2977 = EDGE_LOOP ( 'NONE', ( #5502, #9407, #4849, #7875 ) ) ;
#2978 = ORIENTED_EDGE ( 'NONE', *, *, #7686, .F. ) ;
#2979 = EDGE_LOOP ( 'NONE', ( #8333, #1134, #7059, #3516 ) ) ;
#2980 = CARTESIAN_POINT ( 'NONE',  ( 0.3853848617278139987, -0.7972488055765520887, 1.300000000000000044 ) ) ;
#2981 = EDGE_CURVE ( 'NONE', #4442, #7630, #127, .T. ) ;
#2982 = EDGE_CURVE ( 'NONE', #677, #525, #6987, .T. ) ;
#2983 = DIRECTION ( 'NONE',  ( 0.000000000000000000, -1.000000000000000000, 0.000000000000000000 ) ) ;
#2984 = CARTESIAN_POINT ( 'NONE',  ( 0.8000000000000000444, 1.250000000000000000, 1.199999999999999956 ) ) ;
#2985 = LINE ( 'NONE', #6130, #1904 ) ;
#2986 = DIRECTION ( 'NONE',  ( 0.000000000000000000, 0.000000000000000000, -1.000000000000000000 ) ) ;
#2987 = AXIS2_PLACEMENT_3D ( 'NONE', #9342, #2283, #8570 ) ;
#2988 = CARTESIAN_POINT ( 'NONE',  ( -1.900000000011639933, -1.350000000046569948, 0.1499999999999999944 ) ) ;
#2989 = DIRECTION ( 'NONE',  ( 0.000000000000000000, 0.000000000000000000, -1.000000000000000000 ) ) ;
#2990 = ORIENTED_EDGE ( 'NONE', *, *, #9023, .T. ) ;
#2991 = DIRECTION ( 'NONE',  ( 0.000000000000000000, 0.000000000000000000, 1.000000000000000000 ) ) ;
#2992 = ORIENTED_EDGE ( 'NONE', *, *, #6703, .T. ) ;
#2993 = VERTEX_POINT ( 'NONE', #10202 ) ;
#2994 = DIRECTION ( 'NONE',  ( 1.000000000000000000, 0.000000000000000000, 0.000000000000000000 ) ) ;
#2995 = ADVANCED_FACE ( 'NONE', ( #5439 ), #3070, .T. ) ;
#2996 = VECTOR ( 'NONE', #2096, 1000.000000000000000 ) ;
#2997 = DIRECTION ( 'NONE',  ( -1.000000000000000000, 0.000000000000000000, 0.000000000000000000 ) ) ;
#2998 = LINE ( 'NONE', #3822, #9347 ) ;
#2999 = DIRECTION ( 'NONE',  ( 0.000000000000000000, 1.000000000000000000, 0.000000000000000000 ) ) ;
#3000 = ORIENTED_EDGE ( 'NONE', *, *, #1346, .T. ) ;
#3001 = CARTESIAN_POINT ( 'NONE',  ( 1.899999999938880135, 1.036404544565270092, 0.1499999999999999944 ) ) ;
#3002 = EDGE_LOOP ( 'NONE', ( #4232, #1885, #1097, #1673 ) ) ;
#3003 = CIRCLE ( 'NONE', #4330, 0.05000000000000000278 ) ;
#3004 = DIRECTION ( 'NONE',  ( -0.8522164413315485021, 0.5231893893459532707, 0.000000000000000000 ) ) ;
#3005 = ORIENTED_EDGE ( 'NONE', *, *, #3403, .T. ) ;
#3006 = EDGE_CURVE ( 'NONE', #4201, #415, #3107, .T. ) ;
#3007 = AXIS2_PLACEMENT_3D ( 'NONE', #8403, #138, #7765 ) ;
#3008 = DIRECTION ( 'NONE',  ( 0.000000000000000000, 0.000000000000000000, 1.000000000000000000 ) ) ;
#3009 = DIRECTION ( 'NONE',  ( 0.000000000000000000, -0.3713906763541040545, 0.9284766908852591927 ) ) ;
#3010 = DIRECTION ( 'NONE',  ( 1.000000000000000000, 0.000000000000000000, 0.000000000000000000 ) ) ;
#3011 = CARTESIAN_POINT ( 'NONE',  ( 1.054999999999999938, -0.2287144171094039891, 1.300000000000000044 ) ) ;
#3012 = CARTESIAN_POINT ( 'NONE',  ( 0.3687982286305056534, 0.7995117579511155093, 1.850000000000000089 ) ) ;
#3013 = ORIENTED_EDGE ( 'NONE', *, *, #6939, .F. ) ;
#3014 = DIRECTION ( 'NONE',  ( 1.000000000000000000, 0.000000000000000000, 0.000000000000000000 ) ) ;
#3015 = APPLICATION_CONTEXT ( 'automotive_design' ) ;
#3016 = ORIENTED_EDGE ( 'NONE', *, *, #3132, .F. ) ;
#3017 = PLANE ( 'NONE',  #5834 ) ;
#3018 = VERTEX_POINT ( 'NONE', #8594 ) ;
#3019 = CARTESIAN_POINT ( 'NONE',  ( 0.8000000000000000444, -1.350000000000000089, 0.000000000000000000 ) ) ;
#3020 = EDGE_CURVE ( 'NONE', #365, #5938, #9476, .T. ) ;
#3021 = DIRECTION ( 'NONE',  ( -0.7071067811865482389, 0.000000000000000000, 0.7071067811865466846 ) ) ;
#3022 = CARTESIAN_POINT ( 'NONE',  ( -0.7500000000000000000, 1.399999999999999911, 0.000000000000000000 ) ) ;
#3023 = CARTESIAN_POINT ( 'NONE',  ( 0.7646446609406726269, -1.385355339059327395, 0.05000000000000000278 ) ) ;
#3024 = ORIENTED_EDGE ( 'NONE', *, *, #7496, .T. ) ;
#3025 = PRODUCT_CONTEXT ( 'NONE', #7949, 'mechanical' ) ;
#3026 = ORIENTED_EDGE ( 'NONE', *, *, #8147, .T. ) ;
#3027 = EDGE_CURVE ( 'NONE', #1371, #7472, #5534, .T. ) ;
#3028 = ORIENTED_EDGE ( 'NONE', *, *, #1953, .F. ) ;
#3029 = FACE_OUTER_BOUND ( 'NONE', #10182, .T. ) ;
#3030 = CARTESIAN_POINT ( 'NONE',  ( 0.8000000000000000444, -1.250000000000000000, 1.199999999999999956 ) ) ;
#3031 = LINE ( 'NONE', #7107, #577 ) ;
#3032 = CARTESIAN_POINT ( 'NONE',  ( 0.3222667766999390282, -0.7550000000000000044, 1.850000000000000089 ) ) ;
#3033 = DIRECTION ( 'NONE',  ( 0.000000000000000000, -1.000000000000000000, 0.000000000000000000 ) ) ;
#3034 = VERTEX_POINT ( 'NONE', #2616 ) ;
#3035 = FILL_AREA_STYLE ('',( #7473 ) ) ;
#3036 = VERTEX_POINT ( 'NONE', #2901 ) ;
#3037 = EDGE_CURVE ( 'NONE', #3034, #3463, #8368, .T. ) ;
#3038 = FACE_OUTER_BOUND ( 'NONE', #9888, .T. ) ;
#3039 = ORIENTED_EDGE ( 'NONE', *, *, #4196, .F. ) ;
#3040 = EDGE_CURVE ( 'NONE', #4431, #1853, #7256, .T. ) ;
#3041 = VECTOR ( 'NONE', #10122, 1000.000000000000000 ) ;
#3042 = EDGE_LOOP ( 'NONE', ( #9024, #417, #6765, #4347 ) ) ;
#3043 =( NAMED_UNIT ( * ) SI_UNIT ( $, .STERADIAN. ) SOLID_ANGLE_UNIT ( ) );
#3044 = EDGE_CURVE ( 'NONE', #3536, #9063, #1113, .T. ) ;
#3045 = LINE ( 'NONE', #7877, #9879 ) ;
#3046 = CARTESIAN_POINT ( 'NONE',  ( -0.8000000000000000444, -1.350000000000000089, 0.000000000000000000 ) ) ;
#3047 = AXIS2_PLACEMENT_3D ( 'NONE', #9179, #3612, #2119 ) ;
#3048 = VECTOR ( 'NONE', #3136, 1000.000000000000000 ) ;
#3049 = LINE ( 'NONE', #7121, #5360 ) ;
#3050 = CARTESIAN_POINT ( 'NONE',  ( -0.8549999999999999822, 0.3346456153152879698, 1.300000000000000044 ) ) ;
#3051 = LINE ( 'NONE', #7734, #3774 ) ;
#3052 = ORIENTED_EDGE ( 'NONE', *, *, #591, .F. ) ;
#3053 = EDGE_CURVE ( 'NONE', #5115, #7484, #1851, .T. ) ;
#3054 = CARTESIAN_POINT ( 'NONE',  ( 0.3222667766999390282, 0.6049999999999999822, 1.300000000000000044 ) ) ;
#3055 = ORIENTED_EDGE ( 'NONE', *, *, #9248, .F. ) ;
#3056 = AXIS2_PLACEMENT_3D ( 'NONE', #2422, #1491, #3242 ) ;
#3057 = TOROIDAL_SURFACE ( 'NONE', #8162, 0.2500000000000000000, 0.05000000000000000278 ) ;
#3058 = FACE_OUTER_BOUND ( 'NONE', #8349, .T. ) ;
#3059 = CARTESIAN_POINT ( 'NONE',  ( -0.4309513410520389720, 0.8191628971831930173, 0.1499999999999999944 ) ) ;
#3060 = CARTESIAN_POINT ( 'NONE',  ( 0.8549999999999999822, 0.3346456153152879698, 1.850000000000000089 ) ) ;
#3061 = DIRECTION ( 'NONE',  ( 0.000000000000000000, -1.000000000000000000, 0.000000000000000000 ) ) ;
#3062 = AXIS2_PLACEMENT_3D ( 'NONE', #9500, #6001, #2282 ) ;
#3063 = ADVANCED_FACE ( 'NONE', ( #2567 ), #5755, .T. ) ;
#3064 = ORIENTED_EDGE ( 'NONE', *, *, #2048, .T. ) ;
#3065 = DIRECTION ( 'NONE',  ( 0.000000000000000000, 1.000000000000000000, 0.000000000000000000 ) ) ;
#3066 = ORIENTED_EDGE ( 'NONE', *, *, #5456, .F. ) ;
#3067 = CARTESIAN_POINT ( 'NONE',  ( 0.6999999999999999556, -1.250000000000000000, 0.05000000000000000278 ) ) ;
#3068 = DIRECTION ( 'NONE',  ( 0.000000000000000000, -1.000000000000000000, 0.000000000000000000 ) ) ;
#3069 = CARTESIAN_POINT ( 'NONE',  ( -1.557918548418649740, 0.9838512662132929965, 0.000000000000000000 ) ) ;
#3070 = CYLINDRICAL_SURFACE ( 'NONE', #9711, 0.05000000000000001665 ) ;
#3071 = EDGE_CURVE ( 'NONE', #7354, #2087, #3628, .T. ) ;
#3072 = DIRECTION ( 'NONE',  ( 0.000000000000000000, 1.000000000000000000, 0.000000000000000000 ) ) ;
#3073 = ORIENTED_EDGE ( 'NONE', *, *, #8958, .T. ) ;
#3074 = ORIENTED_EDGE ( 'NONE', *, *, #5741, .F. ) ;
#3075 = ORIENTED_EDGE ( 'NONE', *, *, #2485, .F. ) ;
#3076 = CARTESIAN_POINT ( 'NONE',  ( 0.7500000000000000000, -1.350000000000000089, 1.199999999999999956 ) ) ;
#3077 = CIRCLE ( 'NONE', #7365, 0.05000000000000000278 ) ;
#3078 = EDGE_CURVE ( 'NONE', #2146, #3463, #7058, .T. ) ;
#3079 = AXIS2_PLACEMENT_3D ( 'NONE', #1139, #4903, #249 ) ;
#3080 = CARTESIAN_POINT ( 'NONE',  ( -0.4309513410520389720, -0.8191628971831930173, 0.1499999999999999944 ) ) ;
#3081 = FACE_OUTER_BOUND ( 'NONE', #2744, .T. ) ;
#3082 = CARTESIAN_POINT ( 'NONE',  ( 0.8000000000000000444, -1.250000000000000000, 0.000000000000000000 ) ) ;
#3083 = ORIENTED_EDGE ( 'NONE', *, *, #7893, .T. ) ;
#3084 = EDGE_CURVE ( 'NONE', #8275, #1717, #9041, .T. ) ;
#3085 = FACE_OUTER_BOUND ( 'NONE', #5825, .T. ) ;
#3086 = ORIENTED_EDGE ( 'NONE', *, *, #9597, .T. ) ;
#3087 = FACE_OUTER_BOUND ( 'NONE', #9094, .T. ) ;
#3088 = ORIENTED_EDGE ( 'NONE', *, *, #4313, .F. ) ;
#3089 = CIRCLE ( 'NONE', #4095, 0.05000000000000001665 ) ;
#3090 = VECTOR ( 'NONE', #5398, 1000.000000000000000 ) ;
#3091 = ORIENTED_EDGE ( 'NONE', *, *, #9610, .F. ) ;
#3092 = FACE_OUTER_BOUND ( 'NONE', #6822, .T. ) ;
#3093 = LINE ( 'NONE', #984, #367 ) ;
#3094 = EDGE_CURVE ( 'NONE', #8078, #212, #6778, .T. ) ;
#3095 = LINE ( 'NONE', #5462, #5073 ) ;
#3096 = VECTOR ( 'NONE', #7601, 1000.000000000000000 ) ;
#3097 = CIRCLE ( 'NONE', #6569, 0.2000000000000001221 ) ;
#3098 = CARTESIAN_POINT ( 'NONE',  ( 2.100000000000000089, 0.2182022722709940077, 0.000000000000000000 ) ) ;
#3099 = CARTESIAN_POINT ( 'NONE',  ( -1.899999999999999911, 1.350000000000000089, 1.199999999999999956 ) ) ;
#3100 = CARTESIAN_POINT ( 'NONE',  ( 1.949999999999999956, 0.8364045445652700250, -0.7500000000000000000 ) ) ;
#3101 = DIRECTION ( 'NONE',  ( 0.000000000000000000, -1.000000000000000000, 0.000000000000000000 ) ) ;
#3102 = DIRECTION ( 'NONE',  ( 0.000000000000000000, 0.000000000000000000, 1.000000000000000000 ) ) ;
#3103 = VERTEX_POINT ( 'NONE', #9635 ) ;
#3104 = DIRECTION ( 'NONE',  ( -1.000000000000000000, 3.092222658463279454E-11, 0.000000000000000000 ) ) ;
#3105 = ORIENTED_EDGE ( 'NONE', *, *, #10019, .T. ) ;
#3106 = ORIENTED_EDGE ( 'NONE', *, *, #9511, .F. ) ;
#3107 = CIRCLE ( 'NONE', #1629, 0.04999999999999991257 ) ;
#3108 = CARTESIAN_POINT ( 'NONE',  ( 1.899999999999999911, 1.350000000000000089, 0.05000000000000000278 ) ) ;
#3109 = EDGE_CURVE ( 'NONE', #5984, #4811, #638, .T. ) ;
#3110 = EDGE_CURVE ( 'NONE', #6397, #6726, #9935, .T. ) ;
#3111 = CARTESIAN_POINT ( 'NONE',  ( -1.949999999999999956, 0.4364045445652700028, -0.7500000000000000000 ) ) ;
#3112 = FACE_OUTER_BOUND ( 'NONE', #2138, .T. ) ;
#3113 = DIRECTION ( 'NONE',  ( 0.7071067811865474617, 0.000000000000000000, -0.7071067811865474617 ) ) ;
#3114 = CARTESIAN_POINT ( 'NONE',  ( 0.7278292938547639146, 0.6234632226859558868, 1.850000000000000089 ) ) ;
#3115 = VECTOR ( 'NONE', #1668, 1000.000000000000000 ) ;
#3116 = EDGE_LOOP ( 'NONE', ( #1687, #7597, #1912, #1880 ) ) ;
#3117 = DIRECTION ( 'NONE',  ( 0.000000000000000000, 0.000000000000000000, -1.000000000000000000 ) ) ;
#3118 = ORIENTED_EDGE ( 'NONE', *, *, #5192, .T. ) ;
#3119 = PRODUCT_DEFINITION_CONTEXT ( 'detailed design', #1972, 'design' ) ;
#3120 = AXIS2_PLACEMENT_3D ( 'NONE', #2755, #7298, #1935 ) ;
#3121 = EDGE_CURVE ( 'NONE', #1419, #36, #3432, .T. ) ;
#3122 = CARTESIAN_POINT ( 'NONE',  ( -0.3750000000000000000, -1.149999999999999911, 1.199999999999999956 ) ) ;
#3123 = CARTESIAN_POINT ( 'NONE',  ( -0.3222667766999390282, 0.7550000000000000044, 1.850000000000000089 ) ) ;
#3124 = CARTESIAN_POINT ( 'NONE',  ( 1.949999999999999956, 1.350000000000000089, 1.199999999999999956 ) ) ;
#3125 = LINE ( 'NONE', #1480, #10166 ) ;
#3126 = SHAPE_DEFINITION_REPRESENTATION ( #590, #9293 ) ;
#3127 = ORIENTED_EDGE ( 'NONE', *, *, #1678, .F. ) ;
#3128 = MECHANICAL_DESIGN_GEOMETRIC_PRESENTATION_REPRESENTATION (  '', ( #7571 ), #9223 ) ;
#3129 = AXIS2_PLACEMENT_3D ( 'NONE', #7076, #8626, #1733 ) ;
#3130 = ORIENTED_EDGE ( 'NONE', *, *, #1433, .T. ) ;
#3131 = CARTESIAN_POINT ( 'NONE',  ( -1.005000000000000115, -0.3346456153152879698, 1.850000000000000089 ) ) ;
#3132 = EDGE_CURVE ( 'NONE', #6044, #7919, #5247, .T. ) ;
#3133 = CIRCLE ( 'NONE', #6608, 0.1500000000000000500 ) ;
#3134 = DIRECTION ( 'NONE',  ( 0.000000000000000000, 0.000000000000000000, -1.000000000000000000 ) ) ;
#3135 = DIRECTION ( 'NONE',  ( 0.000000000000000000, 0.000000000000000000, -1.000000000000000000 ) ) ;
#3136 = DIRECTION ( 'NONE',  ( 1.000000000000000000, 0.000000000000000000, 0.000000000000000000 ) ) ;
#3137 = DIRECTION ( 'NONE',  ( -1.000000000000000000, 0.000000000000000000, 0.000000000000000000 ) ) ;
#3138 = CARTESIAN_POINT ( 'NONE',  ( 0.4127759218502620175, -0.7833482398123340351, 1.850000000000000089 ) ) ;
#3139 = DIRECTION ( 'NONE',  ( 0.000000000000000000, 0.7071067811865474617, 0.7071067811865474617 ) ) ;
#3140 = DIRECTION ( 'NONE',  ( 0.000000000000000000, -1.000000000000000000, 0.000000000000000000 ) ) ;
#3141 = ORIENTED_EDGE ( 'NONE', *, *, #6481, .F. ) ;
#3142 = AXIS2_PLACEMENT_3D ( 'NONE', #8112, #7435, #371 ) ;
#3143 = ORIENTED_EDGE ( 'NONE', *, *, #4962, .F. ) ;
#3144 = DIRECTION ( 'NONE',  ( 0.000000000000000000, 0.000000000000000000, 1.000000000000000000 ) ) ;
#3145 = VERTEX_POINT ( 'NONE', #6823 ) ;
#3146 = EDGE_CURVE ( 'NONE', #5500, #4046, #6587, .T. ) ;
#3147 = DIRECTION ( 'NONE',  ( 1.000000000000000000, 0.000000000000000000, 0.000000000000000000 ) ) ;
#3148 = CIRCLE ( 'NONE', #6115, 0.04999999999999991257 ) ;
#3149 = LINE ( 'NONE', #3929, #5185 ) ;
#3150 = DIRECTION ( 'NONE',  ( 3.274160456609790281E-11, -1.000000000000000000, 0.000000000000000000 ) ) ;
#3151 = DIRECTION ( 'NONE',  ( 0.000000000000000000, 1.000000000000000000, 0.000000000000000000 ) ) ;
#3152 = ORIENTED_EDGE ( 'NONE', *, *, #7275, .T. ) ;
#3153 = CARTESIAN_POINT ( 'NONE',  ( 0.3222667766999390282, 0.8549999999999999822, 1.300000000000000044 ) ) ;
#3154 = EDGE_CURVE ( 'NONE', #2942, #3263, #1064, .T. ) ;
#3155 = CIRCLE ( 'NONE', #7926, 0.05000000000000002359 ) ;
#3156 = ORIENTED_EDGE ( 'NONE', *, *, #3121, .T. ) ;
#3157 = CARTESIAN_POINT ( 'NONE',  ( 2.100000000000000089, 0.8364045445652700250, -0.7500000000000000000 ) ) ;
#3158 = FACE_OUTER_BOUND ( 'NONE', #129, .T. ) ;
#3159 = DIRECTION ( 'NONE',  ( 0.000000000000000000, -1.000000000000000000, 0.000000000000000000 ) ) ;
#3160 = ORIENTED_EDGE ( 'NONE', *, *, #7866, .F. ) ;
#3161 = CARTESIAN_POINT ( 'NONE',  ( -0.8000000000000000444, -1.350000000000000089, 1.199999999999999956 ) ) ;
#3162 = EDGE_CURVE ( 'NONE', #5663, #2376, #8963, .T. ) ;
#3163 = EDGE_CURVE ( 'NONE', #9093, #348, #6409, .T. ) ;
#3164 = VERTEX_POINT ( 'NONE', #9744 ) ;
#3165 = CYLINDRICAL_SURFACE ( 'NONE', #5552, 0.05000000000000001665 ) ;
#3166 = AXIS2_PLACEMENT_3D ( 'NONE', #3704, #10061, #1382 ) ;
#3167 = CARTESIAN_POINT ( 'NONE',  ( -2.299999999999999822, -1.100000000000000089, 0.000000000000000000 ) ) ;
#3168 = CARTESIAN_POINT ( 'NONE',  ( -0.3222667766999390282, 0.8451626137813800232, 0.000000000000000000 ) ) ;
#3169 = CYLINDRICAL_SURFACE ( 'NONE', #9493, 0.2000000000203730199 ) ;
#3170 = PRODUCT_DEFINITION ( 'UNKNOWN', '', #3306, #6211 ) ;
#3171 = CARTESIAN_POINT ( 'NONE',  ( -1.005000000000000115, 0.3346456153152879698, 1.850000000000000089 ) ) ;
#3172 = DIRECTION ( 'NONE',  ( 0.000000000000000000, -1.000000000000000000, 0.000000000000000000 ) ) ;
#3173 = CARTESIAN_POINT ( 'NONE',  ( 1.899999999999999911, -0.6999999999999999556, 0.05000000000000000278 ) ) ;
#3174 = ORIENTED_EDGE ( 'NONE', *, *, #1074, .T. ) ;
#3175 = ORIENTED_EDGE ( 'NONE', *, *, #6939, .T. ) ;
#3176 = ADVANCED_FACE ( 'NONE', ( #9981 ), #2670, .T. ) ;
#3177 = CARTESIAN_POINT ( 'NONE',  ( 0.3222667766999390282, 0.8549999999999999822, 1.300000000000000044 ) ) ;
#3178 = ORIENTED_EDGE ( 'NONE', *, *, #4002, .F. ) ;
#3179 = CARTESIAN_POINT ( 'NONE',  ( -0.3222667766999390282, 0.6049999999999999822, 1.850000000000000089 ) ) ;
#3180 = DIRECTION ( 'NONE',  ( -0.5773502691896272854, -0.5773502691896250649, 0.5773502691896250649 ) ) ;
#3181 = DIRECTION ( 'NONE',  ( -0.2326572596528327652, -0.9725587897555778572, 0.000000000000000000 ) ) ;
#3182 = CARTESIAN_POINT ( 'NONE',  ( 0.3222667766999390282, -0.8451626137813800232, 0.1499999999999999944 ) ) ;
#3183 = DIRECTION ( 'NONE',  ( 0.000000000000000000, 0.000000000000000000, -1.000000000000000000 ) ) ;
#3184 = ORIENTED_EDGE ( 'NONE', *, *, #10105, .T. ) ;
#3185 = ORIENTED_EDGE ( 'NONE', *, *, #5763, .F. ) ;
#3186 = DIRECTION ( 'NONE',  ( 0.3199981514759568380, -0.6305562489199274534, -0.7071067811865482389 ) ) ;
#3187 = VERTEX_POINT ( 'NONE', #3383 ) ;
#3188 = EDGE_CURVE ( 'NONE', #6994, #266, #1506, .T. ) ;
#3189 = ORIENTED_EDGE ( 'NONE', *, *, #86, .T. ) ;
#3190 = AXIS2_PLACEMENT_3D ( 'NONE', #4151, #7286, #9669 ) ;
#3191 = CARTESIAN_POINT ( 'NONE',  ( 0.7646446609406726269, 1.349999999999999867, 1.235355339059327262 ) ) ;
#3192 = CARTESIAN_POINT ( 'NONE',  ( -0.7500000000000000000, 1.199999999999999956, 0.000000000000000000 ) ) ;
#3193 = DIRECTION ( 'NONE',  ( 0.2326572596528327652, 0.9725587897555778572, 0.000000000000000000 ) ) ;
#3194 = DIRECTION ( 'NONE',  ( 0.000000000000000000, 1.000000000000000000, 0.000000000000000000 ) ) ;
#3195 = CARTESIAN_POINT ( 'NONE',  ( 1.949999999999999956, -0.6999999999999999556, 0.05000000000000000278 ) ) ;
#3196 = DIRECTION ( 'NONE',  ( 0.000000000000000000, 0.000000000000000000, 1.000000000000000000 ) ) ;
#3197 = VERTEX_POINT ( 'NONE', #3721 ) ;
#3198 = AXIS2_PLACEMENT_3D ( 'NONE', #5743, #7440, #5021 ) ;
#3199 = ORIENTED_EDGE ( 'NONE', *, *, #8495, .F. ) ;
#3200 = EDGE_CURVE ( 'NONE', #9773, #9668, #3051, .T. ) ;
#3201 = LINE ( 'NONE', #5626, #4176 ) ;
#3202 = VERTEX_POINT ( 'NONE', #9289 ) ;
#3203 = VERTEX_POINT ( 'NONE', #4641 ) ;
#3204 =( REPRESENTATION_RELATIONSHIP ('NONE','NONE', #1923, #6068 ) REPRESENTATION_RELATIONSHIP_WITH_TRANSFORMATION ( #8019 )SHAPE_REPRESENTATION_RELATIONSHIP( ) );
#3205 = AXIS2_PLACEMENT_3D ( 'NONE', #10012, #7469, #5116 ) ;
#3206 = DIRECTION ( 'NONE',  ( 0.000000000000000000, 0.000000000000000000, -1.000000000000000000 ) ) ;
#3207 = VECTOR ( 'NONE', #4133, 1000.000000000000000 ) ;
#3208 = DIRECTION ( 'NONE',  ( 0.000000000000000000, 0.000000000000000000, 1.000000000000000000 ) ) ;
#3209 = ADVANCED_FACE ( 'NONE', ( #4692 ), #728, .F. ) ;
#3210 = DIRECTION ( 'NONE',  ( -0.8917411990616684880, 0.4525457257516172227, 0.000000000000000000 ) ) ;
#3211 = DIRECTION ( 'NONE',  ( 0.000000000000000000, -1.000000000000000000, 0.000000000000000000 ) ) ;
#3212 = EDGE_CURVE ( 'NONE', #9707, #2850, #1812, .T. ) ;
#3213 = ORIENTED_EDGE ( 'NONE', *, *, #1795, .F. ) ;
#3214 = VECTOR ( 'NONE', #7267, 1000.000000000000000 ) ;
#3215 = CARTESIAN_POINT ( 'NONE',  ( -1.935355339059327440, -1.385355339059327395, 0.000000000000000000 ) ) ;
#3216 = AXIS2_PLACEMENT_3D ( 'NONE', #4062, #3225, #6440 ) ;
#3217 = VERTEX_POINT ( 'NONE', #1553 ) ;
#3218 = LINE ( 'NONE', #6365, #9025 ) ;
#3219 = CARTESIAN_POINT ( 'NONE',  ( -1.600000000000000089, -0.5000000000000000000, 0.2000000000000000111 ) ) ;
#3220 = DIRECTION ( 'NONE',  ( -1.000000000000000000, 0.000000000000000000, 0.000000000000000000 ) ) ;
#3221 = TOROIDAL_SURFACE ( 'NONE', #8335, 0.1499999999999999944, 0.05000000000000000278 ) ;
#3222 = ADVANCED_FACE ( 'NONE', ( #5364 ), #7831, .T. ) ;
#3223 = VECTOR ( 'NONE', #800, 1000.000000000000000 ) ;
#3224 = DIRECTION ( 'NONE',  ( -0.5773502691896278405, -0.5773502691896235106, -0.5773502691896260641 ) ) ;
#3225 = DIRECTION ( 'NONE',  ( 0.000000000000000000, 0.000000000000000000, 1.000000000000000000 ) ) ;
#3226 = DIRECTION ( 'NONE',  ( -1.000000000000000000, 0.000000000000000000, 0.000000000000000000 ) ) ;
#3227 = DIRECTION ( 'NONE',  ( 0.000000000000000000, 1.000000000000000000, 0.000000000000000000 ) ) ;
#3228 = LINE ( 'NONE', #8694, #1105 ) ;
#3229 = ORIENTED_EDGE ( 'NONE', *, *, #3846, .F. ) ;
#3230 = EDGE_CURVE ( 'NONE', #91, #320, #4762, .T. ) ;
#3231 = ITEM_DEFINED_TRANSFORMATION ( 'NONE', 'NONE', #2654,  #7728 ) ;
#3232 = EDGE_LOOP ( 'NONE', ( #3735, #1119, #10164, #8354 ) ) ;
#3233 = VERTEX_POINT ( 'NONE', #3001 ) ;
#3234 = CARTESIAN_POINT ( 'NONE',  ( 0.3901486355626809788, 0.7387611798592499390, 1.899999999999999911 ) ) ;
#3235 = DIRECTION ( 'NONE',  ( -1.000000000000000000, -3.558407130208834749E-17, 3.558407130208834749E-17 ) ) ;
#3236 = EDGE_LOOP ( 'NONE', ( #1223, #6109, #2327, #9782, #2101, #2454, #4939, #2701, #9296, #4976, #8791, #8217, #9244, #3502, #1902, #5378, #2714, #9534, #4604, #5315, #9172, #5557, #5272, #2693, #9926, #3865, #341, #4925, #7044, #1740, #3258, #8297, #7746, #1445, #2387, #1956 ) ) ;
#3237 = EDGE_CURVE ( 'NONE', #4072, #4497, #2470, .T. ) ;
#3238 = EDGE_CURVE ( 'NONE', #3358, #6159, #2300, .T. ) ;
#3239 = CARTESIAN_POINT ( 'NONE',  ( 1.600000000000000089, -0.5000000000000000000, 0.000000000000000000 ) ) ;
#3240 = CIRCLE ( 'NONE', #9176, 0.05000000000000001665 ) ;
#3241 = LINE ( 'NONE', #972, #9153 ) ;
#3242 = DIRECTION ( 'NONE',  ( 0.000000000000000000, 0.7071067811865474617, 0.7071067811865474617 ) ) ;
#3243 = CARTESIAN_POINT ( 'NONE',  ( 0.6999999999999999556, 1.149999999999999911, 0.000000000000000000 ) ) ;
#3244 = ORIENTED_EDGE ( 'NONE', *, *, #4141, .T. ) ;
#3245 = SURFACE_STYLE_USAGE ( .BOTH. , #5774 ) ;
#3246 = ORIENTED_EDGE ( 'NONE', *, *, #1068, .T. ) ;
#3247 = VERTEX_POINT ( 'NONE', #3881 ) ;
#3248 = CIRCLE ( 'NONE', #109, 0.05000000000000002359 ) ;
#3249 = CARTESIAN_POINT ( 'NONE',  ( 0.8000000000000000444, 1.250000000000000000, 1.250000000000000000 ) ) ;
#3250 = AXIS2_PLACEMENT_3D ( 'NONE', #6759, #1385, #5252 ) ;
#3251 = CYLINDRICAL_SURFACE ( 'NONE', #1359, 0.05000000000000007216 ) ;
#3252 = ADVANCED_FACE ( 'NONE', ( #7017 ), #3934, .F. ) ;
#3253 = DIRECTION ( 'NONE',  ( -2.055968564160549760E-16, 1.000000000000000000, 0.000000000000000000 ) ) ;
#3254 = DIRECTION ( 'NONE',  ( 1.000000000000000000, 0.000000000000000000, 0.000000000000000000 ) ) ;
#3255 = DIRECTION ( 'NONE',  ( 0.000000000000000000, 0.000000000000000000, -1.000000000000000000 ) ) ;
#3256 = DIRECTION ( 'NONE',  ( -1.000000000000000000, 0.000000000000000000, 0.000000000000000000 ) ) ;
#3257 = CARTESIAN_POINT ( 'NONE',  ( 1.600000000000000089, 0.5000000000000000000, 0.2000000000000000111 ) ) ;
#3258 = ORIENTED_EDGE ( 'NONE', *, *, #10083, .T. ) ;
#3259 = TOROIDAL_SURFACE ( 'NONE', #8868, 0.2500000000000000000, 0.05000000000000000278 ) ;
#3260 = VECTOR ( 'NONE', #8927, 1000.000000000000000 ) ;
#3261 = CARTESIAN_POINT ( 'NONE',  ( -1.949999999999999956, -0.8364045445652710242, -0.7500000000000000000 ) ) ;
#3262 = ORIENTED_EDGE ( 'NONE', *, *, #5135, .T. ) ;
#3263 = VERTEX_POINT ( 'NONE', #2952 ) ;
#3264 = AXIS2_PLACEMENT_3D ( 'NONE', #4820, #6424, #8111 ) ;
#3265 = CARTESIAN_POINT ( 'NONE',  ( -0.9636845643521000371, -0.5488085124984810603, 0.000000000000000000 ) ) ;
#3266 = AXIS2_PLACEMENT_3D ( 'NONE', #3069, #4834, #651 ) ;
#3267 = EDGE_CURVE ( 'NONE', #4393, #9873, #6094, .T. ) ;
#3268 = DIRECTION ( 'NONE',  ( 0.8917411990616684880, 0.4525457257516172227, 0.000000000000000000 ) ) ;
#3269 = CARTESIAN_POINT ( 'NONE',  ( 1.899999999938880135, -1.036404544565270092, 0.000000000000000000 ) ) ;
#3270 = DIRECTION ( 'NONE',  ( -0.3199981514759568380, 0.6305562489199274534, -0.7071067811865482389 ) ) ;
#3271 = DIRECTION ( 'NONE',  ( -0.000000000000000000, 1.000000000000000000, 0.000000000000000000 ) ) ;
#3272 = AXIS2_PLACEMENT_3D ( 'NONE', #595, #4424, #2520 ) ;
#3273 = EDGE_LOOP ( 'NONE', ( #490, #6884, #3000, #3840 ) ) ;
#3274 = DIRECTION ( 'NONE',  ( -0.8917411990616695983, -0.4525457257516147802, 0.000000000000000000 ) ) ;
#3275 = VECTOR ( 'NONE', #4803, 1000.000000000000114 ) ;
#3276 = ORIENTED_EDGE ( 'NONE', *, *, #8915, .F. ) ;
#3277 =( LENGTH_UNIT ( ) NAMED_UNIT ( * ) SI_UNIT ( .MILLI., .METRE. ) );
#3278 = LINE ( 'NONE', #174, #2790 ) ;
#3279 = EDGE_CURVE ( 'NONE', #4109, #6238, #777, .T. ) ;
#3280 = AXIS2_PLACEMENT_3D ( 'NONE', #6935, #3014, #6053 ) ;
#3281 = EDGE_CURVE ( 'NONE', #6084, #8317, #5465, .T. ) ;
#3282 = DIRECTION ( 'NONE',  ( 0.000000000000000000, 0.000000000000000000, 1.000000000000000000 ) ) ;
#3283 = VECTOR ( 'NONE', #7521, 1000.000000000000000 ) ;
#3284 = CLOSED_SHELL ( 'NONE', ( #1526, #7615, #10188, #6668 ) ) ;
#3285 = VECTOR ( 'NONE', #8015, 1000.000000000000000 ) ;
#3286 = CARTESIAN_POINT ( 'NONE',  ( 1.600000000000000089, -1.100000000000000089, 0.2000000000000000111 ) ) ;
#3287 = CARTESIAN_POINT ( 'NONE',  ( -1.762380487015951847, 0.9838512662132929965, 0.000000000000000000 ) ) ;
#3288 = CYLINDRICAL_SURFACE ( 'NONE', #598, 0.05000000000000001665 ) ;
#3289 = VERTEX_POINT ( 'NONE', #2134 ) ;
#3290 = VERTEX_POINT ( 'NONE', #7639 ) ;
#3291 = EDGE_CURVE ( 'NONE', #8306, #2681, #2185, .T. ) ;
#3292 = VECTOR ( 'NONE', #1167, 1000.000000000000114 ) ;
#3293 = DIRECTION ( 'NONE',  ( -0.4525457257516167786, -0.8917411990616684880, 0.000000000000000000 ) ) ;
#3294 = DIRECTION ( 'NONE',  ( 0.000000000000000000, 0.000000000000000000, 1.000000000000000000 ) ) ;
#3295 = VERTEX_POINT ( 'NONE', #10078 ) ;
#3296 = LINE ( 'NONE', #1644, #6056 ) ;
#3297 = DIRECTION ( 'NONE',  ( -1.000000000000000000, 0.000000000000000000, 0.000000000000000000 ) ) ;
#3298 = CARTESIAN_POINT ( 'NONE',  ( -1.949999999999999956, -0.5000000000000000000, 0.05000000000000000278 ) ) ;
#3299 = CYLINDRICAL_SURFACE ( 'NONE', #6235, 0.05000000000000001665 ) ;
#3300 = ORIENTED_EDGE ( 'NONE', *, *, #5396, .F. ) ;
#3301 = ORIENTED_EDGE ( 'NONE', *, *, #8298, .T. ) ;
#3302 = CARTESIAN_POINT ( 'NONE',  ( -0.7646446609406726269, 1.385355339059327395, 0.05000000000000000278 ) ) ;
#3303 = EDGE_CURVE ( 'NONE', #9875, #7413, #5672, .T. ) ;
#3304 = ADVANCED_FACE ( 'NONE', ( #7124 ), #6413, .T. ) ;
#3305 = ORIENTED_EDGE ( 'NONE', *, *, #1451, .T. ) ;
#3306 = PRODUCT_DEFINITION_FORMATION_WITH_SPECIFIED_SOURCE ( 'ANY', '', #6852, .NOT_KNOWN. ) ;
#3307 = LINE ( 'NONE', #9708, #313 ) ;
#3308 = DIRECTION ( 'NONE',  ( 0.8522164413315482800, 0.5231893893459534928, 0.000000000000000000 ) ) ;
#3309 = FACE_OUTER_BOUND ( 'NONE', #8299, .T. ) ;
#3310 = DIRECTION ( 'NONE',  ( 0.000000000000000000, 0.000000000000000000, 1.000000000000000000 ) ) ;
#3311 = CARTESIAN_POINT ( 'NONE',  ( 0.6999999999999999556, 1.250000000000000000, 1.199999999999999956 ) ) ;
#3312 = VECTOR ( 'NONE', #4821, 1000.000000000000000 ) ;
#3313 = CARTESIAN_POINT ( 'NONE',  ( 2.100000000000000089, 0.9364045445652701138, -0.5000000000000000000 ) ) ;
#3314 = ORIENTED_EDGE ( 'NONE', *, *, #6253, .F. ) ;
#3315 = ORIENTED_EDGE ( 'NONE', *, *, #3856, .T. ) ;
#3316 = DIRECTION ( 'NONE',  ( 0.000000000000000000, -1.000000000000000000, 0.000000000000000000 ) ) ;
#3317 = EDGE_CURVE ( 'NONE', #3233, #10077, #5725, .T. ) ;
#3318 = VERTEX_POINT ( 'NONE', #7236 ) ;
#3319 = ORIENTED_EDGE ( 'NONE', *, *, #4360, .F. ) ;
#3320 = AXIS2_PLACEMENT_3D ( 'NONE', #8073, #4266, #4170 ) ;
#3321 = AXIS2_PLACEMENT_3D ( 'NONE', #8153, #6720, #2696 ) ;
#3322 = LINE ( 'NONE', #4647, #3964 ) ;
#3323 = FACE_OUTER_BOUND ( 'NONE', #145, .T. ) ;
#3324 = CARTESIAN_POINT ( 'NONE',  ( 1.149999999999999911, 1.100000000000000089, 0.000000000000000000 ) ) ;
#3325 = CIRCLE ( 'NONE', #4160, 0.04999999999999991257 ) ;
#3326 = ORIENTED_EDGE ( 'NONE', *, *, #9367, .T. ) ;
#3327 = EDGE_CURVE ( 'NONE', #2850, #8315, #2497, .T. ) ;
#3328 = CARTESIAN_POINT ( 'NONE',  ( 0.000000000000000000, 0.000000000000000000, 0.000000000000000000 ) ) ;
#3329 = AXIS2_PLACEMENT_3D ( 'NONE', #3873, #618, #6818 ) ;
#3330 = CARTESIAN_POINT ( 'NONE',  ( -1.000000000029100056, -1.350000000046569948, 0.000000000000000000 ) ) ;
#3331 = CARTESIAN_POINT ( 'NONE',  ( -1.949999999999999956, 0.8000000000000000444, 0.2000000000000000111 ) ) ;
#3332 = DIRECTION ( 'NONE',  ( -1.000000000000000000, -3.558407130208834749E-17, 3.558407130208834749E-17 ) ) ;
#3333 = DIRECTION ( 'NONE',  ( -0.8917411990616680439, -0.4525457257516179999, -7.372574772901430151E-16 ) ) ;
#3334 = ORIENTED_EDGE ( 'NONE', *, *, #1735, .T. ) ;
#3335 = ORIENTED_EDGE ( 'NONE', *, *, #3146, .F. ) ;
#3336 = ADVANCED_FACE ( 'NONE', ( #5565 ), #8888, .T. ) ;
#3337 = AXIS2_PLACEMENT_3D ( 'NONE', #3883, #4694, #7129 ) ;
#3338 = SURFACE_STYLE_USAGE ( .BOTH. , #9592 ) ;
#3339 = FACE_OUTER_BOUND ( 'NONE', #8302, .T. ) ;
#3340 = VERTEX_POINT ( 'NONE', #3257 ) ;
#3341 = CARTESIAN_POINT ( 'NONE',  ( 1.949999999999999956, -0.8000000000000000444, 0.2000000000000000111 ) ) ;
#3342 = EDGE_CURVE ( 'NONE', #7427, #1160, #8785, .T. ) ;
#3343 = DIRECTION ( 'NONE',  ( 0.000000000000000000, 1.000000000000000000, 0.000000000000000000 ) ) ;
#3344 = DIRECTION ( 'NONE',  ( 0.000000000000000000, 1.000000000000000000, 0.000000000000000000 ) ) ;
#3345 = EDGE_LOOP ( 'NONE', ( #8336, #2133, #2208, #9040 ) ) ;
#3346 = SPHERICAL_SURFACE ( 'NONE', #974, 0.05000000000000000278 ) ;
#3347 = EDGE_LOOP ( 'NONE', ( #3552, #3398, #6148, #6482, #2051, #2650, #3016, #8171, #5877, #3627, #2978, #9606, #1777, #503, #7684, #1193 ) ) ;
#3348 = DIRECTION ( 'NONE',  ( 1.000000000000000000, 2.055968564160549760E-16, 0.000000000000000000 ) ) ;
#3349 = ORIENTED_EDGE ( 'NONE', *, *, #1516, .T. ) ;
#3350 = ORIENTED_EDGE ( 'NONE', *, *, #3599, .T. ) ;
#3351 = FACE_OUTER_BOUND ( 'NONE', #2269, .T. ) ;
#3352 = LINE ( 'NONE', #359, #1117 ) ;
#3353 = ADVANCED_FACE ( 'NONE', ( #2543 ), #102, .T. ) ;
#3354 = DIRECTION ( 'NONE',  ( -1.000000000000000000, 0.000000000000000000, 0.000000000000000000 ) ) ;
#3355 = EDGE_CURVE ( 'NONE', #2850, #8977, #6582, .T. ) ;
#3356 = CARTESIAN_POINT ( 'NONE',  ( 0.3222667766999390282, 0.8050000000000000488, 1.250000000000000000 ) ) ;
#3357 =( LENGTH_UNIT ( ) NAMED_UNIT ( * ) SI_UNIT ( .MILLI., .METRE. ) );
#3358 = VERTEX_POINT ( 'NONE', #254 ) ;
#3359 = ORIENTED_EDGE ( 'NONE', *, *, #1990, .F. ) ;
#3360 = EDGE_CURVE ( 'NONE', #9792, #2793, #1604, .T. ) ;
#3361 = DIRECTION ( 'NONE',  ( 0.000000000000000000, -1.000000000000000000, 0.000000000000000000 ) ) ;
#3362 = ORIENTED_EDGE ( 'NONE', *, *, #5715, .F. ) ;
#3363 = ORIENTED_EDGE ( 'NONE', *, *, #9612, .T. ) ;
#3364 = EDGE_CURVE ( 'NONE', #9376, #7072, #4748, .T. ) ;
#3365 = CARTESIAN_POINT ( 'NONE',  ( 1.949999999999999956, 1.036404544565270092, -0.05000000000000000278 ) ) ;
#3366 = CIRCLE ( 'NONE', #55, 0.04999999999999991257 ) ;
#3367 = DIRECTION ( 'NONE',  ( 0.000000000000000000, 0.000000000000000000, 1.000000000000000000 ) ) ;
#3368 = EDGE_CURVE ( 'NONE', #1717, #2904, #4283, .T. ) ;
#3369 = DIRECTION ( 'NONE',  ( 0.000000000000000000, -1.000000000000000000, 0.000000000000000000 ) ) ;
#3370 = ORIENTED_EDGE ( 'NONE', *, *, #844, .F. ) ;
#3371 = CARTESIAN_POINT ( 'NONE',  ( 0.3901486355626809788, -0.7387611798592499390, 1.899999999999999911 ) ) ;
#3372 = MANIFOLD_SOLID_BREP ( 'Switch_C&K_Components_KMR231NG_LFS_eec.STEP<1>[2]', #1309 ) ;
#3373 = AXIS2_PLACEMENT_3D ( 'NONE', #2589, #5722, #154 ) ;
#3374 = MECHANICAL_DESIGN_GEOMETRIC_PRESENTATION_REPRESENTATION (  '', ( #403 ), #2223 ) ;
#3375 = CARTESIAN_POINT ( 'NONE',  ( -1.900000000011639933, -0.4364045445652709465, 0.000000000000000000 ) ) ;
#3376 = CARTESIAN_POINT ( 'NONE',  ( 0.000000000000000000, 1.199999999973810016, 0.1499999999999999944 ) ) ;
#3377 = DIRECTION ( 'NONE',  ( 1.982541115402064617E-16, -1.000000000000000000, 1.982541115402064617E-16 ) ) ;
#3378 = EDGE_CURVE ( 'NONE', #1522, #4046, #7941, .T. ) ;
#3379 = DIRECTION ( 'NONE',  ( -1.000000000000000000, 0.000000000000000000, 0.000000000000000000 ) ) ;
#3380 = FACE_OUTER_BOUND ( 'NONE', #939, .T. ) ;
#3381 = DIRECTION ( 'NONE',  ( 5.421010861875307703E-16, -1.000000000000000000, 0.000000000000000000 ) ) ;
#3382 = AXIS2_PLACEMENT_3D ( 'NONE', #3032, #9181, #8499 ) ;
#3383 = CARTESIAN_POINT ( 'NONE',  ( 1.899999999938880135, 1.036404544565270092, 0.000000000000000000 ) ) ;
#3384 = AXIS2_PLACEMENT_3D ( 'NONE', #9103, #5319, #1259 ) ;
#3385 = ORIENTED_EDGE ( 'NONE', *, *, #1930, .F. ) ;
#3386 = ORIENTED_EDGE ( 'NONE', *, *, #2209, .F. ) ;
#3387 = DIRECTION ( 'NONE',  ( 0.7071067811865483499, 0.000000000000000000, 0.7071067811865466846 ) ) ;
#3388 = AXIS2_PLACEMENT_3D ( 'NONE', #2578, #6600, #1076 ) ;
#3389 = ORIENTED_EDGE ( 'NONE', *, *, #9838, .T. ) ;
#3390 = VECTOR ( 'NONE', #4833, 1000.000000000000000 ) ;
#3391 = EDGE_CURVE ( 'NONE', #3289, #5490, #4148, .T. ) ;
#3392 = CARTESIAN_POINT ( 'NONE',  ( 1.600000000000000089, 1.569225247049999883, 0.000000000000000000 ) ) ;
#3393 = CARTESIAN_POINT ( 'NONE',  ( 0.8000000000025470070, 1.150000000026190072, 0.000000000000000000 ) ) ;
#3394 = DIRECTION ( 'NONE',  ( -1.000000000000000000, 0.000000000000000000, 0.000000000000000000 ) ) ;
#3395 = VERTEX_POINT ( 'NONE', #4440 ) ;
#3396 = CARTESIAN_POINT ( 'NONE',  ( 0.7646446609406726269, 1.385355339059327395, 0.05000000000000000278 ) ) ;
#3397 = ORIENTED_EDGE ( 'NONE', *, *, #8308, .T. ) ;
#3398 = ORIENTED_EDGE ( 'NONE', *, *, #2074, .F. ) ;
#3399 = ORIENTED_EDGE ( 'NONE', *, *, #3842, .T. ) ;
#3400 = DIRECTION ( 'NONE',  ( 0.000000000000000000, -1.000000000000000000, 0.000000000000000000 ) ) ;
#3401 = DIRECTION ( 'NONE',  ( 0.000000000000000000, 0.000000000000000000, -1.000000000000000000 ) ) ;
#3402 = CARTESIAN_POINT ( 'NONE',  ( 1.104999999999999982, 0.3346456153152879698, 1.300000000000000044 ) ) ;
#3403 = EDGE_CURVE ( 'NONE', #229, #5261, #1875, .T. ) ;
#3404 = CARTESIAN_POINT ( 'NONE',  ( -0.1850555678730499976, -0.8050000000000000488, 1.850000000000000089 ) ) ;
#3405 = DIRECTION ( 'NONE',  ( 1.000000000000000000, 0.000000000000000000, 0.000000000000000000 ) ) ;
#3406 = LINE ( 'NONE', #1244, #10050 ) ;
#3407 = ORIENTED_EDGE ( 'NONE', *, *, #2104, .T. ) ;
#3408 = EDGE_LOOP ( 'NONE', ( #1066, #6433, #1482, #4222 ) ) ;
#3409 = CARTESIAN_POINT ( 'NONE',  ( 0.8000000000000000444, 1.350000000000000089, 0.05000000000000000278 ) ) ;
#3410 = ORIENTED_EDGE ( 'NONE', *, *, #9618, .F. ) ;
#3411 = ORIENTED_EDGE ( 'NONE', *, *, #9126, .T. ) ;
#3412 = EDGE_CURVE ( 'NONE', #1199, #7465, #7579, .T. ) ;
#3413 = DIRECTION ( 'NONE',  ( 0.000000000000000000, 0.000000000000000000, 1.000000000000000000 ) ) ;
#3414 = AXIS2_PLACEMENT_3D ( 'NONE', #5861, #8126, #1801 ) ;
#3415 = FACE_OUTER_BOUND ( 'NONE', #564, .T. ) ;
#3416 = CARTESIAN_POINT ( 'NONE',  ( -0.6999999999999999556, -1.149999999999999911, 1.199999999999999956 ) ) ;
#3417 = CIRCLE ( 'NONE', #9187, 0.04999999999999991257 ) ;
#3418 = LINE ( 'NONE', #9728, #358 ) ;
#3419 = ORIENTED_EDGE ( 'NONE', *, *, #3163, .T. ) ;
#3420 = ORIENTED_EDGE ( 'NONE', *, *, #7882, .F. ) ;
#3421 = LINE ( 'NONE', #6575, #2559 ) ;
#3422 = CIRCLE ( 'NONE', #452, 0.1999999999999998446 ) ;
#3423 = EDGE_CURVE ( 'NONE', #7211, #9803, #3406, .T. ) ;
#3424 = VECTOR ( 'NONE', #9844, 1000.000000000000000 ) ;
#3425 = EDGE_CURVE ( 'NONE', #6159, #1298, #8258, .T. ) ;
#3426 = VECTOR ( 'NONE', #5765, 1000.000000000000000 ) ;
#3427 = DIRECTION ( 'NONE',  ( 0.000000000000000000, 1.000000000000000000, 0.000000000000000000 ) ) ;
#3428 = DIRECTION ( 'NONE',  ( 0.000000000000000000, 0.000000000000000000, 1.000000000000000000 ) ) ;
#3429 = CARTESIAN_POINT ( 'NONE',  ( -0.8000000000087310603, 1.349999999973810150, 0.000000000000000000 ) ) ;
#3430 = FACE_OUTER_BOUND ( 'NONE', #9858, .T. ) ;
#3431 = CIRCLE ( 'NONE', #7704, 0.1500000000000000500 ) ;
#3432 = LINE ( 'NONE', #4119, #2621 ) ;
#3433 = VERTEX_POINT ( 'NONE', #8353 ) ;
#3434 = ORIENTED_EDGE ( 'NONE', *, *, #3703, .T. ) ;
#3435 = ADVANCED_FACE ( 'NONE', ( #5785 ), #4242, .T. ) ;
#3436 = LINE ( 'NONE', #6539, #10020 ) ;
#3437 = AXIS2_PLACEMENT_3D ( 'NONE', #3983, #8041, #6064 ) ;
#3438 = ORIENTED_EDGE ( 'NONE', *, *, #6266, .T. ) ;
#3439 = VECTOR ( 'NONE', #3144, 1000.000000000000000 ) ;
#3440 = DIRECTION ( 'NONE',  ( 0.8522164413315482800, 0.5231893893459534928, 0.000000000000000000 ) ) ;
#3441 = CARTESIAN_POINT ( 'NONE',  ( 1.935355339059327218, 0.5000000000000000000, 0.01464466094067251763 ) ) ;
#3442 = CARTESIAN_POINT ( 'NONE',  ( 1.949999999999999956, -1.350000000000000089, 1.199999999999999956 ) ) ;
#3443 = DIRECTION ( 'NONE',  ( 0.000000000000000000, 0.000000000000000000, -1.000000000000000000 ) ) ;
#3444 = AXIS2_PLACEMENT_3D ( 'NONE', #3668, #6811, #2887 ) ;
#3445 = EDGE_LOOP ( 'NONE', ( #10058, #7091, #1989, #9794, #4593, #5121, #6767 ) ) ;
#3446 = ORIENTED_EDGE ( 'NONE', *, *, #1082, .T. ) ;
#3447 = CIRCLE ( 'NONE', #9725, 0.2044619385973020509 ) ;
#3448 = DIRECTION ( 'NONE',  ( 0.000000000000000000, 0.000000000000000000, 1.000000000000000000 ) ) ;
#3449 = EDGE_LOOP ( 'NONE', ( #5716, #3884, #3701, #5246 ) ) ;
#3450 = EDGE_CURVE ( 'NONE', #4517, #4783, #8392, .T. ) ;
#3451 = ORIENTED_EDGE ( 'NONE', *, *, #4750, .T. ) ;
#3452 = CARTESIAN_POINT ( 'NONE',  ( -0.3222667766999390282, -0.8196446609406725647, 1.264644660940672516 ) ) ;
#3453 = CARTESIAN_POINT ( 'NONE',  ( 0.3627575754402329600, -0.7526617456234679926, 1.850000000000000089 ) ) ;
#3454 = VECTOR ( 'NONE', #9162, 1000.000000000000000 ) ;
#3455 = VECTOR ( 'NONE', #481, 1000.000000000000000 ) ;
#3456 = DIRECTION ( 'NONE',  ( 1.000000000000000000, 0.000000000000000000, 0.000000000000000000 ) ) ;
#3457 = DIRECTION ( 'NONE',  ( -1.000000000000000000, 3.092222658463279454E-11, 0.000000000000000000 ) ) ;
#3458 = DIRECTION ( 'NONE',  ( -0.2326572596528327652, 0.9725587897555778572, 0.000000000000000000 ) ) ;
#3459 = DIRECTION ( 'NONE',  ( 1.000000000000000000, 3.274160456609790281E-11, 0.000000000000000000 ) ) ;
#3460 = ORIENTED_EDGE ( 'NONE', *, *, #1140, .T. ) ;
#3461 = ORIENTED_EDGE ( 'NONE', *, *, #9963, .F. ) ;
#3462 = EDGE_CURVE ( 'NONE', #6726, #8493, #8722, .T. ) ;
#3463 = VERTEX_POINT ( 'NONE', #6661 ) ;
#3464 = ADVANCED_FACE ( 'NONE', ( #2642 ), #6766, .F. ) ;
#3465 = ORIENTED_EDGE ( 'NONE', *, *, #3931, .T. ) ;
#3466 = AXIS2_PLACEMENT_3D ( 'NONE', #5136, #8279, #1214 ) ;
#3467 = DIRECTION ( 'NONE',  ( 0.7071067811865482389, 0.000000000000000000, -0.7071067811865466846 ) ) ;
#3468 = ORIENTED_EDGE ( 'NONE', *, *, #10083, .F. ) ;
#3469 = PLANE ( 'NONE',  #8372 ) ;
#3470 = CARTESIAN_POINT ( 'NONE',  ( -2.100000000000000089, -1.036404544565270092, 0.000000000000000000 ) ) ;
#3471 = FACE_OUTER_BOUND ( 'NONE', #5874, .T. ) ;
#3472 = EDGE_CURVE ( 'NONE', #7211, #6238, #9869, .T. ) ;
#3473 = EDGE_LOOP ( 'NONE', ( #8244, #3199, #9496, #7114 ) ) ;
#3474 = FACE_OUTER_BOUND ( 'NONE', #7513, .T. ) ;
#3475 = ORIENTED_EDGE ( 'NONE', *, *, #7986, .F. ) ;
#3476 = VECTOR ( 'NONE', #8155, 1000.000000000000000 ) ;
#3477 = ORIENTED_EDGE ( 'NONE', *, *, #4594, .T. ) ;
#3478 = CARTESIAN_POINT ( 'NONE',  ( 0.3750000000000000000, 1.149999999999999911, 0.05000000000000000278 ) ) ;
#3479 = CARTESIAN_POINT ( 'NONE',  ( -1.949999999999999956, 0.6999999999999999556, 0.05000000000000000278 ) ) ;
#3480 = CARTESIAN_POINT ( 'NONE',  ( 0.3222667766999390282, -0.8451626137813800232, 0.000000000000000000 ) ) ;
#3481 = DIRECTION ( 'NONE',  ( 1.000000000000000000, 0.000000000000000000, 0.000000000000000000 ) ) ;
#3482 = CIRCLE ( 'NONE', #2171, 0.05000000000000002359 ) ;
#3483 = FACE_OUTER_BOUND ( 'NONE', #8859, .T. ) ;
#3484 = CIRCLE ( 'NONE', #354, 0.1500000000000000777 ) ;
#3485 = ADVANCED_FACE ( 'NONE', ( #2845 ), #5982, .T. ) ;
#3486 = EDGE_CURVE ( 'NONE', #8989, #2618, #1966, .T. ) ;
#3487 = ORIENTED_EDGE ( 'NONE', *, *, #4029, .F. ) ;
#3488 = EDGE_LOOP ( 'NONE', ( #6551, #8674, #3814, #6222 ) ) ;
#3489 = CARTESIAN_POINT ( 'NONE',  ( 1.949999999999999956, -0.7364045445652709354, -0.2999999999999999889 ) ) ;
#3490 = AXIS2_PLACEMENT_3D ( 'NONE', #5374, #789, #6259 ) ;
#3491 = ORIENTED_EDGE ( 'NONE', *, *, #7503, .F. ) ;
#3492 = EDGE_CURVE ( 'NONE', #5758, #1393, #7713, .T. ) ;
#3493 = CARTESIAN_POINT ( 'NONE',  ( -1.353456609821347856, 0.9838512662132929965, 0.000000000000000000 ) ) ;
#3494 = CARTESIAN_POINT ( 'NONE',  ( 0.3222667766999390282, 0.8050000000000000488, 1.850000000000000089 ) ) ;
#3495 = PLANE ( 'NONE',  #7498 ) ;
#3496 = ADVANCED_FACE ( 'NONE', ( #9090 ), #2069, .T. ) ;
#3497 = CARTESIAN_POINT ( 'NONE',  ( 2.100000000000000089, -1.036404544565270092, 0.000000000000000000 ) ) ;
#3498 = VECTOR ( 'NONE', #3147, 1000.000000000000000 ) ;
#3499 = DIRECTION ( 'NONE',  ( -0.2326572596528327652, -0.9725587897555778572, 0.000000000000000000 ) ) ;
#3500 = VERTEX_POINT ( 'NONE', #8196 ) ;
#3501 = CARTESIAN_POINT ( 'NONE',  ( 0.7646446609406726269, 1.385355339059327395, 1.199999999999999956 ) ) ;
#3502 = ORIENTED_EDGE ( 'NONE', *, *, #9324, .T. ) ;
#3503 = FACE_OUTER_BOUND ( 'NONE', #1751, .T. ) ;
#3504 = ORIENTED_EDGE ( 'NONE', *, *, #6214, .F. ) ;
#3505 = DIRECTION ( 'NONE',  ( 1.000000000000000000, 0.000000000000000000, 0.000000000000000000 ) ) ;
#3506 = VECTOR ( 'NONE', #10008, 1000.000000000000000 ) ;
#3507 = CARTESIAN_POINT ( 'NONE',  ( -2.299999999999999822, -0.5000000000000000000, 0.000000000000000000 ) ) ;
#3508 = DIRECTION ( 'NONE',  ( -1.000000000000000000, 0.000000000000000000, 0.000000000000000000 ) ) ;
#3509 = DIRECTION ( 'NONE',  ( 3.965082230804129727E-16, -1.000000000000000000, 0.000000000000000000 ) ) ;
#3510 = DIRECTION ( 'NONE',  ( 1.000000000000000000, 0.000000000000000000, 0.000000000000000000 ) ) ;
#3511 = CARTESIAN_POINT ( 'NONE',  ( -0.4309513410520389720, 0.8191628971831930173, 0.000000000000000000 ) ) ;
#3512 = EDGE_CURVE ( 'NONE', #8315, #8946, #978, .T. ) ;
#3513 = DIRECTION ( 'NONE',  ( -3.965082230804129727E-16, 1.000000000000000000, 0.000000000000000000 ) ) ;
#3514 = DIRECTION ( 'NONE',  ( 0.8522164413315487241, -0.5231893893459528266, 0.000000000000000000 ) ) ;
#3515 = ORIENTED_EDGE ( 'NONE', *, *, #2539, .F. ) ;
#3516 = ORIENTED_EDGE ( 'NONE', *, *, #522, .T. ) ;
#3517 = EDGE_LOOP ( 'NONE', ( #4142, #3975, #4724, #2017, #4441, #2060, #10103 ) ) ;
#3518 = CARTESIAN_POINT ( 'NONE',  ( -2.299999999999999822, 1.100000000000000089, 0.000000000000000000 ) ) ;
#3519 = DIRECTION ( 'NONE',  ( -0.7071067811865483499, 0.000000000000000000, 0.7071067811865466846 ) ) ;
#3520 = CARTESIAN_POINT ( 'NONE',  ( 0.8000000000000000444, -1.250000000000000000, 1.250000000000000000 ) ) ;
#3521 = EDGE_CURVE ( 'NONE', #7798, #4646, #2739, .T. ) ;
#3522 = CARTESIAN_POINT ( 'NONE',  ( 1.899999999938880135, 1.349999999973810150, 0.000000000000000000 ) ) ;
#3523 = ORIENTED_EDGE ( 'NONE', *, *, #9480, .T. ) ;
#3524 = EDGE_LOOP ( 'NONE', ( #27, #3276, #5567, #8934 ) ) ;
#3525 = CARTESIAN_POINT ( 'NONE',  ( 1.054999999999999938, 0.3346456153152879698, 1.250000000000000000 ) ) ;
#3526 = VERTEX_POINT ( 'NONE', #1971 ) ;
#3527 = MANIFOLD_SOLID_BREP ( 'Switch_C&K_Components_KMR231NG_LFS_eec.STEP<1>', #3284 ) ;
#3528 = EDGE_CURVE ( 'NONE', #320, #5734, #6958, .T. ) ;
#3529 = CARTESIAN_POINT ( 'NONE',  ( -0.3687982286305056534, -0.7995117579511155093, 1.300000000000000044 ) ) ;
#3530 = VECTOR ( 'NONE', #4734, 1000.000000000000000 ) ;
#3531 = CARTESIAN_POINT ( 'NONE',  ( -1.899999999999999911, 1.350000000000000089, 1.199999999999999956 ) ) ;
#3532 = DIRECTION ( 'NONE',  ( 0.000000000000000000, 0.000000000000000000, -1.000000000000000000 ) ) ;
#3533 = DIRECTION ( 'NONE',  ( 0.7071067811865482389, 0.000000000000000000, -0.7071067811865466846 ) ) ;
#3534 = FACE_OUTER_BOUND ( 'NONE', #8743, .T. ) ;
#3535 = FACE_OUTER_BOUND ( 'NONE', #6208, .T. ) ;
#3536 = VERTEX_POINT ( 'NONE', #5119 ) ;
#3537 = ORIENTED_EDGE ( 'NONE', *, *, #2902, .T. ) ;
#3538 = CIRCLE ( 'NONE', #5865, 0.05000000000000007216 ) ;
#3539 = AXIS2_PLACEMENT_3D ( 'NONE', #8115, #4210, #268 ) ;
#3540 = DIRECTION ( 'NONE',  ( -0.7071067811865474617, 0.000000000000000000, -0.7071067811865474617 ) ) ;
#3541 = ORIENTED_EDGE ( 'NONE', *, *, #7755, .T. ) ;
#3542 = ADVANCED_FACE ( 'NONE', ( #4677 ), #6909, .T. ) ;
#3543 = CARTESIAN_POINT ( 'NONE',  ( 1.949999999999999956, -0.4364045445652709465, -0.05000000000000000278 ) ) ;
#3544 = APPLICATION_CONTEXT ( 'automotive_design' ) ;
#3545 = AXIS2_PLACEMENT_3D ( 'NONE', #2690, #8887, #3458 ) ;
#3546 = AXIS2_PLACEMENT_3D ( 'NONE', #3393, #4077, #4022 ) ;
#3547 = DIRECTION ( 'NONE',  ( 1.000000000000000000, 0.000000000000000000, 0.000000000000000000 ) ) ;
#3548 = EDGE_CURVE ( 'NONE', #6992, #4069, #5452, .T. ) ;
#3549 = DIRECTION ( 'NONE',  ( -1.000000000000000000, 0.000000000000000000, 0.000000000000000000 ) ) ;
#3550 = CARTESIAN_POINT ( 'NONE',  ( -0.3750000000000000000, 1.350000000000000089, 0.05000000000000000278 ) ) ;
#3551 = VERTEX_POINT ( 'NONE', #2121 ) ;
#3552 = ORIENTED_EDGE ( 'NONE', *, *, #7781, .F. ) ;
#3553 = AXIS2_PLACEMENT_3D ( 'NONE', #1439, #2885, #608 ) ;
#3554 = ORIENTED_EDGE ( 'NONE', *, *, #8519, .T. ) ;
#3555 = ADVANCED_FACE ( 'NONE', ( #3085 ), #3709, .T. ) ;
#3556 = CARTESIAN_POINT ( 'NONE',  ( -0.7500000000000000000, -1.250000000000000000, 0.000000000000000000 ) ) ;
#3557 = CARTESIAN_POINT ( 'NONE',  ( 1.935355339059327440, -0.3682022722942769888, -0.01464466094067265294 ) ) ;
#3558 = EDGE_LOOP ( 'NONE', ( #9149, #5365, #8387, #4427 ) ) ;
#3559 = CIRCLE ( 'NONE', #7803, 0.1999999999999998446 ) ;
#3560 = DIRECTION ( 'NONE',  ( 0.000000000000000000, 0.000000000000000000, 1.000000000000000000 ) ) ;
#3561 = CARTESIAN_POINT ( 'NONE',  ( -1.899999999999999911, -1.350000000000000089, 1.199999999999999956 ) ) ;
#3562 = ORIENTED_EDGE ( 'NONE', *, *, #1743, .T. ) ;
#3563 = CARTESIAN_POINT ( 'NONE',  ( 1.935355339059327440, 0.3682022722709940021, -0.01464466094067265294 ) ) ;
#3564 = ORIENTED_EDGE ( 'NONE', *, *, #52, .T. ) ;
#3565 = ORIENTED_EDGE ( 'NONE', *, *, #5087, .T. ) ;
#3566 = VERTEX_POINT ( 'NONE', #2937 ) ;
#3567 = VERTEX_POINT ( 'NONE', #8610 ) ;
#3568 = DIRECTION ( 'NONE',  ( 0.000000000000000000, 0.000000000000000000, -1.000000000000000000 ) ) ;
#3569 = EDGE_CURVE ( 'NONE', #4655, #10101, #2298, .T. ) ;
#3570 = DIRECTION ( 'NONE',  ( -1.000000000000000000, 0.000000000000000000, 0.000000000000000000 ) ) ;
#3571 = FACE_OUTER_BOUND ( 'NONE', #4769, .T. ) ;
#3572 = ORIENTED_EDGE ( 'NONE', *, *, #2916, .T. ) ;
#3573 = CIRCLE ( 'NONE', #9337, 0.04999999999999991257 ) ;
#3574 = DIRECTION ( 'NONE',  ( 0.000000000000000000, 1.000000000000000000, 0.000000000000000000 ) ) ;
#3575 = ORIENTED_EDGE ( 'NONE', *, *, #4962, .T. ) ;
#3576 = ADVANCED_FACE ( 'NONE', ( #9230 ), #2173, .T. ) ;
#3577 = CIRCLE ( 'NONE', #9345, 0.05000000000000000278 ) ;
#3578 = CARTESIAN_POINT ( 'NONE',  ( -2.100000000000000089, 1.036404544565270092, 0.000000000000000000 ) ) ;
#3579 = VECTOR ( 'NONE', #5203, 1000.000000000000000 ) ;
#3580 = DIRECTION ( 'NONE',  ( -1.000000000000000000, 0.000000000000000000, 0.000000000000000000 ) ) ;
#3581 = CARTESIAN_POINT ( 'NONE',  ( 0.9228818588627429875, 0.4684067951745389813, 1.850000000000000089 ) ) ;
#3582 = DIRECTION ( 'NONE',  ( 0.000000000000000000, 0.000000000000000000, 1.000000000000000000 ) ) ;
#3583 = DIRECTION ( 'NONE',  ( 0.000000000000000000, 1.000000000000000000, 0.000000000000000000 ) ) ;
#3584 = FACE_OUTER_BOUND ( 'NONE', #7402, .T. ) ;
#3585 = ORIENTED_EDGE ( 'NONE', *, *, #1152, .T. ) ;
#3586 = CARTESIAN_POINT ( 'NONE',  ( 0.000000000000000000, 1.199999999973810016, -0.05000000000000000278 ) ) ;
#3587 = VECTOR ( 'NONE', #8483, 1000.000000000000000 ) ;
#3588 = ORIENTED_EDGE ( 'NONE', *, *, #10170, .T. ) ;
#3589 = CIRCLE ( 'NONE', #9354, 0.04999999999999998196 ) ;
#3590 = DIRECTION ( 'NONE',  ( 0.000000000000000000, 0.000000000000000000, 1.000000000000000000 ) ) ;
#3591 = EDGE_CURVE ( 'NONE', #6515, #9950, #8544, .T. ) ;
#3592 = ORIENTED_EDGE ( 'NONE', *, *, #9658, .T. ) ;
#3593 = AXIS2_PLACEMENT_3D ( 'NONE', #2392, #4204, #5 ) ;
#3594 = VECTOR ( 'NONE', #8311, 1000.000000000000000 ) ;
#3595 = DIRECTION ( 'NONE',  ( 0.4525457257516172227, -0.8917411990616683770, 0.000000000000000000 ) ) ;
#3596 = CARTESIAN_POINT ( 'NONE',  ( -1.899999999999999911, 1.385355339059327395, 1.235355339059327262 ) ) ;
#3597 = ORIENTED_EDGE ( 'NONE', *, *, #891, .T. ) ;
#3598 = ORIENTED_EDGE ( 'NONE', *, *, #7700, .T. ) ;
#3599 = EDGE_CURVE ( 'NONE', #7511, #3103, #3760, .T. ) ;
#3600 = ORIENTED_EDGE ( 'NONE', *, *, #2753, .F. ) ;
#3601 = AXIS2_PLACEMENT_3D ( 'NONE', #5990, #9143, #10121 ) ;
#3602 = CIRCLE ( 'NONE', #7714, 0.04999999999999991257 ) ;
#3603 = VECTOR ( 'NONE', #1264, 1000.000000000000000 ) ;
#3604 = AXIS2_PLACEMENT_3D ( 'NONE', #3123, #9742, #2669 ) ;
#3605 = DIRECTION ( 'NONE',  ( 1.000000000000000000, -3.274186477211780177E-11, 0.000000000000000000 ) ) ;
#3606 = ORIENTED_EDGE ( 'NONE', *, *, #1473, .F. ) ;
#3607 = DIRECTION ( 'NONE',  ( 0.000000000000000000, -0.7071067811865474617, 0.7071067811865474617 ) ) ;
#3608 = AXIS2_PLACEMENT_3D ( 'NONE', #5660, #5711, #1714 ) ;
#3609 = LINE ( 'NONE', #7669, #2440 ) ;
#3610 = STYLED_ITEM ( 'NONE', ( #2591 ), #3372 ) ;
#3611 = ORIENTED_EDGE ( 'NONE', *, *, #9457, .F. ) ;
#3612 = DIRECTION ( 'NONE',  ( 3.083952846240829818E-16, -1.000000000000000000, 0.000000000000000000 ) ) ;
#3613 = FACE_OUTER_BOUND ( 'NONE', #6652, .T. ) ;
#3614 = CARTESIAN_POINT ( 'NONE',  ( -2.056066017177982097, 1.036404544565270092, 0.1060660171779820027 ) ) ;
#3615 = DIRECTION ( 'NONE',  ( 0.000000000000000000, 0.000000000000000000, 1.000000000000000000 ) ) ;
#3616 = ORIENTED_EDGE ( 'NONE', *, *, #7970, .F. ) ;
#3617 = EDGE_CURVE ( 'NONE', #6594, #6665, #516, .T. ) ;
#3618 = EDGE_LOOP ( 'NONE', ( #1757, #5799, #3813, #9209 ) ) ;
#3619 = EDGE_CURVE ( 'NONE', #4717, #6959, #8501, .T. ) ;
#3620 = ORIENTED_EDGE ( 'NONE', *, *, #5285, .F. ) ;
#3621 = CIRCLE ( 'NONE', #9558, 0.04999999999999991257 ) ;
#3622 = ORIENTED_EDGE ( 'NONE', *, *, #5754, .F. ) ;
#3623 = VECTOR ( 'NONE', #5275, 1000.000000000000000 ) ;
#3624 = DIRECTION ( 'NONE',  ( -1.000000000000000000, 0.000000000000000000, 0.000000000000000000 ) ) ;
#3625 = DIRECTION ( 'NONE',  ( 0.000000000000000000, 1.000000000000000000, 0.000000000000000000 ) ) ;
#3626 = DIRECTION ( 'NONE',  ( 1.000000000000000000, 0.000000000000000000, 0.000000000000000000 ) ) ;
#3627 = ORIENTED_EDGE ( 'NONE', *, *, #7700, .F. ) ;
#3628 = LINE ( 'NONE', #7400, #2460 ) ;
#3629 = EDGE_CURVE ( 'NONE', #4575, #7314, #4576, .T. ) ;
#3630 = CARTESIAN_POINT ( 'NONE',  ( 0.6999999999999999556, 1.149999999973809972, -0.05000000000000000278 ) ) ;
#3631 = ORIENTED_EDGE ( 'NONE', *, *, #5305, .F. ) ;
#3632 = AXIS2_PLACEMENT_3D ( 'NONE', #7542, #1463, #10038 ) ;
#3633 =( GEOMETRIC_REPRESENTATION_CONTEXT ( 3 ) GLOBAL_UNCERTAINTY_ASSIGNED_CONTEXT ( ( #8798 ) ) GLOBAL_UNIT_ASSIGNED_CONTEXT ( ( #5425, #1511, #6530 ) ) REPRESENTATION_CONTEXT ( 'NONE', 'WORKASPACE' ) );
#3634 = FACE_OUTER_BOUND ( 'NONE', #5356, .T. ) ;
#3635 = DIRECTION ( 'NONE',  ( -3.965082230804129727E-16, 1.000000000000000000, 0.000000000000000000 ) ) ;
#3636 = SHAPE_REPRESENTATION ( 'shield.STEP', ( #7728 ), #676 ) ;
#3637 = CYLINDRICAL_SURFACE ( 'NONE', #5560, 0.2401626137813799300 ) ;
#3638 = CARTESIAN_POINT ( 'NONE',  ( -1.949999999999999956, -0.4364045445652709465, -0.7500000000000000000 ) ) ;
#3639 = DIRECTION ( 'NONE',  ( -3.965082230804129727E-16, 1.000000000000000000, 0.000000000000000000 ) ) ;
#3640 = CARTESIAN_POINT ( 'NONE',  ( -2.299999999999999822, -1.100000000000000089, 0.000000000000000000 ) ) ;
#3641 = ADVANCED_FACE ( 'NONE', ( #9331 ), #2321, .T. ) ;
#3642 = TOROIDAL_SURFACE ( 'NONE', #514, 0.2500000000000000000, 0.05000000000000000278 ) ;
#3643 = CARTESIAN_POINT ( 'NONE',  ( 1.899999999999999911, 1.350000000000000089, 0.000000000000000000 ) ) ;
#3644 = ORIENTED_EDGE ( 'NONE', *, *, #4335, .F. ) ;
#3645 = CYLINDRICAL_SURFACE ( 'NONE', #1138, 0.05000000000000007216 ) ;
#3646 = VERTEX_POINT ( 'NONE', #3243 ) ;
#3647 = CARTESIAN_POINT ( 'NONE',  ( -1.104999999999999982, -0.3346456153152879698, 1.300000000000000044 ) ) ;
#3648 = AXIS2_PLACEMENT_3D ( 'NONE', #274, #8917, #7398 ) ;
#3649 = DIRECTION ( 'NONE',  ( 1.000000000000000000, 0.000000000000000000, 0.000000000000000000 ) ) ;
#3650 = CARTESIAN_POINT ( 'NONE',  ( 1.600000000000000089, -0.5000000000000000000, 0.000000000000000000 ) ) ;
#3651 = EDGE_CURVE ( 'NONE', #6415, #2993, #4081, .T. ) ;
#3652 = DIRECTION ( 'NONE',  ( 0.000000000000000000, 1.000000000000000000, 0.000000000000000000 ) ) ;
#3653 = ORIENTED_EDGE ( 'NONE', *, *, #5371, .T. ) ;
#3654 = EDGE_CURVE ( 'NONE', #1468, #9910, #4025, .T. ) ;
#3655 = VERTEX_POINT ( 'NONE', #9602 ) ;
#3656 = EDGE_LOOP ( 'NONE', ( #184, #9948, #4480, #6136, #2713, #1541, #1774, #4908, #1349, #1185, #5368, #3185, #9615, #9958, #4340, #5701 ) ) ;
#3657 = AXIS2_PLACEMENT_3D ( 'NONE', #1618, #4052, #4761 ) ;
#3658 = ORIENTED_EDGE ( 'NONE', *, *, #2575, .T. ) ;
#3659 = CYLINDRICAL_SURFACE ( 'NONE', #8951, 0.05000000000000007216 ) ;
#3660 = ADVANCED_FACE ( 'NONE', ( #2532 ), #977, .T. ) ;
#3661 = AXIS2_PLACEMENT_3D ( 'NONE', #9626, #2555, #5688 ) ;
#3662 = CARTESIAN_POINT ( 'NONE',  ( -1.949999999999999956, -0.4364045445652709465, -0.7500000000000000000 ) ) ;
#3663 = ORIENTED_EDGE ( 'NONE', *, *, #4289, .F. ) ;
#3664 = CARTESIAN_POINT ( 'NONE',  ( 0.8000000000087310603, -1.149999999973809972, 0.1499999999999999944 ) ) ;
#3665 = EDGE_CURVE ( 'NONE', #373, #5391, #2458, .T. ) ;
#3666 = DIRECTION ( 'NONE',  ( 0.000000000000000000, 0.7071067811865482389, 0.7071067811865466846 ) ) ;
#3667 = DIRECTION ( 'NONE',  ( -0.2326572596528327652, -0.9725587897555778572, 0.000000000000000000 ) ) ;
#3668 = CARTESIAN_POINT ( 'NONE',  ( 0.7052020075671829868, 0.5788761627328729009, 1.850000000000000089 ) ) ;
#3669 = EDGE_LOOP ( 'NONE', ( #8680, #9962, #6863, #9616, #5455, #3141, #4620, #5435, #1840 ) ) ;
#3670 = ORIENTED_EDGE ( 'NONE', *, *, #4371, .F. ) ;
#3671 = CIRCLE ( 'NONE', #4828, 0.05000000000000001665 ) ;
#3672 = ORIENTED_EDGE ( 'NONE', *, *, #8606, .F. ) ;
#3673 = ORIENTED_EDGE ( 'NONE', *, *, #4106, .F. ) ;
#3674 = CARTESIAN_POINT ( 'NONE',  ( -1.600000000000000089, -0.5000000000000000000, 0.2000000000000000111 ) ) ;
#3675 = CARTESIAN_POINT ( 'NONE',  ( -1.899999999999999911, -1.350000000000000089, 0.05000000000000000278 ) ) ;
#3676 = CYLINDRICAL_SURFACE ( 'NONE', #6876, 0.05000000000000001665 ) ;
#3677 = EDGE_CURVE ( 'NONE', #2702, #3247, #636, .T. ) ;
#3678 = CYLINDRICAL_SURFACE ( 'NONE', #10081, 0.05000000000000007216 ) ;
#3679 = VERTEX_POINT ( 'NONE', #5548 ) ;
#3680 = ADVANCED_FACE ( 'NONE', ( #7270 ), #3346, .T. ) ;
#3681 = DIRECTION ( 'NONE',  ( 0.000000000000000000, -1.000000000000000000, 0.000000000000000000 ) ) ;
#3682 = CARTESIAN_POINT ( 'NONE',  ( -1.935355339059327440, -0.3682022722942769888, -0.01464466094067265294 ) ) ;
#3683 = EDGE_LOOP ( 'NONE', ( #1828, #4286, #796, #3923 ) ) ;
#3684 = CARTESIAN_POINT ( 'NONE',  ( -0.9749999999999999778, -1.350000000000000089, 1.199999999999999956 ) ) ;
#3685 = EDGE_CURVE ( 'NONE', #1655, #7987, #2580, .T. ) ;
#3686 = DIRECTION ( 'NONE',  ( -0.8917411990616690431, 0.4525457257516160015, 0.000000000000000000 ) ) ;
#3687 = DIRECTION ( 'NONE',  ( 0.8917411990616680439, 0.4525457257516179999, -7.372574772901430151E-16 ) ) ;
#3688 = FACE_OUTER_BOUND ( 'NONE', #4505, .T. ) ;
#3689 = CARTESIAN_POINT ( 'NONE',  ( -0.3222667766999390282, 0.6049999999999999822, 1.300000000000000044 ) ) ;
#3690 = DIRECTION ( 'NONE',  ( -0.7071067811865482389, 0.000000000000000000, -0.7071067811865466846 ) ) ;
#3691 = ORIENTED_EDGE ( 'NONE', *, *, #6950, .T. ) ;
#3692 = ORIENTED_EDGE ( 'NONE', *, *, #4276, .F. ) ;
#3693 = DIRECTION ( 'NONE',  ( 1.000000000000000000, 0.000000000000000000, 0.000000000000000000 ) ) ;
#3694 = DIRECTION ( 'NONE',  ( 0.7071067811865496822, 0.7071067811865453523, 0.000000000000000000 ) ) ;
#3695 = ADVANCED_FACE ( 'NONE', ( #765 ), #7057, .F. ) ;
#3696 = CARTESIAN_POINT ( 'NONE',  ( -1.899999999999999911, -0.3682022722942769888, -0.05000000000000000278 ) ) ;
#3697 = LINE ( 'NONE', #7706, #2929 ) ;
#3698 = AXIS2_PLACEMENT_3D ( 'NONE', #3409, #6564, #5731 ) ;
#3699 = CARTESIAN_POINT ( 'NONE',  ( -0.7646446609406726269, -0.6999999999999999556, 0.01464466094067265294 ) ) ;
#3700 = ORIENTED_EDGE ( 'NONE', *, *, #9931, .T. ) ;
#3701 = ORIENTED_EDGE ( 'NONE', *, *, #7514, .T. ) ;
#3702 = AXIS2_PLACEMENT_3D ( 'NONE', #8954, #8272, #1211 ) ;
#3703 = EDGE_CURVE ( 'NONE', #9792, #6248, #9444, .T. ) ;
#3704 = CARTESIAN_POINT ( 'NONE',  ( -0.7500000000000000000, -1.199999999999999956, 0.000000000000000000 ) ) ;
#3705 = DIRECTION ( 'NONE',  ( 0.000000000000000000, 0.000000000000000000, -1.000000000000000000 ) ) ;
#3706 = EDGE_LOOP ( 'NONE', ( #1585, #5601, #416, #6140, #9080 ) ) ;
#3707 = DIRECTION ( 'NONE',  ( 0.000000000000000000, 0.000000000000000000, -1.000000000000000000 ) ) ;
#3708 = CARTESIAN_POINT ( 'NONE',  ( -0.6999999999999999556, -1.149999999999999911, 1.199999999999999956 ) ) ;
#3709 = CYLINDRICAL_SURFACE ( 'NONE', #5748, 0.2000000000000001221 ) ;
#3710 = AXIS2_PLACEMENT_3D ( 'NONE', #5162, #513, #8304 ) ;
#3711 = ORIENTED_EDGE ( 'NONE', *, *, #2728, .T. ) ;
#3712 = AXIS2_PLACEMENT_3D ( 'NONE', #7717, #9489, #3757 ) ;
#3713 = ORIENTED_EDGE ( 'NONE', *, *, #8741, .F. ) ;
#3714 = ORIENTED_EDGE ( 'NONE', *, *, #6363, .T. ) ;
#3715 = CARTESIAN_POINT ( 'NONE',  ( 0.8549999999999999822, -0.3346456153152879698, 0.000000000000000000 ) ) ;
#3716 = EDGE_CURVE ( 'NONE', #5212, #2631, #5501, .T. ) ;
#3717 = CARTESIAN_POINT ( 'NONE',  ( -1.054999999999999938, -0.4574288342188090328, 1.250000000000000000 ) ) ;
#3718 = TOROIDAL_SURFACE ( 'NONE', #2574, 0.1499999999999999944, 0.05000000000000000278 ) ;
#3719 = DIRECTION ( 'NONE',  ( 0.7071067811865474617, 0.000000000000000000, 0.7071067811865474617 ) ) ;
#3720 = VERTEX_POINT ( 'NONE', #7164 ) ;
#3721 = CARTESIAN_POINT ( 'NONE',  ( -2.299999999999999822, -1.100000000000000089, 0.2000000000000000111 ) ) ;
#3722 = ORIENTED_EDGE ( 'NONE', *, *, #7958, .F. ) ;
#3723 = LINE ( 'NONE', #6873, #5512 ) ;
#3724 = ADVANCED_FACE ( 'NONE', ( #1590 ), #4731, .T. ) ;
#3725 = ORIENTED_EDGE ( 'NONE', *, *, #5230, .T. ) ;
#3726 = DIRECTION ( 'NONE',  ( 0.000000000000000000, 0.000000000000000000, 1.000000000000000000 ) ) ;
#3727 = DIRECTION ( 'NONE',  ( 0.000000000000000000, 0.000000000000000000, -1.000000000000000000 ) ) ;
#3728 = AXIS2_PLACEMENT_3D ( 'NONE', #6375, #9533, #2465 ) ;
#3729 = DIRECTION ( 'NONE',  ( 1.000000000000000000, 0.000000000000000000, 0.000000000000000000 ) ) ;
#3730 = LINE ( 'NONE', #2819, #8937 ) ;
#3731 = CARTESIAN_POINT ( 'NONE',  ( 0.4127759218502620175, 0.7833482398123340351, 1.850000000000000089 ) ) ;
#3732 = EDGE_LOOP ( 'NONE', ( #6804, #8907, #5870, #9924, #3434, #7249 ) ) ;
#3733 = LINE ( 'NONE', #9210, #8708 ) ;
#3734 =( REPRESENTATION_RELATIONSHIP ('NONE','NONE', #1923, #9293 ) REPRESENTATION_RELATIONSHIP_WITH_TRANSFORMATION ( #6221 )SHAPE_REPRESENTATION_RELATIONSHIP( ) );
#3735 = ORIENTED_EDGE ( 'NONE', *, *, #6799, .F. ) ;
#3736 = DIRECTION ( 'NONE',  ( -0.5773502691896272854, -0.5773502691896250649, 0.5773502691896250649 ) ) ;
#3737 = EDGE_CURVE ( 'NONE', #7733, #3295, #5095, .T. ) ;
#3738 = EDGE_CURVE ( 'NONE', #9875, #3289, #8894, .T. ) ;
#3739 = AXIS2_PLACEMENT_3D ( 'NONE', #6796, #9067, #7552 ) ;
#3740 = LINE ( 'NONE', #5332, #7683 ) ;
#3741 =( LENGTH_UNIT ( ) NAMED_UNIT ( * ) SI_UNIT ( .MILLI., .METRE. ) );
#3742 = CARTESIAN_POINT ( 'NONE',  ( 1.935355339059327440, -1.100000000000000089, 0.01464466094067269283 ) ) ;
#3743 = AXIS2_PLACEMENT_3D ( 'NONE', #8685, #8535, #6983 ) ;
#3744 = VECTOR ( 'NONE', #9158, 1000.000000000000000 ) ;
#3745 = AXIS2_PLACEMENT_3D ( 'NONE', #2984, #9273, #9129 ) ;
#3746 = CYLINDRICAL_SURFACE ( 'NONE', #8659, 0.2000000000000001221 ) ;
#3747 = VERTEX_POINT ( 'NONE', #5377 ) ;
#3748 = ORIENTED_EDGE ( 'NONE', *, *, #5795, .T. ) ;
#3749 = ORIENTED_EDGE ( 'NONE', *, *, #5654, .F. ) ;
#3750 = EDGE_CURVE ( 'NONE', #779, #1852, #3733, .T. ) ;
#3751 = CIRCLE ( 'NONE', #284, 0.04999999999999991257 ) ;
#3752 = AXIS2_PLACEMENT_3D ( 'NONE', #2348, #5476, #6930 ) ;
#3753 = AXIS2_PLACEMENT_3D ( 'NONE', #9956, #3595, #7661 ) ;
#3754 = CARTESIAN_POINT ( 'NONE',  ( -1.899999999999999911, 0.5000000000000000000, 0.05000000000000000278 ) ) ;
#3755 = FACE_OUTER_BOUND ( 'NONE', #3232, .T. ) ;
#3756 = ORIENTED_EDGE ( 'NONE', *, *, #1459, .T. ) ;
#3757 = DIRECTION ( 'NONE',  ( -0.3199981514759568380, 0.6305562489199274534, 0.7071067811865482389 ) ) ;
#3758 = DIRECTION ( 'NONE',  ( 1.000000000000000000, 0.000000000000000000, 0.000000000000000000 ) ) ;
#3759 = LINE ( 'NONE', #5350, #2799 ) ;
#3760 = LINE ( 'NONE', #8557, #2135 ) ;
#3761 = VECTOR ( 'NONE', #3687, 1000.000000000000000 ) ;
#3762 = ORIENTED_EDGE ( 'NONE', *, *, #2971, .F. ) ;
#3763 = VECTOR ( 'NONE', #2328, 1000.000000000000000 ) ;
#3764 = EDGE_CURVE ( 'NONE', #1635, #348, #8478, .T. ) ;
#3765 = CARTESIAN_POINT ( 'NONE',  ( 0.8000000000000000444, 1.350000000000000089, 1.199999999999999956 ) ) ;
#3766 = AXIS2_PLACEMENT_3D ( 'NONE', #2869, #2199, #2248 ) ;
#3767 = AXIS2_PLACEMENT_3D ( 'NONE', #9216, #1278, #2205 ) ;
#3768 = CARTESIAN_POINT ( 'NONE',  ( 0.9681364314379040659, -0.5575809150807050640, 1.250000000000000000 ) ) ;
#3769 = CIRCLE ( 'NONE', #640, 0.04999999999999991257 ) ;
#3770 = DIRECTION ( 'NONE',  ( 0.000000000000000000, 0.000000000000000000, 1.000000000000000000 ) ) ;
#3771 = ORIENTED_EDGE ( 'NONE', *, *, #1450, .T. ) ;
#3772 = ORIENTED_EDGE ( 'NONE', *, *, #9997, .F. ) ;
#3773 = ADVANCED_FACE ( 'NONE', ( #9256 ), #3645, .T. ) ;
#3774 = VECTOR ( 'NONE', #2284, 1000.000000000000000 ) ;
#3775 = VERTEX_POINT ( 'NONE', #2824 ) ;
#3776 = CIRCLE ( 'NONE', #321, 0.2401626137813800410 ) ;
#3777 = CARTESIAN_POINT ( 'NONE',  ( -1.949999999999999956, 1.100000000000000089, 0.2000000000000000111 ) ) ;
#3778 = AXIS2_PLACEMENT_3D ( 'NONE', #4060, #9524, #8749 ) ;
#3779 = ORIENTED_EDGE ( 'NONE', *, *, #4143, .F. ) ;
#3780 = LINE ( 'NONE', #2957, #9057 ) ;
#3781 = CARTESIAN_POINT ( 'NONE',  ( 0.8549999999999999822, 0.3346456153152879698, 1.850000000000000089 ) ) ;
#3782 = AXIS2_PLACEMENT_3D ( 'NONE', #5651, #7727, #5599 ) ;
#3783 = EDGE_CURVE ( 'NONE', #3103, #4201, #6794, .T. ) ;
#3784 = CARTESIAN_POINT ( 'NONE',  ( 0.4354032081378430008, -0.8279352997654170210, 1.250000000000000000 ) ) ;
#3785 = FACE_OUTER_BOUND ( 'NONE', #3449, .T. ) ;
#3786 = CARTESIAN_POINT ( 'NONE',  ( 2.100000000000000089, -0.4364045445652709465, 0.000000000000000000 ) ) ;
#3787 = CARTESIAN_POINT ( 'NONE',  ( 0.3222667766999390282, 0.7550000000000000044, 1.899999999999999911 ) ) ;
#3788 = VERTEX_POINT ( 'NONE', #5962 ) ;
#3789 = CARTESIAN_POINT ( 'NONE',  ( -0.6999999999999999556, -1.149999999999999911, 0.000000000000000000 ) ) ;
#3790 = ORIENTED_EDGE ( 'NONE', *, *, #6171, .F. ) ;
#3791 = LINE ( 'NONE', #6885, #7326 ) ;
#3792 = DIRECTION ( 'NONE',  ( 0.000000000000000000, 0.000000000000000000, -1.000000000000000000 ) ) ;
#3793 = DIRECTION ( 'NONE',  ( 0.000000000000000000, 0.000000000000000000, 1.000000000000000000 ) ) ;
#3794 = EDGE_CURVE ( 'NONE', #7151, #2110, #5571, .T. ) ;
#3795 = ADVANCED_FACE ( 'NONE', ( #587 ), #4551, .F. ) ;
#3796 = AXIS2_PLACEMENT_3D ( 'NONE', #3470, #1207, #1837 ) ;
#3797 = LINE ( 'NONE', #9427, #5893 ) ;
#3798 = DIRECTION ( 'NONE',  ( -0.000000000000000000, 1.000000000000000000, 0.000000000000000000 ) ) ;
#3799 = ORIENTED_EDGE ( 'NONE', *, *, #9731, .F. ) ;
#3800 = CARTESIAN_POINT ( 'NONE',  ( 0.000000000000000000, 0.000000000000000000, 0.000000000000000000 ) ) ;
#3801 = ORIENTED_EDGE ( 'NONE', *, *, #7188, .F. ) ;
#3802 = EDGE_LOOP ( 'NONE', ( #6459, #6121, #5453, #770 ) ) ;
#3803 = CARTESIAN_POINT ( 'NONE',  ( 0.2999999999768079850, -1.149999999963980057, 0.1499999999999999944 ) ) ;
#3804 = AXIS2_PLACEMENT_3D ( 'NONE', #179, #1111, #225 ) ;
#3805 = CARTESIAN_POINT ( 'NONE',  ( -2.299999999999999822, -0.5000000000000000000, 0.2000000000000000111 ) ) ;
#3806 = EDGE_CURVE ( 'NONE', #8576, #4173, #9116, .T. ) ;
#3807 = ADVANCED_FACE ( 'NONE', ( #9949 ), #7696, .T. ) ;
#3808 = FACE_OUTER_BOUND ( 'NONE', #3517, .T. ) ;
#3809 = CARTESIAN_POINT ( 'NONE',  ( 1.935355339059327218, -0.5000000000000000000, 0.01464466094067251763 ) ) ;
#3810 = LINE ( 'NONE', #10066, #8828 ) ;
#3811 = CIRCLE ( 'NONE', #15, 0.05000000000000007216 ) ;
#3812 = DIRECTION ( 'NONE',  ( -0.8522164413315482800, -0.5231893893459534928, 0.000000000000000000 ) ) ;
#3813 = ORIENTED_EDGE ( 'NONE', *, *, #4490, .F. ) ;
#3814 = ORIENTED_EDGE ( 'NONE', *, *, #5099, .T. ) ;
#3815 = DIRECTION ( 'NONE',  ( 0.000000000000000000, 1.000000000000000000, 0.000000000000000000 ) ) ;
#3816 = ORIENTED_EDGE ( 'NONE', *, *, #10227, .T. ) ;
#3817 = EDGE_LOOP ( 'NONE', ( #3314, #3965, #9350, #10206 ) ) ;
#3818 = PLANE ( 'NONE',  #4132 ) ;
#3819 = CARTESIAN_POINT ( 'NONE',  ( -1.095162613781379912, 0.3346456153152879698, 0.000000000000000000 ) ) ;
#3820 = VECTOR ( 'NONE', #7792, 1000.000000000000000 ) ;
#3821 = LINE ( 'NONE', #4448, #6294 ) ;
#3822 = CARTESIAN_POINT ( 'NONE',  ( 0.2999999999768079850, -1.149999999963980057, 0.000000000000000000 ) ) ;
#3823 = EDGE_CURVE ( 'NONE', #7465, #1827, #7747, .T. ) ;
#3824 = CARTESIAN_POINT ( 'NONE',  ( 1.899999999938880135, -1.036404544565270092, 0.000000000000000000 ) ) ;
#3825 = DIRECTION ( 'NONE',  ( 0.000000000000000000, 1.000000000000000000, 0.000000000000000000 ) ) ;
#3826 = FACE_OUTER_BOUND ( 'NONE', #451, .T. ) ;
#3827 = ORIENTED_EDGE ( 'NONE', *, *, #3238, .F. ) ;
#3828 = VERTEX_POINT ( 'NONE', #3789 ) ;
#3829 = AXIS2_PLACEMENT_3D ( 'NONE', #1302, #8508, #2997 ) ;
#3830 = CARTESIAN_POINT ( 'NONE',  ( -0.6999999999999999556, 1.350000000000000089, 0.000000000000000000 ) ) ;
#3831 = ORIENTED_EDGE ( 'NONE', *, *, #8936, .F. ) ;
#3832 = DIRECTION ( 'NONE',  ( 0.000000000000000000, 0.000000000000000000, 1.000000000000000000 ) ) ;
#3833 = ADVANCED_FACE ( 'NONE', ( #4413 ), #540, .T. ) ;
#3834 = AXIS2_PLACEMENT_3D ( 'NONE', #8575, #6355, #162 ) ;
#3835 = CARTESIAN_POINT ( 'NONE',  ( 0.3750000000000000000, 1.149999999999999911, 1.199999999999999956 ) ) ;
#3836 = DIRECTION ( 'NONE',  ( -1.000000000000000000, 0.000000000000000000, 0.000000000000000000 ) ) ;
#3837 = CARTESIAN_POINT ( 'NONE',  ( 1.600000000000000089, 1.100000000000000089, 0.2000000000000000111 ) ) ;
#3838 = DIRECTION ( 'NONE',  ( 0.000000000000000000, -1.000000000000000000, 0.000000000000000000 ) ) ;
#3839 = CYLINDRICAL_SURFACE ( 'NONE', #8885, 0.05000000000000007216 ) ;
#3840 = ORIENTED_EDGE ( 'NONE', *, *, #9282, .F. ) ;
#3841 = CYLINDRICAL_SURFACE ( 'NONE', #9291, 0.2044619385973020509 ) ;
#3842 = EDGE_CURVE ( 'NONE', #1246, #6738, #2306, .T. ) ;
#3843 = ORIENTED_EDGE ( 'NONE', *, *, #2891, .F. ) ;
#3844 = SPHERICAL_SURFACE ( 'NONE', #1121, 0.05000000000000000278 ) ;
#3845 = FACE_OUTER_BOUND ( 'NONE', #5170, .T. ) ;
#3846 = EDGE_CURVE ( 'NONE', #8078, #7087, #9555, .T. ) ;
#3847 = LINE ( 'NONE', #7802, #6225 ) ;
#3848 = CARTESIAN_POINT ( 'NONE',  ( 2.100000000000000089, 1.036404544565270092, 0.1499999999999999944 ) ) ;
#3849 = LINE ( 'NONE', #6274, #5220 ) ;
#3850 = ORIENTED_EDGE ( 'NONE', *, *, #86, .F. ) ;
#3851 = SHAPE_DEFINITION_REPRESENTATION ( #4177, #2194 ) ;
#3852 = VERTEX_POINT ( 'NONE', #8332 ) ;
#3853 = ORIENTED_EDGE ( 'NONE', *, *, #8045, .T. ) ;
#3854 = EDGE_CURVE ( 'NONE', #4000, #1786, #7550, .T. ) ;
#3855 = CARTESIAN_POINT ( 'NONE',  ( -1.900000000011639933, 0.4364045445652700028, 0.000000000000000000 ) ) ;
#3856 = EDGE_CURVE ( 'NONE', #461, #4284, #8059, .T. ) ;
#3857 = VECTOR ( 'NONE', #8091, 1000.000000000000000 ) ;
#3858 = DIRECTION ( 'NONE',  ( 0.000000000000000000, -1.000000000000000000, 0.000000000000000000 ) ) ;
#3859 = FACE_OUTER_BOUND ( 'NONE', #7943, .T. ) ;
#3860 = CYLINDRICAL_SURFACE ( 'NONE', #6347, 0.05000000000000001665 ) ;
#3861 = CARTESIAN_POINT ( 'NONE',  ( -1.600000000000000089, 0.2500000000000000000, 0.000000000000000000 ) ) ;
#3862 = DIRECTION ( 'NONE',  ( 0.000000000000000000, 0.000000000000000000, 1.000000000000000000 ) ) ;
#3863 = ORIENTED_EDGE ( 'NONE', *, *, #2782, .T. ) ;
#3864 = CARTESIAN_POINT ( 'NONE',  ( 1.949999999999999956, 1.100000000000000089, 0.05000000000000000278 ) ) ;
#3865 = ORIENTED_EDGE ( 'NONE', *, *, #4394, .T. ) ;
#3866 = CIRCLE ( 'NONE', #3062, 0.1499999999999999944 ) ;
#3867 = ADVANCED_FACE ( 'NONE', ( #5057 ), #6558, .T. ) ;
#3868 = VECTOR ( 'NONE', #9245, 1000.000000000000000 ) ;
#3869 = ADVANCED_FACE ( 'NONE', ( #5781 ), #8255, .F. ) ;
#3870 = VERTEX_POINT ( 'NONE', #1195 ) ;
#3871 = LINE ( 'NONE', #679, #3275 ) ;
#3872 = VERTEX_POINT ( 'NONE', #8043 ) ;
#3873 = CARTESIAN_POINT ( 'NONE',  ( -0.8549999999999999822, 0.3346456153152879698, 1.250000000000000000 ) ) ;
#3874 = CARTESIAN_POINT ( 'NONE',  ( 0.8000000000000000444, -1.350000000000000089, 1.199999999999999956 ) ) ;
#3875 = CIRCLE ( 'NONE', #9308, 0.04999999999999991257 ) ;
#3876 = DIRECTION ( 'NONE',  ( -1.000000000000000000, 0.000000000000000000, 0.000000000000000000 ) ) ;
#3877 = AXIS2_PLACEMENT_3D ( 'NONE', #7924, #7218, #6545 ) ;
#3878 = DIRECTION ( 'NONE',  ( -0.7071067811865482389, 0.000000000000000000, -0.7071067811865466846 ) ) ;
#3879 = CARTESIAN_POINT ( 'NONE',  ( 0.3687982286305056534, -0.7995117579511156203, 1.250000000000000000 ) ) ;
#3880 = DIRECTION ( 'NONE',  ( 0.000000000000000000, 0.000000000000000000, 1.000000000000000000 ) ) ;
#3881 = CARTESIAN_POINT ( 'NONE',  ( -0.9455091451503230271, 0.5129938551276220782, 1.300000000000000044 ) ) ;
#3882 = ORIENTED_EDGE ( 'NONE', *, *, #1910, .T. ) ;
#3883 = CARTESIAN_POINT ( 'NONE',  ( 2.100000000000000089, 0.4364045445652700028, 0.000000000000000000 ) ) ;
#3884 = ORIENTED_EDGE ( 'NONE', *, *, #844, .T. ) ;
#3885 = EDGE_CURVE ( 'NONE', #3747, #1669, #8194, .T. ) ;
#3886 = VERTEX_POINT ( 'NONE', #155 ) ;
#3887 = CIRCLE ( 'NONE', #2079, 0.05000000000000001665 ) ;
#3888 = LINE ( 'NONE', #9410, #659 ) ;
#3889 = CARTESIAN_POINT ( 'NONE',  ( -1.899999999999999911, -1.350000000000000089, 0.000000000000000000 ) ) ;
#3890 = CYLINDRICAL_SURFACE ( 'NONE', #10192, 0.05000000000000007216 ) ;
#3891 = CARTESIAN_POINT ( 'NONE',  ( 1.949999999999999956, 0.5000000000000000000, 0.000000000000000000 ) ) ;
#3892 = LINE ( 'NONE', #1682, #1023 ) ;
#3893 = CARTESIAN_POINT ( 'NONE',  ( 0.7646446609406726269, 1.250000000000000000, 0.01464466094067265987 ) ) ;
#3894 = CARTESIAN_POINT ( 'NONE',  ( 1.899999999999999911, 1.350000000000000089, 0.000000000000000000 ) ) ;
#3895 = ORIENTED_EDGE ( 'NONE', *, *, #1268, .F. ) ;
#3896 = DIRECTION ( 'NONE',  ( 0.000000000000000000, 0.000000000000000000, 1.000000000000000000 ) ) ;
#3897 = EDGE_CURVE ( 'NONE', #7630, #258, #1143, .T. ) ;
#3898 = ORIENTED_EDGE ( 'NONE', *, *, #4625, .F. ) ;
#3899 = CARTESIAN_POINT ( 'NONE',  ( 0.3750000000000000000, -1.350000000000000089, 0.05000000000000000278 ) ) ;
#3900 = DIRECTION ( 'NONE',  ( 1.000000000000000000, 0.000000000000000000, 0.000000000000000000 ) ) ;
#3901 = DIRECTION ( 'NONE',  ( 0.000000000000000000, 0.000000000000000000, -1.000000000000000000 ) ) ;
#3902 = LINE ( 'NONE', #3848, #2289 ) ;
#3903 = DIRECTION ( 'NONE',  ( -0.7071067811865482389, 0.000000000000000000, 0.7071067811865466846 ) ) ;
#3904 = ORIENTED_EDGE ( 'NONE', *, *, #6881, .T. ) ;
#3905 = AXIS2_PLACEMENT_3D ( 'NONE', #9316, #4716, #7806 ) ;
#3906 = EDGE_LOOP ( 'NONE', ( #8890, #7562, #4356, #1948 ) ) ;
#3907 = ORIENTED_EDGE ( 'NONE', *, *, #1301, .F. ) ;
#3908 = ADVANCED_FACE ( 'NONE', ( #2541 ), #8886, .T. ) ;
#3909 = DIRECTION ( 'NONE',  ( 0.000000000000000000, 0.000000000000000000, -1.000000000000000000 ) ) ;
#3910 = CIRCLE ( 'NONE', #4402, 0.1999999998981370208 ) ;
#3911 = CIRCLE ( 'NONE', #10179, 0.04999999999999991257 ) ;
#3912 = DIRECTION ( 'NONE',  ( -0.7071067811865466846, 9.147955830346443662E-16, -0.7071067811865484609 ) ) ;
#3913 = EDGE_CURVE ( 'NONE', #6457, #3646, #7392, .T. ) ;
#3914 = FACE_OUTER_BOUND ( 'NONE', #7775, .T. ) ;
#3915 = CARTESIAN_POINT ( 'NONE',  ( -0.4127759218502620175, 0.7833482398123340351, 1.250000000000000000 ) ) ;
#3916 = LINE ( 'NONE', #8608, #9696 ) ;
#3917 = ORIENTED_EDGE ( 'NONE', *, *, #1098, .T. ) ;
#3918 = ORIENTED_EDGE ( 'NONE', *, *, #3154, .T. ) ;
#3919 = DIRECTION ( 'NONE',  ( -0.5773502691896270633, -0.5773502691896248429, -0.5773502691896252870 ) ) ;
#3920 = VERTEX_POINT ( 'NONE', #3511 ) ;
#3921 = AXIS2_PLACEMENT_3D ( 'NONE', #4363, #6107, #386 ) ;
#3922 = AXIS2_PLACEMENT_3D ( 'NONE', #1125, #191, #4949 ) ;
#3923 = ORIENTED_EDGE ( 'NONE', *, *, #7287, .T. ) ;
#3924 = CARTESIAN_POINT ( 'NONE',  ( -0.3222667766999390282, -0.8050000000000000488, 1.250000000000000000 ) ) ;
#3925 = CARTESIAN_POINT ( 'NONE',  ( 1.949999999999999956, -1.036404544565270092, -0.05000000000000000278 ) ) ;
#3926 = AXIS2_PLACEMENT_3D ( 'NONE', #9830, #8208, #6671 ) ;
#3927 = EDGE_CURVE ( 'NONE', #8448, #8371, #5879, .T. ) ;
#3928 = CIRCLE ( 'NONE', #8532, 0.2000000000000001221 ) ;
#3929 = CARTESIAN_POINT ( 'NONE',  ( 0.8000000000000000444, 0.6999999999999999556, 0.000000000000000000 ) ) ;
#3930 = CARTESIAN_POINT ( 'NONE',  ( -0.3222667766999390282, -0.8451626137813800232, 0.000000000000000000 ) ) ;
#3931 = EDGE_CURVE ( 'NONE', #2681, #7354, #6467, .T. ) ;
#3932 = CIRCLE ( 'NONE', #7864, 0.04999999999999991257 ) ;
#3933 = CARTESIAN_POINT ( 'NONE',  ( -1.900000000011639933, -0.4364045445652709465, 0.000000000000000000 ) ) ;
#3934 = PLANE ( 'NONE',  #144 ) ;
#3935 = ORIENTED_EDGE ( 'NONE', *, *, #6634, .F. ) ;
#3936 = CARTESIAN_POINT ( 'NONE',  ( 1.899999999999999911, -1.350000000000000089, 0.05000000000000000278 ) ) ;
#3937 = ORIENTED_EDGE ( 'NONE', *, *, #7320, .F. ) ;
#3938 = AXIS2_PLACEMENT_3D ( 'NONE', #9530, #3958, #7804 ) ;
#3939 = VECTOR ( 'NONE', #9634, 1000.000000000000000 ) ;
#3940 = EDGE_CURVE ( 'NONE', #9913, #9093, #6074, .T. ) ;
#3941 = DIRECTION ( 'NONE',  ( -1.000000000000000000, 0.000000000000000000, 0.000000000000000000 ) ) ;
#3942 = LINE ( 'NONE', #3, #3967 ) ;
#3943 = CARTESIAN_POINT ( 'NONE',  ( -0.8549999999999999822, 0.3346456153152879698, 1.250000000000000000 ) ) ;
#3944 = EDGE_CURVE ( 'NONE', #2544, #6145, #5268, .T. ) ;
#3945 = CARTESIAN_POINT ( 'NONE',  ( -0.7500000000000000000, 0.5999999999999999778, 0.05000000000000000278 ) ) ;
#3946 = AXIS2_PLACEMENT_3D ( 'NONE', #8420, #7682, #6970 ) ;
#3947 = AXIS2_PLACEMENT_3D ( 'NONE', #151, #1036, #4900 ) ;
#3948 = EDGE_LOOP ( 'NONE', ( #8968, #5235, #529, #8975 ) ) ;
#3949 = CARTESIAN_POINT ( 'NONE',  ( -1.935355339059327662, 1.350000000000000089, 0.01464466094067282120 ) ) ;
#3950 = ORIENTED_EDGE ( 'NONE', *, *, #219, .F. ) ;
#3951 = DIRECTION ( 'NONE',  ( 0.5773502691896270633, 0.5773502691896248429, -0.5773502691896252870 ) ) ;
#3952 = VECTOR ( 'NONE', #10129, 1000.000000000000000 ) ;
#3953 = CARTESIAN_POINT ( 'NONE',  ( 0.6999999999999999556, 1.350000000000000089, 0.000000000000000000 ) ) ;
#3954 = ADVANCED_FACE ( 'NONE', ( #6387 ), #5542, .T. ) ;
#3955 = PLANE ( 'NONE',  #8661 ) ;
#3956 = LINE ( 'NONE', #6372, #4319 ) ;
#3957 = CYLINDRICAL_SURFACE ( 'NONE', #3266, 0.2044619385973020509 ) ;
#3958 = DIRECTION ( 'NONE',  ( 5.551115123125780336E-15, -1.000000000000000000, 0.000000000000000000 ) ) ;
#3959 = LINE ( 'NONE', #4011, #5530 ) ;
#3960 = VECTOR ( 'NONE', #1858, 1000.000000000000000 ) ;
#3961 = ORIENTED_EDGE ( 'NONE', *, *, #7741, .F. ) ;
#3962 = ORIENTED_EDGE ( 'NONE', *, *, #8008, .F. ) ;
#3963 = AXIS2_PLACEMENT_3D ( 'NONE', #7519, #6956, #1294 ) ;
#3964 = VECTOR ( 'NONE', #7789, 1000.000000000000000 ) ;
#3965 = ORIENTED_EDGE ( 'NONE', *, *, #9473, .T. ) ;
#3966 = ORIENTED_EDGE ( 'NONE', *, *, #185, .F. ) ;
#3967 = VECTOR ( 'NONE', #7895, 1000.000000000000000 ) ;
#3968 = AXIS2_PLACEMENT_3D ( 'NONE', #7379, #4350, #8898 ) ;
#3969 = EDGE_CURVE ( 'NONE', #502, #4495, #160, .T. ) ;
#3970 = DIRECTION ( 'NONE',  ( 1.000000000000000000, 0.000000000000000000, 0.000000000000000000 ) ) ;
#3971 = SPHERICAL_SURFACE ( 'NONE', #6679, 0.05000000000000000278 ) ;
#3972 = DIRECTION ( 'NONE',  ( 0.000000000000000000, -1.000000000000000000, 0.000000000000000000 ) ) ;
#3973 = CARTESIAN_POINT ( 'NONE',  ( -1.005000000000000115, 0.2287144171094039891, 1.850000000000000089 ) ) ;
#3974 = DIRECTION ( 'NONE',  ( -0.000000000000000000, 1.000000000000000000, 0.000000000000000000 ) ) ;
#3975 = ORIENTED_EDGE ( 'NONE', *, *, #8948, .T. ) ;
#3976 = CYLINDRICAL_SURFACE ( 'NONE', #6664, 0.05000000000000001665 ) ;
#3977 = VERTEX_POINT ( 'NONE', #4074 ) ;
#3978 = EDGE_LOOP ( 'NONE', ( #5676, #2734, #1116, #5940 ) ) ;
#3979 = EDGE_CURVE ( 'NONE', #8614, #7263, #9566, .T. ) ;
#3980 = CARTESIAN_POINT ( 'NONE',  ( 0.8000000000000000444, -1.350000000000000089, 1.199999999999999956 ) ) ;
#3981 = DIRECTION ( 'NONE',  ( 0.000000000000000000, 1.000000000000000000, 0.000000000000000000 ) ) ;
#3982 = VECTOR ( 'NONE', #2433, 1000.000000000000000 ) ;
#3983 = CARTESIAN_POINT ( 'NONE',  ( -1.005000000000000115, 0.3346456153152879698, 1.850000000000000089 ) ) ;
#3984 = CARTESIAN_POINT ( 'NONE',  ( -1.949999999999999956, 0.6999999999999999556, 0.05000000000000000278 ) ) ;
#3985 = CARTESIAN_POINT ( 'NONE',  ( 1.899999999999999911, -0.6999999999999999556, 0.05000000000000000278 ) ) ;
#3986 = CARTESIAN_POINT ( 'NONE',  ( 0.000000000000000000, 0.000000000000000000, 1.899999999999999911 ) ) ;
#3987 = VERTEX_POINT ( 'NONE', #9437 ) ;
#3988 = ORIENTED_EDGE ( 'NONE', *, *, #8389, .F. ) ;
#3989 = FACE_OUTER_BOUND ( 'NONE', #3706, .T. ) ;
#3990 = VECTOR ( 'NONE', #3639, 1000.000000000000000 ) ;
#3991 = ORIENTED_EDGE ( 'NONE', *, *, #7405, .F. ) ;
#3992 = EDGE_CURVE ( 'NONE', #10165, #1570, #4020, .T. ) ;
#3993 = CARTESIAN_POINT ( 'NONE',  ( -1.600000000000000089, 0.5000000000000000000, 0.000000000000000000 ) ) ;
#3994 = CYLINDRICAL_SURFACE ( 'NONE', #2813, 0.05000000000000007216 ) ;
#3995 = ADVANCED_FACE ( 'NONE', ( #7212 ), #760, .T. ) ;
#3996 = DIRECTION ( 'NONE',  ( 0.000000000000000000, 0.000000000000000000, 1.000000000000000000 ) ) ;
#3997 = FACE_OUTER_BOUND ( 'NONE', #488, .T. ) ;
#3998 = CARTESIAN_POINT ( 'NONE',  ( 1.935355339059327218, 1.350000000000000089, 1.235355339059327484 ) ) ;
#3999 = AXIS2_PLACEMENT_3D ( 'NONE', #9777, #5018, #2657 ) ;
#4000 = VERTEX_POINT ( 'NONE', #8237 ) ;
#4001 = SURFACE_STYLE_USAGE ( .BOTH. , #4706 ) ;
#4002 = EDGE_CURVE ( 'NONE', #1379, #5115, #5041, .T. ) ;
#4003 = ORIENTED_EDGE ( 'NONE', *, *, #4685, .T. ) ;
#4004 = DIRECTION ( 'NONE',  ( 0.000000000000000000, 0.000000000000000000, 1.000000000000000000 ) ) ;
#4005 = AXIS2_PLACEMENT_3D ( 'NONE', #8446, #2262, #507 ) ;
#4006 = CARTESIAN_POINT ( 'NONE',  ( 0.7500000000000000000, 1.350000000000000089, 0.000000000000000000 ) ) ;
#4007 = CARTESIAN_POINT ( 'NONE',  ( -1.899999999999999911, -1.350000000000000089, 0.05000000000000000278 ) ) ;
#4008 = DIRECTION ( 'NONE',  ( 0.000000000000000000, 0.000000000000000000, -1.000000000000000000 ) ) ;
#4009 = CARTESIAN_POINT ( 'NONE',  ( 0.9681364314379040659, -0.5575809150807050640, 1.300000000000000044 ) ) ;
#4010 = CARTESIAN_POINT ( 'NONE',  ( 0.7646446609406726269, 0.6999999999999999556, 1.235355339059327262 ) ) ;
#4011 = CARTESIAN_POINT ( 'NONE',  ( 1.949999999999999956, -1.350000000000000089, 0.000000000000000000 ) ) ;
#4012 = ORIENTED_EDGE ( 'NONE', *, *, #2551, .F. ) ;
#4013 = APPLICATION_PROTOCOL_DEFINITION ( 'draft international standard', 'automotive_design', 1998, #1104 ) ;
#4014 = ORIENTED_EDGE ( 'NONE', *, *, #4830, .T. ) ;
#4015 = EDGE_LOOP ( 'NONE', ( #1148, #8310, #6771, #2073, #7509, #3083, #9392, #3244, #6353 ) ) ;
#4016 = EDGE_CURVE ( 'NONE', #2633, #6515, #4599, .T. ) ;
#4017 = CARTESIAN_POINT ( 'NONE',  ( 2.299999999999999822, 1.100000000000000089, 0.000000000000000000 ) ) ;
#4018 = DIRECTION ( 'NONE',  ( 0.8522164413315482800, -0.5231893893459534928, 0.000000000000000000 ) ) ;
#4019 = VERTEX_POINT ( 'NONE', #2052 ) ;
#4020 = LINE ( 'NONE', #4841, #8731 ) ;
#4021 = DIRECTION ( 'NONE',  ( 0.000000000000000000, 1.000000000000000000, 0.000000000000000000 ) ) ;
#4022 = DIRECTION ( 'NONE',  ( 1.000000000000000000, -3.092222658463279454E-11, 0.000000000000000000 ) ) ;
#4023 = FACE_OUTER_BOUND ( 'NONE', #6619, .T. ) ;
#4024 = FACE_OUTER_BOUND ( 'NONE', #9278, .T. ) ;
#4025 = LINE ( 'NONE', #6456, #7553 ) ;
#4026 = ORIENTED_EDGE ( 'NONE', *, *, #2730, .F. ) ;
#4027 = DIRECTION ( 'NONE',  ( -1.982541115402069794E-16, 1.000000000000000000, 0.000000000000000000 ) ) ;
#4028 = ORIENTED_EDGE ( 'NONE', *, *, #1778, .F. ) ;
#4029 = EDGE_CURVE ( 'NONE', #5938, #5757, #10056, .T. ) ;
#4030 = ORIENTED_EDGE ( 'NONE', *, *, #891, .F. ) ;
#4031 = CIRCLE ( 'NONE', #3698, 0.05000000000000000278 ) ;
#4032 = DIRECTION ( 'NONE',  ( 0.000000000000000000, 0.000000000000000000, 1.000000000000000000 ) ) ;
#4033 = DIRECTION ( 'NONE',  ( 0.000000000000000000, 0.000000000000000000, -1.000000000000000000 ) ) ;
#4034 = CARTESIAN_POINT ( 'NONE',  ( -0.7500000000000000000, 1.350000000000000089, 0.000000000000000000 ) ) ;
#4035 = CARTESIAN_POINT ( 'NONE',  ( -0.8000000000000000444, 1.350000000000000089, 0.05000000000000000278 ) ) ;
#4036 = FACE_OUTER_BOUND ( 'NONE', #5789, .T. ) ;
#4037 = DIRECTION ( 'NONE',  ( 0.000000000000000000, 0.000000000000000000, 1.000000000000000000 ) ) ;
#4038 = AXIS2_PLACEMENT_3D ( 'NONE', #8042, #7992, #5780 ) ;
#4039 = ORIENTED_EDGE ( 'NONE', *, *, #7051, .F. ) ;
#4040 = VECTOR ( 'NONE', #5949, 1000.000000000000000 ) ;
#4041 = VERTEX_POINT ( 'NONE', #7505 ) ;
#4042 = CARTESIAN_POINT ( 'NONE',  ( -0.3853848617278139987, 0.7972488055765520887, 1.300000000000000044 ) ) ;
#4043 = EDGE_CURVE ( 'NONE', #7072, #7798, #1120, .T. ) ;
#4044 = ORIENTED_EDGE ( 'NONE', *, *, #9757, .T. ) ;
#4045 = EDGE_CURVE ( 'NONE', #1220, #820, #6746, .T. ) ;
#4046 = VERTEX_POINT ( 'NONE', #4326 ) ;
#4047 = VECTOR ( 'NONE', #3151, 1000.000000000000000 ) ;
#4048 = DIRECTION ( 'NONE',  ( -1.000000000000000000, 0.000000000000000000, 0.000000000000000000 ) ) ;
#4049 = CARTESIAN_POINT ( 'NONE',  ( 0.3901486355626809788, -0.7387611798592499390, 1.850000000000000089 ) ) ;
#4050 = LINE ( 'NONE', #3269, #2280 ) ;
#4051 = DIRECTION ( 'NONE',  ( 0.000000000000000000, 0.000000000000000000, 1.000000000000000000 ) ) ;
#4052 = DIRECTION ( 'NONE',  ( 1.000000000000000000, 0.000000000000000000, 0.000000000000000000 ) ) ;
#4053 = ADVANCED_FACE ( 'NONE', ( #4277 ), #4226, .T. ) ;
#4054 = PLANE ( 'NONE',  #6891 ) ;
#4055 = ORIENTED_EDGE ( 'NONE', *, *, #3364, .F. ) ;
#4056 = VECTOR ( 'NONE', #5821, 1000.000000000000000 ) ;
#4057 = AXIS2_PLACEMENT_3D ( 'NONE', #8855, #3379, #906 ) ;
#4058 = VERTEX_POINT ( 'NONE', #3543 ) ;
#4059 =( NAMED_UNIT ( * ) PLANE_ANGLE_UNIT ( ) SI_UNIT ( $, .RADIAN. ) );
#4060 = CARTESIAN_POINT ( 'NONE',  ( 1.899999999999999911, 1.350000000000000089, 1.199999999999999956 ) ) ;
#4061 = CIRCLE ( 'NONE', #9321, 0.1500000000000000500 ) ;
#4062 = CARTESIAN_POINT ( 'NONE',  ( 0.6999999999999999556, 1.250000000000000000, 1.199999999999999956 ) ) ;
#4063 = CARTESIAN_POINT ( 'NONE',  ( -1.949999999999999956, 1.100000000000000089, 0.000000000000000000 ) ) ;
#4064 = EDGE_CURVE ( 'NONE', #7361, #1767, #4948, .T. ) ;
#4065 = CARTESIAN_POINT ( 'NONE',  ( -0.3750000000000000000, 1.350000000000000089, 1.250000000000000000 ) ) ;
#4066 = EDGE_CURVE ( 'NONE', #6801, #8597, #9736, .T. ) ;
#4067 = DIRECTION ( 'NONE',  ( 0.7071067811865482389, 0.000000000000000000, 0.7071067811865466846 ) ) ;
#4068 = ORIENTED_EDGE ( 'NONE', *, *, #615, .T. ) ;
#4069 = VERTEX_POINT ( 'NONE', #5968 ) ;
#4070 = CYLINDRICAL_SURFACE ( 'NONE', #5111, 0.2401626137813800410 ) ;
#4071 = DIRECTION ( 'NONE',  ( -0.7071067811865482389, 0.000000000000000000, 0.7071067811865466846 ) ) ;
#4072 = VERTEX_POINT ( 'NONE', #1025 ) ;
#4073 = EDGE_CURVE ( 'NONE', #9146, #2028, #654, .T. ) ;
#4074 = CARTESIAN_POINT ( 'NONE',  ( 0.9681364314379040659, 0.5575809150807050640, 1.250000000000000000 ) ) ;
#4075 = CARTESIAN_POINT ( 'NONE',  ( -1.899999999999999911, -0.3682022722942769888, 0.000000000000000000 ) ) ;
#4076 = VECTOR ( 'NONE', #2016, 1000.000000000000114 ) ;
#4077 = DIRECTION ( 'NONE',  ( 3.092222658463279454E-11, 1.000000000000000000, 0.000000000000000000 ) ) ;
#4078 = EDGE_CURVE ( 'NONE', #6594, #9093, #7408, .T. ) ;
#4079 = CARTESIAN_POINT ( 'NONE',  ( 1.899999999999999911, 1.350000000000000089, 1.199999999999999956 ) ) ;
#4080 = CARTESIAN_POINT ( 'NONE',  ( -1.899999999999999911, 0.6999999999999999556, 1.199999999999999956 ) ) ;
#4081 = LINE ( 'NONE', #6396, #6070 ) ;
#4082 = ORIENTED_EDGE ( 'NONE', *, *, #4510, .T. ) ;
#4083 = CARTESIAN_POINT ( 'NONE',  ( 1.005000000000000115, 0.3346456153152879698, 1.850000000000000089 ) ) ;
#4084 = ORIENTED_EDGE ( 'NONE', *, *, #2105, .F. ) ;
#4085 = APPLICATION_CONTEXT ( 'automotive_design' ) ;
#4086 = VERTEX_POINT ( 'NONE', #4559 ) ;
#4087 = CIRCLE ( 'NONE', #6552, 0.04999999999999991257 ) ;
#4088 = ORIENTED_EDGE ( 'NONE', *, *, #5370, .T. ) ;
#4089 = VECTOR ( 'NONE', #8654, 1000.000000000000000 ) ;
#4090 = FACE_OUTER_BOUND ( 'NONE', #1637, .T. ) ;
#4091 = DIRECTION ( 'NONE',  ( -0.4525457257516167786, -0.8917411990616685991, 0.000000000000000000 ) ) ;
#4092 = CARTESIAN_POINT ( 'NONE',  ( -0.8000000000087310603, -1.150000000026190072, 0.000000000000000000 ) ) ;
#4093 = ADVANCED_FACE ( 'NONE', ( #3845 ), #1691, .F. ) ;
#4094 = DIRECTION ( 'NONE',  ( -0.7071067811865474617, -0.7071067811865474617, 0.000000000000000000 ) ) ;
#4095 = AXIS2_PLACEMENT_3D ( 'NONE', #1525, #62, #9522 ) ;
#4096 = ORIENTED_EDGE ( 'NONE', *, *, #7346, .T. ) ;
#4097 = ORIENTED_EDGE ( 'NONE', *, *, #8990, .T. ) ;
#4098 = AXIS2_PLACEMENT_3D ( 'NONE', #4663, #19, #9528 ) ;
#4099 = DIRECTION ( 'NONE',  ( 0.8917411990616683770, 0.4525457257516171672, 0.000000000000000000 ) ) ;
#4100 = ORIENTED_EDGE ( 'NONE', *, *, #9597, .F. ) ;
#4101 = ORIENTED_EDGE ( 'NONE', *, *, #7667, .F. ) ;
#4102 = AXIS2_PLACEMENT_3D ( 'NONE', #9574, #3210, #2508 ) ;
#4103 = LINE ( 'NONE', #3157, #5768 ) ;
#4104 = VECTOR ( 'NONE', #801, 1000.000000000000000 ) ;
#4105 = CYLINDRICAL_SURFACE ( 'NONE', #2938, 0.2401626137813800410 ) ;
#4106 = EDGE_CURVE ( 'NONE', #9449, #644, #5584, .T. ) ;
#4107 = DIRECTION ( 'NONE',  ( 0.000000000000000000, 0.000000000000000000, 1.000000000000000000 ) ) ;
#4108 = CIRCLE ( 'NONE', #10198, 0.05000000000000001665 ) ;
#4109 = VERTEX_POINT ( 'NONE', #4712 ) ;
#4110 = CARTESIAN_POINT ( 'NONE',  ( -0.5999999999912689619, -1.350000000046569948, 0.1499999999999999944 ) ) ;
#4111 = ADVANCED_FACE ( 'NONE', ( #7094 ), #7198, .F. ) ;
#4112 = DIRECTION ( 'NONE',  ( 0.000000000000000000, 0.000000000000000000, 1.000000000000000000 ) ) ;
#4113 = DIRECTION ( 'NONE',  ( 0.000000000000000000, 0.000000000000000000, 1.000000000000000000 ) ) ;
#4114 = AXIS2_PLACEMENT_3D ( 'NONE', #5831, #9134, #9818 ) ;
#4115 = LINE ( 'NONE', #4168, #7873 ) ;
#4116 = FACE_OUTER_BOUND ( 'NONE', #8262, .T. ) ;
#4117 = CARTESIAN_POINT ( 'NONE',  ( -1.600000000000000089, 1.100000000000000089, 0.000000000000000000 ) ) ;
#4118 = DIRECTION ( 'NONE',  ( 1.000000000000000000, 0.000000000000000000, 0.000000000000000000 ) ) ;
#4119 = CARTESIAN_POINT ( 'NONE',  ( 0.7500000000000000000, -0.5999999999999999778, 0.05000000000000000278 ) ) ;
#4120 = VERTEX_POINT ( 'NONE', #4662 ) ;
#4121 = EDGE_LOOP ( 'NONE', ( #7426, #337, #7610, #9423 ) ) ;
#4122 = AXIS2_PLACEMENT_3D ( 'NONE', #3684, #6202, #9298 ) ;
#4123 = DIRECTION ( 'NONE',  ( 0.000000000000000000, 0.000000000000000000, -1.000000000000000000 ) ) ;
#4124 = CARTESIAN_POINT ( 'NONE',  ( -0.6999999999999999556, 1.185355339059327440, 0.01464466094067265987 ) ) ;
#4125 = ORIENTED_EDGE ( 'NONE', *, *, #196, .T. ) ;
#4126 = EDGE_CURVE ( 'NONE', #5882, #5663, #952, .T. ) ;
#4127 = ADVANCED_FACE ( 'NONE', ( #7848 ), #122, .F. ) ;
#4128 = DIRECTION ( 'NONE',  ( 1.000000000000000000, 0.000000000000000000, 0.000000000000000000 ) ) ;
#4129 = CIRCLE ( 'NONE', #1834, 0.04999999999999991257 ) ;
#4130 = LINE ( 'NONE', #1859, #3426 ) ;
#4131 = EDGE_CURVE ( 'NONE', #9668, #9724, #4831, .T. ) ;
#4132 = AXIS2_PLACEMENT_3D ( 'NONE', #8079, #1754, #7917 ) ;
#4133 = DIRECTION ( 'NONE',  ( -1.000000000000000000, 0.000000000000000000, 0.000000000000000000 ) ) ;
#4134 = CARTESIAN_POINT ( 'NONE',  ( -0.8000000000000000444, -1.350000000000000089, 0.05000000000000000278 ) ) ;
#4135 = FACE_OUTER_BOUND ( 'NONE', #9770, .T. ) ;
#4136 = DIRECTION ( 'NONE',  ( 0.000000000000000000, 0.000000000000000000, -1.000000000000000000 ) ) ;
#4137 = ORIENTED_EDGE ( 'NONE', *, *, #2033, .F. ) ;
#4138 = CARTESIAN_POINT ( 'NONE',  ( 0.8000000000000000444, 1.350000000000000089, 0.05000000000000000278 ) ) ;
#4139 = ORIENTED_EDGE ( 'NONE', *, *, #3355, .F. ) ;
#4140 = ORIENTED_EDGE ( 'NONE', *, *, #9706, .F. ) ;
#4141 = EDGE_CURVE ( 'NONE', #4564, #2287, #8591, .T. ) ;
#4142 = ORIENTED_EDGE ( 'NONE', *, *, #504, .T. ) ;
#4143 = EDGE_CURVE ( 'NONE', #1371, #8317, #7569, .T. ) ;
#4144 = DIRECTION ( 'NONE',  ( -1.000000000000000000, -7.116814260417669499E-17, 0.000000000000000000 ) ) ;
#4145 = CARTESIAN_POINT ( 'NONE',  ( 0.9749999999999999778, 1.350000000000000089, 1.199999999999999956 ) ) ;
#4146 = LINE ( 'NONE', #9665, #1245 ) ;
#4147 = CIRCLE ( 'NONE', #2164, 0.05000000000000001665 ) ;
#4148 = LINE ( 'NONE', #8987, #2787 ) ;
#4149 = ORIENTED_EDGE ( 'NONE', *, *, #2981, .T. ) ;
#4150 = ORIENTED_EDGE ( 'NONE', *, *, #5756, .F. ) ;
#4151 = CARTESIAN_POINT ( 'NONE',  ( 0.8000000000000000444, 1.350000000000000089, 0.000000000000000000 ) ) ;
#4152 = ORIENTED_EDGE ( 'NONE', *, *, #9195, .F. ) ;
#4153 = VERTEX_POINT ( 'NONE', #10197 ) ;
#4154 = ADVANCED_FACE ( 'NONE', ( #9472 ), #16, .T. ) ;
#4155 = AXIS2_PLACEMENT_3D ( 'NONE', #3050, #6411, #8783 ) ;
#4156 = DIRECTION ( 'NONE',  ( 1.000000000000000000, 0.000000000000000000, 0.000000000000000000 ) ) ;
#4157 = CARTESIAN_POINT ( 'NONE',  ( -0.3222667766999390282, 0.6049999999999999822, 0.1499999999999999944 ) ) ;
#4158 = CARTESIAN_POINT ( 'NONE',  ( -1.054999999999999938, -0.3346456153152879698, 1.850000000000000089 ) ) ;
#4159 = ORIENTED_EDGE ( 'NONE', *, *, #4947, .F. ) ;
#4160 = AXIS2_PLACEMENT_3D ( 'NONE', #5139, #4362, #3583 ) ;
#4161 = EDGE_LOOP ( 'NONE', ( #8964, #2184, #1703, #2602 ) ) ;
#4162 = CARTESIAN_POINT ( 'NONE',  ( -1.069644660940672676, -0.3346456153152879698, 1.264644660940672516 ) ) ;
#4163 = PRODUCT_DEFINITION_CONTEXT ( 'detailed design', #9752, 'design' ) ;
#4164 = EDGE_CURVE ( 'NONE', #6923, #7640, #4129, .T. ) ;
#4165 = DIRECTION ( 'NONE',  ( 1.000000000000000000, 0.000000000000000000, 0.000000000000000000 ) ) ;
#4166 = CIRCLE ( 'NONE', #1201, 0.04999999999999991257 ) ;
#4167 = CARTESIAN_POINT ( 'NONE',  ( 1.949999999999999956, 1.036404544565270092, 0.000000000000000000 ) ) ;
#4168 = CARTESIAN_POINT ( 'NONE',  ( 1.935355339059327440, 1.385355339059327395, 0.000000000000000000 ) ) ;
#4169 = CARTESIAN_POINT ( 'NONE',  ( -1.600000000000000089, 0.5000000000000000000, 0.000000000000000000 ) ) ;
#4170 = DIRECTION ( 'NONE',  ( 0.000000000000000000, 0.000000000000000000, 1.000000000000000000 ) ) ;
#4171 = DIRECTION ( 'NONE',  ( -0.8522164413315485021, -0.5231893893459532707, 0.000000000000000000 ) ) ;
#4172 = DIRECTION ( 'NONE',  ( -1.000000000000000000, -3.558407130208829819E-17, -3.558407130208834749E-17 ) ) ;
#4173 = VERTEX_POINT ( 'NONE', #5027 ) ;
#4174 = VERTEX_POINT ( 'NONE', #5805 ) ;
#4175 = EDGE_CURVE ( 'NONE', #4827, #2087, #4214, .T. ) ;
#4176 = VECTOR ( 'NONE', #7021, 1000.000000000000000 ) ;
#4177 = PRODUCT_DEFINITION_SHAPE ( 'NONE', 'NONE',  #8664 ) ;
#4178 = CARTESIAN_POINT ( 'NONE',  ( -0.9999999999068690526, 1.349999999973810150, 0.000000000000000000 ) ) ;
#4179 = ADVANCED_FACE ( 'NONE', ( #8957 ), #6581, .T. ) ;
#4180 = ORIENTED_EDGE ( 'NONE', *, *, #2871, .F. ) ;
#4181 = DIRECTION ( 'NONE',  ( 0.000000000000000000, 0.000000000000000000, 1.000000000000000000 ) ) ;
#4182 = CARTESIAN_POINT ( 'NONE',  ( -0.3750000000000000000, 1.399999999999999911, 0.05000000000000000278 ) ) ;
#4183 = CYLINDRICAL_SURFACE ( 'NONE', #9310, 0.05000000000000001665 ) ;
#4184 = LINE ( 'NONE', #7312, #4056 ) ;
#4185 = ORIENTED_EDGE ( 'NONE', *, *, #5633, .F. ) ;
#4186 = EDGE_CURVE ( 'NONE', #9084, #8423, #9905, .T. ) ;
#4187 = DIRECTION ( 'NONE',  ( -1.000000000000000000, 0.000000000000000000, 0.000000000000000000 ) ) ;
#4188 = ORIENTED_EDGE ( 'NONE', *, *, #6367, .F. ) ;
#4189 = CARTESIAN_POINT ( 'NONE',  ( -1.935355339059327440, -0.4364045445652709465, -0.01464466094067265987 ) ) ;
#4190 = DIRECTION ( 'NONE',  ( 0.000000000000000000, 0.000000000000000000, -1.000000000000000000 ) ) ;
#4191 = DIRECTION ( 'NONE',  ( 0.000000000000000000, 0.000000000000000000, 1.000000000000000000 ) ) ;
#4192 = DIRECTION ( 'NONE',  ( 0.000000000000000000, 0.7071067811865474617, 0.7071067811865474617 ) ) ;
#4193 = DIRECTION ( 'NONE',  ( 0.000000000000000000, 0.000000000000000000, -1.000000000000000000 ) ) ;
#4194 = CARTESIAN_POINT ( 'NONE',  ( -1.949999999999999956, -0.2182022722942769943, 0.000000000000000000 ) ) ;
#4195 = ORIENTED_EDGE ( 'NONE', *, *, #8925, .T. ) ;
#4196 = EDGE_CURVE ( 'NONE', #2340, #373, #4982, .T. ) ;
#4197 = ORIENTED_EDGE ( 'NONE', *, *, #9367, .F. ) ;
#4198 = EDGE_CURVE ( 'NONE', #1767, #2030, #430, .T. ) ;
#4199 = LINE ( 'NONE', #211, #1890 ) ;
#4200 = ORIENTED_EDGE ( 'NONE', *, *, #1472, .F. ) ;
#4201 = VERTEX_POINT ( 'NONE', #5852 ) ;
#4202 = DIRECTION ( 'NONE',  ( 0.000000000000000000, 0.000000000000000000, -1.000000000000000000 ) ) ;
#4203 = LINE ( 'NONE', #5015, #3476 ) ;
#4204 = DIRECTION ( 'NONE',  ( -1.000000000000000000, 0.000000000000000000, 0.000000000000000000 ) ) ;
#4205 = PRESENTATION_LAYER_ASSIGNMENT (  '', '', ( #1229 ) ) ;
#4206 = CARTESIAN_POINT ( 'NONE',  ( 2.100000000000000089, 0.4364045445652700028, -0.7500000000000000000 ) ) ;
#4207 = EDGE_LOOP ( 'NONE', ( #9219, #551, #5936, #8924 ) ) ;
#4208 = EDGE_CURVE ( 'NONE', #8718, #4922, #1009, .T. ) ;
#4209 = ORIENTED_EDGE ( 'NONE', *, *, #5985, .T. ) ;
#4210 = DIRECTION ( 'NONE',  ( 0.000000000000000000, 0.000000000000000000, 1.000000000000000000 ) ) ;
#4211 = CIRCLE ( 'NONE', #3382, 0.04999999999999991257 ) ;
#4212 = DIRECTION ( 'NONE',  ( 0.000000000000000000, 1.000000000000000000, -5.551115123125780336E-15 ) ) ;
#4213 = DIRECTION ( 'NONE',  ( 0.000000000000000000, -1.000000000000000000, 0.000000000000000000 ) ) ;
#4214 = LINE ( 'NONE', #1791, #9746 ) ;
#4215 = DIRECTION ( 'NONE',  ( 0.000000000000000000, 1.000000000000000000, 0.000000000000000000 ) ) ;
#4216 = CARTESIAN_POINT ( 'NONE',  ( -0.8000000000000000444, -1.399999999999999911, 0.000000000000000000 ) ) ;
#4217 = DIRECTION ( 'NONE',  ( 0.000000000000000000, 0.7071067811865474617, 0.7071067811865474617 ) ) ;
#4218 = DIRECTION ( 'NONE',  ( 1.000000000000000000, 0.000000000000000000, 0.000000000000000000 ) ) ;
#4219 = CIRCLE ( 'NONE', #5849, 0.04999999999999991257 ) ;
#4220 = EDGE_CURVE ( 'NONE', #2941, #9873, #8221, .T. ) ;
#4221 = VERTEX_POINT ( 'NONE', #7444 ) ;
#4222 = ORIENTED_EDGE ( 'NONE', *, *, #1573, .T. ) ;
#4223 = CARTESIAN_POINT ( 'NONE',  ( -0.8000000000000000444, 1.350000000000000089, 1.250000000000000000 ) ) ;
#4224 = ORIENTED_EDGE ( 'NONE', *, *, #2165, .T. ) ;
#4225 = VECTOR ( 'NONE', #1012, 1000.000000000000000 ) ;
#4226 = SPHERICAL_SURFACE ( 'NONE', #10225, 0.05000000000000000278 ) ;
#4227 = FACE_OUTER_BOUND ( 'NONE', #2416, .T. ) ;
#4228 = CARTESIAN_POINT ( 'NONE',  ( -0.3750000000000000000, -1.149999999999999911, 0.05000000000000000278 ) ) ;
#4229 = EDGE_CURVE ( 'NONE', #4578, #4322, #7345, .T. ) ;
#4230 = CARTESIAN_POINT ( 'NONE',  ( 0.3750000000000000000, -1.385355339059327395, 1.235355339059327262 ) ) ;
#4231 = EDGE_CURVE ( 'NONE', #8443, #1419, #7584, .T. ) ;
#4232 = ORIENTED_EDGE ( 'NONE', *, *, #9610, .T. ) ;
#4233 = SURFACE_STYLE_FILL_AREA ( #1716 ) ;
#4234 = VERTEX_POINT ( 'NONE', #2561 ) ;
#4235 = VERTEX_POINT ( 'NONE', #4932 ) ;
#4236 = ORIENTED_EDGE ( 'NONE', *, *, #8979, .T. ) ;
#4237 = DIRECTION ( 'NONE',  ( -0.7071067811865482389, 0.000000000000000000, 0.7071067811865466846 ) ) ;
#4238 = ADVANCED_FACE ( 'NONE', ( #6682 ), #6633, .T. ) ;
#4239 = CYLINDRICAL_SURFACE ( 'NONE', #2715, 0.2401626137813801243 ) ;
#4240 = DIRECTION ( 'NONE',  ( 0.000000000000000000, 1.000000000000000000, 0.000000000000000000 ) ) ;
#4241 = CARTESIAN_POINT ( 'NONE',  ( 0.8000000000000000444, 1.399999999999999911, 1.199999999999999956 ) ) ;
#4242 = CYLINDRICAL_SURFACE ( 'NONE', #6903, 0.1500000000000000500 ) ;
#4243 = ORIENTED_EDGE ( 'NONE', *, *, #7430, .T. ) ;
#4244 = ORIENTED_EDGE ( 'NONE', *, *, #5396, .T. ) ;
#4245 = ORIENTED_EDGE ( 'NONE', *, *, #7455, .T. ) ;
#4246 = CYLINDRICAL_SURFACE ( 'NONE', #6621, 0.05000000000000001665 ) ;
#4247 = EDGE_CURVE ( 'NONE', #10011, #3145, #3133, .T. ) ;
#4248 = ADVANCED_FACE ( 'NONE', ( #2610 ), #223, .T. ) ;
#4249 = CARTESIAN_POINT ( 'NONE',  ( 0.3999999999912690618, -1.349999999973810150, 0.1499999999999999944 ) ) ;
#4250 = AXIS2_PLACEMENT_3D ( 'NONE', #1069, #1118, #6642 ) ;
#4251 = CARTESIAN_POINT ( 'NONE',  ( -0.4354032081378430008, -0.8279352997654170210, 1.300000000000000044 ) ) ;
#4252 = AXIS2_PLACEMENT_3D ( 'NONE', #9917, #7623, #1290 ) ;
#4253 = DIRECTION ( 'NONE',  ( 0.000000000000000000, 0.000000000000000000, -1.000000000000000000 ) ) ;
#4254 = EDGE_LOOP ( 'NONE', ( #7205, #9196, #106, #8489 ) ) ;
#4255 = PRODUCT_DEFINITION_SHAPE ( 'NONE', 'NONE',  #10237 ) ;
#4256 = ORIENTED_EDGE ( 'NONE', *, *, #2029, .F. ) ;
#4257 = LINE ( 'NONE', #3525, #902 ) ;
#4258 = ADVANCED_FACE ( 'NONE', ( #272 ), #4315, .T. ) ;
#4259 = AXIS2_PLACEMENT_3D ( 'NONE', #6011, #439, #4508 ) ;
#4260 = VECTOR ( 'NONE', #9928, 1000.000000000000000 ) ;
#4261 = DIRECTION ( 'NONE',  ( 0.000000000000000000, 0.000000000000000000, 1.000000000000000000 ) ) ;
#4262 = EDGE_CURVE ( 'NONE', #6159, #5245, #7901, .T. ) ;
#4263 = DIRECTION ( 'NONE',  ( -0.7071067811865475727, 0.000000000000000000, -0.7071067811865475727 ) ) ;
#4264 = CARTESIAN_POINT ( 'NONE',  ( 0.3787574830140307824, -0.7841895580694643320, 1.885355339059327395 ) ) ;
#4265 = LINE ( 'NONE', #9111, #5858 ) ;
#4266 = DIRECTION ( 'NONE',  ( -1.000000000000000000, 0.000000000000000000, 0.000000000000000000 ) ) ;
#4267 = DIRECTION ( 'NONE',  ( 0.000000000000000000, 0.000000000000000000, 1.000000000000000000 ) ) ;
#4268 = DIRECTION ( 'NONE',  ( 0.000000000000000000, -1.000000000000000000, 0.000000000000000000 ) ) ;
#4269 = AXIS2_PLACEMENT_3D ( 'NONE', #10229, #2429, #5411 ) ;
#4270 = VECTOR ( 'NONE', #5438, 1000.000000000000000 ) ;
#4271 = VERTEX_POINT ( 'NONE', #4359 ) ;
#4272 = VERTEX_POINT ( 'NONE', #8118 ) ;
#4273 = LINE ( 'NONE', #5761, #942 ) ;
#4274 = AXIS2_PLACEMENT_3D ( 'NONE', #5303, #7774, #8453 ) ;
#4275 = ORIENTED_EDGE ( 'NONE', *, *, #2426, .F. ) ;
#4276 = EDGE_CURVE ( 'NONE', #3289, #3433, #9233, .T. ) ;
#4277 = FACE_OUTER_BOUND ( 'NONE', #4254, .T. ) ;
#4278 = APPLICATION_CONTEXT ( 'automotive_design' ) ;
#4279 = PLANE ( 'NONE',  #4910 ) ;
#4280 = CARTESIAN_POINT ( 'NONE',  ( 1.005000000000000115, 0.3346456153152879698, 1.899999999999999911 ) ) ;
#4281 = CARTESIAN_POINT ( 'NONE',  ( -0.8000000000000000444, 0.5999999999999999778, 0.05000000000000000278 ) ) ;
#4282 = ORIENTED_EDGE ( 'NONE', *, *, #6386, .T. ) ;
#4283 = CIRCLE ( 'NONE', #8222, 0.04999999999999991257 ) ;
#4284 = VERTEX_POINT ( 'NONE', #7691 ) ;
#4285 = DIRECTION ( 'NONE',  ( 0.000000000000000000, 0.000000000000000000, 1.000000000000000000 ) ) ;
#4286 = ORIENTED_EDGE ( 'NONE', *, *, #8793, .T. ) ;
#4287 = VERTEX_POINT ( 'NONE', #6150 ) ;
#4288 = PLANE ( 'NONE',  #7067 ) ;
#4289 = EDGE_CURVE ( 'NONE', #3987, #1419, #8076, .T. ) ;
#4290 = AXIS2_PLACEMENT_3D ( 'NONE', #8704, #4789, #3440 ) ;
#4291 = LINE ( 'NONE', #9765, #6962 ) ;
#4292 = AXIS2_PLACEMENT_3D ( 'NONE', #1106, #6680, #5952 ) ;
#4293 = CARTESIAN_POINT ( 'NONE',  ( -1.069644660940672676, 0.3346456153152879698, 1.264644660940672516 ) ) ;
#4294 = CARTESIAN_POINT ( 'NONE',  ( -1.600000000000000089, -1.100000000000000089, 0.000000000000000000 ) ) ;
#4295 = SPHERICAL_SURFACE ( 'NONE', #7811, 0.05000000000000000278 ) ;
#4296 = CARTESIAN_POINT ( 'NONE',  ( 1.899999999999999911, -0.6999999999999999556, 0.05000000000000000278 ) ) ;
#4297 = ORIENTED_EDGE ( 'NONE', *, *, #4453, .T. ) ;
#4298 = VERTEX_POINT ( 'NONE', #482 ) ;
#4299 = AXIS2_PLACEMENT_3D ( 'NONE', #4890, #969, #2477 ) ;
#4300 = CIRCLE ( 'NONE', #493, 0.04999999999999991257 ) ;
#4301 = EDGE_CURVE ( 'NONE', #7240, #5065, #334, .T. ) ;
#4302 = ORIENTED_EDGE ( 'NONE', *, *, #2104, .F. ) ;
#4303 = ADVANCED_FACE ( 'NONE', ( #4546 ), #6830, .F. ) ;
#4304 = CARTESIAN_POINT ( 'NONE',  ( -1.762380487015951847, 0.9838512662132929965, 0.000000000000000000 ) ) ;
#4305 = CIRCLE ( 'NONE', #2317, 0.04999999999999998196 ) ;
#4306 = PLANE ( 'NONE',  #6108 ) ;
#4307 = LINE ( 'NONE', #3324, #25 ) ;
#4308 = ORIENTED_EDGE ( 'NONE', *, *, #1964, .T. ) ;
#4309 = ORIENTED_EDGE ( 'NONE', *, *, #4543, .F. ) ;
#4310 = EDGE_CURVE ( 'NONE', #4783, #6961, #2958, .T. ) ;
#4311 = ORIENTED_EDGE ( 'NONE', *, *, #7590, .F. ) ;
#4312 = CIRCLE ( 'NONE', #1, 0.2044619385973020509 ) ;
#4313 = EDGE_CURVE ( 'NONE', #2544, #6197, #7740, .T. ) ;
#4314 = CARTESIAN_POINT ( 'NONE',  ( 1.600000000000000089, -1.100000000000000089, 0.000000000000000000 ) ) ;
#4315 = SPHERICAL_SURFACE ( 'NONE', #9234, 0.05000000000000000278 ) ;
#4316 = DIRECTION ( 'NONE',  ( 0.000000000000000000, 0.000000000000000000, 1.000000000000000000 ) ) ;
#4317 = CARTESIAN_POINT ( 'NONE',  ( 1.069644660940672676, 0.3346456153152879698, 1.264644660940672516 ) ) ;
#4318 = DIRECTION ( 'NONE',  ( 0.000000000000000000, 1.000000000000000000, 0.000000000000000000 ) ) ;
#4319 = VECTOR ( 'NONE', #7908, 1000.000000000000000 ) ;
#4320 = CARTESIAN_POINT ( 'NONE',  ( -0.3222667766999390282, -0.8451626137813800232, 0.000000000000000000 ) ) ;
#4321 = ORIENTED_EDGE ( 'NONE', *, *, #831, .T. ) ;
#4322 = VERTEX_POINT ( 'NONE', #1262 ) ;
#4323 = EDGE_CURVE ( 'NONE', #7637, #4990, #8523, .T. ) ;
#4324 = DIRECTION ( 'NONE',  ( 0.000000000000000000, -1.000000000000000000, 0.000000000000000000 ) ) ;
#4325 = VERTEX_POINT ( 'NONE', #6926 ) ;
#4326 = CARTESIAN_POINT ( 'NONE',  ( 1.600000000000000089, 0.5000000000000000000, 0.2000000000000000111 ) ) ;
#4327 = LINE ( 'NONE', #6647, #1123 ) ;
#4328 = DIRECTION ( 'NONE',  ( -1.000000000000000000, 0.000000000000000000, 0.000000000000000000 ) ) ;
#4329 = LINE ( 'NONE', #973, #4379 ) ;
#4330 = AXIS2_PLACEMENT_3D ( 'NONE', #7279, #3981, #6242 ) ;
#4331 = CARTESIAN_POINT ( 'NONE',  ( 1.899999999999999911, 1.350000000000000089, 1.199999999999999956 ) ) ;
#4332 = ORIENTED_EDGE ( 'NONE', *, *, #9776, .F. ) ;
#4333 = ORIENTED_EDGE ( 'NONE', *, *, #70, .T. ) ;
#4334 = ORIENTED_EDGE ( 'NONE', *, *, #4544, .T. ) ;
#4335 = EDGE_CURVE ( 'NONE', #5628, #4271, #1313, .T. ) ;
#4336 = ORIENTED_EDGE ( 'NONE', *, *, #7859, .F. ) ;
#4337 = CIRCLE ( 'NONE', #2527, 0.1000000000000001443 ) ;
#4338 = LINE ( 'NONE', #8098, #7764 ) ;
#4339 = CARTESIAN_POINT ( 'NONE',  ( -0.8549999999999999822, 0.3346456153152879698, 1.850000000000000089 ) ) ;
#4340 = ORIENTED_EDGE ( 'NONE', *, *, #2165, .F. ) ;
#4341 = CARTESIAN_POINT ( 'NONE',  ( 1.104999999999999982, -0.3346456153152879698, 1.300000000000000044 ) ) ;
#4342 = DIRECTION ( 'NONE',  ( 0.7071067811865474617, 0.7071067811865474617, 0.000000000000000000 ) ) ;
#4343 = DIRECTION ( 'NONE',  ( 2.055968564105149785E-16, -1.000000000000000000, 0.000000000000000000 ) ) ;
#4344 = ORIENTED_EDGE ( 'NONE', *, *, #7514, .F. ) ;
#4345 = ORIENTED_EDGE ( 'NONE', *, *, #2551, .T. ) ;
#4346 = EDGE_CURVE ( 'NONE', #8989, #3886, #2241, .T. ) ;
#4347 = ORIENTED_EDGE ( 'NONE', *, *, #1242, .T. ) ;
#4348 = ORIENTED_EDGE ( 'NONE', *, *, #5569, .T. ) ;
#4349 = LINE ( 'NONE', #8457, #9036 ) ;
#4350 = DIRECTION ( 'NONE',  ( 0.000000000000000000, 0.000000000000000000, 1.000000000000000000 ) ) ;
#4351 = DIRECTION ( 'NONE',  ( 0.000000000000000000, 0.000000000000000000, 1.000000000000000000 ) ) ;
#4352 = CARTESIAN_POINT ( 'NONE',  ( 0.9228818588627429875, -0.4684067951745380376, 1.899999999999999911 ) ) ;
#4353 = VERTEX_POINT ( 'NONE', #10084 ) ;
#4354 = ADVANCED_FACE ( 'NONE', ( #2906 ), #5276, .F. ) ;
#4355 = CARTESIAN_POINT ( 'NONE',  ( -1.949999999999999956, 0.4364045445652700028, 0.000000000000000000 ) ) ;
#4356 = ORIENTED_EDGE ( 'NONE', *, *, #135, .T. ) ;
#4357 = FACE_OUTER_BOUND ( 'NONE', #7259, .T. ) ;
#4358 = VECTOR ( 'NONE', #4027, 1000.000000000000000 ) ;
#4359 = CARTESIAN_POINT ( 'NONE',  ( -1.054999999999999938, -0.3346456153152879698, 1.300000000000000044 ) ) ;
#4360 = EDGE_CURVE ( 'NONE', #7273, #9993, #4305, .T. ) ;
#4361 = CARTESIAN_POINT ( 'NONE',  ( 0.6999999999999999556, 1.149999999999999911, 0.05000000000000000278 ) ) ;
#4362 = DIRECTION ( 'NONE',  ( -1.000000000000000000, 0.000000000000000000, 0.000000000000000000 ) ) ;
#4363 = CARTESIAN_POINT ( 'NONE',  ( 0.3222667766999390282, 0.6049999999999999822, 1.250000000000000000 ) ) ;
#4364 = ORIENTED_EDGE ( 'NONE', *, *, #10200, .F. ) ;
#4365 = ORIENTED_EDGE ( 'NONE', *, *, #5782, .F. ) ;
#4366 = VECTOR ( 'NONE', #6410, 1000.000000000000000 ) ;
#4367 = COLOUR_RGB ( '',0.8627450980392157298, 0.6274509803921568540, 0.05882352941176470507 ) ;
#4368 = DIRECTION ( 'NONE',  ( 0.000000000000000000, -1.000000000000000000, 0.000000000000000000 ) ) ;
#4369 = ORIENTED_EDGE ( 'NONE', *, *, #4911, .F. ) ;
#4370 = DIRECTION ( 'NONE',  ( 0.000000000000000000, 0.000000000000000000, 1.000000000000000000 ) ) ;
#4371 = EDGE_CURVE ( 'NONE', #1235, #4717, #6264, .T. ) ;
#4372 = CIRCLE ( 'NONE', #2072, 0.04999999999999991257 ) ;
#4373 = EDGE_CURVE ( 'NONE', #4173, #159, #5777, .T. ) ;
#4374 = LINE ( 'NONE', #5335, #119 ) ;
#4375 = DIRECTION ( 'NONE',  ( 0.000000000000000000, 0.000000000000000000, 1.000000000000000000 ) ) ;
#4376 = CARTESIAN_POINT ( 'NONE',  ( 0.8549999999999999822, 0.3346456153152879698, 1.850000000000000089 ) ) ;
#4377 = ORIENTED_EDGE ( 'NONE', *, *, #6984, .F. ) ;
#4378 = VERTEX_POINT ( 'NONE', #2091 ) ;
#4379 = VECTOR ( 'NONE', #193, 1000.000000000000114 ) ;
#4380 = ORIENTED_EDGE ( 'NONE', *, *, #6010, .T. ) ;
#4381 = PRODUCT_RELATED_PRODUCT_CATEGORY ( 'part', '', ( #9648 ) ) ;
#4382 = FACE_OUTER_BOUND ( 'NONE', #10224, .T. ) ;
#4383 = EDGE_CURVE ( 'NONE', #6639, #6066, #4499, .T. ) ;
#4384 = CARTESIAN_POINT ( 'NONE',  ( -0.1850555678730499976, -0.7550000000000000044, 1.850000000000000089 ) ) ;
#4385 = ORIENTED_EDGE ( 'NONE', *, *, #3913, .T. ) ;
#4386 = VECTOR ( 'NONE', #1315, 1000.000000000000000 ) ;
#4387 = FACE_OUTER_BOUND ( 'NONE', #9011, .T. ) ;
#4388 = CARTESIAN_POINT ( 'NONE',  ( -0.8000000000000000444, 1.250000000000000000, 0.000000000000000000 ) ) ;
#4389 = CARTESIAN_POINT ( 'NONE',  ( 1.935355339059327440, -0.6999999999999999556, 0.01464466094067265294 ) ) ;
#4390 = VERTEX_POINT ( 'NONE', #2815 ) ;
#4391 = ORIENTED_EDGE ( 'NONE', *, *, #1451, .F. ) ;
#4392 = EDGE_LOOP ( 'NONE', ( #3898, #966, #1047, #3966, #3407, #24 ) ) ;
#4393 = VERTEX_POINT ( 'NONE', #633 ) ;
#4394 = EDGE_CURVE ( 'NONE', #2424, #5734, #5225, .T. ) ;
#4395 = CARTESIAN_POINT ( 'NONE',  ( 1.899999999999999911, 0.3682022722709940021, 0.000000000000000000 ) ) ;
#4396 = CARTESIAN_POINT ( 'NONE',  ( -1.557918548418649740, 0.9838512662132929965, 0.003000000000000000062 ) ) ;
#4397 = ORIENTED_EDGE ( 'NONE', *, *, #7077, .F. ) ;
#4398 = AXIS2_PLACEMENT_3D ( 'NONE', #8539, #3798, #10203 ) ;
#4399 = ORIENTED_EDGE ( 'NONE', *, *, #9908, .T. ) ;
#4400 = FACE_OUTER_BOUND ( 'NONE', #5653, .T. ) ;
#4401 = ORIENTED_EDGE ( 'NONE', *, *, #545, .T. ) ;
#4402 = AXIS2_PLACEMENT_3D ( 'NONE', #5200, #2835, #1381 ) ;
#4403 = SPHERICAL_SURFACE ( 'NONE', #7404, 0.05000000000000000278 ) ;
#4404 = AXIS2_PLACEMENT_3D ( 'NONE', #3402, #8252, #1192 ) ;
#4405 = EDGE_CURVE ( 'NONE', #4606, #9495, #10071, .T. ) ;
#4406 = CARTESIAN_POINT ( 'NONE',  ( 0.3627575754402329600, -0.7526617456234679926, 1.899999999999999911 ) ) ;
#4407 = DIRECTION ( 'NONE',  ( 1.000000000000000000, 0.000000000000000000, 0.000000000000000000 ) ) ;
#4408 = LINE ( 'NONE', #1171, #8329 ) ;
#4409 = CYLINDRICAL_SURFACE ( 'NONE', #689, 0.05000000000000001665 ) ;
#4410 = LINE ( 'NONE', #5229, #3424 ) ;
#4411 = CARTESIAN_POINT ( 'NONE',  ( -1.899999999999999911, -1.350000000000000089, 0.05000000000000000278 ) ) ;
#4412 = ORIENTED_EDGE ( 'NONE', *, *, #1594, .T. ) ;
#4413 = FACE_OUTER_BOUND ( 'NONE', #9718, .T. ) ;
#4414 = ORIENTED_EDGE ( 'NONE', *, *, #9838, .F. ) ;
#4415 = AXIS2_PLACEMENT_3D ( 'NONE', #2145, #10042, #5089 ) ;
#4416 = VECTOR ( 'NONE', #5707, 1000.000000000000000 ) ;
#4417 = EDGE_CURVE ( 'NONE', #10127, #1706, #4959, .T. ) ;
#4418 = CARTESIAN_POINT ( 'NONE',  ( -2.299999999999999822, 0.5000000000000000000, 0.000000000000000000 ) ) ;
#4419 = EDGE_LOOP ( 'NONE', ( #6700, #3005, #5182, #1977 ) ) ;
#4420 = CIRCLE ( 'NONE', #619, 0.04999999999999991257 ) ;
#4421 = AXIS2_PLACEMENT_3D ( 'NONE', #2245, #9359, #2299 ) ;
#4422 = DIRECTION ( 'NONE',  ( 1.000000000000000000, 0.000000000000000000, 0.000000000000000000 ) ) ;
#4423 = LINE ( 'NONE', #8438, #1615 ) ;
#4424 = DIRECTION ( 'NONE',  ( 1.000000000000000000, 0.000000000000000000, 0.000000000000000000 ) ) ;
#4425 = CARTESIAN_POINT ( 'NONE',  ( -2.299999999999999822, -0.5000000000000000000, 0.2000000000000000111 ) ) ;
#4426 = ORIENTED_EDGE ( 'NONE', *, *, #7635, .T. ) ;
#4427 = ORIENTED_EDGE ( 'NONE', *, *, #1348, .F. ) ;
#4428 = ORIENTED_EDGE ( 'NONE', *, *, #2443, .F. ) ;
#4429 = AXIS2_PLACEMENT_3D ( 'NONE', #6442, #20, #5485 ) ;
#4430 = EDGE_CURVE ( 'NONE', #6961, #8625, #8413, .T. ) ;
#4431 = VERTEX_POINT ( 'NONE', #786 ) ;
#4432 = EDGE_CURVE ( 'NONE', #5156, #6417, #3942, .T. ) ;
#4433 = CARTESIAN_POINT ( 'NONE',  ( 0.8000000000000000444, 1.350000000000000089, 1.250000000000000000 ) ) ;
#4434 = VECTOR ( 'NONE', #6301, 1000.000000000000000 ) ;
#4435 = VERTEX_POINT ( 'NONE', #3111 ) ;
#4436 = AXIS2_PLACEMENT_3D ( 'NONE', #1768, #2537, #200 ) ;
#4437 = LINE ( 'NONE', #4294, #908 ) ;
#4438 = DIRECTION ( 'NONE',  ( 0.000000000000000000, 0.000000000000000000, 1.000000000000000000 ) ) ;
#4439 = CARTESIAN_POINT ( 'NONE',  ( -0.3222667766999390282, -0.6049999999999999822, 1.300000000000000044 ) ) ;
#4440 = CARTESIAN_POINT ( 'NONE',  ( -1.600000000000000089, -1.100000000000000089, 0.2000000000000000111 ) ) ;
#4441 = ORIENTED_EDGE ( 'NONE', *, *, #1595, .F. ) ;
#4442 = VERTEX_POINT ( 'NONE', #2445 ) ;
#4443 = VECTOR ( 'NONE', #6006, 1000.000000000000000 ) ;
#4444 = VECTOR ( 'NONE', #2844, 1000.000000000000114 ) ;
#4445 = ORIENTED_EDGE ( 'NONE', *, *, #2475, .F. ) ;
#4446 = CIRCLE ( 'NONE', #8552, 0.04999999999999991257 ) ;
#4447 = DIRECTION ( 'NONE',  ( 0.000000000000000000, 1.000000000000000000, 0.000000000000000000 ) ) ;
#4448 = CARTESIAN_POINT ( 'NONE',  ( -0.3920122404415971595, 0.8103080530836386242, 1.264644660940672516 ) ) ;
#4449 = DIRECTION ( 'NONE',  ( -1.000000000000000000, 3.092222658463279454E-11, 0.000000000000000000 ) ) ;
#4450 = CARTESIAN_POINT ( 'NONE',  ( 2.299999999999999822, 1.100000000000000089, 0.2000000000000000111 ) ) ;
#4451 = DIRECTION ( 'NONE',  ( 0.000000000000000000, 1.000000000000000000, 0.000000000000000000 ) ) ;
#4452 = ORIENTED_EDGE ( 'NONE', *, *, #4073, .T. ) ;
#4453 = EDGE_CURVE ( 'NONE', #5245, #5873, #1677, .T. ) ;
#4454 = VECTOR ( 'NONE', #5955, 1000.000000000000000 ) ;
#4455 = LINE ( 'NONE', #8580, #3623 ) ;
#4456 = CARTESIAN_POINT ( 'NONE',  ( -1.899999999999999911, -0.5000000000000000000, 0.05000000000000000278 ) ) ;
#4457 = DIRECTION ( 'NONE',  ( 0.8522164413315482800, -0.5231893893459534928, 0.000000000000000000 ) ) ;
#4458 = CARTESIAN_POINT ( 'NONE',  ( 0.3499999999999999778, 1.350000000000000089, 0.000000000000000000 ) ) ;
#4459 = CARTESIAN_POINT ( 'NONE',  ( -0.8000000000000000444, -0.6999999999999999556, 0.05000000000000000278 ) ) ;
#4460 = CARTESIAN_POINT ( 'NONE',  ( 0.8000000000000000444, -1.385355339059327395, 1.235355339059327262 ) ) ;
#4461 = AXIS2_PLACEMENT_3D ( 'NONE', #1052, #4920, #8056 ) ;
#4462 = DIRECTION ( 'NONE',  ( 0.8522164413315487241, 0.5231893893459528266, 0.000000000000000000 ) ) ;
#4463 = ORIENTED_EDGE ( 'NONE', *, *, #3094, .T. ) ;
#4464 = DIRECTION ( 'NONE',  ( 0.000000000000000000, 0.000000000000000000, 1.000000000000000000 ) ) ;
#4465 = ORIENTED_EDGE ( 'NONE', *, *, #2728, .F. ) ;
#4466 = CARTESIAN_POINT ( 'NONE',  ( -0.7500000000000000000, 1.350000000000000089, 0.05000000000000000278 ) ) ;
#4467 = ADVANCED_FACE ( 'NONE', ( #2294 ), #8005, .T. ) ;
#4468 = CARTESIAN_POINT ( 'NONE',  ( -1.949999999999999956, 0.6999999999999999556, 1.199999999999999956 ) ) ;
#4469 = CIRCLE ( 'NONE', #8764, 0.04999999999999991257 ) ;
#4470 = CARTESIAN_POINT ( 'NONE',  ( 1.104999999999999982, -0.3346456153152879698, 1.250000000000000000 ) ) ;
#4471 = CARTESIAN_POINT ( 'NONE',  ( -0.8000000000000000444, 1.350000000000000089, 1.199999999999999956 ) ) ;
#4472 = ORIENTED_EDGE ( 'NONE', *, *, #5482, .T. ) ;
#4473 = ORIENTED_EDGE ( 'NONE', *, *, #4276, .T. ) ;
#4474 = EDGE_LOOP ( 'NONE', ( #6035, #1898, #9517, #5424 ) ) ;
#4475 = AXIS2_PLACEMENT_3D ( 'NONE', #1519, #3211, #6362 ) ;
#4476 = ADVANCED_FACE ( 'NONE', ( #10186 ), #6255, .T. ) ;
#4477 = DIRECTION ( 'NONE',  ( -0.7071067811865482389, 0.000000000000000000, -0.7071067811865466846 ) ) ;
#4478 = AXIS2_PLACEMENT_3D ( 'NONE', #7780, #8458, #6866 ) ;
#4479 = DIRECTION ( 'NONE',  ( -1.000000000000000000, 0.000000000000000000, 0.000000000000000000 ) ) ;
#4480 = ORIENTED_EDGE ( 'NONE', *, *, #6113, .F. ) ;
#4481 = EDGE_CURVE ( 'NONE', #2768, #9255, #8737, .T. ) ;
#4482 = DIRECTION ( 'NONE',  ( 2.055968564105149785E-16, -1.000000000000000000, 0.000000000000000000 ) ) ;
#4483 = DIRECTION ( 'NONE',  ( 0.000000000000000000, -1.000000000000000000, 0.000000000000000000 ) ) ;
#4484 = DIRECTION ( 'NONE',  ( -0.2326572596528327652, 0.9725587897555778572, 0.000000000000000000 ) ) ;
#4485 = ORIENTED_EDGE ( 'NONE', *, *, #9552, .T. ) ;
#4486 = ORIENTED_EDGE ( 'NONE', *, *, #8170, .F. ) ;
#4487 = ORIENTED_EDGE ( 'NONE', *, *, #9421, .T. ) ;
#4488 = CARTESIAN_POINT ( 'NONE',  ( -0.7646446609406726269, 1.350000000000000089, 1.235355339059327262 ) ) ;
#4489 = LINE ( 'NONE', #2279, #8601 ) ;
#4490 = EDGE_CURVE ( 'NONE', #2376, #4393, #5939, .T. ) ;
#4491 = FACE_OUTER_BOUND ( 'NONE', #4516, .T. ) ;
#4492 = ADVANCED_FACE ( 'NONE', ( #3158 ), #3994, .T. ) ;
#4493 = EDGE_LOOP ( 'NONE', ( #7047, #1699, #10092, #3156 ) ) ;
#4494 = DIRECTION ( 'NONE',  ( 0.8917411990616690431, -0.4525457257516160015, 0.000000000000000000 ) ) ;
#4495 = VERTEX_POINT ( 'NONE', #9411 ) ;
#4496 = DIRECTION ( 'NONE',  ( -0.5773502691896256200, 0.5773502691896256200, -0.5773502691896260641 ) ) ;
#4497 = VERTEX_POINT ( 'NONE', #6360 ) ;
#4498 = CARTESIAN_POINT ( 'NONE',  ( -1.095162613781379912, 0.3346456153152879698, 0.1499999999999999944 ) ) ;
#4499 = LINE ( 'NONE', #9249, #9402 ) ;
#4500 = ADVANCED_FACE ( 'NONE', ( #4868 ), #7791, .T. ) ;
#4501 = CARTESIAN_POINT ( 'NONE',  ( -1.899999999999999911, -1.350000000000000089, 0.05000000000000000278 ) ) ;
#4502 = CARTESIAN_POINT ( 'NONE',  ( 0.6999999999999999556, 1.350000000000000089, 0.000000000000000000 ) ) ;
#4503 = ORIENTED_EDGE ( 'NONE', *, *, #9658, .F. ) ;
#4504 = DIRECTION ( 'NONE',  ( 1.000000000000000000, 0.000000000000000000, 0.000000000000000000 ) ) ;
#4505 = EDGE_LOOP ( 'NONE', ( #7061, #3073, #9607, #1102 ) ) ;
#4506 = DIRECTION ( 'NONE',  ( 0.000000000000000000, 0.000000000000000000, 1.000000000000000000 ) ) ;
#4507 = AXIS2_PLACEMENT_3D ( 'NONE', #768, #4580, #3919 ) ;
#4508 = DIRECTION ( 'NONE',  ( 0.000000000000000000, 0.000000000000000000, -1.000000000000000000 ) ) ;
#4509 = CARTESIAN_POINT ( 'NONE',  ( 1.935355339059327440, -1.350000000000000089, 0.01464466094067269283 ) ) ;
#4510 = EDGE_CURVE ( 'NONE', #4732, #7295, #8678, .T. ) ;
#4511 = DIRECTION ( 'NONE',  ( 0.000000000000000000, -1.000000000000000000, 0.000000000000000000 ) ) ;
#4512 = DIRECTION ( 'NONE',  ( 0.000000000000000000, 1.000000000000000000, 0.000000000000000000 ) ) ;
#4513 = VECTOR ( 'NONE', #117, 1000.000000000000000 ) ;
#4514 = LINE ( 'NONE', #5151, #2897 ) ;
#4515 = VERTEX_POINT ( 'NONE', #3059 ) ;
#4516 = EDGE_LOOP ( 'NONE', ( #8094, #3700, #6031, #7056 ) ) ;
#4517 = VERTEX_POINT ( 'NONE', #9512 ) ;
#4518 = AXIS2_PLACEMENT_3D ( 'NONE', #6612, #8940, #4342 ) ;
#4519 = CIRCLE ( 'NONE', #3877, 0.05000000000000000278 ) ;
#4520 = DIRECTION ( 'NONE',  ( 0.000000000000000000, 0.000000000000000000, -1.000000000000000000 ) ) ;
#4521 = DIRECTION ( 'NONE',  ( -0.8522164413315482800, -0.5231893893459534928, 0.000000000000000000 ) ) ;
#4522 = EDGE_CURVE ( 'NONE', #9970, #3720, #999, .T. ) ;
#4523 = ORIENTED_EDGE ( 'NONE', *, *, #3162, .F. ) ;
#4524 = DIRECTION ( 'NONE',  ( 0.000000000000000000, 0.000000000000000000, 1.000000000000000000 ) ) ;
#4525 = LINE ( 'NONE', #7718, #5505 ) ;
#4526 = CARTESIAN_POINT ( 'NONE',  ( 0.8549999999999999822, 0.3346456153152879698, 0.1499999999999999944 ) ) ;
#4527 = AXIS2_PLACEMENT_3D ( 'NONE', #9758, #8871, #346 ) ;
#4528 = ORIENTED_EDGE ( 'NONE', *, *, #9963, .T. ) ;
#4529 = EDGE_LOOP ( 'NONE', ( #899, #3631, #6860, #7725 ) ) ;
#4530 = ORIENTED_EDGE ( 'NONE', *, *, #7458, .F. ) ;
#4531 = EDGE_CURVE ( 'NONE', #10160, #3872, #895, .T. ) ;
#4532 = DIRECTION ( 'NONE',  ( 0.000000000000000000, -1.000000000000000000, -5.551115123125780336E-15 ) ) ;
#4533 = ORIENTED_EDGE ( 'NONE', *, *, #8449, .F. ) ;
#4534 = CARTESIAN_POINT ( 'NONE',  ( -0.3222667766999390282, -0.8050000000000000488, 1.850000000000000089 ) ) ;
#4535 = AXIS2_PLACEMENT_3D ( 'NONE', #9032, #512, #9227 ) ;
#4536 = CARTESIAN_POINT ( 'NONE',  ( -0.8000000000000000444, 1.350000000000000089, 1.199999999999999956 ) ) ;
#4537 = EDGE_LOOP ( 'NONE', ( #686, #3477, #9851, #6134 ) ) ;
#4538 = CARTESIAN_POINT ( 'NONE',  ( -0.5999999999912689619, -1.150000000026190072, 0.1499999999999999944 ) ) ;
#4539 = VERTEX_POINT ( 'NONE', #3889 ) ;
#4540 = VECTOR ( 'NONE', #2055, 1000.000000000000000 ) ;
#4541 = DIRECTION ( 'NONE',  ( 0.000000000000000000, -0.7071067811865474617, 0.7071067811865474617 ) ) ;
#4542 = ORIENTED_EDGE ( 'NONE', *, *, #5011, .T. ) ;
#4543 = EDGE_CURVE ( 'NONE', #2110, #993, #2507, .T. ) ;
#4544 = EDGE_CURVE ( 'NONE', #1199, #8558, #9356, .T. ) ;
#4545 = CARTESIAN_POINT ( 'NONE',  ( 0.6999999999999999556, 1.199999999999999956, 0.000000000000000000 ) ) ;
#4546 = FACE_OUTER_BOUND ( 'NONE', #9521, .T. ) ;
#4547 = CARTESIAN_POINT ( 'NONE',  ( 0.8000000000000000444, -1.350000000000000089, 1.199999999999999956 ) ) ;
#4548 = DIRECTION ( 'NONE',  ( 0.000000000000000000, 0.000000000000000000, -1.000000000000000000 ) ) ;
#4549 = DIRECTION ( 'NONE',  ( -0.8917411990616683770, 0.4525457257516171672, 0.000000000000000000 ) ) ;
#4550 = VERTEX_POINT ( 'NONE', #2343 ) ;
#4551 = CYLINDRICAL_SURFACE ( 'NONE', #8212, 0.05000000000000001665 ) ;
#4552 = ORIENTED_EDGE ( 'NONE', *, *, #5294, .T. ) ;
#4553 = CARTESIAN_POINT ( 'NONE',  ( -0.9999999999068690526, 1.349999999973810150, 0.000000000000000000 ) ) ;
#4554 = VECTOR ( 'NONE', #6888, 1000.000000000000000 ) ;
#4555 = EDGE_CURVE ( 'NONE', #2028, #9449, #5945, .T. ) ;
#4556 = ADVANCED_FACE ( 'NONE', ( #1560 ), #4974, .T. ) ;
#4557 = CARTESIAN_POINT ( 'NONE',  ( -0.8000000000000000444, -1.350000000000000089, 0.000000000000000000 ) ) ;
#4558 = VECTOR ( 'NONE', #2931, 1000.000000000000000 ) ;
#4559 = CARTESIAN_POINT ( 'NONE',  ( -0.7646446609406726269, -1.385355339059327395, 1.199999999999999956 ) ) ;
#4560 = CARTESIAN_POINT ( 'NONE',  ( -0.9681364314379040659, -0.5575809150807050640, 1.250000000000000000 ) ) ;
#4561 =( GEOMETRIC_REPRESENTATION_CONTEXT ( 3 ) GLOBAL_UNCERTAINTY_ASSIGNED_CONTEXT ( ( #10140 ) ) GLOBAL_UNIT_ASSIGNED_CONTEXT ( ( #3277, #4059, #4707 ) ) REPRESENTATION_CONTEXT ( 'NONE', 'WORKASPACE' ) );
#4562 = AXIS2_PLACEMENT_3D ( 'NONE', #9755, #2528, #9797 ) ;
#4563 = DIRECTION ( 'NONE',  ( 0.000000000000000000, 0.000000000000000000, -1.000000000000000000 ) ) ;
#4564 = VERTEX_POINT ( 'NONE', #263 ) ;
#4565 = PRODUCT_CONTEXT ( 'NONE', #9012, 'mechanical' ) ;
#4566 = VERTEX_POINT ( 'NONE', #5737 ) ;
#4567 = ORIENTED_EDGE ( 'NONE', *, *, #4301, .T. ) ;
#4568 = ADVANCED_FACE ( 'NONE', ( #8207 ), #9044, .T. ) ;
#4569 = AXIS2_PLACEMENT_3D ( 'NONE', #1001, #5524, #8055 ) ;
#4570 = DIRECTION ( 'NONE',  ( 1.000000000000000000, 0.000000000000000000, 0.000000000000000000 ) ) ;
#4571 = DIRECTION ( 'NONE',  ( -1.000000000000000000, 0.000000000000000000, 0.000000000000000000 ) ) ;
#4572 = DIRECTION ( 'NONE',  ( -1.000000000000000000, 0.000000000000000000, 0.000000000000000000 ) ) ;
#4573 = CYLINDRICAL_SURFACE ( 'NONE', #1408, 0.05000000000000007216 ) ;
#4574 = DIRECTION ( 'NONE',  ( 0.000000000000000000, 0.000000000000000000, -1.000000000000000000 ) ) ;
#4575 = VERTEX_POINT ( 'NONE', #5792 ) ;
#4576 = LINE ( 'NONE', #7720, #5913 ) ;
#4577 = CIRCLE ( 'NONE', #3938, 0.04999999999999991257 ) ;
#4578 = VERTEX_POINT ( 'NONE', #1982 ) ;
#4579 = VECTOR ( 'NONE', #9582, 1000.000000000000000 ) ;
#4580 = DIRECTION ( 'NONE',  ( -7.792703114739560161E-16, -0.7071067811865474617, 0.7071067811865476838 ) ) ;
#4581 = ORIENTED_EDGE ( 'NONE', *, *, #639, .F. ) ;
#4582 = VECTOR ( 'NONE', #8074, 1000.000000000000000 ) ;
#4583 = EDGE_CURVE ( 'NONE', #5211, #91, #2001, .T. ) ;
#4584 = CARTESIAN_POINT ( 'NONE',  ( -0.7646446609406726269, -1.385355339059327395, 0.05000000000000000278 ) ) ;
#4585 = PLANE ( 'NONE',  #7387 ) ;
#4586 = VECTOR ( 'NONE', #2372, 1000.000000000000000 ) ;
#4587 = AXIS2_PLACEMENT_3D ( 'NONE', #1404, #2233, #9197 ) ;
#4588 = CARTESIAN_POINT ( 'NONE',  ( -0.6999999999999999556, 1.149999999999999911, 0.05000000000000000278 ) ) ;
#4589 = VECTOR ( 'NONE', #7800, 1000.000000000000000 ) ;
#4590 = CARTESIAN_POINT ( 'NONE',  ( 0.8000000000000000444, 1.250000000000000000, 1.199999999999999956 ) ) ;
#4591 = ORIENTED_EDGE ( 'NONE', *, *, #173, .F. ) ;
#4592 = CARTESIAN_POINT ( 'NONE',  ( -0.9228818588627429875, -0.4684067951745389813, 1.850000000000000089 ) ) ;
#4593 = ORIENTED_EDGE ( 'NONE', *, *, #9282, .T. ) ;
#4594 = EDGE_CURVE ( 'NONE', #4657, #322, #6271, .T. ) ;
#4595 = CARTESIAN_POINT ( 'NONE',  ( -2.299999999999999822, 0.5000000000000000000, 0.000000000000000000 ) ) ;
#4596 = ORIENTED_EDGE ( 'NONE', *, *, #9623, .F. ) ;
#4597 = EDGE_CURVE ( 'NONE', #1582, #118, #5684, .T. ) ;
#4598 = CARTESIAN_POINT ( 'NONE',  ( 1.600000000000000089, 1.100000000000000089, 0.000000000000000000 ) ) ;
#4599 = CIRCLE ( 'NONE', #7079, 0.04999999999999991257 ) ;
#4600 = DIRECTION ( 'NONE',  ( 1.665334536937734318E-16, 0.7071067811865467956, -0.7071067811865482389 ) ) ;
#4601 = CARTESIAN_POINT ( 'NONE',  ( -0.7646446609406726269, -1.250000000000000000, 0.01464466094067265987 ) ) ;
#4602 = DIRECTION ( 'NONE',  ( 0.000000000000000000, 0.000000000000000000, 1.000000000000000000 ) ) ;
#4603 = EDGE_CURVE ( 'NONE', #3018, #6145, #4203, .T. ) ;
#4604 = ORIENTED_EDGE ( 'NONE', *, *, #4875, .T. ) ;
#4605 = CARTESIAN_POINT ( 'NONE',  ( -1.899999999999999911, 0.6999999999999999556, 0.000000000000000000 ) ) ;
#4606 = VERTEX_POINT ( 'NONE', #4249 ) ;
#4607 = LINE ( 'NONE', #8433, #552 ) ;
#4608 = VECTOR ( 'NONE', #4648, 1000.000000000000000 ) ;
#4609 = EDGE_CURVE ( 'NONE', #3290, #4606, #508, .T. ) ;
#4610 = EDGE_LOOP ( 'NONE', ( #1260, #8921, #9837, #3419 ) ) ;
#4611 = VECTOR ( 'NONE', #1927, 1000.000000000000114 ) ;
#4612 = DIRECTION ( 'NONE',  ( -1.000000000000000000, 0.000000000000000000, 0.000000000000000000 ) ) ;
#4613 = ADVANCED_FACE ( 'NONE', ( #2554 ), #2447, .T. ) ;
#4614 = LINE ( 'NONE', #909, #2945 ) ;
#4615 = EDGE_CURVE ( 'NONE', #6248, #7100, #1518, .T. ) ;
#4616 = DIRECTION ( 'NONE',  ( 0.000000000000000000, 1.000000000000000000, 0.000000000000000000 ) ) ;
#4617 = ORIENTED_EDGE ( 'NONE', *, *, #3132, .T. ) ;
#4618 = PRODUCT_CONTEXT ( 'NONE', #5847, 'mechanical' ) ;
#4619 = ORIENTED_EDGE ( 'NONE', *, *, #7192, .F. ) ;
#4620 = ORIENTED_EDGE ( 'NONE', *, *, #7020, .F. ) ;
#4621 = DIRECTION ( 'NONE',  ( 0.000000000000000000, 1.000000000000000000, 0.000000000000000000 ) ) ;
#4622 = VECTOR ( 'NONE', #2746, 1000.000000000000000 ) ;
#4623 = CARTESIAN_POINT ( 'NONE',  ( 1.600000000000000089, 1.100000000000000089, 0.000000000000000000 ) ) ;
#4624 = CARTESIAN_POINT ( 'NONE',  ( -0.3222667766999390282, 0.8451626137813800232, 0.000000000000000000 ) ) ;
#4625 = EDGE_CURVE ( 'NONE', #6738, #10160, #4650, .T. ) ;
#4626 = CARTESIAN_POINT ( 'NONE',  ( 0.7646446609406726269, -1.385355339059327395, 1.199999999999999956 ) ) ;
#4627 = AXIS2_PLACEMENT_3D ( 'NONE', #1316, #8326, #5228 ) ;
#4628 = CARTESIAN_POINT ( 'NONE',  ( -0.9521365238641065210, -0.5260531026347090577, 1.264644660940672960 ) ) ;
#4629 = ORIENTED_EDGE ( 'NONE', *, *, #7790, .T. ) ;
#4630 = DIRECTION ( 'NONE',  ( -1.000000000000000000, 0.000000000000000000, 0.000000000000000000 ) ) ;
#4631 = VERTEX_POINT ( 'NONE', #9413 ) ;
#4632 = DIRECTION ( 'NONE',  ( 0.8917411990616680439, 0.4525457257516179999, 7.372574772901430151E-16 ) ) ;
#4633 = EDGE_LOOP ( 'NONE', ( #519, #6032, #7887, #6874 ) ) ;
#4634 = ORIENTED_EDGE ( 'NONE', *, *, #5318, .F. ) ;
#4635 = DIRECTION ( 'NONE',  ( 0.000000000000000000, 0.000000000000000000, 1.000000000000000000 ) ) ;
#4636 = VECTOR ( 'NONE', #9140, 1000.000000000000000 ) ;
#4637 = DIRECTION ( 'NONE',  ( -0.8917411990616683770, -0.4525457257516171672, 0.000000000000000000 ) ) ;
#4638 = DIRECTION ( 'NONE',  ( 0.000000000000000000, 0.000000000000000000, 1.000000000000000000 ) ) ;
#4639 = CARTESIAN_POINT ( 'NONE',  ( -0.4354032081378430008, 0.8279352997654170210, 1.300000000000000044 ) ) ;
#4640 = EDGE_CURVE ( 'NONE', #502, #961, #1738, .T. ) ;
#4641 = CARTESIAN_POINT ( 'NONE',  ( -0.7353553390593273731, 1.214644660940672694, 0.05000000000000000278 ) ) ;
#4642 = EDGE_LOOP ( 'NONE', ( #7454, #7373, #2548, #9393, #4139, #6588, #5787 ) ) ;
#4643 = AXIS2_PLACEMENT_3D ( 'NONE', #6853, #1434, #7570 ) ;
#4644 = CARTESIAN_POINT ( 'NONE',  ( -0.7646446609406726269, 1.350000000000000089, 0.01464466094067265987 ) ) ;
#4645 = EDGE_LOOP ( 'NONE', ( #5517, #3895, #9966, #1234 ) ) ;
#4646 = VERTEX_POINT ( 'NONE', #2345 ) ;
#4647 = CARTESIAN_POINT ( 'NONE',  ( -1.600000000000000089, -0.5000000000000000000, 0.000000000000000000 ) ) ;
#4648 = DIRECTION ( 'NONE',  ( 0.000000000000000000, 0.000000000000000000, 1.000000000000000000 ) ) ;
#4649 = LINE ( 'NONE', #4701, #8701 ) ;
#4650 = LINE ( 'NONE', #3891, #3312 ) ;
#4651 = DIRECTION ( 'NONE',  ( 0.000000000000000000, -1.000000000000000000, 0.000000000000000000 ) ) ;
#4652 = DIRECTION ( 'NONE',  ( -0.7071067811865474617, 0.000000000000000000, -0.7071067811865474617 ) ) ;
#4653 = EDGE_CURVE ( 'NONE', #4287, #4786, #7084, .T. ) ;
#4654 = CARTESIAN_POINT ( 'NONE',  ( -1.899999999999999911, 0.6999999999999999556, 0.000000000000000000 ) ) ;
#4655 = VERTEX_POINT ( 'NONE', #4702 ) ;
#4656 = DIRECTION ( 'NONE',  ( 1.000000000000000000, 0.000000000000000000, 0.000000000000000000 ) ) ;
#4657 = VERTEX_POINT ( 'NONE', #9464 ) ;
#4658 = UNCERTAINTY_MEASURE_WITH_UNIT (LENGTH_MEASURE( 1.000000000000000082E-05 ), #6945, 'distance_accuracy_value', 'NONE');
#4659 = FILL_AREA_STYLE ('',( #5436 ) ) ;
#4660 = ADVANCED_FACE ( 'NONE', ( #847 ), #788, .T. ) ;
#4661 = DIRECTION ( 'NONE',  ( 0.000000000000000000, 0.000000000000000000, 1.000000000000000000 ) ) ;
#4662 = CARTESIAN_POINT ( 'NONE',  ( 1.040355339059327422, 0.3346456153152879698, 1.885355339059327395 ) ) ;
#4663 = CARTESIAN_POINT ( 'NONE',  ( -0.3222667766999390282, 0.8549999999999999822, 1.300000000000000044 ) ) ;
#4664 = DIRECTION ( 'NONE',  ( 1.000000000000000000, 0.000000000000000000, 0.000000000000000000 ) ) ;
#4665 = DIRECTION ( 'NONE',  ( 0.000000000000000000, 1.000000000000000000, 0.000000000000000000 ) ) ;
#4666 = ORIENTED_EDGE ( 'NONE', *, *, #1646, .T. ) ;
#4667 = DIRECTION ( 'NONE',  ( 0.000000000000000000, 0.000000000000000000, 1.000000000000000000 ) ) ;
#4668 = EDGE_LOOP ( 'NONE', ( #6663, #6445, #6302, #3771 ) ) ;
#4669 = ORIENTED_EDGE ( 'NONE', *, *, #374, .T. ) ;
#4670 = DIRECTION ( 'NONE',  ( 0.7071067811865496822, 0.000000000000000000, -0.7071067811865453523 ) ) ;
#4671 = ADVANCED_FACE ( 'NONE', ( #3997 ), #7135, .F. ) ;
#4672 = EDGE_CURVE ( 'NONE', #5212, #2442, #6425, .T. ) ;
#4673 = CIRCLE ( 'NONE', #7641, 0.04999999999999991257 ) ;
#4674 = CARTESIAN_POINT ( 'NONE',  ( 0.3499999999999999778, 1.199999999999999956, 0.1499999999999999944 ) ) ;
#4675 = DIRECTION ( 'NONE',  ( 1.000000000000000000, 0.000000000000000000, 0.000000000000000000 ) ) ;
#4676 = CARTESIAN_POINT ( 'NONE',  ( -1.600000000000000089, 1.100000000000000089, 0.000000000000000000 ) ) ;
#4677 = FACE_OUTER_BOUND ( 'NONE', #8406, .T. ) ;
#4678 = ORIENTED_EDGE ( 'NONE', *, *, #8741, .T. ) ;
#4679 = LINE ( 'NONE', #7113, #6326 ) ;
#4680 = ORIENTED_EDGE ( 'NONE', *, *, #971, .F. ) ;
#4681 = AXIS2_PLACEMENT_3D ( 'NONE', #7368, #3456, #303 ) ;
#4682 = VECTOR ( 'NONE', #1568, 1000.000000000000000 ) ;
#4683 = ORIENTED_EDGE ( 'NONE', *, *, #4733, .F. ) ;
#4684 = CARTESIAN_POINT ( 'NONE',  ( -0.8000000000000000444, -1.250000000000000000, 1.199999999999999956 ) ) ;
#4685 = EDGE_CURVE ( 'NONE', #5391, #4515, #4869, .T. ) ;
#4686 = LINE ( 'NONE', #883, #6797 ) ;
#4687 = AXIS2_PLACEMENT_3D ( 'NONE', #3311, #6468, #3256 ) ;
#4688 = CIRCLE ( 'NONE', #2399, 0.2499999999999999722 ) ;
#4689 = CARTESIAN_POINT ( 'NONE',  ( -0.8549999999999999822, -0.3346456153152879698, 0.000000000000000000 ) ) ;
#4690 = DIRECTION ( 'NONE',  ( 1.000000000000000000, 0.000000000000000000, 0.000000000000000000 ) ) ;
#4691 = FACE_OUTER_BOUND ( 'NONE', #2825, .T. ) ;
#4692 = FACE_OUTER_BOUND ( 'NONE', #7062, .T. ) ;
#4693 = ORIENTED_EDGE ( 'NONE', *, *, #7824, .T. ) ;
#4694 = DIRECTION ( 'NONE',  ( 1.000000000000000000, 0.000000000000000000, 0.000000000000000000 ) ) ;
#4695 = ORIENTED_EDGE ( 'NONE', *, *, #10006, .T. ) ;
#4696 = VECTOR ( 'NONE', #1760, 1000.000000000000000 ) ;
#4697 = VECTOR ( 'NONE', #7200, 1000.000000000000000 ) ;
#4698 = EDGE_CURVE ( 'NONE', #2793, #6083, #4147, .T. ) ;
#4699 = DIRECTION ( 'NONE',  ( 0.000000000000000000, 1.000000000000000000, 0.000000000000000000 ) ) ;
#4700 = DIRECTION ( 'NONE',  ( 0.000000000000000000, 0.000000000000000000, 1.000000000000000000 ) ) ;
#4701 = CARTESIAN_POINT ( 'NONE',  ( 0.000000000000000000, 1.185355339033137501, -0.01464466094067265294 ) ) ;
#4702 = CARTESIAN_POINT ( 'NONE',  ( -0.7500000000000000000, 1.250000000000000000, 0.05000000000000000278 ) ) ;
#4703 = DIRECTION ( 'NONE',  ( 1.982541115402064617E-16, -1.000000000000000000, 1.982541115402064617E-16 ) ) ;
#4704 = DIRECTION ( 'NONE',  ( -0.8917411990616683770, 0.4525457257516171672, 0.000000000000000000 ) ) ;
#4705 = ORIENTED_EDGE ( 'NONE', *, *, #9487, .F. ) ;
#4706 = SURFACE_SIDE_STYLE ('',( #1686 ) ) ;
#4707 =( NAMED_UNIT ( * ) SI_UNIT ( $, .STERADIAN. ) SOLID_ANGLE_UNIT ( ) );
#4708 = ORIENTED_EDGE ( 'NONE', *, *, #6075, .F. ) ;
#4709 = FACE_OUTER_BOUND ( 'NONE', #764, .T. ) ;
#4710 = ADVANCED_FACE ( 'NONE', ( #1155 ), #1099, .T. ) ;
#4711 = ADVANCED_FACE ( 'NONE', ( #6524 ), #8247, .T. ) ;
#4712 = CARTESIAN_POINT ( 'NONE',  ( -0.5999999999912689619, -1.150000000026190072, 0.1499999999999999944 ) ) ;
#4713 = DIRECTION ( 'NONE',  ( 0.000000000000000000, -1.000000000000000000, 0.000000000000000000 ) ) ;
#4714 = DIRECTION ( 'NONE',  ( 0.000000000000000000, 0.000000000000000000, -1.000000000000000000 ) ) ;
#4715 = CARTESIAN_POINT ( 'NONE',  ( 1.899999999999999911, -1.350000000000000089, 0.05000000000000000278 ) ) ;
#4716 = DIRECTION ( 'NONE',  ( -7.116814260417669499E-17, 1.000000000000000000, 0.000000000000000000 ) ) ;
#4717 = VERTEX_POINT ( 'NONE', #8268 ) ;
#4718 = CARTESIAN_POINT ( 'NONE',  ( 0.000000000000000000, 0.000000000000000000, 0.000000000000000000 ) ) ;
#4719 = AXIS2_PLACEMENT_3D ( 'NONE', #3173, #9429, #6989 ) ;
#4720 = VERTEX_POINT ( 'NONE', #3520 ) ;
#4721 = EDGE_CURVE ( 'NONE', #1811, #9701, #5841, .T. ) ;
#4722 = VERTEX_POINT ( 'NONE', #8157 ) ;
#4723 = DIRECTION ( 'NONE',  ( 0.8522164413315482800, 0.5231893893459534928, 0.000000000000000000 ) ) ;
#4724 = ORIENTED_EDGE ( 'NONE', *, *, #3078, .T. ) ;
#4725 = CIRCLE ( 'NONE', #6378, 0.2000000000203731032 ) ;
#4726 = VECTOR ( 'NONE', #9082, 1000.000000000000000 ) ;
#4727 = CARTESIAN_POINT ( 'NONE',  ( 1.025443288266309594, 0.4392834931844786239, 1.250000000000000000 ) ) ;
#4728 = LINE ( 'NONE', #6228, #7985 ) ;
#4729 = DIRECTION ( 'NONE',  ( 0.000000000000000000, 0.7071067811865482389, -0.7071067811865466846 ) ) ;
#4730 = CARTESIAN_POINT ( 'NONE',  ( 0.8000000000000000444, 1.250000000000000000, 0.05000000000000000278 ) ) ;
#4731 = PLANE ( 'NONE',  #7384 ) ;
#4732 = VERTEX_POINT ( 'NONE', #2747 ) ;
#4733 = EDGE_CURVE ( 'NONE', #9329, #4657, #342, .T. ) ;
#4734 = DIRECTION ( 'NONE',  ( -1.000000000000000000, 0.000000000000000000, 0.000000000000000000 ) ) ;
#4735 = EDGE_LOOP ( 'NONE', ( #9292, #8291, #7876, #903 ) ) ;
#4736 = AXIS2_PLACEMENT_3D ( 'NONE', #7612, #8334, #389 ) ;
#4737 = AXIS2_PLACEMENT_3D ( 'NONE', #8028, #7356, #235 ) ;
#4738 = ORIENTED_EDGE ( 'NONE', *, *, #9618, .T. ) ;
#4739 = ADVANCED_FACE ( 'NONE', ( #6571 ), #5892, .T. ) ;
#4740 = CARTESIAN_POINT ( 'NONE',  ( 1.899999999938880135, -0.4364045445652709465, 0.000000000000000000 ) ) ;
#4741 = DIRECTION ( 'NONE',  ( 0.000000000000000000, 0.000000000000000000, 1.000000000000000000 ) ) ;
#4742 = AXIS2_PLACEMENT_3D ( 'NONE', #2296, #6257, #3729 ) ;
#4743 = AXIS2_PLACEMENT_3D ( 'NONE', #5357, #4532, #9975 ) ;
#4744 = DIRECTION ( 'NONE',  ( 0.000000000000000000, -1.000000000000000000, 0.000000000000000000 ) ) ;
#4745 = CARTESIAN_POINT ( 'NONE',  ( 0.3750000000000000000, 1.199999999999999956, 0.05000000000000000278 ) ) ;
#4746 = AXIS2_PLACEMENT_3D ( 'NONE', #6215, #10146, #5385 ) ;
#4747 = DIRECTION ( 'NONE',  ( 0.000000000000000000, 0.000000000000000000, -1.000000000000000000 ) ) ;
#4748 = LINE ( 'NONE', #8727, #4434 ) ;
#4749 = ORIENTED_EDGE ( 'NONE', *, *, #881, .T. ) ;
#4750 = EDGE_CURVE ( 'NONE', #36, #2618, #8950, .T. ) ;
#4751 = ADVANCED_FACE ( 'NONE', ( #3571 ), #1884, .T. ) ;
#4753 = DIRECTION ( 'NONE',  ( 0.000000000000000000, 0.000000000000000000, -1.000000000000000000 ) ) ;
#4752 = DIRECTION ( 'NONE',  ( 1.000000000000000000, 0.000000000000000000, 0.000000000000000000 ) ) ;
#4754 = ORIENTED_EDGE ( 'NONE', *, *, #239, .T. ) ;
#4755 = AXIS2_PLACEMENT_3D ( 'NONE', #4715, #7966, #71 ) ;
#4756 = VECTOR ( 'NONE', #4832, 1000.000000000000000 ) ;
#4757 = DIRECTION ( 'NONE',  ( 0.000000000000000000, 0.000000000000000000, 1.000000000000000000 ) ) ;
#4758 = DIRECTION ( 'NONE',  ( -1.000000000000000000, 0.000000000000000000, 0.000000000000000000 ) ) ;
#4759 = CARTESIAN_POINT ( 'NONE',  ( -0.9521365238641059658, 0.5260531026347082806, 1.264644660940672072 ) ) ;
#4760 = DIRECTION ( 'NONE',  ( 0.000000000000000000, 1.000000000000000000, 0.000000000000000000 ) ) ;
#4761 = DIRECTION ( 'NONE',  ( 0.000000000000000000, -1.000000000000000000, 0.000000000000000000 ) ) ;
#4762 = CIRCLE ( 'NONE', #4587, 0.05000000000000001665 ) ;
#4763 = ADVANCED_BREP_SHAPE_REPRESENTATION ( '', ( #9737, #3372, #6793, #6654, #7728 ), #8564 ) ;
#4764 = CIRCLE ( 'NONE', #810, 0.04999999999999991257 ) ;
#4765 = ADVANCED_FACE ( 'NONE', ( #9727 ), #4306, .T. ) ;
#4766 = CARTESIAN_POINT ( 'NONE',  ( 1.600000000000000089, 1.100000000000000089, 0.000000000000000000 ) ) ;
#4767 = ORIENTED_EDGE ( 'NONE', *, *, #2243, .F. ) ;
#4768 = LINE ( 'NONE', #3215, #4513 ) ;
#4769 = EDGE_LOOP ( 'NONE', ( #7858, #1043, #9508, #6815 ) ) ;
#4770 = CARTESIAN_POINT ( 'NONE',  ( -1.899999999999999911, 1.350000000000000089, 0.05000000000000000278 ) ) ;
#4771 = AXIS2_PLACEMENT_3D ( 'NONE', #9164, #8386, #4193 ) ;
#4772 = CARTESIAN_POINT ( 'NONE',  ( -0.9749999999999999778, -1.350000000000000089, 0.000000000000000000 ) ) ;
#4773 = DIRECTION ( 'NONE',  ( 0.000000000000000000, 1.000000000000000000, 0.000000000000000000 ) ) ;
#4774 = LINE ( 'NONE', #6486, #5353 ) ;
#4775 = CARTESIAN_POINT ( 'NONE',  ( 2.100000000000000089, 1.036404544565270092, -0.2500000000000000000 ) ) ;
#4776 = DIRECTION ( 'NONE',  ( 0.000000000000000000, 1.000000000000000000, 0.000000000000000000 ) ) ;
#4777 = ADVANCED_FACE ( 'NONE', ( #8902 ), #4975, .T. ) ;
#4778 = CARTESIAN_POINT ( 'NONE',  ( -0.8000000000000000444, -1.350000000000000089, 1.199999999999999956 ) ) ;
#4779 = EDGE_LOOP ( 'NONE', ( #2039, #7339, #3178, #3606, #5679, #9565 ) ) ;
#4780 = DIRECTION ( 'NONE',  ( 0.000000000000000000, 0.000000000000000000, 1.000000000000000000 ) ) ;
#4781 = ORIENTED_EDGE ( 'NONE', *, *, #10174, .F. ) ;
#4782 = AXIS2_PLACEMENT_3D ( 'NONE', #1049, #2597, #8054 ) ;
#4783 = VERTEX_POINT ( 'NONE', #4352 ) ;
#4784 = CARTESIAN_POINT ( 'NONE',  ( 1.949999999999999956, -0.5182022722942770665, 0.000000000000000000 ) ) ;
#4785 = DIRECTION ( 'NONE',  ( 0.000000000000000000, 1.000000000000000000, 0.000000000000000000 ) ) ;
#4786 = VERTEX_POINT ( 'NONE', #8843 ) ;
#4787 = PRODUCT ( 'KMR231NG LFS', 'KMR231NG LFS', '', ( #3025 ) ) ;
#4788 = AXIS2_PLACEMENT_3D ( 'NONE', #7600, #4600, #532 ) ;
#4789 = DIRECTION ( 'NONE',  ( 0.000000000000000000, 0.000000000000000000, 1.000000000000000000 ) ) ;
#4790 = DIRECTION ( 'NONE',  ( 1.000000000000000000, 0.000000000000000000, 0.000000000000000000 ) ) ;
#4791 = FACE_OUTER_BOUND ( 'NONE', #4161, .T. ) ;
#4792 = DIRECTION ( 'NONE',  ( 0.000000000000000000, 0.000000000000000000, 1.000000000000000000 ) ) ;
#4793 = EDGE_CURVE ( 'NONE', #4515, #5663, #7264, .T. ) ;
#4794 = DIRECTION ( 'NONE',  ( 0.7071067811865474617, 0.000000000000000000, 0.7071067811865474617 ) ) ;
#4795 = DIRECTION ( 'NONE',  ( 1.000000000000000000, 0.000000000000000000, 0.000000000000000000 ) ) ;
#4796 = EDGE_LOOP ( 'NONE', ( #5309, #436, #2364, #6354 ) ) ;
#4797 = DIRECTION ( 'NONE',  ( 0.000000000000000000, 0.000000000000000000, -1.000000000000000000 ) ) ;
#4798 = ORIENTED_EDGE ( 'NONE', *, *, #2038, .F. ) ;
#4799 = CARTESIAN_POINT ( 'NONE',  ( 0.8000000000000000444, 1.350000000000000089, 0.000000000000000000 ) ) ;
#4800 = EDGE_LOOP ( 'NONE', ( #7451, #8560, #3300, #8645 ) ) ;
#4801 = AXIS2_PLACEMENT_3D ( 'NONE', #7838, #6258, #738 ) ;
#4802 = ORIENTED_EDGE ( 'NONE', *, *, #684, .F. ) ;
#4803 = DIRECTION ( 'NONE',  ( -0.8917411990616683770, 0.4525457257516171672, 0.000000000000000000 ) ) ;
#4804 = DIRECTION ( 'NONE',  ( 1.000000000000000000, 0.000000000000000000, 0.000000000000000000 ) ) ;
#4805 = EDGE_CURVE ( 'NONE', #4657, #9779, #216, .T. ) ;
#4806 = VECTOR ( 'NONE', #4690, 1000.000000000000000 ) ;
#4807 = CARTESIAN_POINT ( 'NONE',  ( -2.299999999999999822, -0.5000000000000000000, 0.000000000000000000 ) ) ;
#4808 = DIRECTION ( 'NONE',  ( 0.000000000000000000, 1.000000000000000000, 0.000000000000000000 ) ) ;
#4809 = DIRECTION ( 'NONE',  ( 0.000000000000000000, 0.000000000000000000, 1.000000000000000000 ) ) ;
#4810 = CARTESIAN_POINT ( 'NONE',  ( -0.8000000000000000444, 1.100000000000000089, 0.000000000000000000 ) ) ;
#4811 = VERTEX_POINT ( 'NONE', #7482 ) ;
#4812 = ORIENTED_EDGE ( 'NONE', *, *, #8948, .F. ) ;
#4813 = CYLINDRICAL_SURFACE ( 'NONE', #7127, 0.05000000000000007216 ) ;
#4814 = AXIS2_PLACEMENT_3D ( 'NONE', #4822, #8630, #4651 ) ;
#4815 = ORIENTED_EDGE ( 'NONE', *, *, #1785, .F. ) ;
#4816 = ORIENTED_EDGE ( 'NONE', *, *, #7960, .T. ) ;
#4817 = CARTESIAN_POINT ( 'NONE',  ( 0.9228818588627429875, -0.4684067951745380376, 1.850000000000000089 ) ) ;
#4818 = ADVANCED_FACE ( 'NONE', ( #423 ), #1783, .F. ) ;
#4819 = DIRECTION ( 'NONE',  ( 0.000000000000000000, 0.7071067811865482389, -0.7071067811865466846 ) ) ;
#4820 = CARTESIAN_POINT ( 'NONE',  ( 0.8000000000000000444, -0.5999999999999999778, 1.199999999999999956 ) ) ;
#4821 = DIRECTION ( 'NONE',  ( 0.000000000000000000, 0.000000000000000000, 1.000000000000000000 ) ) ;
#4822 = CARTESIAN_POINT ( 'NONE',  ( 0.8000000000000000444, -1.350000000000000089, 1.199999999999999956 ) ) ;
#4823 = CIRCLE ( 'NONE', #7288, 0.1499999999999999944 ) ;
#4824 = FACE_OUTER_BOUND ( 'NONE', #6499, .T. ) ;
#4825 = ORIENTED_EDGE ( 'NONE', *, *, #4432, .F. ) ;
#4826 = LINE ( 'NONE', #1620, #2880 ) ;
#4827 = VERTEX_POINT ( 'NONE', #4206 ) ;
#4828 = AXIS2_PLACEMENT_3D ( 'NONE', #3754, #2983, #4477 ) ;
#4829 = CARTESIAN_POINT ( 'NONE',  ( 1.899999999999999911, -0.6999999999999999556, 0.000000000000000000 ) ) ;
#4830 = EDGE_CURVE ( 'NONE', #2658, #7630, #7909, .T. ) ;
#4831 = LINE ( 'NONE', #176, #6437 ) ;
#4832 = DIRECTION ( 'NONE',  ( 0.000000000000000000, 0.000000000000000000, 1.000000000000000000 ) ) ;
#4833 = DIRECTION ( 'NONE',  ( 3.965082230804129727E-16, -1.000000000000000000, 0.000000000000000000 ) ) ;
#4834 = DIRECTION ( 'NONE',  ( 0.000000000000000000, 0.000000000000000000, 1.000000000000000000 ) ) ;
#4835 = LINE ( 'NONE', #4065, #1960 ) ;
#4836 = DIRECTION ( 'NONE',  ( 0.000000000000000000, -1.000000000000000000, 0.000000000000000000 ) ) ;
#4837 = ORIENTED_EDGE ( 'NONE', *, *, #8066, .F. ) ;
#4838 = ORIENTED_EDGE ( 'NONE', *, *, #901, .T. ) ;
#4839 = CARTESIAN_POINT ( 'NONE',  ( -1.949999999999999956, -0.3682022722942769888, -0.05000000000000000278 ) ) ;
#4840 = EDGE_CURVE ( 'NONE', #3920, #4515, #1256, .T. ) ;
#4841 = CARTESIAN_POINT ( 'NONE',  ( 0.7052020075671829868, 0.5788761627328729009, 1.899999999999999911 ) ) ;
#4842 = CARTESIAN_POINT ( 'NONE',  ( 1.899999999999999911, 1.350000000000000089, 0.05000000000000000278 ) ) ;
#4843 = DIRECTION ( 'NONE',  ( 0.3199981514759548951, 0.6305562489199278975, 0.7071067811865487940 ) ) ;
#4844 = DIRECTION ( 'NONE',  ( 0.000000000000000000, 1.000000000000000000, 0.000000000000000000 ) ) ;
#4845 = DIRECTION ( 'NONE',  ( 0.000000000000000000, 0.000000000000000000, -1.000000000000000000 ) ) ;
#4846 = CARTESIAN_POINT ( 'NONE',  ( -0.9681364314379040659, 0.5575809150807050640, 1.300000000000000044 ) ) ;
#4847 = ORIENTED_EDGE ( 'NONE', *, *, #4830, .F. ) ;
#4848 = EDGE_LOOP ( 'NONE', ( #7862, #8835, #6017, #94 ) ) ;
#4849 = ORIENTED_EDGE ( 'NONE', *, *, #3806, .T. ) ;
#4850 = AXIS2_PLACEMENT_3D ( 'NONE', #6398, #5823, #8135 ) ;
#4851 = CARTESIAN_POINT ( 'NONE',  ( 0.6999999999999999556, -1.250000000000000000, 1.250000000000000000 ) ) ;
#4852 = EDGE_CURVE ( 'NONE', #820, #525, #4312, .T. ) ;
#4853 = DIRECTION ( 'NONE',  ( 0.000000000000000000, 0.000000000000000000, -1.000000000000000000 ) ) ;
#4854 = DIRECTION ( 'NONE',  ( 0.000000000000000000, 0.000000000000000000, -1.000000000000000000 ) ) ;
#4855 = CARTESIAN_POINT ( 'NONE',  ( -2.100000000000000089, 1.029507992841129926, -0.2672413793103449731 ) ) ;
#4856 = DIRECTION ( 'NONE',  ( -0.5773502691896272854, -0.5773502691896229555, 0.5773502691896272854 ) ) ;
#4857 = DIRECTION ( 'NONE',  ( 0.8917411990616690431, -0.4525457257516160015, 0.000000000000000000 ) ) ;
#4858 = CIRCLE ( 'NONE', #9835, 0.1499999999999999944 ) ;
#4859 = ORIENTED_EDGE ( 'NONE', *, *, #352, .T. ) ;
#4860 = AXIS2_PLACEMENT_3D ( 'NONE', #8531, #6209, #10137 ) ;
#4861 = ORIENTED_EDGE ( 'NONE', *, *, #2475, .T. ) ;
#4862 = DIRECTION ( 'NONE',  ( -1.000000000000000000, 0.000000000000000000, 0.000000000000000000 ) ) ;
#4863 = ADVANCED_FACE ( 'NONE', ( #3826 ), #6968, .T. ) ;
#4864 = ORIENTED_EDGE ( 'NONE', *, *, #4043, .F. ) ;
#4865 = ORIENTED_EDGE ( 'NONE', *, *, #8445, .F. ) ;
#4866 = VECTOR ( 'NONE', #3513, 1000.000000000000000 ) ;
#4867 = DIRECTION ( 'NONE',  ( -1.000000000000000000, 0.000000000000000000, 0.000000000000000000 ) ) ;
#4868 = FACE_OUTER_BOUND ( 'NONE', #597, .T. ) ;
#4869 = LINE ( 'NONE', #6722, #6613 ) ;
#4870 = ORIENTED_EDGE ( 'NONE', *, *, #1888, .F. ) ;
#4871 = CIRCLE ( 'NONE', #1252, 0.05000000000000002359 ) ;
#4872 = CARTESIAN_POINT ( 'NONE',  ( 0.6999999999999999556, -1.149999999999999911, 0.000000000000000000 ) ) ;
#4873 = ADVANCED_FACE ( 'NONE', ( #4491 ), #5267, .T. ) ;
#4874 = AXIS2_PLACEMENT_3D ( 'NONE', #6584, #7397, #8166 ) ;
#4875 = EDGE_CURVE ( 'NONE', #4069, #837, #2949, .T. ) ;
#4876 = PRODUCT_DEFINITION_CONTEXT ( 'detailed design', #1104, 'design' ) ;
#4877 = EDGE_CURVE ( 'NONE', #7919, #5391, #5217, .T. ) ;
#4878 = VECTOR ( 'NONE', #3354, 1000.000000000000000 ) ;
#4879 = CARTESIAN_POINT ( 'NONE',  ( 1.000000000008729906, -1.349999999973810150, 0.1499999999999999944 ) ) ;
#4880 = SPHERICAL_SURFACE ( 'NONE', #1088, 0.05000000000000000278 ) ;
#4881 = DIRECTION ( 'NONE',  ( 0.000000000000000000, 0.000000000000000000, 1.000000000000000000 ) ) ;
#4882 = LINE ( 'NONE', #2565, #137 ) ;
#4883 = CARTESIAN_POINT ( 'NONE',  ( -0.3750000000000000000, -1.149999999999999911, 0.05000000000000000278 ) ) ;
#4884 = VERTEX_POINT ( 'NONE', #6821 ) ;
#4885 = EDGE_LOOP ( 'NONE', ( #294, #3438, #7721, #8665 ) ) ;
#4886 = ADVANCED_FACE ( 'NONE', ( #5361 ), #3642, .F. ) ;
#4887 = FACE_OUTER_BOUND ( 'NONE', #4735, .T. ) ;
#4888 = FACE_OUTER_BOUND ( 'NONE', #1079, .T. ) ;
#4889 = ORIENTED_EDGE ( 'NONE', *, *, #3654, .T. ) ;
#4890 = CARTESIAN_POINT ( 'NONE',  ( -0.8000000000000000444, 0.5999999999999999778, 0.05000000000000000278 ) ) ;
#4891 = DIRECTION ( 'NONE',  ( -0.7071067811865474617, 0.7071067811865474617, 0.000000000000000000 ) ) ;
#4892 = DIRECTION ( 'NONE',  ( 0.000000000000000000, 1.000000000000000000, 0.000000000000000000 ) ) ;
#4893 = EDGE_LOOP ( 'NONE', ( #105, #6262, #3468, #4397 ) ) ;
#4894 = PLANE ( 'NONE',  #8971 ) ;
#4895 = ORIENTED_EDGE ( 'NONE', *, *, #2202, .T. ) ;
#4896 = ADVANCED_FACE ( 'NONE', ( #2899 ), #3678, .T. ) ;
#4897 = CARTESIAN_POINT ( 'NONE',  ( -0.9749999999999999778, -1.350000000000000089, 0.05000000000000000278 ) ) ;
#4898 = ORIENTED_EDGE ( 'NONE', *, *, #1472, .T. ) ;
#4899 = CIRCLE ( 'NONE', #2428, 0.04999999999999991951 ) ;
#4900 = DIRECTION ( 'NONE',  ( 0.000000000000000000, 0.000000000000000000, 1.000000000000000000 ) ) ;
#4901 = CIRCLE ( 'NONE', #2922, 0.1999999999999998446 ) ;
#4902 = CARTESIAN_POINT ( 'NONE',  ( -0.3222667766999390282, 0.8451626137813800232, 0.000000000000000000 ) ) ;
#4903 = DIRECTION ( 'NONE',  ( 0.000000000000000000, 1.000000000000000000, 0.000000000000000000 ) ) ;
#4904 = DIRECTION ( 'NONE',  ( 1.000000000000000000, 0.000000000000000000, 0.000000000000000000 ) ) ;
#4905 = CARTESIAN_POINT ( 'NONE',  ( -0.3222667766999390282, -0.6049999999999999822, 1.250000000000000000 ) ) ;
#4906 = CARTESIAN_POINT ( 'NONE',  ( -0.6999999999999999556, 1.150000000072579853, 0.000000000000000000 ) ) ;
#4907 = AXIS2_PLACEMENT_3D ( 'NONE', #8589, #1572, #9312 ) ;
#4908 = ORIENTED_EDGE ( 'NONE', *, *, #7140, .F. ) ;
#4909 = EDGE_LOOP ( 'NONE', ( #8269, #3088, #414, #2362 ) ) ;
#4910 = AXIS2_PLACEMENT_3D ( 'NONE', #3341, #6496, #2919 ) ;
#4911 = EDGE_CURVE ( 'NONE', #4431, #8021, #5951, .T. ) ;
#4912 = FACE_OUTER_BOUND ( 'NONE', #9447, .T. ) ;
#4913 = ORIENTED_EDGE ( 'NONE', *, *, #3897, .F. ) ;
#4914 = ORIENTED_EDGE ( 'NONE', *, *, #4196, .T. ) ;
#4915 = VECTOR ( 'NONE', #5891, 1000.000000000000000 ) ;
#4916 = DIRECTION ( 'NONE',  ( 1.000000000000000000, 0.000000000000000000, 0.000000000000000000 ) ) ;
#4917 = AXIS2_PLACEMENT_3D ( 'NONE', #829, #10118, #7826 ) ;
#4918 = DIRECTION ( 'NONE',  ( 0.5773502691896229555, -0.5773502691896272854, 0.5773502691896272854 ) ) ;
#4919 = ADVANCED_FACE ( 'NONE', ( #8314 ), #1304, .F. ) ;
#4920 = DIRECTION ( 'NONE',  ( 0.000000000000000000, 1.000000000000000000, 0.000000000000000000 ) ) ;
#4921 = CARTESIAN_POINT ( 'NONE',  ( 0.1850555678730499976, 0.8549999999999999822, 1.250000000000000000 ) ) ;
#4922 = VERTEX_POINT ( 'NONE', #6144 ) ;
#4923 = EDGE_CURVE ( 'NONE', #9691, #2376, #5314, .T. ) ;
#4924 = VECTOR ( 'NONE', #4268, 1000.000000000000000 ) ;
#4925 = ORIENTED_EDGE ( 'NONE', *, *, #7008, .F. ) ;
#4926 = PLANE ( 'NONE',  #1072 ) ;
#4927 = CIRCLE ( 'NONE', #10199, 0.1000000000000001443 ) ;
#4928 = CIRCLE ( 'NONE', #9715, 0.04999999999999991257 ) ;
#4929 = DIRECTION ( 'NONE',  ( -1.000000000000000000, 0.000000000000000000, 0.000000000000000000 ) ) ;
#4930 = CARTESIAN_POINT ( 'NONE',  ( -1.949999999999999956, -1.100000000000000089, 0.2000000000000000111 ) ) ;
#4931 = AXIS2_PLACEMENT_3D ( 'NONE', #9064, #336, #5233 ) ;
#4932 = CARTESIAN_POINT ( 'NONE',  ( -1.000000000029100056, -1.350000000046569948, 0.1499999999999999944 ) ) ;
#4933 = AXIS2_PLACEMENT_3D ( 'NONE', #412, #1146, #7425 ) ;
#4934 = EDGE_CURVE ( 'NONE', #7075, #4631, #1849, .T. ) ;
#4935 = DIRECTION ( 'NONE',  ( 0.000000000000000000, 0.000000000000000000, -1.000000000000000000 ) ) ;
#4936 = DIRECTION ( 'NONE',  ( 1.000000000000000000, 0.000000000000000000, 0.000000000000000000 ) ) ;
#4937 = FACE_OUTER_BOUND ( 'NONE', #4796, .T. ) ;
#4938 = CARTESIAN_POINT ( 'NONE',  ( -0.3222667766999390282, 0.8451626137813800232, 0.1499999999999999944 ) ) ;
#4939 = ORIENTED_EDGE ( 'NONE', *, *, #3200, .T. ) ;
#4940 = ORIENTED_EDGE ( 'NONE', *, *, #9038, .F. ) ;
#4941 = VECTOR ( 'NONE', #2172, 1000.000000000000000 ) ;
#4942 = AXIS2_PLACEMENT_3D ( 'NONE', #8913, #1845, #5803 ) ;
#4943 = CYLINDRICAL_SURFACE ( 'NONE', #6597, 0.1500000000000000500 ) ;
#4944 = CARTESIAN_POINT ( 'NONE',  ( 0.6999999999999999556, -1.149999999999999911, 1.250000000000000000 ) ) ;
#4945 = ORIENTED_EDGE ( 'NONE', *, *, #10053, .T. ) ;
#4946 = ADVANCED_FACE ( 'NONE', ( #1454 ), #5946, .T. ) ;
#4947 = EDGE_CURVE ( 'NONE', #4058, #5835, #473, .T. ) ;
#4948 = CIRCLE ( 'NONE', #1656, 0.04999999999999991257 ) ;
#4949 = DIRECTION ( 'NONE',  ( 0.000000000000000000, 0.000000000000000000, -1.000000000000000000 ) ) ;
#4950 =( GEOMETRIC_REPRESENTATION_CONTEXT ( 3 ) GLOBAL_UNCERTAINTY_ASSIGNED_CONTEXT ( ( #7142 ) ) GLOBAL_UNIT_ASSIGNED_CONTEXT ( ( #6485, #9683, #593 ) ) REPRESENTATION_CONTEXT ( 'NONE', 'WORKASPACE' ) );
#4951 = VECTOR ( 'NONE', #2, 1000.000000000000000 ) ;
#4952 = CARTESIAN_POINT ( 'NONE',  ( 0.7052020075671829868, 0.5788761627328729009, 1.850000000000000089 ) ) ;
#4953 = FACE_OUTER_BOUND ( 'NONE', #2099, .T. ) ;
#4954 = CYLINDRICAL_SURFACE ( 'NONE', #2959, 0.2000000000000001221 ) ;
#4955 = ORIENTED_EDGE ( 'NONE', *, *, #747, .F. ) ;
#4956 = FILL_AREA_STYLE_COLOUR ( '', #1555 ) ;
#4957 = ORIENTED_EDGE ( 'NONE', *, *, #6887, .F. ) ;
#4958 = ORIENTED_EDGE ( 'NONE', *, *, #3629, .T. ) ;
#4959 = CIRCLE ( 'NONE', #2653, 0.1999999999999998446 ) ;
#4960 = DIRECTION ( 'NONE',  ( 0.000000000000000000, 0.000000000000000000, 1.000000000000000000 ) ) ;
#4961 = CARTESIAN_POINT ( 'NONE',  ( 0.3222667766999390282, 0.8196446609406725647, 1.264644660940672516 ) ) ;
#4962 = EDGE_CURVE ( 'NONE', #10015, #6973, #3148, .T. ) ;
#4963 = DIRECTION ( 'NONE',  ( 1.000000000000000000, 0.000000000000000000, 0.000000000000000000 ) ) ;
#4964 = CARTESIAN_POINT ( 'NONE',  ( 0.6999999999999999556, 1.199999999999999956, 1.199999999999999956 ) ) ;
#4965 = AXIS2_PLACEMENT_3D ( 'NONE', #5632, #4758, #4700 ) ;
#4966 = DIRECTION ( 'NONE',  ( 3.092222658463279454E-11, 1.000000000000000000, 0.000000000000000000 ) ) ;
#4967 = EDGE_LOOP ( 'NONE', ( #1731, #6944, #623, #2694, #1470, #4683, #8876 ) ) ;
#4968 = ORIENTED_EDGE ( 'NONE', *, *, #4992, .F. ) ;
#4969 = DIRECTION ( 'NONE',  ( 0.000000000000000000, 0.000000000000000000, 1.000000000000000000 ) ) ;
#4970 = ORIENTED_EDGE ( 'NONE', *, *, #2840, .F. ) ;
#4971 = AXIS2_PLACEMENT_3D ( 'NONE', #3429, #9633, #332 ) ;
#4972 = CARTESIAN_POINT ( 'NONE',  ( -0.8000000000000000444, 1.385355339059327395, 1.235355339059327262 ) ) ;
#4973 = EDGE_CURVE ( 'NONE', #6084, #8318, #5287, .T. ) ;
#4974 = SPHERICAL_SURFACE ( 'NONE', #842, 0.05000000000000000278 ) ;
#4975 = PLANE ( 'NONE',  #3796 ) ;
#4976 = ORIENTED_EDGE ( 'NONE', *, *, #10052, .F. ) ;
#4977 = ORIENTED_EDGE ( 'NONE', *, *, #1433, .F. ) ;
#4978 = CARTESIAN_POINT ( 'NONE',  ( -0.3999999999708960252, -1.350000000000000089, 1.734723475976810176E-17 ) ) ;
#4979 = UNCERTAINTY_MEASURE_WITH_UNIT (LENGTH_MEASURE( 1.000000000000000082E-05 ), #8410, 'distance_accuracy_value', 'NONE');
#4980 = CARTESIAN_POINT ( 'NONE',  ( -0.3222667766999390282, -0.6049999999999999822, 1.300000000000000044 ) ) ;
#4981 = LINE ( 'NONE', #4006, #5767 ) ;
#4982 = LINE ( 'NONE', #9785, #5602 ) ;
#4983 = EDGE_CURVE ( 'NONE', #4495, #2340, #9501, .T. ) ;
#4984 = LINE ( 'NONE', #3330, #4579 ) ;
#4985 = FACE_OUTER_BOUND ( 'NONE', #7516, .T. ) ;
#4986 = DIRECTION ( 'NONE',  ( -0.3199981514759524526, -0.6305562489199296738, -0.7071067811865482389 ) ) ;
#4987 = CARTESIAN_POINT ( 'NONE',  ( -1.949999999999999956, -0.5000000000000000000, 0.000000000000000000 ) ) ;
#4988 = DIRECTION ( 'NONE',  ( 0.000000000000000000, 0.000000000000000000, -1.000000000000000000 ) ) ;
#4989 = ORIENTED_EDGE ( 'NONE', *, *, #9448, .F. ) ;
#4990 = VERTEX_POINT ( 'NONE', #3930 ) ;
#4991 = VECTOR ( 'NONE', #2587, 1000.000000000000114 ) ;
#4992 = EDGE_CURVE ( 'NONE', #8092, #8432, #5563, .T. ) ;
#4993 = DIRECTION ( 'NONE',  ( -0.8917411990616683770, -0.4525457257516171672, 0.000000000000000000 ) ) ;
#4994 = ORIENTED_EDGE ( 'NONE', *, *, #4793, .T. ) ;
#4995 = DIRECTION ( 'NONE',  ( 3.274160456609790281E-11, -1.000000000000000000, 0.000000000000000000 ) ) ;
#4996 = LINE ( 'NONE', #140, #2229 ) ;
#4997 = CARTESIAN_POINT ( 'NONE',  ( -1.600000000000000089, 0.5000000000000000000, 0.2000000000000000111 ) ) ;
#4998 = CARTESIAN_POINT ( 'NONE',  ( -0.3222667766999390282, -0.6049999999999999822, 1.250000000000000000 ) ) ;
#4999 = ORIENTED_EDGE ( 'NONE', *, *, #667, .F. ) ;
#5000 = ORIENTED_EDGE ( 'NONE', *, *, #7766, .T. ) ;
#5001 = EDGE_CURVE ( 'NONE', #5718, #6477, #5464, .T. ) ;
#5002 = EDGE_CURVE ( 'NONE', #7472, #518, #1664, .T. ) ;
#5003 = ORIENTED_EDGE ( 'NONE', *, *, #5581, .F. ) ;
#5004 = CARTESIAN_POINT ( 'NONE',  ( 2.299999999999999822, -0.5000000000000000000, 0.000000000000000000 ) ) ;
#5005 = CARTESIAN_POINT ( 'NONE',  ( -0.6999999999999999556, -1.250000000000000000, 0.000000000000000000 ) ) ;
#5006 = DIRECTION ( 'NONE',  ( 0.000000000000000000, -1.000000000000000000, 0.000000000000000000 ) ) ;
#5007 = DIRECTION ( 'NONE',  ( 0.000000000000000000, -1.000000000000000000, 0.000000000000000000 ) ) ;
#5008 = ORIENTED_EDGE ( 'NONE', *, *, #6799, .T. ) ;
#5009 = EDGE_LOOP ( 'NONE', ( #10022, #7643, #1533, #556 ) ) ;
#5010 = DIRECTION ( 'NONE',  ( 0.000000000000000000, 0.000000000000000000, 1.000000000000000000 ) ) ;
#5011 = EDGE_CURVE ( 'NONE', #2056, #9311, #2494, .T. ) ;
#5012 = ORIENTED_EDGE ( 'NONE', *, *, #9106, .F. ) ;
#5013 = ORIENTED_EDGE ( 'NONE', *, *, #52, .F. ) ;
#5014 = FACE_OUTER_BOUND ( 'NONE', #9076, .T. ) ;
#5015 = CARTESIAN_POINT ( 'NONE',  ( -0.3687982286305056534, 0.7995117579511156203, 1.250000000000000000 ) ) ;
#5016 = FACE_OUTER_BOUND ( 'NONE', #7193, .T. ) ;
#5017 = AXIS2_PLACEMENT_3D ( 'NONE', #9834, #9051, #323 ) ;
#5018 = DIRECTION ( 'NONE',  ( -1.000000000000000000, 0.000000000000000000, 0.000000000000000000 ) ) ;
#5019 = ORIENTED_EDGE ( 'NONE', *, *, #1681, .T. ) ;
#5020 = ORIENTED_EDGE ( 'NONE', *, *, #10032, .T. ) ;
#5021 = DIRECTION ( 'NONE',  ( 0.5773502691896270633, 0.5773502691896248429, -0.5773502691896252870 ) ) ;
#5022 = EDGE_CURVE ( 'NONE', #6639, #440, #3482, .T. ) ;
#5023 = ORIENTED_EDGE ( 'NONE', *, *, #5931, .F. ) ;
#5024 = VECTOR ( 'NONE', #3196, 1000.000000000000000 ) ;
#5025 = AXIS2_PLACEMENT_3D ( 'NONE', #5283, #2557, #8797 ) ;
#5026 = LINE ( 'NONE', #8163, #3292 ) ;
#5027 = CARTESIAN_POINT ( 'NONE',  ( -1.899999999999999911, -0.5000000000000000000, 0.000000000000000000 ) ) ;
#5028 = DIRECTION ( 'NONE',  ( 0.8917411990616684880, -0.4525457257516172227, 0.000000000000000000 ) ) ;
#5029 = CARTESIAN_POINT ( 'NONE',  ( 0.6999999999999999556, 1.149999999999999911, 1.199999999999999956 ) ) ;
#5030 = DIRECTION ( 'NONE',  ( 0.000000000000000000, 0.7071067811865471286, 0.7071067811865480168 ) ) ;
#5031 = CARTESIAN_POINT ( 'NONE',  ( 0.3222667766999390282, -0.7550000000000000044, 1.850000000000000089 ) ) ;
#5032 = CIRCLE ( 'NONE', #1567, 0.05000000000000001665 ) ;
#5033 = CARTESIAN_POINT ( 'NONE',  ( 0.8549999999999999822, -0.3346456153152879698, 1.850000000000000089 ) ) ;
#5034 = AXIS2_PLACEMENT_3D ( 'NONE', #6284, #1387, #9274 ) ;
#5035 = ORIENTED_EDGE ( 'NONE', *, *, #4394, .F. ) ;
#5036 = ORIENTED_EDGE ( 'NONE', *, *, #8461, .F. ) ;
#5037 = EDGE_CURVE ( 'NONE', #4495, #6044, #10233, .T. ) ;
#5038 = FACE_OUTER_BOUND ( 'NONE', #8369, .T. ) ;
#5039 = ORIENTED_EDGE ( 'NONE', *, *, #5114, .T. ) ;
#5040 = AXIS2_PLACEMENT_3D ( 'NONE', #123, #954, #1746 ) ;
#5041 = LINE ( 'NONE', #1224, #8401 ) ;
#5042 = FACE_OUTER_BOUND ( 'NONE', #5009, .T. ) ;
#5043 = ADVANCED_FACE ( 'NONE', ( #5418 ), #6350, .T. ) ;
#5044 = FACE_OUTER_BOUND ( 'NONE', #2373, .T. ) ;
#5045 = CARTESIAN_POINT ( 'NONE',  ( -0.7500000000000000000, -1.350000000000000089, 1.199999999999999956 ) ) ;
#5046 = VECTOR ( 'NONE', #9957, 1000.000000000000000 ) ;
#5047 = VERTEX_POINT ( 'NONE', #3100 ) ;
#5048 = DIRECTION ( 'NONE',  ( 0.000000000000000000, 0.7071067811865474617, 0.7071067811865474617 ) ) ;
#5049 = ORIENTED_EDGE ( 'NONE', *, *, #7638, .F. ) ;
#5050 = ADVANCED_FACE ( 'NONE', ( #7829 ), #7939, .T. ) ;
#5051 = ORIENTED_EDGE ( 'NONE', *, *, #6881, .F. ) ;
#5052 = CARTESIAN_POINT ( 'NONE',  ( -0.9228818588627429875, 0.4684067951745380376, 1.850000000000000089 ) ) ;
#5053 = CARTESIAN_POINT ( 'NONE',  ( -1.899999999999999911, 0.3682022722709940021, -0.05000000000000000278 ) ) ;
#5054 = CIRCLE ( 'NONE', #2749, 0.05000000000000002359 ) ;
#5055 = ADVANCED_FACE ( 'NONE', ( #885 ), #834, .F. ) ;
#5056 = DIRECTION ( 'NONE',  ( 0.000000000000000000, -1.000000000000000000, 0.000000000000000000 ) ) ;
#5057 = FACE_OUTER_BOUND ( 'NONE', #5570, .T. ) ;
#5058 = LINE ( 'NONE', #3356, #8319 ) ;
#5059 = DIRECTION ( 'NONE',  ( -0.5773502691896263972, 0.5773502691896242878, -0.5773502691896267303 ) ) ;
#5060 = ORIENTED_EDGE ( 'NONE', *, *, #2105, .T. ) ;
#5061 = ORIENTED_EDGE ( 'NONE', *, *, #239, .F. ) ;
#5062 = ADVANCED_FACE ( 'NONE', ( #7015 ), #8619, .T. ) ;
#5063 = AXIS2_PLACEMENT_3D ( 'NONE', #231, #964, #1900 ) ;
#5064 = AXIS2_PLACEMENT_3D ( 'NONE', #2882, #6953, #4479 ) ;
#5065 = VERTEX_POINT ( 'NONE', #7176 ) ;
#5066 = EDGE_LOOP ( 'NONE', ( #9833, #7034, #5076, #4084 ) ) ;
#5067 = LINE ( 'NONE', #1153, #9092 ) ;
#5068 = STYLED_ITEM ( 'NONE', ( #904 ), #9737 ) ;
#5069 = EDGE_CURVE ( 'NONE', #2762, #7075, #6620, .T. ) ;
#5070 = CIRCLE ( 'NONE', #4415, 0.04999999999999991257 ) ;
#5071 = CARTESIAN_POINT ( 'NONE',  ( -1.899999999999999911, 1.100000000000000089, 0.000000000000000000 ) ) ;
#5072 = DIRECTION ( 'NONE',  ( 0.000000000000000000, -1.000000000000000000, 0.000000000000000000 ) ) ;
#5073 = VECTOR ( 'NONE', #3253, 1000.000000000000000 ) ;
#5074 = DIRECTION ( 'NONE',  ( -1.000000000000000000, 0.000000000000000000, 0.000000000000000000 ) ) ;
#5075 = EDGE_LOOP ( 'NONE', ( #4275, #9824, #1596, #5664 ) ) ;
#5076 = ORIENTED_EDGE ( 'NONE', *, *, #4131, .F. ) ;
#5077 = DIRECTION ( 'NONE',  ( 0.000000000000000000, 0.000000000000000000, -1.000000000000000000 ) ) ;
#5078 = ORIENTED_EDGE ( 'NONE', *, *, #9825, .T. ) ;
#5079 = PRODUCT_DEFINITION_SHAPE ( 'NONE', 'NONE',  #10240 ) ;
#5080 = VECTOR ( 'NONE', #1154, 1000.000000000000000 ) ;
#5081 = AXIS2_PLACEMENT_3D ( 'NONE', #2895, #5214, #2224 ) ;
#5082 = VECTOR ( 'NONE', #9168, 1000.000000000000000 ) ;
#5083 = CARTESIAN_POINT ( 'NONE',  ( -2.299999999999999822, -1.100000000000000089, 0.000000000000000000 ) ) ;
#5084 = CARTESIAN_POINT ( 'NONE',  ( 0.7500000000000000000, 0.6999999999999999556, 0.05000000000000000278 ) ) ;
#5085 = SHAPE_REPRESENTATION ( 'KMR231NG LFS', ( #9579, #1835 ), #664 ) ;
#5086 = CARTESIAN_POINT ( 'NONE',  ( 0.3687982286305056534, 0.7995117579511156203, 1.250000000000000000 ) ) ;
#5087 = EDGE_CURVE ( 'NONE', #7208, #3247, #9247, .T. ) ;
#5088 = DIRECTION ( 'NONE',  ( 1.000000000000000000, 0.000000000000000000, 0.000000000000000000 ) ) ;
#5089 = DIRECTION ( 'NONE',  ( 0.000000000000000000, -1.000000000000000000, 0.000000000000000000 ) ) ;
#5090 = CIRCLE ( 'NONE', #1132, 0.05000000000000001665 ) ;
#5091 = TOROIDAL_SURFACE ( 'NONE', #2129, 0.1499999999999999944, 0.05000000000000000278 ) ;
#5092 = ORIENTED_EDGE ( 'NONE', *, *, #3040, .F. ) ;
#5093 = ORIENTED_EDGE ( 'NONE', *, *, #7999, .F. ) ;
#5094 = CYLINDRICAL_SURFACE ( 'NONE', #8356, 0.1999999999999998446 ) ;
#5095 = CIRCLE ( 'NONE', #4931, 0.04999999999999991257 ) ;
#5096 = VECTOR ( 'NONE', #3876, 1000.000000000000000 ) ;
#5097 = ORIENTED_EDGE ( 'NONE', *, *, #3944, .T. ) ;
#5098 = CIRCLE ( 'NONE', #7557, 0.1000000000000001443 ) ;
#5099 = EDGE_CURVE ( 'NONE', #5579, #4325, #1724, .T. ) ;
#5100 = CARTESIAN_POINT ( 'NONE',  ( -0.6999999999999999556, -1.250000000000000000, 1.199999999999999956 ) ) ;
#5101 = CARTESIAN_POINT ( 'NONE',  ( -0.6999999999999999556, 1.199999999973810016, -1.122001267506480104 ) ) ;
#5102 = FACE_OUTER_BOUND ( 'NONE', #9078, .T. ) ;
#5103 = FACE_OUTER_BOUND ( 'NONE', #4885, .T. ) ;
#5104 = DIRECTION ( 'NONE',  ( 0.000000000000000000, -1.000000000000000000, 0.000000000000000000 ) ) ;
#5105 = VECTOR ( 'NONE', #6918, 1000.000000000000000 ) ;
#5106 = ORIENTED_EDGE ( 'NONE', *, *, #3425, .F. ) ;
#5107 = AXIS2_PLACEMENT_3D ( 'NONE', #380, #4212, #7344 ) ;
#5108 = ORIENTED_EDGE ( 'NONE', *, *, #1227, .F. ) ;
#5109 = ORIENTED_EDGE ( 'NONE', *, *, #646, .F. ) ;
#5110 = DIRECTION ( 'NONE',  ( 0.000000000000000000, -1.000000000000000000, 0.000000000000000000 ) ) ;
#5111 = AXIS2_PLACEMENT_3D ( 'NONE', #9538, #2524, #8810 ) ;
#5112 = ADVANCED_FACE ( 'NONE', ( #933 ), #9921, .T. ) ;
#5113 = CARTESIAN_POINT ( 'NONE',  ( -1.949999999999999956, 0.4364045445652700028, 0.1499999999999999944 ) ) ;
#5114 = EDGE_CURVE ( 'NONE', #7698, #5211, #726, .T. ) ;
#5115 = VERTEX_POINT ( 'NONE', #775 ) ;
#5116 = DIRECTION ( 'NONE',  ( 0.7071067811865474617, 0.7071067811865474617, 0.000000000000000000 ) ) ;
#5117 = CARTESIAN_POINT ( 'NONE',  ( 0.8000000000000000444, 0.6999999999999999556, 1.199999999999999956 ) ) ;
#5118 = CARTESIAN_POINT ( 'NONE',  ( -1.600000000000000089, -1.569225247049999883, 0.000000000000000000 ) ) ;
#5119 = CARTESIAN_POINT ( 'NONE',  ( -1.600000000000000089, 1.100000000000000089, 0.2000000000000000111 ) ) ;
#5120 = EDGE_LOOP ( 'NONE', ( #1713, #3756, #3658, #7401 ) ) ;
#5121 = ORIENTED_EDGE ( 'NONE', *, *, #1230, .T. ) ;
#5122 = ORIENTED_EDGE ( 'NONE', *, *, #6949, .F. ) ;
#5123 = EDGE_LOOP ( 'NONE', ( #7179, #7474, #8588, #8865 ) ) ;
#5124 = EDGE_CURVE ( 'NONE', #7632, #655, #4469, .T. ) ;
#5125 = CARTESIAN_POINT ( 'NONE',  ( 1.899999999938880135, -1.349999999973810150, 0.000000000000000000 ) ) ;
#5126 = AXIS2_PLACEMENT_3D ( 'NONE', #8899, #7291, #3467 ) ;
#5127 = CARTESIAN_POINT ( 'NONE',  ( 1.899999999999999911, -1.350000000000000089, 0.000000000000000000 ) ) ;
#5128 = CARTESIAN_POINT ( 'NONE',  ( -1.600000000000000089, 1.100000000000000089, 0.000000000000000000 ) ) ;
#5129 = ORIENTED_EDGE ( 'NONE', *, *, #2560, .F. ) ;
#5130 = ORIENTED_EDGE ( 'NONE', *, *, #3279, .T. ) ;
#5131 = DIRECTION ( 'NONE',  ( -0.7071067811865483499, 0.000000000000000000, 0.7071067811865466846 ) ) ;
#5132 = PRODUCT_DEFINITION_SHAPE ( 'NONE', 'NONE',  #2113 ) ;
#5133 = VERTEX_POINT ( 'NONE', #1695 ) ;
#5134 = TOROIDAL_SURFACE ( 'NONE', #682, 0.2500000000000000000, 0.05000000000000000278 ) ;
#5135 = EDGE_CURVE ( 'NONE', #6701, #9063, #6270, .T. ) ;
#5136 = CARTESIAN_POINT ( 'NONE',  ( 1.899999999999999911, -1.350000000000000089, 0.05000000000000000278 ) ) ;
#5137 = DIRECTION ( 'NONE',  ( 0.000000000000000000, 0.000000000000000000, 1.000000000000000000 ) ) ;
#5138 = CARTESIAN_POINT ( 'NONE',  ( -1.899999999999999911, 1.399999999999999911, 1.199999999999999956 ) ) ;
#5139 = CARTESIAN_POINT ( 'NONE',  ( 1.899999999999999911, 1.350000000000000089, 0.05000000000000000278 ) ) ;
#5140 = CIRCLE ( 'NONE', #1690, 0.2401626137813799300 ) ;
#5141 = CARTESIAN_POINT ( 'NONE',  ( 1.935355339059327440, 1.385355339059327395, 1.199999999999999956 ) ) ;
#5142 = CARTESIAN_POINT ( 'NONE',  ( -0.8000000000000000444, -1.250000000000000000, 0.05000000000000000278 ) ) ;
#5143 = ORIENTED_EDGE ( 'NONE', *, *, #900, .F. ) ;
#5144 = EDGE_LOOP ( 'NONE', ( #2414, #8695, #6495, #5254 ) ) ;
#5145 = EDGE_CURVE ( 'NONE', #1967, #5628, #2330, .T. ) ;
#5146 = CARTESIAN_POINT ( 'NONE',  ( 1.949999999999999956, -0.5182022722942770665, 0.1499999999999999944 ) ) ;
#5147 = AXIS2_PLACEMENT_3D ( 'NONE', #3046, #6088, #6189 ) ;
#5148 = ORIENTED_EDGE ( 'NONE', *, *, #5002, .T. ) ;
#5149 = CARTESIAN_POINT ( 'NONE',  ( 1.600000000000000089, -0.5000000000000000000, 0.000000000000000000 ) ) ;
#5150 = LINE ( 'NONE', #1126, #7666 ) ;
#5151 = CARTESIAN_POINT ( 'NONE',  ( 0.8000000000000000444, 1.399999999999999911, 0.000000000000000000 ) ) ;
#5152 = VECTOR ( 'NONE', #4107, 1000.000000000000000 ) ;
#5153 = VERTEX_POINT ( 'NONE', #2407 ) ;
#5154 = ORIENTED_EDGE ( 'NONE', *, *, #7635, .F. ) ;
#5155 = EDGE_CURVE ( 'NONE', #9063, #4732, #3956, .T. ) ;
#5156 = VERTEX_POINT ( 'NONE', #7964 ) ;
#5157 = VECTOR ( 'NONE', #6747, 1000.000000000000000 ) ;
#5158 = DIRECTION ( 'NONE',  ( 0.000000000000000000, 0.000000000000000000, -1.000000000000000000 ) ) ;
#5159 = CARTESIAN_POINT ( 'NONE',  ( 1.054999999999999938, -0.3346456153152879698, 1.850000000000000089 ) ) ;
#5160 = EDGE_LOOP ( 'NONE', ( #7137, #611, #9117, #2488 ) ) ;
#5161 = DIRECTION ( 'NONE',  ( 1.000000000000000000, 0.000000000000000000, 0.000000000000000000 ) ) ;
#5162 = CARTESIAN_POINT ( 'NONE',  ( 0.8000000000087310603, -1.349999999973810150, 0.000000000000000000 ) ) ;
#5163 = DIRECTION ( 'NONE',  ( 0.000000000000000000, 0.000000000000000000, 1.000000000000000000 ) ) ;
#5164 = ORIENTED_EDGE ( 'NONE', *, *, #5286, .T. ) ;
#5165 = ORIENTED_EDGE ( 'NONE', *, *, #2086, .T. ) ;
#5166 = EDGE_CURVE ( 'NONE', #8790, #655, #7201, .T. ) ;
#5167 = ORIENTED_EDGE ( 'NONE', *, *, #6041, .F. ) ;
#5168 = CARTESIAN_POINT ( 'NONE',  ( -0.8000000000087310603, 1.150000000075669826, 0.000000000000000000 ) ) ;
#5169 = CARTESIAN_POINT ( 'NONE',  ( 1.949999999999999956, -0.3682022722942769888, -0.05000000000000000278 ) ) ;
#5170 = EDGE_LOOP ( 'NONE', ( #2189, #89, #59, #2467 ) ) ;
#5171 = EDGE_CURVE ( 'NONE', #3646, #9084, #7301, .T. ) ;
#5172 = DIRECTION ( 'NONE',  ( 0.000000000000000000, 0.000000000000000000, 1.000000000000000000 ) ) ;
#5173 = EDGE_LOOP ( 'NONE', ( #2361, #7271, #2122, #4898 ) ) ;
#5174 = DIRECTION ( 'NONE',  ( -0.2326572596528327652, -0.9725587897555778572, 0.000000000000000000 ) ) ;
#5175 = DIRECTION ( 'NONE',  ( -0.8917411990616683770, -0.4525457257516171672, 0.000000000000000000 ) ) ;
#5176 = DIRECTION ( 'NONE',  ( 1.000000000000000000, 0.000000000000000000, 0.000000000000000000 ) ) ;
#5177 = CYLINDRICAL_SURFACE ( 'NONE', #8829, 0.05000000000000007216 ) ;
#5178 = CARTESIAN_POINT ( 'NONE',  ( 0.7212019151409807538, 0.6104039751788693513, 1.885355339059327395 ) ) ;
#5179 = CYLINDRICAL_SURFACE ( 'NONE', #1287, 0.1499999999999999944 ) ;
#5180 = EDGE_CURVE ( 'NONE', #8504, #7511, #8121, .T. ) ;
#5181 = EDGE_CURVE ( 'NONE', #4578, #3747, #6940, .T. ) ;
#5182 = ORIENTED_EDGE ( 'NONE', *, *, #6949, .T. ) ;
#5183 = DIRECTION ( 'NONE',  ( 0.000000000000000000, 0.000000000000000000, 1.000000000000000000 ) ) ;
#5184 = EDGE_LOOP ( 'NONE', ( #8697, #4581, #467, #5143 ) ) ;
#5185 = VECTOR ( 'NONE', #4744, 1000.000000000000000 ) ;
#5186 = AXIS2_PLACEMENT_3D ( 'NONE', #9469, #3274, #5638 ) ;
#5187 = EDGE_CURVE ( 'NONE', #2592, #9376, #9416, .T. ) ;
#5188 = DIRECTION ( 'NONE',  ( -1.000000000000000000, 0.000000000000000000, 0.000000000000000000 ) ) ;
#5189 = ORIENTED_EDGE ( 'NONE', *, *, #6351, .T. ) ;
#5190 = AXIS2_PLACEMENT_3D ( 'NONE', #5367, #6922, #4496 ) ;
#5191 = DIRECTION ( 'NONE',  ( 0.000000000000000000, -1.000000000000000000, 0.000000000000000000 ) ) ;
#5192 = EDGE_CURVE ( 'NONE', #8317, #5778, #5791, .T. ) ;
#5193 = ADVANCED_FACE ( 'NONE', ( #3534 ), #6585, .T. ) ;
#5194 = DIRECTION ( 'NONE',  ( 0.8917411990616695983, 0.4525457257516147802, 0.000000000000000000 ) ) ;
#5195 = ORIENTED_EDGE ( 'NONE', *, *, #283, .F. ) ;
#5196 = ORIENTED_EDGE ( 'NONE', *, *, #6761, .F. ) ;
#5197 = VERTEX_POINT ( 'NONE', #5698 ) ;
#5198 = AXIS2_PLACEMENT_3D ( 'NONE', #1711, #8554, #4794 ) ;
#5199 = CIRCLE ( 'NONE', #2729, 0.04999999999999991257 ) ;
#5200 = CARTESIAN_POINT ( 'NONE',  ( -0.8000000000087310603, 1.349999999973810150, 0.1499999999999999944 ) ) ;
#5201 = ORIENTED_EDGE ( 'NONE', *, *, #9126, .F. ) ;
#5202 = LINE ( 'NONE', #5297, #3506 ) ;
#5203 = DIRECTION ( 'NONE',  ( 0.000000000000000000, -1.000000000000000000, 0.000000000000000000 ) ) ;
#5204 = ORIENTED_EDGE ( 'NONE', *, *, #4175, .F. ) ;
#5205 = DIRECTION ( 'NONE',  ( 0.000000000000000000, 0.000000000000000000, -1.000000000000000000 ) ) ;
#5206 = ADVANCED_FACE ( 'NONE', ( #1848 ), #9741, .T. ) ;
#5207 = DIRECTION ( 'NONE',  ( -1.000000000000000000, 0.000000000000000000, 0.000000000000000000 ) ) ;
#5208 = CARTESIAN_POINT ( 'NONE',  ( 1.949999999999999956, 0.2182022722709940077, 0.1499999999999999944 ) ) ;
#5209 = DIRECTION ( 'NONE',  ( 0.7071067811865466846, 0.7071067811865484609, -8.470329472543003391E-16 ) ) ;
#5210 = ORIENTED_EDGE ( 'NONE', *, *, #8585, .F. ) ;
#5211 = VERTEX_POINT ( 'NONE', #1062 ) ;
#5212 = VERTEX_POINT ( 'NONE', #2564 ) ;
#5213 = ORIENTED_EDGE ( 'NONE', *, *, #7230, .T. ) ;
#5214 = DIRECTION ( 'NONE',  ( -1.000000000000000000, 0.000000000000000000, 0.000000000000000000 ) ) ;
#5215 = CARTESIAN_POINT ( 'NONE',  ( 2.100000000000000089, 0.8364045445652700250, -0.7500000000000000000 ) ) ;
#5216 = CARTESIAN_POINT ( 'NONE',  ( 1.899999999999999911, -1.350000000000000089, 1.199999999999999956 ) ) ;
#5217 = LINE ( 'NONE', #6091, #1007 ) ;
#5218 = ADVANCED_FACE ( 'NONE', ( #5808 ), #6685, .T. ) ;
#5219 = CARTESIAN_POINT ( 'NONE',  ( -0.3701111357461009943, -0.8050000000000000488, 1.250000000000000000 ) ) ;
#5220 = VECTOR ( 'NONE', #1634, 1000.000000000000000 ) ;
#5221 = ORIENTED_EDGE ( 'NONE', *, *, #1942, .F. ) ;
#5222 = CYLINDRICAL_SURFACE ( 'NONE', #6844, 0.05000000000000007216 ) ;
#5223 = VERTEX_POINT ( 'NONE', #1894 ) ;
#5224 = ADVANCED_FACE ( 'NONE', ( #6487 ), #9843, .T. ) ;
#5225 = LINE ( 'NONE', #7647, #1327 ) ;
#5226 = DIRECTION ( 'NONE',  ( 0.000000000000000000, 1.000000000000000000, 0.000000000000000000 ) ) ;
#5227 = CARTESIAN_POINT ( 'NONE',  ( 0.9388817664365407545, 0.4999346076205353206, 1.885355339059327617 ) ) ;
#5228 = DIRECTION ( 'NONE',  ( 0.000000000000000000, 0.000000000000000000, -1.000000000000000000 ) ) ;
#5229 = CARTESIAN_POINT ( 'NONE',  ( 2.056066017177982097, 0.2182022722709940077, 0.1060660171779820443 ) ) ;
#5230 = EDGE_CURVE ( 'NONE', #9974, #4575, #180, .T. ) ;
#5231 = LINE ( 'NONE', #538, #1820 ) ;
#5232 = ORIENTED_EDGE ( 'NONE', *, *, #3569, .T. ) ;
#5233 = DIRECTION ( 'NONE',  ( 0.000000000000000000, 0.000000000000000000, 1.000000000000000000 ) ) ;
#5234 = COLOUR_RGB ( '',0.8313725490196077761, 0.8313725490196077761, 0.8313725490196077761 ) ;
#5235 = ORIENTED_EDGE ( 'NONE', *, *, #3355, .T. ) ;
#5236 = CARTESIAN_POINT ( 'NONE',  ( -1.557918548418649740, 0.9838512662132929965, 0.000000000000000000 ) ) ;
#5237 = VECTOR ( 'NONE', #5289, 1000.000000000000000 ) ;
#5238 = CYLINDRICAL_SURFACE ( 'NONE', #1944, 0.2401626137813801243 ) ;
#5239 = ADVANCED_FACE ( 'NONE', ( #1793 ), #5134, .F. ) ;
#5240 = AXIS2_PLACEMENT_3D ( 'NONE', #5216, #3625, #4351 ) ;
#5241 = DIRECTION ( 'NONE',  ( 0.000000000000000000, 0.000000000000000000, 1.000000000000000000 ) ) ;
#5242 = DIRECTION ( 'NONE',  ( -0.7071067811865482389, 0.000000000000000000, -0.7071067811865466846 ) ) ;
#5243 = FACE_OUTER_BOUND ( 'NONE', #539, .T. ) ;
#5244 = EDGE_LOOP ( 'NONE', ( #2441, #2533, #3451, #2162 ) ) ;
#5245 = VERTEX_POINT ( 'NONE', #8227 ) ;
#5246 = ORIENTED_EDGE ( 'NONE', *, *, #1981, .T. ) ;
#5247 = CIRCLE ( 'NONE', #8382, 0.2401626137813799300 ) ;
#5248 = DIRECTION ( 'NONE',  ( 0.000000000000000000, 0.000000000000000000, 1.000000000000000000 ) ) ;
#5249 = EDGE_CURVE ( 'NONE', #7624, #2544, #7745, .T. ) ;
#5250 = EDGE_CURVE ( 'NONE', #1762, #8275, #9005, .T. ) ;
#5251 = PLANE ( 'NONE',  #3007 ) ;
#5252 = DIRECTION ( 'NONE',  ( -1.000000000000000000, 0.000000000000000000, 0.000000000000000000 ) ) ;
#5253 = VECTOR ( 'NONE', #3459, 1000.000000000000000 ) ;
#5254 = ORIENTED_EDGE ( 'NONE', *, *, #5756, .T. ) ;
#5255 = CARTESIAN_POINT ( 'NONE',  ( -0.8000000000000000444, 1.350000000000000089, 0.000000000000000000 ) ) ;
#5256 = CARTESIAN_POINT ( 'NONE',  ( 0.7353553390593273731, -1.214644660940672694, 0.05000000000000000278 ) ) ;
#5257 = DIRECTION ( 'NONE',  ( 0.000000000000000000, 1.000000000000000000, 0.000000000000000000 ) ) ;
#5258 = SURFACE_STYLE_FILL_AREA ( #3035 ) ;
#5259 = ORIENTED_EDGE ( 'NONE', *, *, #7140, .T. ) ;
#5260 = ORIENTED_EDGE ( 'NONE', *, *, #5948, .T. ) ;
#5261 = VERTEX_POINT ( 'NONE', #8014 ) ;
#5262 = CIRCLE ( 'NONE', #6085, 0.05000000000000000278 ) ;
#5263 = ORIENTED_EDGE ( 'NONE', *, *, #1324, .T. ) ;
#5264 = CARTESIAN_POINT ( 'NONE',  ( 1.949999999999999956, -0.5000000000000000000, 0.000000000000000000 ) ) ;
#5265 = EDGE_CURVE ( 'NONE', #1931, #3536, #955, .T. ) ;
#5266 = CARTESIAN_POINT ( 'NONE',  ( -1.949999999999999956, 0.5000000000000000000, 0.05000000000000000278 ) ) ;
#5267 = PLANE ( 'NONE',  #9914 ) ;
#5268 = CIRCLE ( 'NONE', #827, 0.2000000000000001221 ) ;
#5269 = ORIENTED_EDGE ( 'NONE', *, *, #4992, .T. ) ;
#5270 = CARTESIAN_POINT ( 'NONE',  ( 1.949999999999999956, 1.036404544565270092, 0.1499999999999999944 ) ) ;
#5271 = DIRECTION ( 'NONE',  ( 1.000000000000000000, 1.982541115402069794E-16, 0.000000000000000000 ) ) ;
#5272 = ORIENTED_EDGE ( 'NONE', *, *, #6436, .T. ) ;
#5273 = ADVANCED_FACE ( 'NONE', ( #3380 ), #9686, .F. ) ;
#5274 = AXIS2_PLACEMENT_3D ( 'NONE', #9002, #2756, #7299 ) ;
#5275 = DIRECTION ( 'NONE',  ( 0.000000000000000000, -1.000000000000000000, 0.000000000000000000 ) ) ;
#5276 = PLANE ( 'NONE',  #6444 ) ;
#5277 = DIRECTION ( 'NONE',  ( 0.2326572596528327652, -0.9725587897555778572, 0.000000000000000000 ) ) ;
#5278 = CARTESIAN_POINT ( 'NONE',  ( -0.3901486355626809788, -0.7387611798592499390, 1.899999999999999911 ) ) ;
#5279 = AXIS2_PLACEMENT_3D ( 'NONE', #941, #2552, #1050 ) ;
#5280 = EDGE_LOOP ( 'NONE', ( #3411, #5992, #7947, #277, #7788, #9151, #1162 ) ) ;
#5281 = DIRECTION ( 'NONE',  ( 0.7071067811865474617, -0.7071067811865474617, 0.000000000000000000 ) ) ;
#5282 = ORIENTED_EDGE ( 'NONE', *, *, #4973, .F. ) ;
#5283 = CARTESIAN_POINT ( 'NONE',  ( -0.3222667766999390282, 0.6049999999999999822, 1.250000000000000000 ) ) ;
#5284 = DIRECTION ( 'NONE',  ( 0.000000000000000000, 0.000000000000000000, -1.000000000000000000 ) ) ;
#5285 = EDGE_CURVE ( 'NONE', #4174, #8229, #6879, .T. ) ;
#5286 = EDGE_CURVE ( 'NONE', #415, #1468, #6124, .T. ) ;
#5287 = CIRCLE ( 'NONE', #1683, 0.04999999999999991257 ) ;
#5288 = AXIS2_PLACEMENT_3D ( 'NONE', #7480, #1833, #315 ) ;
#5289 = DIRECTION ( 'NONE',  ( 1.000000000000000000, 3.965082230804129727E-16, 0.000000000000000000 ) ) ;
#5290 = CYLINDRICAL_SURFACE ( 'NONE', #469, 0.05000000000000007216 ) ;
#5291 = PLANE ( 'NONE',  #931 ) ;
#5292 = ORIENTED_EDGE ( 'NONE', *, *, #6117, .F. ) ;
#5293 = EDGE_LOOP ( 'NONE', ( #6267, #10117, #6640, #2780 ) ) ;
#5294 = EDGE_CURVE ( 'NONE', #6973, #807, #9990, .T. ) ;
#5295 = VERTEX_POINT ( 'NONE', #7692 ) ;
#5296 = AXIS2_PLACEMENT_3D ( 'NONE', #9414, #7136, #6426 ) ;
#5297 = CARTESIAN_POINT ( 'NONE',  ( -1.025443288266309594, 0.4392834931844786239, 1.250000000000000000 ) ) ;
#5298 = DIRECTION ( 'NONE',  ( 0.000000000000000000, -1.000000000000000000, 0.000000000000000000 ) ) ;
#5299 = ORIENTED_EDGE ( 'NONE', *, *, #2851, .T. ) ;
#5300 = FACE_OUTER_BOUND ( 'NONE', #4893, .T. ) ;
#5301 = CARTESIAN_POINT ( 'NONE',  ( -0.6999999999999999556, -1.350000000000000089, 0.1499999999999999944 ) ) ;
#5302 = CYLINDRICAL_SURFACE ( 'NONE', #828, 0.1500000000000000500 ) ;
#5303 = CARTESIAN_POINT ( 'NONE',  ( 0.8000000000000000444, -0.5999999999999999778, 1.199999999999999956 ) ) ;
#5304 = ORIENTED_EDGE ( 'NONE', *, *, #5249, .T. ) ;
#5305 = EDGE_CURVE ( 'NONE', #6662, #9549, #1216, .T. ) ;
#5306 = ORIENTED_EDGE ( 'NONE', *, *, #8593, .F. ) ;
#5307 = ADVANCED_FACE ( 'NONE', ( #3688 ), #4409, .T. ) ;
#5308 = AXIS2_PLACEMENT_3D ( 'NONE', #6416, #104, #4753 ) ;
#5309 = ORIENTED_EDGE ( 'NONE', *, *, #767, .T. ) ;
#5310 = CARTESIAN_POINT ( 'NONE',  ( -0.9455091451503230271, -0.5129938551276220782, 1.250000000000000000 ) ) ;
#5311 = VERTEX_POINT ( 'NONE', #5324 ) ;
#5312 = CARTESIAN_POINT ( 'NONE',  ( -1.900000000011639933, -0.4364045445652709465, 0.1499999999999999944 ) ) ;
#5313 = EDGE_CURVE ( 'NONE', #6662, #8432, #2015, .T. ) ;
#5314 = LINE ( 'NONE', #1401, #2828 ) ;
#5315 = ORIENTED_EDGE ( 'NONE', *, *, #9180, .T. ) ;
#5316 = DIRECTION ( 'NONE',  ( 0.8917411990616685991, -0.4525457257516167786, 0.000000000000000000 ) ) ;
#5317 = ORIENTED_EDGE ( 'NONE', *, *, #2140, .F. ) ;
#5318 = EDGE_CURVE ( 'NONE', #8331, #12, #857, .T. ) ;
#5319 = DIRECTION ( 'NONE',  ( -1.000000000000000000, 0.000000000000000000, 0.000000000000000000 ) ) ;
#5320 = ORIENTED_EDGE ( 'NONE', *, *, #8298, .F. ) ;
#5321 = DIRECTION ( 'NONE',  ( 0.000000000000000000, 0.000000000000000000, -1.000000000000000000 ) ) ;
#5322 = DIRECTION ( 'NONE',  ( 2.055968564105149785E-16, -1.000000000000000000, 0.000000000000000000 ) ) ;
#5323 = DIRECTION ( 'NONE',  ( -0.7071067811865474617, -0.7071067811865474617, 0.000000000000000000 ) ) ;
#5324 = CARTESIAN_POINT ( 'NONE',  ( 1.899999999999999911, 1.350000000000000089, 1.250000000000000000 ) ) ;
#5325 = CARTESIAN_POINT ( 'NONE',  ( -1.600000000000000089, 1.100000000000000089, 0.000000000000000000 ) ) ;
#5326 = EDGE_CURVE ( 'NONE', #5718, #1635, #6948, .T. ) ;
#5327 = ORIENTED_EDGE ( 'NONE', *, *, #8057, .F. ) ;
#5328 = DIRECTION ( 'NONE',  ( 1.000000000000000000, 0.000000000000000000, 0.000000000000000000 ) ) ;
#5329 = ORIENTED_EDGE ( 'NONE', *, *, #8030, .T. ) ;
#5330 = CARTESIAN_POINT ( 'NONE',  ( -1.899999999999999911, -1.350000000000000089, 1.250000000000000000 ) ) ;
#5331 = CIRCLE ( 'NONE', #9137, 0.04999999999999991257 ) ;
#5332 = CARTESIAN_POINT ( 'NONE',  ( -0.3750000000000000000, -1.199999999999999956, 0.05000000000000000278 ) ) ;
#5333 = SHAPE_REPRESENTATION_RELATIONSHIP ( 'NONE' , 'NONE' ,  #3636, #9952 ) ;
#5334 = CARTESIAN_POINT ( 'NONE',  ( -1.054999999999999938, 0.2287144171094039891, 1.300000000000000044 ) ) ;
#5335 = CARTESIAN_POINT ( 'NONE',  ( -1.949999999999999956, -1.100000000000000089, 0.000000000000000000 ) ) ;
#5336 = CIRCLE ( 'NONE', #1763, 0.04999999999999991257 ) ;
#5337 = CIRCLE ( 'NONE', #5017, 0.04999999999999991257 ) ;
#5338 = EDGE_CURVE ( 'NONE', #8611, #5705, #635, .T. ) ;
#5339 = CARTESIAN_POINT ( 'NONE',  ( -0.3222667766999390282, 0.6049999999999999822, 1.250000000000000000 ) ) ;
#5340 = ORIENTED_EDGE ( 'NONE', *, *, #9809, .T. ) ;
#5341 = ORIENTED_EDGE ( 'NONE', *, *, #1498, .T. ) ;
#5342 = ORIENTED_EDGE ( 'NONE', *, *, #438, .T. ) ;
#5343 = VECTOR ( 'NONE', #3101, 1000.000000000000000 ) ;
#5344 = AXIS2_PLACEMENT_3D ( 'NONE', #8516, #5271, #7536 ) ;
#5345 = FACE_OUTER_BOUND ( 'NONE', #4633, .T. ) ;
#5346 = ADVANCED_FACE ( 'NONE', ( #3785 ), #8428, .F. ) ;
#5347 = DIRECTION ( 'NONE',  ( 1.000000000000000000, 0.000000000000000000, 0.000000000000000000 ) ) ;
#5348 = DIRECTION ( 'NONE',  ( 0.8917411990616683770, 0.4525457257516171672, 0.000000000000000000 ) ) ;
#5349 = CARTESIAN_POINT ( 'NONE',  ( 0.3687982286305056534, -0.7995117579511155093, 1.850000000000000089 ) ) ;
#5350 = CARTESIAN_POINT ( 'NONE',  ( -2.100000000000000089, 1.036404544565270092, -0.7500000000000000000 ) ) ;
#5351 = EDGE_CURVE ( 'NONE', #4353, #8443, #2339, .T. ) ;
#5352 = ORIENTED_EDGE ( 'NONE', *, *, #9380, .F. ) ;
#5353 = VECTOR ( 'NONE', #178, 1000.000000000000000 ) ;
#5354 = CARTESIAN_POINT ( 'NONE',  ( 0.8549999999999999822, -0.3346456153152879698, 1.300000000000000044 ) ) ;
#5355 = ORIENTED_EDGE ( 'NONE', *, *, #5338, .F. ) ;
#5356 = EDGE_LOOP ( 'NONE', ( #5961, #3653, #9178, #501, #4708, #3961 ) ) ;
#5357 = CARTESIAN_POINT ( 'NONE',  ( 0.8000000000000000444, 1.350000000000000089, 0.05000000000000000278 ) ) ;
#5358 = CYLINDRICAL_SURFACE ( 'NONE', #3329, 0.1999999999999998446 ) ;
#5359 = EDGE_CURVE ( 'NONE', #2056, #4539, #188, .T. ) ;
#5360 = VECTOR ( 'NONE', #5417, 1000.000000000000000 ) ;
#5361 = FACE_OUTER_BOUND ( 'NONE', #10018, .T. ) ;
#5362 = ORIENTED_EDGE ( 'NONE', *, *, #8316, .T. ) ;
#5363 = ADVANCED_FACE ( 'NONE', ( #7649 ), #582, .T. ) ;
#5364 = FACE_OUTER_BOUND ( 'NONE', #4668, .T. ) ;
#5365 = ORIENTED_EDGE ( 'NONE', *, *, #8666, .T. ) ;
#5366 = ORIENTED_EDGE ( 'NONE', *, *, #8719, .F. ) ;
#5367 = CARTESIAN_POINT ( 'NONE',  ( -1.899999999999999911, 1.350000000000000089, 0.05000000000000000278 ) ) ;
#5368 = ORIENTED_EDGE ( 'NONE', *, *, #1639, .F. ) ;
#5369 = DIRECTION ( 'NONE',  ( 2.055968564105149785E-16, -1.000000000000000000, 0.000000000000000000 ) ) ;
#5370 = EDGE_CURVE ( 'NONE', #8790, #4086, #3155, .T. ) ;
#5371 = EDGE_CURVE ( 'NONE', #10195, #3395, #3730, .T. ) ;
#5372 = DIRECTION ( 'NONE',  ( 1.000000000000000000, 3.965082230804129727E-16, 0.000000000000000000 ) ) ;
#5373 = DIRECTION ( 'NONE',  ( -0.7071067811865482389, 0.000000000000000000, -0.7071067811865466846 ) ) ;
#5374 = CARTESIAN_POINT ( 'NONE',  ( 1.899999999999999911, -1.350000000000000089, 0.000000000000000000 ) ) ;
#5375 = CARTESIAN_POINT ( 'NONE',  ( -1.899999999999999911, 1.385355339059327395, 0.01464466094067263906 ) ) ;
#5376 = VERTEX_POINT ( 'NONE', #6929 ) ;
#5377 = CARTESIAN_POINT ( 'NONE',  ( 0.8000000000025470070, 1.150000000026190072, 0.000000000000000000 ) ) ;
#5378 = ORIENTED_EDGE ( 'NONE', *, *, #6749, .T. ) ;
#5379 = CARTESIAN_POINT ( 'NONE',  ( -0.6999999999999999556, -1.250000000000000000, 1.199999999999999956 ) ) ;
#5380 = CIRCLE ( 'NONE', #6875, 0.1999999999476129720 ) ;
#5381 = ORIENTED_EDGE ( 'NONE', *, *, #4126, .F. ) ;
#5382 = CYLINDRICAL_SURFACE ( 'NONE', #3743, 0.05000000000000001665 ) ;
#5383 = CIRCLE ( 'NONE', #3079, 0.05000000000000001665 ) ;
#5384 = EDGE_CURVE ( 'NONE', #7733, #7361, #10086, .T. ) ;
#5385 = DIRECTION ( 'NONE',  ( 0.2326572596528329595, 0.9725587897555778572, 0.000000000000000000 ) ) ;
#5386 = AXIS2_PLACEMENT_3D ( 'NONE', #7927, #6230, #1589 ) ;
#5387 = CARTESIAN_POINT ( 'NONE',  ( 0.7646446609406726269, -1.250000000000000000, 1.235355339059327262 ) ) ;
#5388 = ORIENTED_EDGE ( 'NONE', *, *, #10104, .T. ) ;
#5389 = APPLICATION_PROTOCOL_DEFINITION ( 'draft international standard', 'automotive_design', 1998, #9752 ) ;
#5390 = ORIENTED_EDGE ( 'NONE', *, *, #7276, .T. ) ;
#5391 = VERTEX_POINT ( 'NONE', #6152 ) ;
#5392 = DIRECTION ( 'NONE',  ( 0.7071067811865461294, 2.886579864025407005E-15, 0.7071067811865490160 ) ) ;
#5393 = AXIS2_PLACEMENT_3D ( 'NONE', #581, #2960, #1414 ) ;
#5394 = VECTOR ( 'NONE', #9877, 1000.000000000000000 ) ;
#5395 = AXIS2_PLACEMENT_3D ( 'NONE', #3022, #703, #5533 ) ;
#5396 = EDGE_CURVE ( 'NONE', #1762, #1635, #3325, .T. ) ;
#5397 = LINE ( 'NONE', #663, #1208 ) ;
#5398 = DIRECTION ( 'NONE',  ( 0.000000000000000000, 0.000000000000000000, 1.000000000000000000 ) ) ;
#5399 = DIRECTION ( 'NONE',  ( 0.000000000000000000, 0.000000000000000000, 1.000000000000000000 ) ) ;
#5400 = DIRECTION ( 'NONE',  ( 0.7071067811865482389, 0.000000000000000000, 0.7071067811865466846 ) ) ;
#5401 = LINE ( 'NONE', #7719, #8905 ) ;
#5402 = ORIENTED_EDGE ( 'NONE', *, *, #8170, .T. ) ;
#5403 = DIRECTION ( 'NONE',  ( 0.000000000000000000, 0.000000000000000000, 1.000000000000000000 ) ) ;
#5404 = VECTOR ( 'NONE', #1896, 1000.000000000000000 ) ;
#5405 = ORIENTED_EDGE ( 'NONE', *, *, #3212, .T. ) ;
#5406 = VECTOR ( 'NONE', #10191, 1000.000000000000114 ) ;
#5407 = CARTESIAN_POINT ( 'NONE',  ( -1.005000000000000115, 0.2287144171094039891, 1.850000000000000089 ) ) ;
#5408 = ORIENTED_EDGE ( 'NONE', *, *, #780, .F. ) ;
#5409 = ORIENTED_EDGE ( 'NONE', *, *, #7986, .T. ) ;
#5410 = PRESENTATION_STYLE_ASSIGNMENT (( #3338 ) ) ;
#5411 = DIRECTION ( 'NONE',  ( 0.000000000000000000, -1.000000000000000000, 0.000000000000000000 ) ) ;
#5412 = AXIS2_PLACEMENT_3D ( 'NONE', #4846, #8873, #4136 ) ;
#5413 = EDGE_CURVE ( 'NONE', #1522, #6415, #6734, .T. ) ;
#5414 = AXIS2_PLACEMENT_3D ( 'NONE', #2026, #5209, #5059 ) ;
#5415 = DIRECTION ( 'NONE',  ( 0.000000000000000000, -1.000000000000000000, 0.000000000000000000 ) ) ;
#5416 = VECTOR ( 'NONE', #3793, 1000.000000000000000 ) ;
#5417 = DIRECTION ( 'NONE',  ( 1.000000000000000000, 3.083952846240829818E-16, 0.000000000000000000 ) ) ;
#5418 = FACE_OUTER_BOUND ( 'NONE', #9960, .T. ) ;
#5419 = DIRECTION ( 'NONE',  ( 1.000000000000000000, 0.000000000000000000, 0.000000000000000000 ) ) ;
#5420 = EDGE_LOOP ( 'NONE', ( #1203, #2047, #2522, #9959 ) ) ;
#5421 = CIRCLE ( 'NONE', #8223, 0.1999999999999998446 ) ;
#5422 = DIRECTION ( 'NONE',  ( 0.000000000000000000, 0.000000000000000000, -1.000000000000000000 ) ) ;
#5423 = EDGE_CURVE ( 'NONE', #3318, #2442, #5140, .T. ) ;
#5424 = ORIENTED_EDGE ( 'NONE', *, *, #10019, .F. ) ;
#5425 =( LENGTH_UNIT ( ) NAMED_UNIT ( * ) SI_UNIT ( .MILLI., .METRE. ) );
#5426 = ORIENTED_EDGE ( 'NONE', *, *, #8402, .F. ) ;
#5427 = CARTESIAN_POINT ( 'NONE',  ( 0.000000000000000000, 1.199999999973810016, -1.122001267506480104 ) ) ;
#5428 = DIRECTION ( 'NONE',  ( -2.055968564160549760E-16, 1.000000000000000000, 0.000000000000000000 ) ) ;
#5429 = FACE_OUTER_BOUND ( 'NONE', #9659, .T. ) ;
#5430 = CARTESIAN_POINT ( 'NONE',  ( 0.3222667766999390282, 0.6049999999999999822, 1.850000000000000089 ) ) ;
#5431 = ORIENTED_EDGE ( 'NONE', *, *, #9096, .F. ) ;
#5432 = DIRECTION ( 'NONE',  ( 0.000000000000000000, 1.000000000000000000, 0.000000000000000000 ) ) ;
#5433 = EDGE_CURVE ( 'NONE', #9068, #4287, #2180, .T. ) ;
#5434 = ADVANCED_FACE ( 'NONE', ( #848 ), #2394, .T. ) ;
#5435 = ORIENTED_EDGE ( 'NONE', *, *, #9353, .T. ) ;
#5436 = FILL_AREA_STYLE_COLOUR ( '', #8188 ) ;
#5437 = VECTOR ( 'NONE', #4449, 1000.000000000000000 ) ;
#5438 = DIRECTION ( 'NONE',  ( 0.000000000000000000, -1.000000000000000000, 0.000000000000000000 ) ) ;
#5439 = FACE_OUTER_BOUND ( 'NONE', #4848, .T. ) ;
#5440 = LINE ( 'NONE', #1529, #1101 ) ;
#5441 = EDGE_LOOP ( 'NONE', ( #5773, #1856, #9037, #1987 ) ) ;
#5442 = ORIENTED_EDGE ( 'NONE', *, *, #5510, .F. ) ;
#5443 = ORIENTED_EDGE ( 'NONE', *, *, #3423, .T. ) ;
#5444 = EDGE_CURVE ( 'NONE', #10047, #4550, #693, .T. ) ;
#5445 = DIRECTION ( 'NONE',  ( -2.055968564105149785E-16, 1.000000000000000000, 0.000000000000000000 ) ) ;
#5446 = AXIS2_PLACEMENT_3D ( 'NONE', #9145, #9287, #8510 ) ;
#5447 = FACE_OUTER_BOUND ( 'NONE', #4800, .T. ) ;
#5448 = DIRECTION ( 'NONE',  ( 1.000000000000000000, 0.000000000000000000, 0.000000000000000000 ) ) ;
#5449 = DIRECTION ( 'NONE',  ( 0.000000000000000000, 1.000000000000000000, 0.000000000000000000 ) ) ;
#5450 = CIRCLE ( 'NONE', #4814, 0.04999999999999991257 ) ;
#5451 = ORIENTED_EDGE ( 'NONE', *, *, #6541, .F. ) ;
#5452 = LINE ( 'NONE', #9183, #1809 ) ;
#5453 = ORIENTED_EDGE ( 'NONE', *, *, #8497, .F. ) ;
#5454 = CARTESIAN_POINT ( 'NONE',  ( -1.800000000000000044, 1.036404544565270092, 0.1499999999999999944 ) ) ;
#5455 = ORIENTED_EDGE ( 'NONE', *, *, #7470, .F. ) ;
#5456 = EDGE_CURVE ( 'NONE', #5376, #8657, #5450, .T. ) ;
#5457 = EDGE_LOOP ( 'NONE', ( #8775, #8702, #143, #805 ) ) ;
#5458 = CYLINDRICAL_SURFACE ( 'NONE', #2291, 0.1999999999999999833 ) ;
#5459 = CIRCLE ( 'NONE', #9772, 0.1999999999999998446 ) ;
#5460 = ORIENTED_EDGE ( 'NONE', *, *, #8578, .F. ) ;
#5461 = DIRECTION ( 'NONE',  ( 0.000000000000000000, 0.7071067811865471286, 0.7071067811865480168 ) ) ;
#5462 = CARTESIAN_POINT ( 'NONE',  ( 1.899999999938880135, -1.349999999973810150, 0.000000000000000000 ) ) ;
#5463 = CARTESIAN_POINT ( 'NONE',  ( -0.7500000000000000000, -1.250000000000000000, 0.05000000000000000278 ) ) ;
#5464 = LINE ( 'NONE', #3195, #8 ) ;
#5465 = LINE ( 'NONE', #9242, #1150 ) ;
#5466 = EDGE_LOOP ( 'NONE', ( #6714, #5304, #5097, #8462, #3229, #4957, #4816 ) ) ;
#5467 = EDGE_CURVE ( 'NONE', #4298, #1246, #8099, .T. ) ;
#5468 = AXIS2_PLACEMENT_3D ( 'NONE', #3936, #9458, #6304 ) ;
#5469 = CARTESIAN_POINT ( 'NONE',  ( 1.095162613781379912, 0.3346456153152879698, 0.1499999999999999944 ) ) ;
#5470 = ORIENTED_EDGE ( 'NONE', *, *, #1549, .F. ) ;
#5471 = CARTESIAN_POINT ( 'NONE',  ( -0.6999999999999999556, 1.250000000000000000, 1.199999999999999956 ) ) ;
#5472 = DIRECTION ( 'NONE',  ( 0.000000000000000000, -1.000000000000000000, 0.000000000000000000 ) ) ;
#5473 = EDGE_CURVE ( 'NONE', #4827, #7578, #7743, .T. ) ;
#5474 = CARTESIAN_POINT ( 'NONE',  ( 1.899999999938880135, -1.349999999973810150, 0.1499999999999999944 ) ) ;
#5475 = LINE ( 'NONE', #3945, #8429 ) ;
#5476 = DIRECTION ( 'NONE',  ( 0.000000000000000000, 0.000000000000000000, 1.000000000000000000 ) ) ;
#5477 = CARTESIAN_POINT ( 'NONE',  ( 1.899999999938880135, 0.4364045445652700028, 0.000000000000000000 ) ) ;
#5478 = ORIENTED_EDGE ( 'NONE', *, *, #2418, .F. ) ;
#5479 = LINE ( 'NONE', #10194, #8148 ) ;
#5480 = ORIENTED_EDGE ( 'NONE', *, *, #1766, .F. ) ;
#5481 = CARTESIAN_POINT ( 'NONE',  ( 2.299999999999999822, -1.100000000000000089, 0.2000000000000000111 ) ) ;
#5482 = EDGE_CURVE ( 'NONE', #3987, #4353, #6286, .T. ) ;
#5483 = FACE_OUTER_BOUND ( 'NONE', #8730, .T. ) ;
#5484 = CARTESIAN_POINT ( 'NONE',  ( -1.949999999999999956, 0.8364045445652700250, -0.7500000000000000000 ) ) ;
#5485 = DIRECTION ( 'NONE',  ( 0.4525457257516172782, -0.8917411990616683770, 0.000000000000000000 ) ) ;
#5486 = DIRECTION ( 'NONE',  ( -0.7071067811865496822, 0.7071067811865453523, 0.000000000000000000 ) ) ;
#5487 = ORIENTED_EDGE ( 'NONE', *, *, #3110, .F. ) ;
#5488 = EDGE_CURVE ( 'NONE', #3775, #9875, #1855, .T. ) ;
#5489 = ITEM_DEFINED_TRANSFORMATION ( 'NONE', 'NONE', #9907,  #7728 ) ;
#5490 = VERTEX_POINT ( 'NONE', #3998 ) ;
#5491 = ORIENTED_EDGE ( 'NONE', *, *, #1082, .F. ) ;
#5492 = CARTESIAN_POINT ( 'NONE',  ( 1.949999999999999956, -0.6999999999999999556, 0.05000000000000000278 ) ) ;
#5493 = ORIENTED_EDGE ( 'NONE', *, *, #4583, .F. ) ;
#5494 = ADVANCED_FACE ( 'NONE', ( #9358 ), #7028, .T. ) ;
#5495 = AXIS2_PLACEMENT_3D ( 'NONE', #4138, #3448, #6604 ) ;
#5496 = DIRECTION ( 'NONE',  ( -1.000000000000000000, 0.000000000000000000, 0.000000000000000000 ) ) ;
#5497 = CARTESIAN_POINT ( 'NONE',  ( 0.3750000000000000000, -1.350000000000000089, 0.000000000000000000 ) ) ;
#5498 = CYLINDRICAL_SURFACE ( 'NONE', #3056, 0.05000000000000007216 ) ;
#5499 = DIRECTION ( 'NONE',  ( 0.000000000000000000, -1.000000000000000000, 0.000000000000000000 ) ) ;
#5500 = VERTEX_POINT ( 'NONE', #3837 ) ;
#5501 = LINE ( 'NONE', #875, #9377 ) ;
#5502 = ORIENTED_EDGE ( 'NONE', *, *, #8906, .F. ) ;
#5503 = DIRECTION ( 'NONE',  ( 0.000000000000000000, 0.000000000000000000, 1.000000000000000000 ) ) ;
#5504 = ORIENTED_EDGE ( 'NONE', *, *, #7724, .T. ) ;
#5505 = VECTOR ( 'NONE', #7672, 1000.000000000000000 ) ;
#5506 = CIRCLE ( 'NONE', #2716, 0.05000000000000001665 ) ;
#5507 = ORIENTED_EDGE ( 'NONE', *, *, #8323, .T. ) ;
#5508 = CARTESIAN_POINT ( 'NONE',  ( -0.6999999999999999556, 1.149999999973809972, -0.05000000000000000278 ) ) ;
#5509 = CARTESIAN_POINT ( 'NONE',  ( -2.100000000000000089, -0.4364045445652709465, -0.7500000000000000000 ) ) ;
#5510 = EDGE_CURVE ( 'NONE', #1685, #8358, #3892, .T. ) ;
#5511 = CIRCLE ( 'NONE', #4527, 0.04999999999999991257 ) ;
#5512 = VECTOR ( 'NONE', #2954, 1000.000000000000000 ) ;
#5513 = LINE ( 'NONE', #4458, #1417 ) ;
#5514 = DIRECTION ( 'NONE',  ( 0.000000000000000000, 0.000000000000000000, 1.000000000000000000 ) ) ;
#5515 = DIRECTION ( 'NONE',  ( 1.000000000000000000, 0.000000000000000000, 0.000000000000000000 ) ) ;
#5516 =( NAMED_UNIT ( * ) PLANE_ANGLE_UNIT ( ) SI_UNIT ( $, .RADIAN. ) );
#5517 = ORIENTED_EDGE ( 'NONE', *, *, #5413, .F. ) ;
#5518 = CARTESIAN_POINT ( 'NONE',  ( -0.3222667766999390282, 0.8050000000000000488, 1.300000000000000044 ) ) ;
#5519 = EDGE_LOOP ( 'NONE', ( #3301, #9443, #9039, #2779 ) ) ;
#5520 = VECTOR ( 'NONE', #2043, 1000.000000000000000 ) ;
#5521 = DIRECTION ( 'NONE',  ( 0.7071067811865483499, 0.000000000000000000, 0.7071067811865466846 ) ) ;
#5522 = ADVANCED_FACE ( 'NONE', ( #7954 ), #7191, .T. ) ;
#5523 = CARTESIAN_POINT ( 'NONE',  ( 0.7500000000000000000, 1.199999999999999956, 0.000000000000000000 ) ) ;
#5524 = DIRECTION ( 'NONE',  ( 0.000000000000000000, 0.000000000000000000, -1.000000000000000000 ) ) ;
#5525 = CARTESIAN_POINT ( 'NONE',  ( 2.100000000000000089, -0.4364045445652709465, -0.7500000000000000000 ) ) ;
#5526 = EDGE_LOOP ( 'NONE', ( #2796, #3334, #3672, #1129 ) ) ;
#5527 = DIRECTION ( 'NONE',  ( 0.000000000000000000, -1.000000000000000000, 0.000000000000000000 ) ) ;
#5528 = ORIENTED_EDGE ( 'NONE', *, *, #2381, .F. ) ;
#5529 = FACE_OUTER_BOUND ( 'NONE', #6548, .T. ) ;
#5530 = VECTOR ( 'NONE', #2311, 1000.000000000000000 ) ;
#5531 = EDGE_CURVE ( 'NONE', #3886, #5376, #3811, .T. ) ;
#5532 = DIRECTION ( 'NONE',  ( 0.5773502691896242878, -0.5773502691896329475, 0.5773502691896199579 ) ) ;
#5533 = DIRECTION ( 'NONE',  ( 1.000000000000000000, 7.116814260417669499E-17, 0.000000000000000000 ) ) ;
#5534 = LINE ( 'NONE', #8693, #1141 ) ;
#5535 = DIRECTION ( 'NONE',  ( 0.000000000000000000, 0.000000000000000000, -1.000000000000000000 ) ) ;
#5536 = ORIENTED_EDGE ( 'NONE', *, *, #2315, .F. ) ;
#5537 =( NAMED_UNIT ( * ) PLANE_ANGLE_UNIT ( ) SI_UNIT ( $, .RADIAN. ) );
#5538 = ORIENTED_EDGE ( 'NONE', *, *, #1665, .T. ) ;
#5539 = ORIENTED_EDGE ( 'NONE', *, *, #324, .F. ) ;
#5540 = ADVANCED_FACE ( 'NONE', ( #114 ), #2297, .T. ) ;
#5541 = ORIENTED_EDGE ( 'NONE', *, *, #7702, .F. ) ;
#5542 = CYLINDRICAL_SURFACE ( 'NONE', #4299, 0.05000000000000001665 ) ;
#5543 = CIRCLE ( 'NONE', #6870, 0.05000000000000002359 ) ;
#5544 = CARTESIAN_POINT ( 'NONE',  ( -2.000000000005820233, 0.9364045445652701138, -0.5000000000000000000 ) ) ;
#5545 = CYLINDRICAL_SURFACE ( 'NONE', #7812, 0.05000000000000007216 ) ;
#5546 = LINE ( 'NONE', #9545, #10143 ) ;
#5547 = CARTESIAN_POINT ( 'NONE',  ( 1.899999999999999911, 1.350000000000000089, 0.05000000000000000278 ) ) ;
#5548 = CARTESIAN_POINT ( 'NONE',  ( 2.056066017177982097, -1.036404544565270092, 0.1060660171779820027 ) ) ;
#5549 = ORIENTED_EDGE ( 'NONE', *, *, #2381, .T. ) ;
#5550 = CARTESIAN_POINT ( 'NONE',  ( -0.6999999999999999556, 1.199999999973810016, -1.122001267506480104 ) ) ;
#5551 = ORIENTED_EDGE ( 'NONE', *, *, #2586, .T. ) ;
#5552 = AXIS2_PLACEMENT_3D ( 'NONE', #3899, #7752, #1625 ) ;
#5553 = ADVANCED_FACE ( 'NONE', ( #5429 ), #2244, .T. ) ;
#5554 = CIRCLE ( 'NONE', #9705, 0.04999999999999991257 ) ;
#5555 = EDGE_CURVE ( 'NONE', #5835, #463, #7109, .T. ) ;
#5556 = AXIS2_PLACEMENT_3D ( 'NONE', #6283, #3858, #1758 ) ;
#5557 = ORIENTED_EDGE ( 'NONE', *, *, #3521, .T. ) ;
#5558 = DIRECTION ( 'NONE',  ( 0.000000000000000000, 0.000000000000000000, 1.000000000000000000 ) ) ;
#5559 = CARTESIAN_POINT ( 'NONE',  ( -2.100000000000000089, 0.4364045445652700028, 0.000000000000000000 ) ) ;
#5560 = AXIS2_PLACEMENT_3D ( 'NONE', #1170, #2042, #533 ) ;
#5561 = AXIS2_PLACEMENT_3D ( 'NONE', #3980, #6293, #5558 ) ;
#5562 = CARTESIAN_POINT ( 'NONE',  ( 1.899999999938880135, -0.4364045445652709465, 0.000000000000000000 ) ) ;
#5563 = LINE ( 'NONE', #3879, #1014 ) ;
#5564 = CARTESIAN_POINT ( 'NONE',  ( 0.8549999999999999822, 0.3346456153152879698, 1.250000000000000000 ) ) ;
#5565 = FACE_OUTER_BOUND ( 'NONE', #5120, .T. ) ;
#5566 = ORIENTED_EDGE ( 'NONE', *, *, #3944, .F. ) ;
#5567 = ORIENTED_EDGE ( 'NONE', *, *, #2048, .F. ) ;
#5568 = CARTESIAN_POINT ( 'NONE',  ( -0.5999999999912689619, -1.150000000026190072, 0.000000000000000000 ) ) ;
#5569 = EDGE_CURVE ( 'NONE', #6756, #4655, #5475, .T. ) ;
#5570 = EDGE_LOOP ( 'NONE', ( #2322, #7556, #7290, #2967 ) ) ;
#5571 = CIRCLE ( 'NONE', #1307, 0.1000000000000001443 ) ;
#5572 = VECTOR ( 'NONE', #704, 1000.000000000000000 ) ;
#5573 = VERTEX_POINT ( 'NONE', #4601 ) ;
#5574 = CARTESIAN_POINT ( 'NONE',  ( -0.1850555678730499976, -0.8196446609406725647, 1.264644660940672516 ) ) ;
#5575 = CARTESIAN_POINT ( 'NONE',  ( 1.899999999999999911, -0.6999999999999999556, 0.000000000000000000 ) ) ;
#5576 = CARTESIAN_POINT ( 'NONE',  ( 0.8549999999999999822, -0.3346456153152879698, 0.1499999999999999944 ) ) ;
#5577 = AXIS2_PLACEMENT_3D ( 'NONE', #1090, #1823, #4240 ) ;
#5578 = AXIS2_PLACEMENT_3D ( 'NONE', #4592, #4494, #7784 ) ;
#5579 = VERTEX_POINT ( 'NONE', #8210 ) ;
#5580 = FACE_OUTER_BOUND ( 'NONE', #3948, .T. ) ;
#5581 = EDGE_CURVE ( 'NONE', #688, #8108, #8007, .T. ) ;
#5582 = ORIENTED_EDGE ( 'NONE', *, *, #208, .F. ) ;
#5583 = SPHERICAL_SURFACE ( 'NONE', #1788, 0.05000000000000000278 ) ;
#5584 = CIRCLE ( 'NONE', #1157, 0.04999999999999991257 ) ;
#5585 = AXIS2_PLACEMENT_3D ( 'NONE', #2423, #88, #6394 ) ;
#5586 = LINE ( 'NONE', #4829, #2646 ) ;
#5587 = LINE ( 'NONE', #8690, #1254 ) ;
#5588 = LINE ( 'NONE', #7851, #4104 ) ;
#5589 = CYLINDRICAL_SURFACE ( 'NONE', #4429, 0.2401626137813799300 ) ;
#5590 = FACE_OUTER_BOUND ( 'NONE', #6220, .T. ) ;
#5591 = AXIS2_PLACEMENT_3D ( 'NONE', #4049, #3268, #3208 ) ;
#5592 = ORIENTED_EDGE ( 'NONE', *, *, #8936, .T. ) ;
#5593 = DIRECTION ( 'NONE',  ( 0.000000000000000000, 0.000000000000000000, 1.000000000000000000 ) ) ;
#5594 = ORIENTED_EDGE ( 'NONE', *, *, #6906, .T. ) ;
#5595 = CIRCLE ( 'NONE', #9395, 0.2401626137813801243 ) ;
#5596 = EDGE_LOOP ( 'NONE', ( #399, #446, #3950, #1813 ) ) ;
#5597 = ADVANCED_FACE ( 'NONE', ( #3471 ), #9098, .T. ) ;
#5598 = EDGE_CURVE ( 'NONE', #8946, #322, #3418, .T. ) ;
#5599 = DIRECTION ( 'NONE',  ( 0.000000000000000000, -0.7071067811865519026, -0.7071067811865432429 ) ) ;
#5600 = CARTESIAN_POINT ( 'NONE',  ( -1.054999999999999938, 0.3346456153152879698, 1.300000000000000044 ) ) ;
#5601 = ORIENTED_EDGE ( 'NONE', *, *, #5473, .F. ) ;
#5602 = VECTOR ( 'NONE', #7491, 1000.000000000000000 ) ;
#5603 = DIRECTION ( 'NONE',  ( 0.000000000000000000, 1.000000000000000000, 0.000000000000000000 ) ) ;
#5604 = FACE_OUTER_BOUND ( 'NONE', #7773, .T. ) ;
#5605 = EDGE_CURVE ( 'NONE', #7816, #5984, #6624, .T. ) ;
#5606 = DIRECTION ( 'NONE',  ( 0.000000000000000000, 0.000000000000000000, 1.000000000000000000 ) ) ;
#5607 = DIRECTION ( 'NONE',  ( 0.000000000000000000, 1.000000000000000000, 0.000000000000000000 ) ) ;
#5608 = DIRECTION ( 'NONE',  ( 0.8917411990616684880, 0.4525457257516172227, 0.000000000000000000 ) ) ;
#5609 = ORIENTED_EDGE ( 'NONE', *, *, #8473, .T. ) ;
#5610 = EDGE_LOOP ( 'NONE', ( #4968, #4781, #741, #4445 ) ) ;
#5611 = DIRECTION ( 'NONE',  ( 1.000000000000000000, 0.000000000000000000, 0.000000000000000000 ) ) ;
#5612 = VERTEX_POINT ( 'NONE', #6572 ) ;
#5613 = VECTOR ( 'NONE', #9572, 1000.000000000000000 ) ;
#5614 = ORIENTED_EDGE ( 'NONE', *, *, #8675, .F. ) ;
#5615 = CYLINDRICAL_SURFACE ( 'NONE', #2955, 0.05000000000000001665 ) ;
#5616 = PLANE ( 'NONE',  #9261 ) ;
#5617 = VECTOR ( 'NONE', #385, 1000.000000000000000 ) ;
#5618 = EDGE_CURVE ( 'NONE', #424, #3318, #169, .T. ) ;
#5619 = CARTESIAN_POINT ( 'NONE',  ( 0.6999999999999999556, 1.199999999973810016, 0.1499999999999999944 ) ) ;
#5620 = DIRECTION ( 'NONE',  ( 0.000000000000000000, 1.000000000000000000, 0.000000000000000000 ) ) ;
#5621 = EDGE_CURVE ( 'NONE', #6677, #9349, #1862, .T. ) ;
#5622 = DIRECTION ( 'NONE',  ( 0.000000000000000000, 0.000000000000000000, 1.000000000000000000 ) ) ;
#5623 = DIRECTION ( 'NONE',  ( 0.000000000000000000, 0.9284766908852591927, -0.3713906763541041101 ) ) ;
#5624 = ORIENTED_EDGE ( 'NONE', *, *, #1020, .F. ) ;
#5625 = ORIENTED_EDGE ( 'NONE', *, *, #5002, .F. ) ;
#5626 = CARTESIAN_POINT ( 'NONE',  ( 0.1850555678730499976, 0.7550000000000000044, 1.899999999999999911 ) ) ;
#5627 = VECTOR ( 'NONE', #536, 1000.000000000000000 ) ;
#5628 = VERTEX_POINT ( 'NONE', #4158 ) ;
#5629 = VERTEX_POINT ( 'NONE', #5796 ) ;
#5630 = PRODUCT_DEFINITION ( 'UNKNOWN', '', #7902, #4876 ) ;
#5631 = CARTESIAN_POINT ( 'NONE',  ( 1.949999999999999956, 0.2182022722709940077, 0.000000000000000000 ) ) ;
#5632 = CARTESIAN_POINT ( 'NONE',  ( 0.3222667766999390282, 0.7550000000000000044, 1.850000000000000089 ) ) ;
#5633 = EDGE_CURVE ( 'NONE', #5822, #3870, #1100, .T. ) ;
#5634 = CARTESIAN_POINT ( 'NONE',  ( -0.6999999999999999556, -1.185355339059327440, 1.235355339059327262 ) ) ;
#5635 = DIRECTION ( 'NONE',  ( -1.000000000000000000, -3.965082230804129727E-16, 0.000000000000000000 ) ) ;
#5636 = AXIS2_PLACEMENT_3D ( 'NONE', #5559, #8667, #4033 ) ;
#5637 = ORIENTED_EDGE ( 'NONE', *, *, #7460, .T. ) ;
#5638 = DIRECTION ( 'NONE',  ( 0.000000000000000000, 0.000000000000000000, 1.000000000000000000 ) ) ;
#5639 = ORIENTED_EDGE ( 'NONE', *, *, #1094, .F. ) ;
#5640 = SURFACE_SIDE_STYLE ('',( #8799 ) ) ;
#5641 = CIRCLE ( 'NONE', #3834, 0.04999999999999991257 ) ;
#5642 = DIRECTION ( 'NONE',  ( 0.7071067811865482389, 0.000000000000000000, -0.7071067811865466846 ) ) ;
#5643 = CARTESIAN_POINT ( 'NONE',  ( -0.8000000000000000444, 1.350000000000000089, 1.199999999999999956 ) ) ;
#5644 = FACE_OUTER_BOUND ( 'NONE', #616, .T. ) ;
#5645 = EDGE_CURVE ( 'NONE', #1220, #677, #2187, .T. ) ;
#5646 = CARTESIAN_POINT ( 'NONE',  ( -1.025443288266309816, -0.4392834931844787349, 1.300000000000000044 ) ) ;
#5647 = DIRECTION ( 'NONE',  ( -2.055968564160549760E-16, 1.000000000000000000, 0.000000000000000000 ) ) ;
#5648 = LINE ( 'NONE', #7149, #6071 ) ;
#5649 = ORIENTED_EDGE ( 'NONE', *, *, #1390, .T. ) ;
#5650 = ORIENTED_EDGE ( 'NONE', *, *, #1124, .T. ) ;
#5651 = CARTESIAN_POINT ( 'NONE',  ( 0.8000000000000000444, 1.350000000000000089, 1.199999999999999956 ) ) ;
#5652 = DIRECTION ( 'NONE',  ( 0.000000000000000000, -1.000000000000000000, 0.000000000000000000 ) ) ;
#5653 = EDGE_LOOP ( 'NONE', ( #2013, #1943, #9101, #7981, #4533, #940, #5776, #572, #8175 ) ) ;
#5654 = EDGE_CURVE ( 'NONE', #823, #7632, #1784, .T. ) ;
#5655 = CARTESIAN_POINT ( 'NONE',  ( -0.7504565801423450644, -0.6680502826390388726, 1.300000000000000044 ) ) ;
#5656 = CARTESIAN_POINT ( 'NONE',  ( 2.299999999999999822, -0.5000000000000000000, 0.2000000000000000111 ) ) ;
#5657 = CARTESIAN_POINT ( 'NONE',  ( -0.6999999999999999556, 1.250000000000000000, 1.199999999999999956 ) ) ;
#5658 =( LENGTH_UNIT ( ) NAMED_UNIT ( * ) SI_UNIT ( .MILLI., .METRE. ) );
#5659 = VERTEX_POINT ( 'NONE', #1156 ) ;
#5660 = CARTESIAN_POINT ( 'NONE',  ( -0.8549999999999999822, 0.3346456153152879698, 0.1499999999999999944 ) ) ;
#5661 = VERTEX_POINT ( 'NONE', #3522 ) ;
#5662 = CARTESIAN_POINT ( 'NONE',  ( 0.8000000000000000444, 1.385355339059327395, 1.235355339059327262 ) ) ;
#5663 = VERTEX_POINT ( 'NONE', #2509 ) ;
#5664 = ORIENTED_EDGE ( 'NONE', *, *, #2934, .F. ) ;
#5665 = EDGE_CURVE ( 'NONE', #1432, #4153, #4307, .T. ) ;
#5666 = AXIS2_PLACEMENT_3D ( 'NONE', #1080, #4187, #5048 ) ;
#5667 = FACE_OUTER_BOUND ( 'NONE', #7549, .T. ) ;
#5668 = CARTESIAN_POINT ( 'NONE',  ( 0.8549999999999999822, 0.3346456153152879698, 1.300000000000000044 ) ) ;
#5669 = ADVANCED_FACE ( 'NONE', ( #1739 ), #6479, .T. ) ;
#5670 = DIRECTION ( 'NONE',  ( 0.000000000000000000, 0.000000000000000000, 1.000000000000000000 ) ) ;
#5671 = CARTESIAN_POINT ( 'NONE',  ( 1.095162613781379912, 0.3346456153152879698, 0.1499999999999999944 ) ) ;
#5672 = LINE ( 'NONE', #8671, #7878 ) ;
#5673 = VECTOR ( 'NONE', #2169, 1000.000000000000000 ) ;
#5674 = ORIENTED_EDGE ( 'NONE', *, *, #3685, .T. ) ;
#5675 = AXIS2_PLACEMENT_3D ( 'NONE', #2751, #2703, #425 ) ;
#5676 = ORIENTED_EDGE ( 'NONE', *, *, #4603, .F. ) ;
#5677 = SPHERICAL_SURFACE ( 'NONE', #1737, 0.05000000000000000278 ) ;
#5678 = ORIENTED_EDGE ( 'NONE', *, *, #6458, .T. ) ;
#5679 = ORIENTED_EDGE ( 'NONE', *, *, #7645, .F. ) ;
#5680 = EDGE_CURVE ( 'NONE', #8107, #5197, #8844, .T. ) ;
#5681 = VECTOR ( 'NONE', #3880, 1000.000000000000000 ) ;
#5682 = DIRECTION ( 'NONE',  ( 0.8917411990616695983, 0.4525457257516147802, 0.000000000000000000 ) ) ;
#5683 = VECTOR ( 'NONE', #2215, 1000.000000000000000 ) ;
#5684 = LINE ( 'NONE', #5838, #675 ) ;
#5685 = ADVANCED_FACE ( 'NONE', ( #1003 ), #5934, .T. ) ;
#5686 = PLANE ( 'NONE',  #4569 ) ;
#5687 = CARTESIAN_POINT ( 'NONE',  ( 0.7500000000000000000, -1.250000000000000000, 0.000000000000000000 ) ) ;
#5688 = DIRECTION ( 'NONE',  ( 0.000000000000000000, 0.000000000000000000, 1.000000000000000000 ) ) ;
#5689 = ORIENTED_EDGE ( 'NONE', *, *, #1785, .T. ) ;
#5690 = VERTEX_POINT ( 'NONE', #2651 ) ;
#5691 = AXIS2_PLACEMENT_3D ( 'NONE', #5980, #9327, #2986 ) ;
#5692 = DIRECTION ( 'NONE',  ( -0.7071067811865482389, 0.000000000000000000, -0.7071067811865466846 ) ) ;
#5693 = VECTOR ( 'NONE', #5904, 1000.000000000000114 ) ;
#5694 = ADVANCED_FACE ( 'NONE', ( #7012 ), #5358, .T. ) ;
#5695 = DIRECTION ( 'NONE',  ( 0.000000000000000000, 0.000000000000000000, 1.000000000000000000 ) ) ;
#5696 = DIRECTION ( 'NONE',  ( 0.000000000000000000, 0.000000000000000000, -1.000000000000000000 ) ) ;
#5697 = CARTESIAN_POINT ( 'NONE',  ( -0.8000000000000000444, -1.350000000000000089, 1.199999999999999956 ) ) ;
#5698 = CARTESIAN_POINT ( 'NONE',  ( -0.3222667766999390282, 0.8549999999999999822, 1.250000000000000000 ) ) ;
#5699 = FACE_OUTER_BOUND ( 'NONE', #240, .T. ) ;
#5700 = DIRECTION ( 'NONE',  ( 0.000000000000000000, 1.000000000000000000, 0.000000000000000000 ) ) ;
#5701 = ORIENTED_EDGE ( 'NONE', *, *, #5680, .F. ) ;
#5702 = ORIENTED_EDGE ( 'NONE', *, *, #7168, .T. ) ;
#5703 = EDGE_CURVE ( 'NONE', #3103, #2056, #8436, .T. ) ;
#5704 = CARTESIAN_POINT ( 'NONE',  ( -0.4354032081378430008, -0.8279352997654170210, 1.250000000000000000 ) ) ;
#5705 = VERTEX_POINT ( 'NONE', #5266 ) ;
#5706 = DIRECTION ( 'NONE',  ( 0.7071067811865482389, 0.000000000000000000, -0.7071067811865466846 ) ) ;
#5707 = DIRECTION ( 'NONE',  ( 1.000000000000000000, 7.116814260417669499E-17, 0.000000000000000000 ) ) ;
#5708 = DIRECTION ( 'NONE',  ( 0.000000000000000000, 0.000000000000000000, -1.000000000000000000 ) ) ;
#5709 = LINE ( 'NONE', #9700, #7990 ) ;
#5710 = ORIENTED_EDGE ( 'NONE', *, *, #882, .F. ) ;
#5711 = DIRECTION ( 'NONE',  ( 0.000000000000000000, 0.000000000000000000, -1.000000000000000000 ) ) ;
#5712 = ORIENTED_EDGE ( 'NONE', *, *, #6704, .F. ) ;
#5713 = CARTESIAN_POINT ( 'NONE',  ( 0.3222667766999390282, 0.8050000000000000488, 1.300000000000000044 ) ) ;
#5714 = ORIENTED_EDGE ( 'NONE', *, *, #2177, .T. ) ;
#5715 = EDGE_CURVE ( 'NONE', #9459, #7472, #9434, .T. ) ;
#5716 = ORIENTED_EDGE ( 'NONE', *, *, #8620, .T. ) ;
#5717 = VECTOR ( 'NONE', #9640, 1000.000000000000000 ) ;
#5718 = VERTEX_POINT ( 'NONE', #10168 ) ;
#5719 = CIRCLE ( 'NONE', #3250, 0.1999999999999999833 ) ;
#5720 = FACE_OUTER_BOUND ( 'NONE', #1973, .T. ) ;
#5721 = PLANE ( 'NONE',  #7847 ) ;
#5722 = DIRECTION ( 'NONE',  ( 0.000000000000000000, 0.000000000000000000, -1.000000000000000000 ) ) ;
#5723 = DIRECTION ( 'NONE',  ( 1.000000000000000000, 0.000000000000000000, 0.000000000000000000 ) ) ;
#5724 = DIRECTION ( 'NONE',  ( 0.000000000000000000, 0.000000000000000000, 1.000000000000000000 ) ) ;
#5725 = LINE ( 'NONE', #8047, #1976 ) ;
#5726 = STYLED_ITEM ( 'NONE', ( #2530 ), #9754 ) ;
#5727 = ORIENTED_EDGE ( 'NONE', *, *, #4531, .T. ) ;
#5728 = AXIS2_PLACEMENT_3D ( 'NONE', #1416, #8584, #6207 ) ;
#5729 = ORIENTED_EDGE ( 'NONE', *, *, #5069, .T. ) ;
#5730 = AXIS2_PLACEMENT_3D ( 'NONE', #2677, #4995, #7309 ) ;
#5731 = DIRECTION ( 'NONE',  ( 0.000000000000000000, 0.000000000000000000, -1.000000000000000000 ) ) ;
#5732 = ORIENTED_EDGE ( 'NONE', *, *, #6703, .F. ) ;
#5733 = EDGE_CURVE ( 'NONE', #2089, #2437, #1702, .T. ) ;
#5734 = VERTEX_POINT ( 'NONE', #5312 ) ;
#5735 = VECTOR ( 'NONE', #370, 1000.000000000000000 ) ;
#5736 = CARTESIAN_POINT ( 'NONE',  ( 0.4309513410520389720, -0.8191628971831930173, 0.000000000000000000 ) ) ;
#5737 = CARTESIAN_POINT ( 'NONE',  ( -1.935355339059327440, 1.385355339059327395, 0.05000000000000000278 ) ) ;
#5738 = FACE_OUTER_BOUND ( 'NONE', #9748, .T. ) ;
#5739 = DIRECTION ( 'NONE',  ( 1.000000000000000000, 0.000000000000000000, 0.000000000000000000 ) ) ;
#5740 = ORIENTED_EDGE ( 'NONE', *, *, #3591, .T. ) ;
#5741 = EDGE_CURVE ( 'NONE', #7620, #3526, #10119, .T. ) ;
#5742 = ORIENTED_EDGE ( 'NONE', *, *, #8999, .T. ) ;
#5743 = CARTESIAN_POINT ( 'NONE',  ( -0.8000000000000000444, 1.350000000000000089, 0.05000000000000000278 ) ) ;
#5744 = AXIS2_PLACEMENT_3D ( 'NONE', #4007, #7145, #3224 ) ;
#5745 = CIRCLE ( 'NONE', #7388, 0.2499999999999999722 ) ;
#5746 = VERTEX_POINT ( 'NONE', #9286 ) ;
#5747 = FACE_OUTER_BOUND ( 'NONE', #10149, .T. ) ;
#5748 = AXIS2_PLACEMENT_3D ( 'NONE', #10068, #6859, #10016 ) ;
#5749 = DIRECTION ( 'NONE',  ( 0.000000000000000000, 0.000000000000000000, 1.000000000000000000 ) ) ;
#5750 = AXIS2_PLACEMENT_3D ( 'NONE', #3313, #5623, #7178 ) ;
#5751 = DIRECTION ( 'NONE',  ( 0.000000000000000000, 0.000000000000000000, 1.000000000000000000 ) ) ;
#5752 = DIRECTION ( 'NONE',  ( 0.8917411990616694872, -0.4525457257516152243, 2.081668171172170880E-15 ) ) ;
#5753 = CARTESIAN_POINT ( 'NONE',  ( 1.899999999938880135, 1.036404544565270092, 0.000000000000000000 ) ) ;
#5754 = EDGE_CURVE ( 'NONE', #1931, #6701, #1397, .T. ) ;
#5755 = PLANE ( 'NONE',  #7385 ) ;
#5756 = EDGE_CURVE ( 'NONE', #6959, #2635, #865, .T. ) ;
#5757 = VERTEX_POINT ( 'NONE', #4534 ) ;
#5758 = VERTEX_POINT ( 'NONE', #3768 ) ;
#5759 = CIRCLE ( 'NONE', #815, 0.04999999999999991257 ) ;
#5760 = CIRCLE ( 'NONE', #1484, 0.05000000000000000278 ) ;
#5761 = CARTESIAN_POINT ( 'NONE',  ( 0.9636845643521000371, -0.5488085124984810603, 0.1499999999999999944 ) ) ;
#5762 = VERTEX_POINT ( 'NONE', #5989 ) ;
#5763 = EDGE_CURVE ( 'NONE', #1876, #10015, #6913, .T. ) ;
#5764 = CARTESIAN_POINT ( 'NONE',  ( 0.4354032081378430008, -0.8279352997654170210, 1.300000000000000044 ) ) ;
#5765 = DIRECTION ( 'NONE',  ( 0.000000000000000000, 0.000000000000000000, -1.000000000000000000 ) ) ;
#5766 =( GEOMETRIC_REPRESENTATION_CONTEXT ( 3 ) GLOBAL_UNCERTAINTY_ASSIGNED_CONTEXT ( ( #4979 ) ) GLOBAL_UNIT_ASSIGNED_CONTEXT ( ( #8410, #1344, #671 ) ) REPRESENTATION_CONTEXT ( 'NONE', 'WORKASPACE' ) );
#5767 = VECTOR ( 'NONE', #8750, 1000.000000000000000 ) ;
#5768 = VECTOR ( 'NONE', #6306, 1000.000000000000000 ) ;
#5769 = FACE_OUTER_BOUND ( 'NONE', #1922, .T. ) ;
#5770 = ADVANCED_FACE ( 'NONE', ( #7679 ), #1029, .T. ) ;
#5771 = DIRECTION ( 'NONE',  ( -0.7071067811865483499, 0.000000000000000000, 0.7071067811865466846 ) ) ;
#5772 = VERTEX_POINT ( 'NONE', #7730 ) ;
#5773 = ORIENTED_EDGE ( 'NONE', *, *, #5645, .T. ) ;
#5774 = SURFACE_SIDE_STYLE ('',( #4233 ) ) ;
#5775 = ORIENTED_EDGE ( 'NONE', *, *, #4609, .T. ) ;
#5776 = ORIENTED_EDGE ( 'NONE', *, *, #3548, .T. ) ;
#5777 = CIRCLE ( 'NONE', #8745, 0.05000000000000001665 ) ;
#5778 = VERTEX_POINT ( 'NONE', #2225 ) ;
#5779 = DIRECTION ( 'NONE',  ( 1.000000000000000000, 0.000000000000000000, 0.000000000000000000 ) ) ;
#5780 = DIRECTION ( 'NONE',  ( -1.000000000000000000, 0.000000000000000000, 0.000000000000000000 ) ) ;
#5781 = FACE_OUTER_BOUND ( 'NONE', #5813, .T. ) ;
#5782 = EDGE_CURVE ( 'NONE', #8576, #5772, #9976, .T. ) ;
#5783 = DIRECTION ( 'NONE',  ( 1.000000000000000000, 0.000000000000000000, 0.000000000000000000 ) ) ;
#5784 = AXIS2_PLACEMENT_3D ( 'NONE', #3943, #7190, #6 ) ;
#5785 = FACE_OUTER_BOUND ( 'NONE', #401, .T. ) ;
#5786 = ORIENTED_EDGE ( 'NONE', *, *, #4078, .T. ) ;
#5787 = ORIENTED_EDGE ( 'NONE', *, *, #646, .T. ) ;
#5788 = DIRECTION ( 'NONE',  ( 0.8917411990616683770, 0.4525457257516171672, 0.000000000000000000 ) ) ;
#5789 = EDGE_LOOP ( 'NONE', ( #9104, #8776, #10124, #9781 ) ) ;
#5790 = VERTEX_POINT ( 'NONE', #5215 ) ;
#5791 = CIRCLE ( 'NONE', #2505, 0.04999999999999991257 ) ;
#5792 = CARTESIAN_POINT ( 'NONE',  ( 0.6999999999999999556, 1.306066017177981875, 0.1060660171779821970 ) ) ;
#5793 = CARTESIAN_POINT ( 'NONE',  ( -1.600000000000000089, -0.5000000000000000000, 0.000000000000000000 ) ) ;
#5794 = DIRECTION ( 'NONE',  ( -0.7071067811865482389, 0.000000000000000000, -0.7071067811865466846 ) ) ;
#5795 = EDGE_CURVE ( 'NONE', #2702, #7075, #3821, .T. ) ;
#5796 = CARTESIAN_POINT ( 'NONE',  ( -1.899999999999999911, 1.399999999999999911, 0.05000000000000000278 ) ) ;
#5797 = ORIENTED_EDGE ( 'NONE', *, *, #7767, .T. ) ;
#5798 = VECTOR ( 'NONE', #2961, 1000.000000000000000 ) ;
#5799 = ORIENTED_EDGE ( 'NONE', *, *, #2395, .T. ) ;
#5800 = DIRECTION ( 'NONE',  ( 0.000000000000000000, -1.000000000000000000, 0.000000000000000000 ) ) ;
#5801 = UNCERTAINTY_MEASURE_WITH_UNIT (LENGTH_MEASURE( 1.000000000000000082E-05 ), #3357, 'distance_accuracy_value', 'NONE');
#5802 = ADVANCED_FACE ( 'NONE', ( #7588 ), #6037, .T. ) ;
#5803 = DIRECTION ( 'NONE',  ( 0.000000000000000000, 0.7071067811865482389, 0.7071067811865466846 ) ) ;
#5804 = VECTOR ( 'NONE', #7436, 1000.000000000000000 ) ;
#5805 = CARTESIAN_POINT ( 'NONE',  ( 0.7500000000000000000, 1.350000000000000089, 1.199999999999999956 ) ) ;
#5806 = FACE_OUTER_BOUND ( 'NONE', #1283, .T. ) ;
#5807 = CARTESIAN_POINT ( 'NONE',  ( -0.8000000000000000444, 1.350000000000000089, 1.199999999999999956 ) ) ;
#5808 = FACE_OUTER_BOUND ( 'NONE', #4909, .T. ) ;
#5809 = CARTESIAN_POINT ( 'NONE',  ( 1.899999999999999911, -1.399999999999999911, 0.05000000000000000278 ) ) ;
#5810 = CARTESIAN_POINT ( 'NONE',  ( 1.600000000000000089, -1.100000000000000089, 0.2000000000000000111 ) ) ;
#5811 = ORIENTED_EDGE ( 'NONE', *, *, #8877, .T. ) ;
#5812 = CONTEXT_DEPENDENT_SHAPE_REPRESENTATION ( #3204, #5079 ) ;
#5813 = EDGE_LOOP ( 'NONE', ( #3461, #3801, #292, #9750 ) ) ;
#5814 = CIRCLE ( 'NONE', #870, 0.05000000000000001665 ) ;
#5815 = DIRECTION ( 'NONE',  ( 0.000000000000000000, 1.000000000000000000, 0.000000000000000000 ) ) ;
#5816 = ORIENTED_EDGE ( 'NONE', *, *, #6634, .T. ) ;
#5817 = EDGE_CURVE ( 'NONE', #8808, #8033, #4489, .T. ) ;
#5818 = CYLINDRICAL_SURFACE ( 'NONE', #7854, 0.05000000000000001665 ) ;
#5819 = EDGE_CURVE ( 'NONE', #2762, #4722, #2896, .T. ) ;
#5820 = DIRECTION ( 'NONE',  ( 0.000000000000000000, 0.000000000000000000, -1.000000000000000000 ) ) ;
#5821 = DIRECTION ( 'NONE',  ( 0.000000000000000000, 0.000000000000000000, 1.000000000000000000 ) ) ;
#5822 = VERTEX_POINT ( 'NONE', #723 ) ;
#5823 = DIRECTION ( 'NONE',  ( 0.000000000000000000, -1.000000000000000000, 0.000000000000000000 ) ) ;
#5824 = ORIENTED_EDGE ( 'NONE', *, *, #5645, .F. ) ;
#5825 = EDGE_LOOP ( 'NONE', ( #5528, #9135, #5507, #5408 ) ) ;
#5826 = ADVANCED_FACE ( 'NONE', ( #521 ), #1352, .T. ) ;
#5827 = CARTESIAN_POINT ( 'NONE',  ( -1.557918548418649740, 0.9838512662132929965, 0.000000000000000000 ) ) ;
#5828 = CARTESIAN_POINT ( 'NONE',  ( -0.7500000000000000000, -1.350000000000000089, 0.05000000000000000278 ) ) ;
#5829 = CARTESIAN_POINT ( 'NONE',  ( 1.899999999999999911, 1.350000000000000089, 1.199999999999999956 ) ) ;
#5830 = LINE ( 'NONE', #5935, #742 ) ;
#5831 = CARTESIAN_POINT ( 'NONE',  ( 0.8549999999999999822, -0.3346456153152879698, 1.250000000000000000 ) ) ;
#5832 = VERTEX_POINT ( 'NONE', #5509 ) ;
#5833 = ORIENTED_EDGE ( 'NONE', *, *, #7529, .T. ) ;
#5834 = AXIS2_PLACEMENT_3D ( 'NONE', #4553, #1320, #10048 ) ;
#5835 = VERTEX_POINT ( 'NONE', #3925 ) ;
#5836 = ADVANCED_FACE ( 'NONE', ( #8723 ), #3251, .F. ) ;
#5837 = CARTESIAN_POINT ( 'NONE',  ( -0.7500000000000000000, -1.250000000000000000, 1.199999999999999956 ) ) ;
#5838 = CARTESIAN_POINT ( 'NONE',  ( 0.3750000000000000000, -1.399999999999999911, 0.05000000000000000278 ) ) ;
#5839 = AXIS2_PLACEMENT_3D ( 'NONE', #3099, #2332, #7602 ) ;
#5840 = VECTOR ( 'NONE', #7415, 1000.000000000000000 ) ;
#5841 = LINE ( 'NONE', #2656, #9239 ) ;
#5842 = CARTESIAN_POINT ( 'NONE',  ( -0.7353553390593273731, -1.214644660940672694, 0.000000000000000000 ) ) ;
#5843 = ORIENTED_EDGE ( 'NONE', *, *, #26, .T. ) ;
#5844 = EDGE_LOOP ( 'NONE', ( #9123, #606 ) ) ;
#5845 = CARTESIAN_POINT ( 'NONE',  ( -1.935355339059327440, 1.385355339059327395, 1.199999999999999956 ) ) ;
#5846 = VERTEX_POINT ( 'NONE', #773 ) ;
#5847 = APPLICATION_CONTEXT ( 'automotive_design' ) ;
#5848 = AXIS2_PLACEMENT_3D ( 'NONE', #2843, #5207, #3666 ) ;
#5849 = AXIS2_PLACEMENT_3D ( 'NONE', #10216, #8450, #7770 ) ;
#5850 = ADVANCED_FACE ( 'NONE', ( #2329 ), #1769, .T. ) ;
#5851 = DIRECTION ( 'NONE',  ( 0.000000000000000000, 0.000000000000000000, 1.000000000000000000 ) ) ;
#5852 = CARTESIAN_POINT ( 'NONE',  ( -1.899999999999999911, -1.399999999999999911, 1.199999999999999956 ) ) ;
#5853 = CARTESIAN_POINT ( 'NONE',  ( 0.3222667766999390282, -0.6049999999999999822, 1.850000000000000089 ) ) ;
#5854 = CARTESIAN_POINT ( 'NONE',  ( 1.949999999999999956, 1.036404544565270092, 0.000000000000000000 ) ) ;
#5855 = DIRECTION ( 'NONE',  ( -1.000000000000000000, 0.000000000000000000, 0.000000000000000000 ) ) ;
#5856 = CARTESIAN_POINT ( 'NONE',  ( 2.299999999999999822, 0.5000000000000000000, 0.2000000000000000111 ) ) ;
#5857 = VECTOR ( 'NONE', #9649, 1000.000000000000000 ) ;
#5858 = VECTOR ( 'NONE', #1939, 1000.000000000000000 ) ;
#5859 = VERTEX_POINT ( 'NONE', #7229 ) ;
#5860 = ORIENTED_EDGE ( 'NONE', *, *, #8016, .F. ) ;
#5861 = CARTESIAN_POINT ( 'NONE',  ( -0.8000000000000000444, 1.350000000000000089, 0.000000000000000000 ) ) ;
#5862 = ADVANCED_FACE ( 'NONE', ( #8779 ), #7936, .T. ) ;
#5863 = EDGE_CURVE ( 'NONE', #2312, #1455, #8038, .T. ) ;
#5864 = EDGE_LOOP ( 'NONE', ( #4244, #7825, #732, #9199 ) ) ;
#5865 = AXIS2_PLACEMENT_3D ( 'NONE', #5807, #5957, #2612 ) ;
#5866 = CARTESIAN_POINT ( 'NONE',  ( 1.899999999999999911, -0.6999999999999999556, 1.250000000000000000 ) ) ;
#5867 = CARTESIAN_POINT ( 'NONE',  ( 1.949999999999999956, -0.4364045445652709465, 0.000000000000000000 ) ) ;
#5868 = LINE ( 'NONE', #975, #650 ) ;
#5869 = ORIENTED_EDGE ( 'NONE', *, *, #8979, .F. ) ;
#5870 = ORIENTED_EDGE ( 'NONE', *, *, #4698, .F. ) ;
#5871 = ADVANCED_FACE ( 'NONE', ( #2492 ), #5616, .T. ) ;
#5872 = CYLINDRICAL_SURFACE ( 'NONE', #5025, 0.2000000000000001221 ) ;
#5873 = VERTEX_POINT ( 'NONE', #152 ) ;
#5874 = EDGE_LOOP ( 'NONE', ( #4039, #8344, #935, #9456, #8260, #7242, #9876 ) ) ;
#5875 = DIRECTION ( 'NONE',  ( 0.000000000000000000, 0.000000000000000000, -1.000000000000000000 ) ) ;
#5876 = AXIS2_PLACEMENT_3D ( 'NONE', #548, #7560, #9217 ) ;
#5877 = ORIENTED_EDGE ( 'NONE', *, *, #3969, .F. ) ;
#5878 = PLANE ( 'NONE',  #3047 ) ;
#5879 = LINE ( 'NONE', #1970, #648 ) ;
#5880 = CARTESIAN_POINT ( 'NONE',  ( 0.8000000000000000444, 1.250000000000000000, 0.000000000000000000 ) ) ;
#5881 = DIRECTION ( 'NONE',  ( -9.912705577010339108E-17, 1.000000000000000000, -9.912705577010350201E-17 ) ) ;
#5882 = VERTEX_POINT ( 'NONE', #4902 ) ;
#5883 = EDGE_CURVE ( 'NONE', #4575, #2287, #4823, .T. ) ;
#5884 = ORIENTED_EDGE ( 'NONE', *, *, #915, .T. ) ;
#5885 = EDGE_CURVE ( 'NONE', #8845, #5690, #5459, .T. ) ;
#5886 = VECTOR ( 'NONE', #8234, 1000.000000000000000 ) ;
#5887 = AXIS2_PLACEMENT_3D ( 'NONE', #5544, #9488, #5496 ) ;
#5888 = ORIENTED_EDGE ( 'NONE', *, *, #4073, .F. ) ;
#5889 = ORIENTED_EDGE ( 'NONE', *, *, #38, .T. ) ;
#5890 = LINE ( 'NONE', #5125, #6046 ) ;
#5891 = DIRECTION ( 'NONE',  ( 0.000000000000000000, 0.000000000000000000, 1.000000000000000000 ) ) ;
#5892 = CYLINDRICAL_SURFACE ( 'NONE', #1674, 0.05000000000000001665 ) ;
#5893 = VECTOR ( 'NONE', #10201, 1000.000000000000000 ) ;
#5894 = ORIENTED_EDGE ( 'NONE', *, *, #7860, .T. ) ;
#5895 = EDGE_CURVE ( 'NONE', #9912, #1474, #3093, .T. ) ;
#5896 = ORIENTED_EDGE ( 'NONE', *, *, #9872, .F. ) ;
#5897 = DIRECTION ( 'NONE',  ( 1.000000000000000000, 0.000000000000000000, 0.000000000000000000 ) ) ;
#5898 = ORIENTED_EDGE ( 'NONE', *, *, #5569, .F. ) ;
#5899 = CIRCLE ( 'NONE', #7538, 0.05000000000000002359 ) ;
#5900 = AXIS2_PLACEMENT_3D ( 'NONE', #617, #418, #6772 ) ;
#5901 = DIRECTION ( 'NONE',  ( 0.000000000000000000, 0.000000000000000000, -1.000000000000000000 ) ) ;
#5902 = CARTESIAN_POINT ( 'NONE',  ( 1.899999999999999911, -1.350000000000000089, 1.199999999999999956 ) ) ;
#5903 = DIRECTION ( 'NONE',  ( 0.000000000000000000, 1.000000000000000000, 0.000000000000000000 ) ) ;
#5904 = DIRECTION ( 'NONE',  ( -0.8917411990616683770, 0.4525457257516171672, 0.000000000000000000 ) ) ;
#5905 = DIRECTION ( 'NONE',  ( 0.000000000000000000, 0.000000000000000000, 1.000000000000000000 ) ) ;
#5906 = DIRECTION ( 'NONE',  ( 0.000000000000000000, 0.000000000000000000, 1.000000000000000000 ) ) ;
#5907 = VECTOR ( 'NONE', #2856, 1000.000000000000000 ) ;
#5908 = VECTOR ( 'NONE', #1692, 1000.000000000000000 ) ;
#5909 = EDGE_CURVE ( 'NONE', #7778, #7710, #1721, .T. ) ;
#5910 = ORIENTED_EDGE ( 'NONE', *, *, #576, .F. ) ;
#5911 = ORIENTED_EDGE ( 'NONE', *, *, #6481, .T. ) ;
#5912 = DIRECTION ( 'NONE',  ( 0.7071067811865457964, -0.7071067811865491270, -1.609823385706477378E-15 ) ) ;
#5913 = VECTOR ( 'NONE', #9389, 1000.000000000000000 ) ;
#5914 = ORIENTED_EDGE ( 'NONE', *, *, #7893, .F. ) ;
#5915 = VECTOR ( 'NONE', #798, 1000.000000000000000 ) ;
#5916 = DIRECTION ( 'NONE',  ( -0.2326572596528327652, -0.9725587897555778572, 0.000000000000000000 ) ) ;
#5917 = DIRECTION ( 'NONE',  ( 1.000000000000000000, 0.000000000000000000, 0.000000000000000000 ) ) ;
#5918 = DIRECTION ( 'NONE',  ( 1.000000000000000000, 0.000000000000000000, 0.000000000000000000 ) ) ;
#5919 = EDGE_CURVE ( 'NONE', #4539, #6417, #3003, .T. ) ;
#5920 = DIRECTION ( 'NONE',  ( -1.000000000000000000, 0.000000000000000000, 0.000000000000000000 ) ) ;
#5921 = DIRECTION ( 'NONE',  ( -1.000000000000000000, -3.558407130208829819E-17, -3.558407130208834749E-17 ) ) ;
#5922 = ORIENTED_EDGE ( 'NONE', *, *, #7581, .F. ) ;
#5923 = EDGE_CURVE ( 'NONE', #364, #5873, #8827, .T. ) ;
#5924 = VERTEX_POINT ( 'NONE', #2431 ) ;
#5925 = AXIS2_PLACEMENT_3D ( 'NONE', #9587, #2002, #4462 ) ;
#5926 = EDGE_LOOP ( 'NONE', ( #5362, #5165, #2503, #1305 ) ) ;
#5927 = ORIENTED_EDGE ( 'NONE', *, *, #4126, .T. ) ;
#5928 = VECTOR ( 'NONE', #7456, 1000.000000000000000 ) ;
#5929 = DIRECTION ( 'NONE',  ( -0.4525457257516172227, 0.8917411990616683770, 0.000000000000000000 ) ) ;
#5930 = AXIS2_PLACEMENT_3D ( 'NONE', #186, #678, #131 ) ;
#5931 = EDGE_CURVE ( 'NONE', #4566, #6934, #4686, .T. ) ;
#5932 = ORIENTED_EDGE ( 'NONE', *, *, #2151, .T. ) ;
#5933 = CARTESIAN_POINT ( 'NONE',  ( 0.6999999999999999556, 1.150000000029289815, 0.000000000000000000 ) ) ;
#5934 = PLANE ( 'NONE',  #7443 ) ;
#5935 = CARTESIAN_POINT ( 'NONE',  ( -0.8000000000000000444, -0.6999999999999999556, 0.000000000000000000 ) ) ;
#5936 = ORIENTED_EDGE ( 'NONE', *, *, #8030, .F. ) ;
#5937 = ORIENTED_EDGE ( 'NONE', *, *, #6171, .T. ) ;
#5938 = VERTEX_POINT ( 'NONE', #7827 ) ;
#5939 = CIRCLE ( 'NONE', #1488, 0.2401626137813801243 ) ;
#5940 = ORIENTED_EDGE ( 'NONE', *, *, #10062, .F. ) ;
#5941 = VERTEX_POINT ( 'NONE', #41 ) ;
#5942 = CARTESIAN_POINT ( 'NONE',  ( -1.900000000011639933, -1.036404544565270092, 0.000000000000000000 ) ) ;
#5943 = ADVANCED_FACE ( 'NONE', ( #4090 ), #2378, .T. ) ;
#5944 = EDGE_CURVE ( 'NONE', #7431, #1762, #4166, .T. ) ;
#5945 = CIRCLE ( 'NONE', #2325, 0.05000000000000002359 ) ;
#5946 = SPHERICAL_SURFACE ( 'NONE', #353, 0.05000000000000000278 ) ;
#5947 = ORIENTED_EDGE ( 'NONE', *, *, #7711, .F. ) ;
#5948 = EDGE_CURVE ( 'NONE', #474, #7295, #7172, .T. ) ;
#5949 = DIRECTION ( 'NONE',  ( 0.000000000000000000, 0.000000000000000000, 1.000000000000000000 ) ) ;
#5950 = ORIENTED_EDGE ( 'NONE', *, *, #421, .T. ) ;
#5951 = CIRCLE ( 'NONE', #8264, 0.04999999999999991257 ) ;
#5952 = DIRECTION ( 'NONE',  ( 0.7071067811865474617, 0.000000000000000000, -0.7071067811865474617 ) ) ;
#5953 = ADVANCED_FACE ( 'NONE', ( #5720 ), #8935, .F. ) ;
#5954 = ADVANCED_FACE ( 'NONE', ( #9812 ), #9027, .T. ) ;
#5955 = DIRECTION ( 'NONE',  ( 0.000000000000000000, -1.000000000000000000, 0.000000000000000000 ) ) ;
#5956 = CARTESIAN_POINT ( 'NONE',  ( 0.3222667766999390282, 0.8451626137813800232, 0.1499999999999999944 ) ) ;
#5957 = DIRECTION ( 'NONE',  ( 0.7071067811865476838, 0.000000000000000000, -0.7071067811865476838 ) ) ;
#5958 = DIRECTION ( 'NONE',  ( 1.000000000000000000, 0.000000000000000000, 0.000000000000000000 ) ) ;
#5959 = AXIS2_PLACEMENT_3D ( 'NONE', #7085, #3159, #10133 ) ;
#5960 = LINE ( 'NONE', #9991, #949 ) ;
#5961 = ORIENTED_EDGE ( 'NONE', *, *, #1411, .F. ) ;
#5962 = CARTESIAN_POINT ( 'NONE',  ( 1.040355339059327422, -0.3346456153152879698, 1.885355339059327395 ) ) ;
#5963 = EDGE_LOOP ( 'NONE', ( #3725, #4958, #1250, #1331 ) ) ;
#5964 = CARTESIAN_POINT ( 'NONE',  ( 0.5999999999912679627, -1.149999999973809972, 0.1499999999999999944 ) ) ;
#5965 = AXIS2_PLACEMENT_3D ( 'NONE', #319, #2700, #7246 ) ;
#5966 = ORIENTED_EDGE ( 'NONE', *, *, #9262, .T. ) ;
#5967 = ADVANCED_FACE ( 'NONE', ( #4382 ), #8882, .T. ) ;
#5968 = CARTESIAN_POINT ( 'NONE',  ( -0.6999999999999999556, 1.150000000072579853, 0.1499999999999999944 ) ) ;
#5969 = LINE ( 'NONE', #1426, #7534 ) ;
#5970 = AXIS2_PLACEMENT_3D ( 'NONE', #9507, #5422, #9567 ) ;
#5971 = VERTEX_POINT ( 'NONE', #1963 ) ;
#5972 = ORIENTED_EDGE ( 'NONE', *, *, #8316, .F. ) ;
#5973 = VERTEX_POINT ( 'NONE', #1916 ) ;
#5974 = ORIENTED_EDGE ( 'NONE', *, *, #3044, .F. ) ;
#5975 = ADVANCED_FACE ( 'NONE', ( #7367 ), #357, .T. ) ;
#5976 = CARTESIAN_POINT ( 'NONE',  ( 0.3750000000000000000, -1.350000000000000089, 1.199999999999999956 ) ) ;
#5977 = DIRECTION ( 'NONE',  ( 0.7071067811865482389, 0.000000000000000000, -0.7071067811865466846 ) ) ;
#5978 = VERTEX_POINT ( 'NONE', #4961 ) ;
#5979 = PLANE ( 'NONE',  #2720 ) ;
#5980 = CARTESIAN_POINT ( 'NONE',  ( -1.899999999999999911, -1.350000000000000089, 0.05000000000000000278 ) ) ;
#5981 = CARTESIAN_POINT ( 'NONE',  ( -0.3222667766999390282, 0.6049999999999999822, 1.850000000000000089 ) ) ;
#5982 = CYLINDRICAL_SURFACE ( 'NONE', #6427, 0.05000000000000001665 ) ;
#5983 = EDGE_LOOP ( 'NONE', ( #4428, #6861, #5020, #4302 ) ) ;
#5984 = VERTEX_POINT ( 'NONE', #5828 ) ;
#5985 = EDGE_CURVE ( 'NONE', #4442, #8454, #694, .T. ) ;
#5986 = ORIENTED_EDGE ( 'NONE', *, *, #3927, .F. ) ;
#5987 = CARTESIAN_POINT ( 'NONE',  ( -0.3222667766999390282, -0.7903553390593274219, 1.885355339059327395 ) ) ;
#5988 = ADVANCED_FACE ( 'NONE', ( #8250 ), #247, .F. ) ;
#5989 = CARTESIAN_POINT ( 'NONE',  ( 0.9455091451503230271, -0.5129938551276220782, 1.300000000000000044 ) ) ;
#5990 = CARTESIAN_POINT ( 'NONE',  ( -0.3222667766999390282, -0.6049999999999999822, 1.250000000000000000 ) ) ;
#5991 = DIRECTION ( 'NONE',  ( 1.000000000000000000, 0.000000000000000000, 0.000000000000000000 ) ) ;
#5992 = ORIENTED_EDGE ( 'NONE', *, *, #5733, .T. ) ;
#5993 = CARTESIAN_POINT ( 'NONE',  ( -0.8000000000000000444, -1.350000000000000089, 0.05000000000000000278 ) ) ;
#5994 = LINE ( 'NONE', #3682, #1084 ) ;
#5995 = EDGE_CURVE ( 'NONE', #1811, #7798, #4338, .T. ) ;
#5996 = ORIENTED_EDGE ( 'NONE', *, *, #5069, .F. ) ;
#5997 = DIRECTION ( 'NONE',  ( 0.5773502691896263972, -0.5773502691896242878, -0.5773502691896267303 ) ) ;
#5998 = CIRCLE ( 'NONE', #4850, 0.04999999999999991257 ) ;
#5999 = CARTESIAN_POINT ( 'NONE',  ( 0.3222667766999390282, -0.8451626137813800232, 0.000000000000000000 ) ) ;
#6000 = LINE ( 'NONE', #6683, #1630 ) ;
#6001 = DIRECTION ( 'NONE',  ( 1.000000000000000000, 0.000000000000000000, 0.000000000000000000 ) ) ;
#6002 = CARTESIAN_POINT ( 'NONE',  ( -1.899999999999999911, -1.350000000000000089, 1.199999999999999956 ) ) ;
#6003 = CARTESIAN_POINT ( 'NONE',  ( -2.100000000000000089, -1.036404544565270092, 0.1499999999999999944 ) ) ;
#6004 = DIRECTION ( 'NONE',  ( -0.5773502691896278405, -0.5773502691896235106, -0.5773502691896260641 ) ) ;
#6005 = ORIENTED_EDGE ( 'NONE', *, *, #9343, .F. ) ;
#6006 = DIRECTION ( 'NONE',  ( 2.055968564105149785E-16, -1.000000000000000000, 0.000000000000000000 ) ) ;
#6007 = ORIENTED_EDGE ( 'NONE', *, *, #914, .T. ) ;
#6008 = CIRCLE ( 'NONE', #9655, 0.05000000000000001665 ) ;
#6009 = ADVANCED_FACE ( 'NONE', ( #1038, #8140 ), #2733, .F. ) ;
#6010 = EDGE_CURVE ( 'NONE', #2087, #5047, #4291, .T. ) ;
#6011 = CARTESIAN_POINT ( 'NONE',  ( -0.8000000000000000444, 1.350000000000000089, 0.05000000000000000278 ) ) ;
#6012 = AXIS2_PLACEMENT_3D ( 'NONE', #7575, #5205, #8350 ) ;
#6013 = AXIS2_PLACEMENT_3D ( 'NONE', #3054, #9294, #7642 ) ;
#6014 = CARTESIAN_POINT ( 'NONE',  ( 0.000000000000000000, 0.000000000000000000, 0.000000000000000000 ) ) ;
#6015 = CARTESIAN_POINT ( 'NONE',  ( -1.149999999999999911, -1.100000000000000089, 0.000000000000000000 ) ) ;
#6016 = LINE ( 'NONE', #8294, #6190 ) ;
#6017 = ORIENTED_EDGE ( 'NONE', *, *, #2140, .T. ) ;
#6018 = ORIENTED_EDGE ( 'NONE', *, *, #5715, .T. ) ;
#6019 = ORIENTED_EDGE ( 'NONE', *, *, #5423, .F. ) ;
#6020 = EDGE_CURVE ( 'NONE', #655, #7816, #405, .T. ) ;
#6021 = AXIS2_PLACEMENT_3D ( 'NONE', #2481, #4844, #1649 ) ;
#6022 = CIRCLE ( 'NONE', #3216, 0.04999999999999991257 ) ;
#6023 = CARTESIAN_POINT ( 'NONE',  ( -0.7500000000000000000, 1.350000000000000089, 1.199999999999999956 ) ) ;
#6024 = CARTESIAN_POINT ( 'NONE',  ( -0.3687982286305056534, 0.7995117579511155093, 1.850000000000000089 ) ) ;
#6025 = DIRECTION ( 'NONE',  ( 0.000000000000000000, 0.000000000000000000, 1.000000000000000000 ) ) ;
#6026 = ORIENTED_EDGE ( 'NONE', *, *, #4625, .T. ) ;
#6027 = CYLINDRICAL_SURFACE ( 'NONE', #3205, 0.05000000000000007216 ) ;
#6028 = CYLINDRICAL_SURFACE ( 'NONE', #5198, 0.05000000000000007216 ) ;
#6029 = CARTESIAN_POINT ( 'NONE',  ( 0.5999999999912679627, -1.149999999973809972, 0.000000000000000000 ) ) ;
#6030 = PRESENTATION_STYLE_ASSIGNMENT (( #6133 ) ) ;
#6031 = ORIENTED_EDGE ( 'NONE', *, *, #3685, .F. ) ;
#6032 = ORIENTED_EDGE ( 'NONE', *, *, #8719, .T. ) ;
#6033 = ADVANCED_FACE ( 'NONE', ( #6707 ), #9864, .T. ) ;
#6034 = EDGE_LOOP ( 'NONE', ( #312, #3585, #5306, #1024 ) ) ;
#6035 = ORIENTED_EDGE ( 'NONE', *, *, #1531, .F. ) ;
#6036 = DIRECTION ( 'NONE',  ( -1.000000000000000000, 0.000000000000000000, 0.000000000000000000 ) ) ;
#6037 = CYLINDRICAL_SURFACE ( 'NONE', #5147, 0.05000000000000007216 ) ;
#6038 = DIRECTION ( 'NONE',  ( 1.000000000000000000, 0.000000000000000000, 0.000000000000000000 ) ) ;
#6039 = ORIENTED_EDGE ( 'NONE', *, *, #4310, .T. ) ;
#6040 = CARTESIAN_POINT ( 'NONE',  ( -0.8549999999999999822, 0.3346456153152879698, 0.000000000000000000 ) ) ;
#6041 = EDGE_CURVE ( 'NONE', #7472, #3203, #201, .T. ) ;
#6042 = EDGE_CURVE ( 'NONE', #1334, #9329, #8300, .T. ) ;
#6043 = DIRECTION ( 'NONE',  ( 1.000000000000000000, 0.000000000000000000, 0.000000000000000000 ) ) ;
#6044 = VERTEX_POINT ( 'NONE', #203 ) ;
#6045 = CIRCLE ( 'NONE', #10177, 0.1999999999999998446 ) ;
#6046 = VECTOR ( 'NONE', #8266, 1000.000000000000000 ) ;
#6047 = DIRECTION ( 'NONE',  ( 0.000000000000000000, 0.000000000000000000, -1.000000000000000000 ) ) ;
#6048 = ADVANCED_FACE ( 'NONE', ( #3351 ), #6508, .T. ) ;
#6049 = DIRECTION ( 'NONE',  ( 0.000000000000000000, -1.000000000000000000, 0.000000000000000000 ) ) ;
#6050 = DIRECTION ( 'NONE',  ( 0.000000000000000000, 0.000000000000000000, 1.000000000000000000 ) ) ;
#6051 = DIRECTION ( 'NONE',  ( 0.000000000000000000, 0.000000000000000000, -1.000000000000000000 ) ) ;
#6052 = ORIENTED_EDGE ( 'NONE', *, *, #7754, .T. ) ;
#6053 = DIRECTION ( 'NONE',  ( 0.000000000000000000, 1.000000000000000000, 0.000000000000000000 ) ) ;
#6054 = ORIENTED_EDGE ( 'NONE', *, *, #9353, .F. ) ;
#6055 = DIRECTION ( 'NONE',  ( 1.000000000000000000, 0.000000000000000000, 0.000000000000000000 ) ) ;
#6056 = VECTOR ( 'NONE', #2419, 1000.000000000000000 ) ;
#6057 = CARTESIAN_POINT ( 'NONE',  ( 1.899999999999999911, 1.350000000000000089, 1.199999999999999956 ) ) ;
#6058 = LINE ( 'NONE', #1424, #5416 ) ;
#6059 = VECTOR ( 'NONE', #1561, 1000.000000000000114 ) ;
#6060 = EDGE_CURVE ( 'NONE', #1419, #9022, #7452, .T. ) ;
#6061 = VECTOR ( 'NONE', #6087, 1000.000000000000000 ) ;
#6062 = EDGE_CURVE ( 'NONE', #118, #5376, #5397, .T. ) ;
#6063 = DIRECTION ( 'NONE',  ( -1.000000000000000000, 0.000000000000000000, 0.000000000000000000 ) ) ;
#6064 = DIRECTION ( 'NONE',  ( 0.000000000000000000, 0.000000000000000000, 1.000000000000000000 ) ) ;
#6065 = CARTESIAN_POINT ( 'NONE',  ( 1.095162613781379912, 0.3346456153152879698, 0.000000000000000000 ) ) ;
#6066 = VERTEX_POINT ( 'NONE', #7668 ) ;
#6067 = ORIENTED_EDGE ( 'NONE', *, *, #9568, .T. ) ;
#6068 = SHAPE_REPRESENTATION ( 'pin 1.STEP', ( #7728 ), #6101 ) ;
#6069 = ORIENTED_EDGE ( 'NONE', *, *, #1646, .F. ) ;
#6070 = VECTOR ( 'NONE', #2483, 1000.000000000000000 ) ;
#6071 = VECTOR ( 'NONE', #4776, 1000.000000000000000 ) ;
#6072 = CIRCLE ( 'NONE', #5561, 0.04999999999999991257 ) ;
#6073 = ADVANCED_FACE ( 'NONE', ( #2166 ), #9964, .T. ) ;
#6074 = LINE ( 'NONE', #813, #1481 ) ;
#6075 = EDGE_CURVE ( 'NONE', #5156, #7916, #5814, .T. ) ;
#6076 = VECTOR ( 'NONE', #1442, 1000.000000000000000 ) ;
#6077 = LINE ( 'NONE', #2318, #112 ) ;
#6078 = ORIENTED_EDGE ( 'NONE', *, *, #9038, .T. ) ;
#6079 = CLOSED_SHELL ( 'NONE', ( #2550, #1177, #4568, #9045, #1163, #6806, #8651, #210, #8082, #6333, #4710, #382, #6523, #4556, #2766, #9330, #6509, #271, #6126, #1109, #8183, #6137, #6974, #3954, #2521, #299, #2708, #9681, #9883, #3680, #8362, #5988, #4154, #449, #2349, #9743, #4179, #1200, #1261, #5802, #8547, #8400, #2499, #3773, #2295, #3660, #9941, #5307, #2867, #7389, #4492, #9722, #3867, #734, #1623, #759, #7622, #6500, #4818, #9071, #2131, #710, #8506, #9860, #6048, #9433, #8265, #7377, #1486, #9795, #7155, #6447, #3641, #4896, #9783, #937, #9850, #8848, #5694, #2738, #5669, #3908, #6033, #4660, #5826, #5218, #6773, #8273, #2817, #702, #2093, #5975, #998, #1583, #8862, #7355, #7437, #6256, #2594, #771, #2292, #6473, #5770, #6816, #4711, #3555, #2510, #3995, #4613, #9260, #2743, #6657, #3063, #5273, #7449, #1901, #626, #4671, #4886, #8687, #1881, #1275, #5239, #8574, #261, #3464, #1797, #524, #6555, #3833, #165, #1164, #6089, #2393, #1535, #58, #5871, #7554, #4500, #5685, #8978, #962, #7933, #9631, #5434, #2995, #6645, #3176, #629, #10097, #10138, #8653, #9767, #429, #953, #8180, #5193, #578, #7507, #7417, #6404, #8249, #9916, #7215, #7066, #5836, #5112, #9406, #4863, #4467, #7093, #150, #3576, #6138, #5597, #4111, #8772, #8714, #9693, #8629, #7948, #9680, #6741, #7678, #8236, #8813, #9897, #1844, #2337, #5553, #4258, #6421, #1398, #6826, #8086, #4946, #2231, #2861, #3304, #3496, #4053, #5062, #3485, #7030, #1358, #4739, #7628, #9590, #8533, #4354, #366, #4127, #6149, #454, #3695, #1383, #9745, #7104, #10156, #4303, #2263, #11, #1288 ) ) ;
#6080 = DIRECTION ( 'NONE',  ( -1.000000000000000000, 0.000000000000000000, 0.000000000000000000 ) ) ;
#6081 = CARTESIAN_POINT ( 'NONE',  ( -0.6999999999999999556, -1.185355339059327440, 0.01464466094067265987 ) ) ;
#6082 = LINE ( 'NONE', #9922, #9383 ) ;
#6083 = VERTEX_POINT ( 'NONE', #455 ) ;
#6084 = VERTEX_POINT ( 'NONE', #9323 ) ;
#6085 = AXIS2_PLACEMENT_3D ( 'NONE', #5142, #2911, #6051 ) ;
#6086 = AXIS2_PLACEMENT_3D ( 'NONE', #1889, #6580, #6631 ) ;
#6087 = DIRECTION ( 'NONE',  ( 0.000000000000000000, 0.000000000000000000, 1.000000000000000000 ) ) ;
#6088 = DIRECTION ( 'NONE',  ( 0.000000000000000000, 0.000000000000000000, 1.000000000000000000 ) ) ;
#6089 = ADVANCED_FACE ( 'NONE', ( #3029 ), #6901, .T. ) ;
#6090 = CARTESIAN_POINT ( 'NONE',  ( -0.9388817664365407545, -0.4999346076205353206, 1.885355339059327617 ) ) ;
#6091 = CARTESIAN_POINT ( 'NONE',  ( -0.9636845643521000371, 0.5488085124984810603, 0.000000000000000000 ) ) ;
#6092 = AXIS2_PLACEMENT_3D ( 'NONE', #2624, #8437, #6889 ) ;
#6093 = ORIENTED_EDGE ( 'NONE', *, *, #2402, .F. ) ;
#6094 = LINE ( 'NONE', #2335, #1467 ) ;
#6095 = AXIS2_PLACEMENT_3D ( 'NONE', #9581, #2609, #855 ) ;
#6096 = VERTEX_POINT ( 'NONE', #3805 ) ;
#6097 = ORIENTED_EDGE ( 'NONE', *, *, #4934, .T. ) ;
#6098 = LINE ( 'NONE', #2088, #9644 ) ;
#6099 = ORIENTED_EDGE ( 'NONE', *, *, #1964, .F. ) ;
#6100 = AXIS2_PLACEMENT_3D ( 'NONE', #9203, #2041, #2193 ) ;
#6101 =( GEOMETRIC_REPRESENTATION_CONTEXT ( 3 ) GLOBAL_UNCERTAINTY_ASSIGNED_CONTEXT ( ( #2606 ) ) GLOBAL_UNIT_ASSIGNED_CONTEXT ( ( #9263, #7889, #7128 ) ) REPRESENTATION_CONTEXT ( 'NONE', 'WORKASPACE' ) );
#6102 = CYLINDRICAL_SURFACE ( 'NONE', #4122, 0.05000000000000007216 ) ;
#6103 = EDGE_CURVE ( 'NONE', #7208, #7115, #5202, .T. ) ;
#6104 = CARTESIAN_POINT ( 'NONE',  ( 0.9681364314379040659, 0.5575809150807050640, 1.300000000000000044 ) ) ;
#6105 = CARTESIAN_POINT ( 'NONE',  ( 1.899999999999999911, -1.385355339059327395, 0.01464466094067265987 ) ) ;
#6106 = CARTESIAN_POINT ( 'NONE',  ( 0.3222667766999390282, -0.6049999999999999822, 1.850000000000000089 ) ) ;
#6107 = DIRECTION ( 'NONE',  ( 0.000000000000000000, 0.000000000000000000, 1.000000000000000000 ) ) ;
#6108 = AXIS2_PLACEMENT_3D ( 'NONE', #5128, #2600, #5739 ) ;
#6109 = ORIENTED_EDGE ( 'NONE', *, *, #927, .T. ) ;
#6110 = DIRECTION ( 'NONE',  ( 0.7071067811865482389, 0.000000000000000000, 0.7071067811865466846 ) ) ;
#6111 = EDGE_LOOP ( 'NONE', ( #7997, #8214, #8230, #10046 ) ) ;
#6112 = CARTESIAN_POINT ( 'NONE',  ( 0.000000000000000000, 1.149999999973809972, 0.000000000000000000 ) ) ;
#6113 = EDGE_CURVE ( 'NONE', #6848, #3977, #7617, .T. ) ;
#6114 = PLANE ( 'NONE',  #8520 ) ;
#6115 = AXIS2_PLACEMENT_3D ( 'NONE', #9932, #2854, #2082 ) ;
#6116 = DIRECTION ( 'NONE',  ( 0.7071067811865496822, -0.7071067811865453523, 0.000000000000000000 ) ) ;
#6117 = EDGE_CURVE ( 'NONE', #3203, #4655, #8441, .T. ) ;
#6118 = CIRCLE ( 'NONE', #3321, 0.04999999999999991257 ) ;
#6119 = FACE_OUTER_BOUND ( 'NONE', #6650, .T. ) ;
#6120 = LINE ( 'NONE', #3699, #7026 ) ;
#6121 = ORIENTED_EDGE ( 'NONE', *, *, #7206, .F. ) ;
#6122 = ORIENTED_EDGE ( 'NONE', *, *, #7937, .F. ) ;
#6123 = ORIENTED_EDGE ( 'NONE', *, *, #5180, .F. ) ;
#6124 = CIRCLE ( 'NONE', #9426, 0.04999999999999991257 ) ;
#6125 = EDGE_CURVE ( 'NONE', #5705, #7325, #3671, .T. ) ;
#6126 = ADVANCED_FACE ( 'NONE', ( #6951 ), #3659, .F. ) ;
#6127 = CARTESIAN_POINT ( 'NONE',  ( 0.6999999999999999556, 1.250000000000000000, 0.000000000000000000 ) ) ;
#6128 = VECTOR ( 'NONE', #4144, 1000.000000000000000 ) ;
#6129 = CARTESIAN_POINT ( 'NONE',  ( 0.6999999999999999556, 1.250000000000000000, 0.05000000000000000278 ) ) ;
#6130 = CARTESIAN_POINT ( 'NONE',  ( 0.4080121480153949820, -0.8418358655296350745, 1.250000000000000000 ) ) ;
#6131 = CARTESIAN_POINT ( 'NONE',  ( -0.8000000000000000444, -1.399999999999999911, 1.199999999999999956 ) ) ;
#6132 = CARTESIAN_POINT ( 'NONE',  ( -0.3627575754402329600, 0.7526617456234679926, 1.899999999999999911 ) ) ;
#6133 = SURFACE_STYLE_USAGE ( .BOTH. , #1494 ) ;
#6134 = ORIENTED_EDGE ( 'NONE', *, *, #9480, .F. ) ;
#6135 = DIRECTION ( 'NONE',  ( 1.000000000000000000, 0.000000000000000000, 0.000000000000000000 ) ) ;
#6136 = ORIENTED_EDGE ( 'NONE', *, *, #113, .F. ) ;
#6137 = ADVANCED_FACE ( 'NONE', ( #5345 ), #8494, .T. ) ;
#6138 = ADVANCED_FACE ( 'NONE', ( #6757 ), #9915, .F. ) ;
#6139 = AXIS2_PLACEMENT_3D ( 'NONE', #5976, #4570, #3607 ) ;
#6140 = ORIENTED_EDGE ( 'NONE', *, *, #2575, .F. ) ;
#6141 = DIRECTION ( 'NONE',  ( 0.000000000000000000, 0.000000000000000000, 1.000000000000000000 ) ) ;
#6142 = VERTEX_POINT ( 'NONE', #1289 ) ;
#6143 = CARTESIAN_POINT ( 'NONE',  ( -1.949999999999999956, -1.036404544565270092, 0.000000000000000000 ) ) ;
#6144 = CARTESIAN_POINT ( 'NONE',  ( 0.7500000000000000000, 1.350000000000000089, 0.05000000000000000278 ) ) ;
#6145 = VERTEX_POINT ( 'NONE', #6024 ) ;
#6146 = ORIENTED_EDGE ( 'NONE', *, *, #9304, .F. ) ;
#6147 = DIRECTION ( 'NONE',  ( 0.000000000000000000, -1.000000000000000000, 0.000000000000000000 ) ) ;
#6148 = ORIENTED_EDGE ( 'NONE', *, *, #10115, .F. ) ;
#6149 = ADVANCED_FACE ( 'NONE', ( #2115 ), #5251, .F. ) ;
#6150 = CARTESIAN_POINT ( 'NONE',  ( -1.935355339059327440, 0.4364045445652700028, -0.01464466094067265987 ) ) ;
#6151 = CARTESIAN_POINT ( 'NONE',  ( 0.7500000000000000000, -1.250000000000000000, 1.199999999999999956 ) ) ;
#6152 = CARTESIAN_POINT ( 'NONE',  ( -0.9636845643521000371, 0.5488085124984810603, 0.1499999999999999944 ) ) ;
#6153 = CARTESIAN_POINT ( 'NONE',  ( -0.8000000000000000444, -1.350000000000000089, 0.05000000000000000278 ) ) ;
#6154 = ORIENTED_EDGE ( 'NONE', *, *, #9169, .F. ) ;
#6155 = DIRECTION ( 'NONE',  ( 0.000000000000000000, -1.000000000000000000, 0.000000000000000000 ) ) ;
#6156 = EDGE_LOOP ( 'NONE', ( #6792, #3691, #2123, #8395 ) ) ;
#6157 = DIRECTION ( 'NONE',  ( 0.000000000000000000, 0.000000000000000000, 1.000000000000000000 ) ) ;
#6158 = EDGE_CURVE ( 'NONE', #7413, #1701, #9438, .T. ) ;
#6159 = VERTEX_POINT ( 'NONE', #4509 ) ;
#6160 = PLANE ( 'NONE',  #4907 ) ;
#6161 = DIRECTION ( 'NONE',  ( -0.7071067811865457964, -0.7071067811865491270, 1.609823385706477378E-15 ) ) ;
#6162 = CARTESIAN_POINT ( 'NONE',  ( -0.3750000000000000000, -1.149999999999999911, 1.250000000000000000 ) ) ;
#6163 = AXIS2_PLACEMENT_3D ( 'NONE', #6298, #7014, #9453 ) ;
#6164 = AXIS2_PLACEMENT_3D ( 'NONE', #6432, #6483, #9577 ) ;
#6165 = CARTESIAN_POINT ( 'NONE',  ( -2.299999999999999822, 1.100000000000000089, 0.2000000000000000111 ) ) ;
#6166 = EDGE_LOOP ( 'NONE', ( #7931, #7580, #7932, #1545, #5843, #1189 ) ) ;
#6167 = SHAPE_DEFINITION_REPRESENTATION ( #251, #1923 ) ;
#6168 = ORIENTED_EDGE ( 'NONE', *, *, #856, .T. ) ;
#6169 = EDGE_LOOP ( 'NONE', ( #2892, #2375, #3174, #9188 ) ) ;
#6170 = ADVANCED_FACE ( 'NONE', ( #544 ), #6941, .F. ) ;
#6171 = EDGE_CURVE ( 'NONE', #4390, #3852, #1374, .T. ) ;
#6172 = CARTESIAN_POINT ( 'NONE',  ( 0.3222667766999390282, -0.6049999999999999822, 0.1499999999999999944 ) ) ;
#6173 = VECTOR ( 'NONE', #3560, 1000.000000000000000 ) ;
#6174 = CIRCLE ( 'NONE', #3384, 0.04999999999999991257 ) ;
#6175 = DIRECTION ( 'NONE',  ( 0.000000000000000000, 0.000000000000000000, 1.000000000000000000 ) ) ;
#6176 = DIRECTION ( 'NONE',  ( 0.000000000000000000, 0.000000000000000000, 1.000000000000000000 ) ) ;
#6177 = EDGE_CURVE ( 'NONE', #5846, #5778, #4337, .T. ) ;
#6178 = DIRECTION ( 'NONE',  ( 0.000000000000000000, 0.000000000000000000, 1.000000000000000000 ) ) ;
#6179 = CARTESIAN_POINT ( 'NONE',  ( -0.8000000000000000444, 1.350000000000000089, 0.05000000000000000278 ) ) ;
#6180 = DIRECTION ( 'NONE',  ( -9.912705577010339108E-17, 1.000000000000000000, -9.912705577010350201E-17 ) ) ;
#6181 = ORIENTED_EDGE ( 'NONE', *, *, #10039, .T. ) ;
#6182 = VECTOR ( 'NONE', #8351, 1000.000000000000000 ) ;
#6183 = ORIENTED_EDGE ( 'NONE', *, *, #5488, .F. ) ;
#6184 = CARTESIAN_POINT ( 'NONE',  ( -0.7500000000000000000, -1.350000000000000089, 0.000000000000000000 ) ) ;
#6185 = ORIENTED_EDGE ( 'NONE', *, *, #1412, .F. ) ;
#6186 = ORIENTED_EDGE ( 'NONE', *, *, #5531, .F. ) ;
#6187 = DIRECTION ( 'NONE',  ( 0.000000000000000000, 0.000000000000000000, -1.000000000000000000 ) ) ;
#6188 = CARTESIAN_POINT ( 'NONE',  ( 0.7500000000000000000, 1.250000000000000000, 0.000000000000000000 ) ) ;
#6189 = DIRECTION ( 'NONE',  ( 0.7071067811865474617, -0.7071067811865474617, 0.000000000000000000 ) ) ;
#6190 = VECTOR ( 'NONE', #7508, 1000.000000000000000 ) ;
#6191 = EDGE_CURVE ( 'NONE', #3247, #4631, #6439, .T. ) ;
#6192 = CARTESIAN_POINT ( 'NONE',  ( 0.3750000000000000000, 1.199999999999999956, 1.199999999999999956 ) ) ;
#6193 = CARTESIAN_POINT ( 'NONE',  ( 1.899999999999999911, -1.100000000000000089, 0.05000000000000000278 ) ) ;
#6194 = DIRECTION ( 'NONE',  ( -0.7071067811865482389, 0.000000000000000000, 0.7071067811865466846 ) ) ;
#6195 = EDGE_CURVE ( 'NONE', #8259, #3318, #7998, .T. ) ;
#6196 = DIRECTION ( 'NONE',  ( 0.000000000000000000, 0.000000000000000000, -1.000000000000000000 ) ) ;
#6197 = VERTEX_POINT ( 'NONE', #5518 ) ;
#6198 = DIRECTION ( 'NONE',  ( 0.4525457257516167786, 0.8917411990616684880, 0.000000000000000000 ) ) ;
#6199 = VERTEX_POINT ( 'NONE', #7786 ) ;
#6200 = EDGE_LOOP ( 'NONE', ( #2795, #6807, #3714, #4812 ) ) ;
#6201 = PRODUCT_RELATED_PRODUCT_CATEGORY ( 'part', '', ( #6695 ) ) ;
#6202 = DIRECTION ( 'NONE',  ( 1.000000000000000000, 0.000000000000000000, 0.000000000000000000 ) ) ;
#6203 = DIRECTION ( 'NONE',  ( 0.000000000000000000, 1.000000000000000000, 0.000000000000000000 ) ) ;
#6204 = CARTESIAN_POINT ( 'NONE',  ( -1.899999999999999911, -0.5000000000000000000, 0.05000000000000000278 ) ) ;
#6205 = EDGE_CURVE ( 'NONE', #7418, #3217, #5641, .T. ) ;
#6206 = DIRECTION ( 'NONE',  ( -0.7071067811865482389, 0.000000000000000000, 0.7071067811865466846 ) ) ;
#6207 = DIRECTION ( 'NONE',  ( -0.5773502691896270633, -0.5773502691896248429, -0.5773502691896252870 ) ) ;
#6208 = EDGE_LOOP ( 'NONE', ( #1485, #7523, #8874, #4380 ) ) ;
#6209 = DIRECTION ( 'NONE',  ( 0.000000000000000000, 0.000000000000000000, -1.000000000000000000 ) ) ;
#6210 = ORIENTED_EDGE ( 'NONE', *, *, #1411, .T. ) ;
#6211 = PRODUCT_DEFINITION_CONTEXT ( 'detailed design', #8479, 'design' ) ;
#6212 = DIRECTION ( 'NONE',  ( 0.000000000000000000, 0.000000000000000000, -1.000000000000000000 ) ) ;
#6213 = CARTESIAN_POINT ( 'NONE',  ( 0.3222667766999390282, -0.8451626137813800232, 0.1499999999999999944 ) ) ;
#6214 = EDGE_CURVE ( 'NONE', #2942, #3358, #2286, .T. ) ;
#6215 = CARTESIAN_POINT ( 'NONE',  ( 0.3222667766999390282, 0.6049999999999999822, 1.899999999999999911 ) ) ;
#6216 = AXIS2_PLACEMENT_3D ( 'NONE', #854, #3792, #7035 ) ;
#6217 = CARTESIAN_POINT ( 'NONE',  ( 0.8000000000000000444, -0.5999999999999999778, 0.05000000000000000278 ) ) ;
#6218 = VECTOR ( 'NONE', #7265, 1000.000000000000114 ) ;
#6219 = CARTESIAN_POINT ( 'NONE',  ( -1.900000000011639933, 0.4364045445652700028, 0.000000000000000000 ) ) ;
#6220 = EDGE_LOOP ( 'NONE', ( #9120, #2313, #3465, #3592 ) ) ;
#6221 = ITEM_DEFINED_TRANSFORMATION ( 'NONE', 'NONE', #2975,  #7728 ) ;
#6222 = ORIENTED_EDGE ( 'NONE', *, *, #7020, .T. ) ;
#6223 = ORIENTED_EDGE ( 'NONE', *, *, #7796, .T. ) ;
#6224 = AXIS2_PLACEMENT_3D ( 'NONE', #5127, #8267, #7434 ) ;
#6225 = VECTOR ( 'NONE', #3901, 1000.000000000000000 ) ;
#6226 = EDGE_CURVE ( 'NONE', #8048, #4173, #8733, .T. ) ;
#6227 = DIRECTION ( 'NONE',  ( 0.000000000000000000, 0.000000000000000000, 1.000000000000000000 ) ) ;
#6228 = CARTESIAN_POINT ( 'NONE',  ( 2.299999999999999822, -0.5000000000000000000, 0.000000000000000000 ) ) ;
#6229 = CARTESIAN_POINT ( 'NONE',  ( -1.899999999999999911, 0.5000000000000000000, 0.000000000000000000 ) ) ;
#6230 = DIRECTION ( 'NONE',  ( -0.000000000000000000, 1.000000000000000000, 0.000000000000000000 ) ) ;
#6231 = ORIENTED_EDGE ( 'NONE', *, *, #5192, .F. ) ;
#6232 = CARTESIAN_POINT ( 'NONE',  ( -2.100000000000000089, -0.2182022722942769943, 0.000000000000000000 ) ) ;
#6233 = VECTOR ( 'NONE', #9586, 1000.000000000000000 ) ;
#6234 = ORIENTED_EDGE ( 'NONE', *, *, #8802, .T. ) ;
#6235 = AXIS2_PLACEMENT_3D ( 'NONE', #142, #7815, #33 ) ;
#6236 = LINE ( 'NONE', #9391, #4358 ) ;
#6237 = VERTEX_POINT ( 'NONE', #4644 ) ;
#6238 = VERTEX_POINT ( 'NONE', #5568 ) ;
#6239 = EDGE_CURVE ( 'NONE', #2437, #1752, #2192, .T. ) ;
#6240 = CARTESIAN_POINT ( 'NONE',  ( 0.3222667766999390282, -0.8549999999999999822, 1.250000000000000000 ) ) ;
#6241 = PRESENTATION_LAYER_ASSIGNMENT (  '', '', ( #3610 ) ) ;
#6242 = DIRECTION ( 'NONE',  ( 0.000000000000000000, 0.000000000000000000, -1.000000000000000000 ) ) ;
#6243 = DIRECTION ( 'NONE',  ( 0.7071067811865482389, 0.000000000000000000, -0.7071067811865466846 ) ) ;
#6244 = DIRECTION ( 'NONE',  ( 0.000000000000000000, -1.000000000000000000, 0.000000000000000000 ) ) ;
#6245 = DIRECTION ( 'NONE',  ( 0.000000000000000000, 0.000000000000000000, -1.000000000000000000 ) ) ;
#6246 = FACE_OUTER_BOUND ( 'NONE', #8286, .T. ) ;
#6247 = DIRECTION ( 'NONE',  ( 1.000000000000000000, 0.000000000000000000, 0.000000000000000000 ) ) ;
#6248 = VERTEX_POINT ( 'NONE', #8673 ) ;
#6249 = CARTESIAN_POINT ( 'NONE',  ( -0.8000000000000000444, -1.385355339059327395, 1.235355339059327262 ) ) ;
#6250 = AXIS2_PLACEMENT_3D ( 'NONE', #1213, #9682, #9054 ) ;
#6251 = ORIENTED_EDGE ( 'NONE', *, *, #7741, .T. ) ;
#6252 = ORIENTED_EDGE ( 'NONE', *, *, #6103, .F. ) ;
#6253 = EDGE_CURVE ( 'NONE', #1700, #3103, #9617, .T. ) ;
#6254 = CYLINDRICAL_SURFACE ( 'NONE', #9224, 0.05000000000000007216 ) ;
#6255 = PLANE ( 'NONE',  #1991 ) ;
#6256 = ADVANCED_FACE ( 'NONE', ( #1609 ), #4813, .T. ) ;
#6257 = DIRECTION ( 'NONE',  ( 0.000000000000000000, 0.000000000000000000, 1.000000000000000000 ) ) ;
#6258 = DIRECTION ( 'NONE',  ( 1.000000000000000000, 0.000000000000000000, 0.000000000000000000 ) ) ;
#6259 = DIRECTION ( 'NONE',  ( 0.7071067811865474617, -0.7071067811865474617, 0.000000000000000000 ) ) ;
#6260 = CARTESIAN_POINT ( 'NONE',  ( -1.104999999999999982, 0.3346456153152879698, 1.250000000000000000 ) ) ;
#6261 = FACE_OUTER_BOUND ( 'NONE', #6166, .T. ) ;
#6262 = ORIENTED_EDGE ( 'NONE', *, *, #2315, .T. ) ;
#6263 = CARTESIAN_POINT ( 'NONE',  ( -0.7052020075671829868, -0.5788761627328729009, 1.850000000000000089 ) ) ;
#6264 = CIRCLE ( 'NONE', #2973, 0.1500000000000000500 ) ;
#6265 = AXIS2_PLACEMENT_3D ( 'NONE', #656, #4780, #806 ) ;
#6266 = EDGE_CURVE ( 'NONE', #390, #9549, #2686, .T. ) ;
#6267 = ORIENTED_EDGE ( 'NONE', *, *, #6565, .F. ) ;
#6268 = CARTESIAN_POINT ( 'NONE',  ( -0.8549999999999999822, 0.3346456153152879698, 1.850000000000000089 ) ) ;
#6269 = DIRECTION ( 'NONE',  ( -1.000000000000000000, -7.116814260417669499E-17, 0.000000000000000000 ) ) ;
#6270 = LINE ( 'NONE', #7147, #6781 ) ;
#6271 = CIRCLE ( 'NONE', #5279, 0.04999999999999991257 ) ;
#6272 = CYLINDRICAL_SURFACE ( 'NONE', #2453, 0.04999999999999998196 ) ;
#6273 = DIRECTION ( 'NONE',  ( 0.000000000000000000, 1.000000000000000000, 0.000000000000000000 ) ) ;
#6274 = CARTESIAN_POINT ( 'NONE',  ( 1.999999999969439779, -0.8364045445652710242, -0.7500000000000000000 ) ) ;
#6275 = VERTEX_POINT ( 'NONE', #3261 ) ;
#6276 = ITEM_DEFINED_TRANSFORMATION ( 'NONE', 'NONE', #1835,  #1000 ) ;
#6277 = ORIENTED_EDGE ( 'NONE', *, *, #4208, .F. ) ;
#6278 = VERTEX_POINT ( 'NONE', #2502 ) ;
#6279 = EDGE_CURVE ( 'NONE', #2198, #1160, #7768, .T. ) ;
#6280 = CARTESIAN_POINT ( 'NONE',  ( -1.949999999999999956, 1.100000000000000089, 0.05000000000000000278 ) ) ;
#6281 = ORIENTED_EDGE ( 'NONE', *, *, #4721, .F. ) ;
#6282 = CARTESIAN_POINT ( 'NONE',  ( 1.899999999999999911, -0.5000000000000000000, 0.05000000000000000278 ) ) ;
#6283 = CARTESIAN_POINT ( 'NONE',  ( -1.949999999999999956, -1.399999999999999911, 0.000000000000000000 ) ) ;
#6284 = CARTESIAN_POINT ( 'NONE',  ( -1.900000000011639933, 1.349999999973810150, 0.000000000000000000 ) ) ;
#6285 = CARTESIAN_POINT ( 'NONE',  ( 0.9749999999999999778, 1.350000000000000089, 0.05000000000000000278 ) ) ;
#6286 = CIRCLE ( 'NONE', #3657, 0.04999999999999991257 ) ;
#6287 = DIRECTION ( 'NONE',  ( -0.7071067811865474617, 0.000000000000000000, 0.7071067811865474617 ) ) ;
#6288 = ORIENTED_EDGE ( 'NONE', *, *, #5433, .F. ) ;
#6289 = SPHERICAL_SURFACE ( 'NONE', #4507, 0.05000000000000000278 ) ;
#6290 = ORIENTED_EDGE ( 'NONE', *, *, #7460, .F. ) ;
#6291 = EDGE_CURVE ( 'NONE', #8107, #5978, #2848, .T. ) ;
#6292 = ORIENTED_EDGE ( 'NONE', *, *, #6704, .T. ) ;
#6293 = DIRECTION ( 'NONE',  ( 1.000000000000000000, 0.000000000000000000, 0.000000000000000000 ) ) ;
#6294 = VECTOR ( 'NONE', #8361, 1000.000000000000000 ) ;
#6295 = ORIENTED_EDGE ( 'NONE', *, *, #464, .F. ) ;
#6296 = CARTESIAN_POINT ( 'NONE',  ( -0.3750000000000000000, 1.399999999999999911, 1.199999999999999956 ) ) ;
#6297 = CARTESIAN_POINT ( 'NONE',  ( 2.100000000000000089, -1.036404544565270092, 0.000000000000000000 ) ) ;
#6298 = CARTESIAN_POINT ( 'NONE',  ( -1.899999999999999911, 1.350000000000000089, 0.05000000000000000278 ) ) ;
#6299 = DIRECTION ( 'NONE',  ( -1.000000000000000000, -2.055968564105149785E-16, 0.000000000000000000 ) ) ;
#6300 = LINE ( 'NONE', #8670, #5343 ) ;
#6301 = DIRECTION ( 'NONE',  ( 0.000000000000000000, 0.000000000000000000, 1.000000000000000000 ) ) ;
#6302 = ORIENTED_EDGE ( 'NONE', *, *, #7328, .T. ) ;
#6303 = AXIS2_PLACEMENT_3D ( 'NONE', #3153, #7890, #1729 ) ;
#6304 = DIRECTION ( 'NONE',  ( 0.5773502691896273964, -0.5773502691896273964, -0.5773502691896225114 ) ) ;
#6305 = VERTEX_POINT ( 'NONE', #8789 ) ;
#6306 = DIRECTION ( 'NONE',  ( -1.000000000000000000, 0.000000000000000000, 0.000000000000000000 ) ) ;
#6307 = DIRECTION ( 'NONE',  ( -1.000000000000000000, 0.000000000000000000, 0.000000000000000000 ) ) ;
#6308 = FACE_OUTER_BOUND ( 'NONE', #8199, .T. ) ;
#6309 = DIRECTION ( 'NONE',  ( -1.000000000000000000, 0.000000000000000000, 0.000000000000000000 ) ) ;
#6310 = ADVANCED_FACE ( 'NONE', ( #3989 ), #938, .T. ) ;
#6311 = DIRECTION ( 'NONE',  ( 0.000000000000000000, 1.000000000000000000, 0.000000000000000000 ) ) ;
#6312 = ORIENTED_EDGE ( 'NONE', *, *, #5351, .F. ) ;
#6313 =( NAMED_UNIT ( * ) SI_UNIT ( $, .STERADIAN. ) SOLID_ANGLE_UNIT ( ) );
#6314 = VERTEX_POINT ( 'NONE', #50 ) ;
#6315 = DIRECTION ( 'NONE',  ( 1.000000000000000000, 0.000000000000000000, 0.000000000000000000 ) ) ;
#6316 = DIRECTION ( 'NONE',  ( 0.000000000000000000, 0.000000000000000000, 1.000000000000000000 ) ) ;
#6317 = DIRECTION ( 'NONE',  ( 1.000000000000000000, 0.000000000000000000, 0.000000000000000000 ) ) ;
#6318 = DIRECTION ( 'NONE',  ( 0.000000000000000000, 0.000000000000000000, 1.000000000000000000 ) ) ;
#6319 = EDGE_CURVE ( 'NONE', #6314, #9970, #3201, .T. ) ;
#6320 = DIRECTION ( 'NONE',  ( 0.000000000000000000, 0.000000000000000000, 1.000000000000000000 ) ) ;
#6321 = EDGE_CURVE ( 'NONE', #5973, #5153, #9348, .T. ) ;
#6322 = DIRECTION ( 'NONE',  ( 1.000000000000000000, 0.000000000000000000, 0.000000000000000000 ) ) ;
#6323 = ORIENTED_EDGE ( 'NONE', *, *, #8698, .T. ) ;
#6324 = APPLICATION_PROTOCOL_DEFINITION ( 'draft international standard', 'automotive_design', 1998, #37 ) ;
#6325 = ORIENTED_EDGE ( 'NONE', *, *, #5265, .T. ) ;
#6326 = VECTOR ( 'NONE', #10113, 1000.000000000000000 ) ;
#6327 = VERTEX_POINT ( 'NONE', #6249 ) ;
#6328 = CARTESIAN_POINT ( 'NONE',  ( -1.899999999999999911, 0.3682022722709940021, -0.05000000000000000278 ) ) ;
#6329 = VERTEX_POINT ( 'NONE', #8624 ) ;
#6330 = CIRCLE ( 'NONE', #1237, 0.2500000000000001110 ) ;
#6331 = LINE ( 'NONE', #9325, #2765 ) ;
#6332 = LINE ( 'NONE', #4674, #1913 ) ;
#6333 = ADVANCED_FACE ( 'NONE', ( #9405 ), #782, .T. ) ;
#6334 = CARTESIAN_POINT ( 'NONE',  ( 1.899999999999999911, -0.4364045445652709465, -0.05000000000000000278 ) ) ;
#6335 = CARTESIAN_POINT ( 'NONE',  ( -0.8000000000087310603, -1.150000000026190072, 0.1499999999999999944 ) ) ;
#6336 = ORIENTED_EDGE ( 'NONE', *, *, #1056, .F. ) ;
#6337 = CARTESIAN_POINT ( 'NONE',  ( -1.949999999999999956, -0.8000000000000000444, 0.2000000000000000111 ) ) ;
#6338 = EDGE_LOOP ( 'NONE', ( #2360, #9218, #5019, #6760 ) ) ;
#6339 = CARTESIAN_POINT ( 'NONE',  ( 0.4194033005640451783, -0.7964074873194205706, 1.264644660940672516 ) ) ;
#6340 = VERTEX_POINT ( 'NONE', #7833 ) ;
#6341 = AXIS2_PLACEMENT_3D ( 'NONE', #3986, #2434, #9562 ) ;
#6342 = VECTOR ( 'NONE', #5399, 1000.000000000000000 ) ;
#6343 = ORIENTED_EDGE ( 'NONE', *, *, #2607, .T. ) ;
#6344 = CARTESIAN_POINT ( 'NONE',  ( 1.899999999938880135, -1.349999999973810150, 0.000000000000000000 ) ) ;
#6345 = DIRECTION ( 'NONE',  ( 0.000000000000000000, 1.000000000000000000, 0.000000000000000000 ) ) ;
#6346 = LINE ( 'NONE', #9029, #4726 ) ;
#6347 = AXIS2_PLACEMENT_3D ( 'NONE', #9441, #3972, #7978 ) ;
#6348 = VECTOR ( 'NONE', #5448, 1000.000000000000000 ) ;
#6349 = CARTESIAN_POINT ( 'NONE',  ( -1.899999999999999911, -1.100000000000000089, 0.05000000000000000278 ) ) ;
#6350 = PLANE ( 'NONE',  #7274 ) ;
#6351 = EDGE_CURVE ( 'NONE', #10112, #5984, #1869, .T. ) ;
#6352 = CARTESIAN_POINT ( 'NONE',  ( -0.9749999999999999778, -1.350000000000000089, 0.05000000000000000278 ) ) ;
#6353 = ORIENTED_EDGE ( 'NONE', *, *, #5883, .F. ) ;
#6354 = ORIENTED_EDGE ( 'NONE', *, *, #8473, .F. ) ;
#6355 = DIRECTION ( 'NONE',  ( 0.000000000000000000, 0.000000000000000000, -1.000000000000000000 ) ) ;
#6356 = ORIENTED_EDGE ( 'NONE', *, *, #4335, .T. ) ;
#6357 = EDGE_LOOP ( 'NONE', ( #7687, #2841, #6146, #5637 ) ) ;
#6358 = AXIS2_PLACEMENT_3D ( 'NONE', #4169, #2355, #9527 ) ;
#6359 = CARTESIAN_POINT ( 'NONE',  ( -1.762380487015951847, 0.9838512662132929965, 0.003000000000000000062 ) ) ;
#6360 = CARTESIAN_POINT ( 'NONE',  ( -0.9228818588627429875, 0.4684067951745380376, 1.899999999999999911 ) ) ;
#6361 = CARTESIAN_POINT ( 'NONE',  ( -0.8549999999999999822, -0.3346456153152879698, 1.250000000000000000 ) ) ;
#6362 = DIRECTION ( 'NONE',  ( -0.7071067811865474617, 0.000000000000000000, 0.7071067811865474617 ) ) ;
#6363 = EDGE_CURVE ( 'NONE', #9763, #2146, #8050, .T. ) ;
#6364 = EDGE_LOOP ( 'NONE', ( #7330, #5451, #5390, #3052 ) ) ;
#6365 = CARTESIAN_POINT ( 'NONE',  ( 0.4127759218502620175, -0.7833482398123340351, 1.250000000000000000 ) ) ;
#6366 = VECTOR ( 'NONE', #1335, 1000.000000000000114 ) ;
#6367 = EDGE_CURVE ( 'NONE', #2658, #6677, #257, .T. ) ;
#6368 = LINE ( 'NONE', #1626, #1968 ) ;
#6369 = DIRECTION ( 'NONE',  ( -0.7071067811865474617, -0.7071067811865474617, 0.000000000000000000 ) ) ;
#6370 = DIRECTION ( 'NONE',  ( -9.912705577010350201E-17, 1.000000000000000000, 9.912705577010350201E-17 ) ) ;
#6371 = FACE_OUTER_BOUND ( 'NONE', #586, .T. ) ;
#6372 = CARTESIAN_POINT ( 'NONE',  ( -2.299999999999999822, 1.100000000000000089, 0.2000000000000000111 ) ) ;
#6373 = CARTESIAN_POINT ( 'NONE',  ( -0.7052020075671829868, -0.5788761627328729009, 1.850000000000000089 ) ) ;
#6374 = FACE_OUTER_BOUND ( 'NONE', #8988, .T. ) ;
#6375 = CARTESIAN_POINT ( 'NONE',  ( -1.899999999999999911, 1.350000000000000089, 0.05000000000000000278 ) ) ;
#6376 = ORIENTED_EDGE ( 'NONE', *, *, #1311, .T. ) ;
#6377 = CONTEXT_DEPENDENT_SHAPE_REPRESENTATION ( #8676, #4255 ) ;
#6378 = AXIS2_PLACEMENT_3D ( 'NONE', #9539, #7210, #7101 ) ;
#6379 = ORIENTED_EDGE ( 'NONE', *, *, #1268, .T. ) ;
#6380 = ORIENTED_EDGE ( 'NONE', *, *, #499, .T. ) ;
#6381 = CIRCLE ( 'NONE', #4404, 0.04999999999999991257 ) ;
#6382 = DIRECTION ( 'NONE',  ( -1.000000000000000000, 0.000000000000000000, 0.000000000000000000 ) ) ;
#6383 = DIRECTION ( 'NONE',  ( 0.000000000000000000, 1.000000000000000000, 0.000000000000000000 ) ) ;
#6384 = ORIENTED_EDGE ( 'NONE', *, *, #1981, .F. ) ;
#6385 = EDGE_CURVE ( 'NONE', #348, #3566, #4031, .T. ) ;
#6386 = EDGE_CURVE ( 'NONE', #4120, #10127, #4673, .T. ) ;
#6387 = FACE_OUTER_BOUND ( 'NONE', #2849, .T. ) ;
#6388 = CIRCLE ( 'NONE', #4736, 0.04999999999999991257 ) ;
#6389 = VECTOR ( 'NONE', #9205, 1000.000000000000000 ) ;
#6390 = AXIS2_PLACEMENT_3D ( 'NONE', #1226, #9264, #9853 ) ;
#6391 = SPHERICAL_SURFACE ( 'NONE', #950, 0.05000000000000000278 ) ;
#6392 = DIRECTION ( 'NONE',  ( 0.000000000000000000, 0.000000000000000000, 1.000000000000000000 ) ) ;
#6393 = DIRECTION ( 'NONE',  ( 1.000000000000000000, 0.000000000000000000, 0.000000000000000000 ) ) ;
#6394 = DIRECTION ( 'NONE',  ( -5.421010862427519212E-16, 1.000000000000000000, 0.000000000000000000 ) ) ;
#6395 = ORIENTED_EDGE ( 'NONE', *, *, #576, .T. ) ;
#6396 = CARTESIAN_POINT ( 'NONE',  ( 2.299999999999999822, -1.100000000000000089, 0.000000000000000000 ) ) ;
#6397 = VERTEX_POINT ( 'NONE', #6474 ) ;
#6398 = CARTESIAN_POINT ( 'NONE',  ( -1.899999999999999911, 1.350000000000000089, 1.199999999999999956 ) ) ;
#6399 = ORIENTED_EDGE ( 'NONE', *, *, #6406, .F. ) ;
#6400 = AXIS2_PLACEMENT_3D ( 'NONE', #330, #9786, #2709 ) ;
#6401 = VECTOR ( 'NONE', #566, 1000.000000000000000 ) ;
#6402 = CIRCLE ( 'NONE', #614, 0.04999999999999991257 ) ;
#6403 = ORIENTED_EDGE ( 'NONE', *, *, #7405, .T. ) ;
#6404 = ADVANCED_FACE ( 'NONE', ( #9619 ), #5677, .T. ) ;
#6405 = DIRECTION ( 'NONE',  ( 1.000000000000000000, 0.000000000000000000, 0.000000000000000000 ) ) ;
#6406 = EDGE_CURVE ( 'NONE', #6701, #9470, #4199, .T. ) ;
#6407 = CARTESIAN_POINT ( 'NONE',  ( -1.600000000000000089, 0.5000000000000000000, 0.000000000000000000 ) ) ;
#6408 = DIRECTION ( 'NONE',  ( -0.8917411990616680439, -0.4525457257516179999, -7.372574772901430151E-16 ) ) ;
#6409 = CIRCLE ( 'NONE', #7547, 0.05000000000000000278 ) ;
#6410 = DIRECTION ( 'NONE',  ( 0.000000000000000000, 0.000000000000000000, -1.000000000000000000 ) ) ;
#6411 = DIRECTION ( 'NONE',  ( 0.000000000000000000, 0.000000000000000000, -1.000000000000000000 ) ) ;
#6412 = FACE_OUTER_BOUND ( 'NONE', #6752, .T. ) ;
#6413 = CYLINDRICAL_SURFACE ( 'NONE', #10209, 0.05000000000000001665 ) ;
#6414 = ORIENTED_EDGE ( 'NONE', *, *, #3665, .F. ) ;
#6415 = VERTEX_POINT ( 'NONE', #2546 ) ;
#6416 = CARTESIAN_POINT ( 'NONE',  ( 0.3222667766999390282, -0.8549999999999999822, 1.300000000000000044 ) ) ;
#6417 = VERTEX_POINT ( 'NONE', #1776 ) ;
#6418 = VECTOR ( 'NONE', #5328, 1000.000000000000000 ) ;
#6419 = AXIS2_PLACEMENT_3D ( 'NONE', #5993, #276, #8919 ) ;
#6420 = ORIENTED_EDGE ( 'NONE', *, *, #2303, .T. ) ;
#6421 = ADVANCED_FACE ( 'NONE', ( #4912 ), #995, .T. ) ;
#6422 = LINE ( 'NONE', #107, #8565 ) ;
#6423 = CARTESIAN_POINT ( 'NONE',  ( 1.949999999999999956, -0.2999999999999999889, 0.2000000000000000111 ) ) ;
#6424 = DIRECTION ( 'NONE',  ( 0.000000000000000000, -1.000000000000000000, 0.000000000000000000 ) ) ;
#6425 = LINE ( 'NONE', #9575, #7589 ) ;
#6426 = DIRECTION ( 'NONE',  ( 0.000000000000000000, 0.7071067811865471286, 0.7071067811865480168 ) ) ;
#6427 = AXIS2_PLACEMENT_3D ( 'NONE', #4296, #5881, #6614 ) ;
#6428 = CIRCLE ( 'NONE', #7248, 0.04999999999999991257 ) ;
#6429 = CIRCLE ( 'NONE', #3120, 0.2000000000000001221 ) ;
#6430 = DIRECTION ( 'NONE',  ( 0.000000000000000000, 0.7071067811865471286, 0.7071067811865480168 ) ) ;
#6431 = VERTEX_POINT ( 'NONE', #1830 ) ;
#6432 = CARTESIAN_POINT ( 'NONE',  ( 0.8000000000000000444, 1.350000000000000089, 0.05000000000000000278 ) ) ;
#6433 = ORIENTED_EDGE ( 'NONE', *, *, #9466, .T. ) ;
#6434 = UNCERTAINTY_MEASURE_WITH_UNIT (LENGTH_MEASURE( 1.000000000000000082E-05 ), #7197, 'distance_accuracy_value', 'NONE');
#6435 = SURFACE_STYLE_USAGE ( .BOTH. , #5640 ) ;
#6436 = EDGE_CURVE ( 'NONE', #4646, #7794, #1045, .T. ) ;
#6437 = VECTOR ( 'NONE', #2308, 1000.000000000000000 ) ;
#6438 = DIRECTION ( 'NONE',  ( 0.000000000000000000, 0.000000000000000000, 1.000000000000000000 ) ) ;
#6439 = LINE ( 'NONE', #4042, #10100 ) ;
#6440 = DIRECTION ( 'NONE',  ( 0.000000000000000000, -1.000000000000000000, 0.000000000000000000 ) ) ;
#6441 = DIRECTION ( 'NONE',  ( 1.000000000000000000, 2.055968564160549760E-16, 0.000000000000000000 ) ) ;
#6442 = CARTESIAN_POINT ( 'NONE',  ( -0.8549999999999999822, 0.3346456153152879698, 0.000000000000000000 ) ) ;
#6443 = CARTESIAN_POINT ( 'NONE',  ( 1.899999999999999911, 0.3682022722709940021, -0.05000000000000000278 ) ) ;
#6444 = AXIS2_PLACEMENT_3D ( 'NONE', #9943, #3635, #5372 ) ;
#6445 = ORIENTED_EDGE ( 'NONE', *, *, #9706, .T. ) ;
#6446 = ORIENTED_EDGE ( 'NONE', *, *, #9398, .F. ) ;
#6447 = ADVANCED_FACE ( 'NONE', ( #9333 ), #8559, .T. ) ;
#6448 = FILL_AREA_STYLE ('',( #1642 ) ) ;
#6449 = DIRECTION ( 'NONE',  ( 0.8522164413315482800, -0.5231893893459534928, 0.000000000000000000 ) ) ;
#6450 = ORIENTED_EDGE ( 'NONE', *, *, #1838, .F. ) ;
#6451 = VECTOR ( 'NONE', #4051, 1000.000000000000000 ) ;
#6452 = LINE ( 'NONE', #3392, #6886 ) ;
#6453 = DIRECTION ( 'NONE',  ( 0.000000000000000000, 1.000000000000000000, 0.000000000000000000 ) ) ;
#6454 = CARTESIAN_POINT ( 'NONE',  ( -0.8000000000000000444, 1.250000000000000000, 0.05000000000000000278 ) ) ;
#6455 = ORIENTED_EDGE ( 'NONE', *, *, #2982, .F. ) ;
#6456 = CARTESIAN_POINT ( 'NONE',  ( -1.949999999999999956, -1.350000000000000089, 0.000000000000000000 ) ) ;
#6457 = VERTEX_POINT ( 'NONE', #1544 ) ;
#6458 = EDGE_CURVE ( 'NONE', #826, #7794, #7930, .T. ) ;
#6459 = ORIENTED_EDGE ( 'NONE', *, *, #9473, .F. ) ;
#6460 = VECTOR ( 'NONE', #8167, 1000.000000000000000 ) ;
#6461 = ORIENTED_EDGE ( 'NONE', *, *, #1498, .F. ) ;
#6462 = EDGE_CURVE ( 'NONE', #3987, #2596, #7821, .T. ) ;
#6463 = FACE_OUTER_BOUND ( 'NONE', #4779, .T. ) ;
#6464 = DIRECTION ( 'NONE',  ( 0.000000000000000000, 0.000000000000000000, 1.000000000000000000 ) ) ;
#6465 = VECTOR ( 'NONE', #9516, 1000.000000000000000 ) ;
#6466 = DIRECTION ( 'NONE',  ( -0.7071067811865482389, 0.000000000000000000, -0.7071067811865466846 ) ) ;
#6467 = LINE ( 'NONE', #8831, #8910 ) ;
#6468 = DIRECTION ( 'NONE',  ( 0.000000000000000000, 0.000000000000000000, -1.000000000000000000 ) ) ;
#6469 = DIRECTION ( 'NONE',  ( -1.000000000000000000, -3.558407130208829819E-17, -3.558407130208834749E-17 ) ) ;
#6470 = ORIENTED_EDGE ( 'NONE', *, *, #2468, .T. ) ;
#6471 = EDGE_CURVE ( 'NONE', #6305, #4058, #4679, .T. ) ;
#6472 = VERTEX_POINT ( 'NONE', #2270 ) ;
#6473 = ADVANCED_FACE ( 'NONE', ( #8662 ), #2220, .T. ) ;
#6474 = CARTESIAN_POINT ( 'NONE',  ( -0.8000000000000000444, -1.350000000000000089, 1.250000000000000000 ) ) ;
#6475 = AXIS2_PLACEMENT_3D ( 'NONE', #3453, #2638, #1871 ) ;
#6476 = ORIENTED_EDGE ( 'NONE', *, *, #2155, .T. ) ;
#6477 = VERTEX_POINT ( 'NONE', #3864 ) ;
#6478 = CARTESIAN_POINT ( 'NONE',  ( 0.6999999999999999556, 1.199999999999999956, 0.05000000000000000278 ) ) ;
#6479 = PLANE ( 'NONE',  #3661 ) ;
#6480 = AXIS2_PLACEMENT_3D ( 'NONE', #9081, #7467, #5779 ) ;
#6481 = EDGE_CURVE ( 'NONE', #9912, #6142, #1496, .T. ) ;
#6482 = ORIENTED_EDGE ( 'NONE', *, *, #7168, .F. ) ;
#6483 = DIRECTION ( 'NONE',  ( 0.7071067811865466846, 0.7071067811865484609, -8.470329472543003391E-16 ) ) ;
#6484 = LINE ( 'NONE', #3167, #6745 ) ;
#6485 =( LENGTH_UNIT ( ) NAMED_UNIT ( * ) SI_UNIT ( .MILLI., .METRE. ) );
#6486 = CARTESIAN_POINT ( 'NONE',  ( -2.100000000000000089, -1.036404544565270092, 0.000000000000000000 ) ) ;
#6487 = FACE_OUTER_BOUND ( 'NONE', #8243, .T. ) ;
#6488 = DIRECTION ( 'NONE',  ( 1.000000000000000000, 0.000000000000000000, 0.000000000000000000 ) ) ;
#6489 = DIRECTION ( 'NONE',  ( 0.000000000000000000, 0.000000000000000000, 1.000000000000000000 ) ) ;
#6490 = EDGE_CURVE ( 'NONE', #2178, #1199, #1592, .T. ) ;
#6491 = ORIENTED_EDGE ( 'NONE', *, *, #10212, .T. ) ;
#6492 = ORIENTED_EDGE ( 'NONE', *, *, #8915, .T. ) ;
#6493 = DIRECTION ( 'NONE',  ( -1.000000000000000000, 0.000000000000000000, 0.000000000000000000 ) ) ;
#6494 = DIRECTION ( 'NONE',  ( 0.000000000000000000, 0.000000000000000000, 1.000000000000000000 ) ) ;
#6495 = ORIENTED_EDGE ( 'NONE', *, *, #3619, .T. ) ;
#6496 = DIRECTION ( 'NONE',  ( 0.000000000000000000, 0.000000000000000000, 1.000000000000000000 ) ) ;
#6497 = CARTESIAN_POINT ( 'NONE',  ( 0.4061485431364788568, 0.7702889923052466115, 1.885355339059327173 ) ) ;
#6498 = LINE ( 'NONE', #9017, #5857 ) ;
#6499 = EDGE_LOOP ( 'NONE', ( #7832, #7748, #541, #368 ) ) ;
#6500 = ADVANCED_FACE ( 'NONE', ( #10163 ), #3976, .F. ) ;
#6501 = DIRECTION ( 'NONE',  ( 0.5773502691896272854, 0.5773502691896250649, 0.5773502691896250649 ) ) ;
#6502 = ORIENTED_EDGE ( 'NONE', *, *, #6075, .T. ) ;
#6503 = DIRECTION ( 'NONE',  ( 0.000000000000000000, 0.000000000000000000, 1.000000000000000000 ) ) ;
#6504 = ORIENTED_EDGE ( 'NONE', *, *, #5618, .T. ) ;
#6505 = VERTEX_POINT ( 'NONE', #8715 ) ;
#6506 = VECTOR ( 'NONE', #3815, 1000.000000000000000 ) ;
#6507 = CARTESIAN_POINT ( 'NONE',  ( 0.9388817664365403104, -0.4999346076205335998, 1.885355339059327173 ) ) ;
#6508 = CYLINDRICAL_SURFACE ( 'NONE', #29, 0.2000000000000001221 ) ;
#6509 = ADVANCED_FACE ( 'NONE', ( #3038 ), #6289, .T. ) ;
#6510 = FACE_OUTER_BOUND ( 'NONE', #81, .T. ) ;
#6511 = FACE_OUTER_BOUND ( 'NONE', #3618, .T. ) ;
#6512 = CARTESIAN_POINT ( 'NONE',  ( 0.8000000000025470070, 1.150000000026190072, 0.000000000000000000 ) ) ;
#6513 = DIRECTION ( 'NONE',  ( 0.8917411990616690431, -0.4525457257516160015, -1.127570259384924020E-15 ) ) ;
#6514 = AXIS2_PLACEMENT_3D ( 'NONE', #2640, #2493, #8193 ) ;
#6515 = VERTEX_POINT ( 'NONE', #6339 ) ;
#6516 = AXIS2_PLACEMENT_3D ( 'NONE', #2398, #5897, #2660 ) ;
#6517 = ORIENTED_EDGE ( 'NONE', *, *, #5741, .T. ) ;
#6518 = DIRECTION ( 'NONE',  ( 1.000000000000000000, 0.000000000000000000, 0.000000000000000000 ) ) ;
#6519 = ORIENTED_EDGE ( 'NONE', *, *, #6386, .F. ) ;
#6520 = ORIENTED_EDGE ( 'NONE', *, *, #9526, .F. ) ;
#6521 = CIRCLE ( 'NONE', #1399, 0.04999999999999991257 ) ;
#6522 = EDGE_CURVE ( 'NONE', #5984, #8790, #9494, .T. ) ;
#6523 = ADVANCED_FACE ( 'NONE', ( #3087 ), #718, .T. ) ;
#6524 = FACE_OUTER_BOUND ( 'NONE', #5280, .T. ) ;
#6525 = CARTESIAN_POINT ( 'NONE',  ( 0.6999999999999999556, -1.250000000000000000, 1.199999999999999956 ) ) ;
#6526 = ORIENTED_EDGE ( 'NONE', *, *, #4973, .T. ) ;
#6527 = CARTESIAN_POINT ( 'NONE',  ( -0.9999999999068690526, 1.349999999973810150, 0.000000000000000000 ) ) ;
#6528 = CIRCLE ( 'NONE', #2246, 0.04999999999999991257 ) ;
#6529 = CARTESIAN_POINT ( 'NONE',  ( -0.4127759218502620175, -0.7833482398123340351, 1.300000000000000044 ) ) ;
#6530 =( NAMED_UNIT ( * ) SI_UNIT ( $, .STERADIAN. ) SOLID_ANGLE_UNIT ( ) );
#6531 = EDGE_CURVE ( 'NONE', #1432, #9913, #6236, .T. ) ;
#6532 = CARTESIAN_POINT ( 'NONE',  ( -0.8000000000000000444, 1.250000000000000000, 1.199999999999999956 ) ) ;
#6533 = PLANE ( 'NONE',  #6358 ) ;
#6534 = DIRECTION ( 'NONE',  ( -0.000000000000000000, 1.000000000000000000, 0.000000000000000000 ) ) ;
#6535 = DIRECTION ( 'NONE',  ( 0.000000000000000000, 0.000000000000000000, 1.000000000000000000 ) ) ;
#6536 = CARTESIAN_POINT ( 'NONE',  ( 1.025443288266309594, -0.4392834931844786239, 1.250000000000000000 ) ) ;
#6537 = ORIENTED_EDGE ( 'NONE', *, *, #9248, .T. ) ;
#6538 = EDGE_LOOP ( 'NONE', ( #2953, #1032, #9165, #8637 ) ) ;
#6539 = CARTESIAN_POINT ( 'NONE',  ( 2.299999999999999822, -0.5000000000000000000, 0.2000000000000000111 ) ) ;
#6540 = ORIENTED_EDGE ( 'NONE', *, *, #3230, .T. ) ;
#6541 = EDGE_CURVE ( 'NONE', #4272, #3034, #6829, .T. ) ;
#6542 = CARTESIAN_POINT ( 'NONE',  ( 0.6999999999999999556, -1.250000000000000000, 0.000000000000000000 ) ) ;
#6543 = CARTESIAN_POINT ( 'NONE',  ( -1.899999999999999911, 0.6999999999999999556, 0.05000000000000000278 ) ) ;
#6544 = AXIS2_PLACEMENT_3D ( 'NONE', #2256, #4836, #3903 ) ;
#6545 = DIRECTION ( 'NONE',  ( 0.000000000000000000, 0.000000000000000000, -1.000000000000000000 ) ) ;
#6546 = DIRECTION ( 'NONE',  ( 0.000000000000000000, 0.000000000000000000, -1.000000000000000000 ) ) ;
#6547 = DIRECTION ( 'NONE',  ( 0.8917411990616694872, -0.4525457257516152243, 2.081668171172170880E-15 ) ) ;
#6548 = EDGE_LOOP ( 'NONE', ( #2200, #9651, #6628, #2569 ) ) ;
#6549 = CARTESIAN_POINT ( 'NONE',  ( -1.557918548418649740, 0.9838512662132929965, 0.003000000000000000062 ) ) ;
#6550 = ORIENTED_EDGE ( 'NONE', *, *, #4231, .F. ) ;
#6551 = ORIENTED_EDGE ( 'NONE', *, *, #5895, .T. ) ;
#6552 = AXIS2_PLACEMENT_3D ( 'NONE', #3177, #8763, #10211 ) ;
#6553 = DIRECTION ( 'NONE',  ( 0.000000000000000000, 0.000000000000000000, 1.000000000000000000 ) ) ;
#6554 = CIRCLE ( 'NONE', #9515, 0.05000000000000002359 ) ;
#6555 = ADVANCED_FACE ( 'NONE', ( #10222 ), #9800, .F. ) ;
#6556 = DIRECTION ( 'NONE',  ( 0.000000000000000000, -1.000000000000000000, 0.000000000000000000 ) ) ;
#6557 = CARTESIAN_POINT ( 'NONE',  ( -1.899999999999999911, -1.100000000000000089, 0.000000000000000000 ) ) ;
#6558 = CYLINDRICAL_SURFACE ( 'NONE', #2637, 0.05000000000000007216 ) ;
#6559 = DIRECTION ( 'NONE',  ( -0.7071067811865483499, 0.000000000000000000, 0.7071067811865466846 ) ) ;
#6560 = CIRCLE ( 'NONE', #4259, 0.05000000000000000278 ) ;
#6561 = ORIENTED_EDGE ( 'NONE', *, *, #8127, .T. ) ;
#6562 = VERTEX_POINT ( 'NONE', #7166 ) ;
#6563 = AXIS2_PLACEMENT_3D ( 'NONE', #8969, #7409, #4891 ) ;
#6564 = DIRECTION ( 'NONE',  ( 1.000000000000000000, 0.000000000000000000, 0.000000000000000000 ) ) ;
#6565 = EDGE_CURVE ( 'NONE', #7710, #8933, #3366, .T. ) ;
#6566 = VERTEX_POINT ( 'NONE', #9760 ) ;
#6567 = VERTEX_POINT ( 'NONE', #5713 ) ;
#6568 = FACE_OUTER_BOUND ( 'NONE', #1175, .T. ) ;
#6569 = AXIS2_PLACEMENT_3D ( 'NONE', #5430, #10190, #7693 ) ;
#6570 = LINE ( 'NONE', #317, #2615 ) ;
#6571 = FACE_OUTER_BOUND ( 'NONE', #709, .T. ) ;
#6572 = CARTESIAN_POINT ( 'NONE',  ( -0.9455091451503230271, 0.5129938551276220782, 1.850000000000000089 ) ) ;
#6573 = VECTOR ( 'NONE', #3681, 1000.000000000000000 ) ;
#6574 = ORIENTED_EDGE ( 'NONE', *, *, #4877, .T. ) ;
#6575 = CARTESIAN_POINT ( 'NONE',  ( -1.949999999999999956, -0.2182022722942769943, 0.1499999999999999944 ) ) ;
#6576 = EDGE_CURVE ( 'NONE', #3566, #6594, #8138, .T. ) ;
#6577 = AXIS2_PLACEMENT_3D ( 'NONE', #40, #7116, #8720 ) ;
#6578 = ORIENTED_EDGE ( 'NONE', *, *, #1056, .T. ) ;
#6579 = EDGE_CURVE ( 'NONE', #2178, #8893, #147, .T. ) ;
#6580 = DIRECTION ( 'NONE',  ( 0.000000000000000000, 0.000000000000000000, 1.000000000000000000 ) ) ;
#6581 = SPHERICAL_SURFACE ( 'NONE', #1165, 0.05000000000000000278 ) ;
#6582 = CIRCLE ( 'NONE', #9049, 0.04999999999999991257 ) ;
#6583 = AXIS2_PLACEMENT_3D ( 'NONE', #356, #3505, #9811 ) ;
#6584 = CARTESIAN_POINT ( 'NONE',  ( -0.3222667766999390282, -0.6049999999999999822, 0.000000000000000000 ) ) ;
#6585 = CYLINDRICAL_SURFACE ( 'NONE', #1342, 0.05000000000000007216 ) ;
#6586 = DIRECTION ( 'NONE',  ( 0.000000000000000000, 0.000000000000000000, 1.000000000000000000 ) ) ;
#6587 = LINE ( 'NONE', #182, #6573 ) ;
#6588 = ORIENTED_EDGE ( 'NONE', *, *, #3212, .F. ) ;
#6589 = EDGE_LOOP ( 'NONE', ( #9257, #279, #6917, #3935 ) ) ;
#6590 = ADVANCED_FACE ( 'NONE', ( #8875, #241 ), #4894, .T. ) ;
#6591 = CIRCLE ( 'NONE', #5585, 0.2000000000000000944 ) ;
#6592 = CIRCLE ( 'NONE', #4942, 0.05000000000000001665 ) ;
#6593 = DIRECTION ( 'NONE',  ( 0.7071067811865474617, 0.000000000000000000, 0.7071067811865474617 ) ) ;
#6594 = VERTEX_POINT ( 'NONE', #3396 ) ;
#6595 = AXIS2_PLACEMENT_3D ( 'NONE', #8176, #4370, #5916 ) ;
#6596 = CARTESIAN_POINT ( 'NONE',  ( -1.353456609821347856, 0.9838512662132929965, 0.000000000000000000 ) ) ;
#6597 = AXIS2_PLACEMENT_3D ( 'NONE', #4784, #9639, #8762 ) ;
#6598 = AXIS2_PLACEMENT_3D ( 'NONE', #5631, #53, #5521 ) ;
#6599 = CARTESIAN_POINT ( 'NONE',  ( -0.7646446609406726269, -1.250000000000000000, 1.235355339059327262 ) ) ;
#6600 = DIRECTION ( 'NONE',  ( -1.000000000000000000, 0.000000000000000000, 0.000000000000000000 ) ) ;
#6601 = FACE_OUTER_BOUND ( 'NONE', #164, .T. ) ;
#6602 = ORIENTED_EDGE ( 'NONE', *, *, #4750, .F. ) ;
#6603 = ORIENTED_EDGE ( 'NONE', *, *, #3281, .T. ) ;
#6604 = DIRECTION ( 'NONE',  ( 0.000000000000000000, 1.000000000000000000, 0.000000000000000000 ) ) ;
#6605 = ORIENTED_EDGE ( 'NONE', *, *, #790, .F. ) ;
#6606 = EDGE_CURVE ( 'NONE', #525, #820, #9972, .T. ) ;
#6607 = ORIENTED_EDGE ( 'NONE', *, *, #9160, .T. ) ;
#6608 = AXIS2_PLACEMENT_3D ( 'NONE', #4167, #8854, #1107 ) ;
#6609 = DIRECTION ( 'NONE',  ( -1.000000000000000000, 0.000000000000000000, 0.000000000000000000 ) ) ;
#6610 = DIRECTION ( 'NONE',  ( -0.7071067811865474617, 0.7071067811865474617, 0.000000000000000000 ) ) ;
#6611 = LINE ( 'NONE', #205, #4878 ) ;
#6612 = CARTESIAN_POINT ( 'NONE',  ( -0.8000000000000000444, 1.350000000000000089, 0.000000000000000000 ) ) ;
#6613 = VECTOR ( 'NONE', #9831, 1000.000000000000114 ) ;
#6614 = DIRECTION ( 'NONE',  ( 0.7071067811865482389, 0.000000000000000000, -0.7071067811865466846 ) ) ;
#6615 = EDGE_LOOP ( 'NONE', ( #9270, #7969, #5732, #4847, #9007, #9184, #7520 ) ) ;
#6616 = VERTEX_POINT ( 'NONE', #5662 ) ;
#6617 = ADVANCED_FACE ( 'NONE', ( #925 ), #7223, .T. ) ;
#6618 = ADVANCED_BREP_SHAPE_REPRESENTATION ( '', ( #3527, #7728 ), #6101 ) ;
#6619 = EDGE_LOOP ( 'NONE', ( #3799, #550, #5061, #1886, #5480, #2247, #7502 ) ) ;
#6620 = CIRCLE ( 'NONE', #7598, 0.04999999999999991257 ) ;
#6621 = AXIS2_PLACEMENT_3D ( 'NONE', #1205, #4156, #7333 ) ;
#6622 = CYLINDRICAL_SURFACE ( 'NONE', #1016, 0.05000000000000007216 ) ;
#6623 = DIRECTION ( 'NONE',  ( 0.000000000000000000, 0.000000000000000000, 1.000000000000000000 ) ) ;
#6624 = LINE ( 'NONE', #217, #9608 ) ;
#6625 = ORIENTED_EDGE ( 'NONE', *, *, #9645, .F. ) ;
#6626 = AXIS2_PLACEMENT_3D ( 'NONE', #8380, #9204, #2144 ) ;
#6627 = EDGE_CURVE ( 'NONE', #7463, #4120, #5331, .T. ) ;
#6628 = ORIENTED_EDGE ( 'NONE', *, *, #6062, .T. ) ;
#6629 = DIRECTION ( 'NONE',  ( 0.000000000000000000, 0.000000000000000000, 1.000000000000000000 ) ) ;
#6630 = ORIENTED_EDGE ( 'NONE', *, *, #9798, .F. ) ;
#6631 = DIRECTION ( 'NONE',  ( 1.000000000000000000, 0.000000000000000000, 0.000000000000000000 ) ) ;
#6632 = VECTOR ( 'NONE', #567, 1000.000000000000000 ) ;
#6633 = PLANE ( 'NONE',  #6916 ) ;
#6634 = EDGE_CURVE ( 'NONE', #1685, #8371, #5998, .T. ) ;
#6635 = DIRECTION ( 'NONE',  ( 0.000000000000000000, 0.000000000000000000, 1.000000000000000000 ) ) ;
#6636 = CARTESIAN_POINT ( 'NONE',  ( 0.1850555678730499976, 0.8549999999999999822, 1.300000000000000044 ) ) ;
#6637 = DIRECTION ( 'NONE',  ( 0.000000000000000000, 0.000000000000000000, 1.000000000000000000 ) ) ;
#6638 = PLANE ( 'NONE',  #2948 ) ;
#6639 = VERTEX_POINT ( 'NONE', #3302 ) ;
#6640 = ORIENTED_EDGE ( 'NONE', *, *, #8337, .F. ) ;
#6641 = AXIS2_PLACEMENT_3D ( 'NONE', #2881, #9128, #8346 ) ;
#6642 = DIRECTION ( 'NONE',  ( 0.7071067811865483499, 0.000000000000000000, 0.7071067811865466846 ) ) ;
#6643 = ORIENTED_EDGE ( 'NONE', *, *, #6205, .T. ) ;
#6644 = PRODUCT_DEFINITION_SHAPE ( 'NONE', 'NONE',  #10239 ) ;
#6645 = ADVANCED_FACE ( 'NONE', ( #8976 ), #1911, .T. ) ;
#6646 = ADVANCED_FACE ( 'NONE', ( #7272 ), #197, .T. ) ;
#6647 = CARTESIAN_POINT ( 'NONE',  ( 1.949999999999999956, 0.9570941997376839483, -0.4482758620689660245 ) ) ;
#6648 = DIRECTION ( 'NONE',  ( 0.000000000000000000, 1.000000000000000000, 0.000000000000000000 ) ) ;
#6649 = CARTESIAN_POINT ( 'NONE',  ( -1.899999999999999911, -1.036404544565270092, -0.05000000000000000278 ) ) ;
#6650 = EDGE_LOOP ( 'NONE', ( #9822, #2827, #6099, #6122 ) ) ;
#6651 = DIRECTION ( 'NONE',  ( 1.000000000000000000, 0.000000000000000000, 0.000000000000000000 ) ) ;
#6652 = EDGE_LOOP ( 'NONE', ( #2990, #6517, #4837, #7416 ) ) ;
#6653 = VERTEX_POINT ( 'NONE', #2486 ) ;
#6654 = MANIFOLD_SOLID_BREP ( 'Switch_C&K_Components_KMR231NG_LFS_eec.STEP<1>[4]', #10210 ) ;
#6655 = CARTESIAN_POINT ( 'NONE',  ( 1.899999999999999911, -1.350000000000000089, 0.05000000000000000278 ) ) ;
#6656 = DIRECTION ( 'NONE',  ( 1.000000000000000000, 0.000000000000000000, 0.000000000000000000 ) ) ;
#6657 = ADVANCED_FACE ( 'NONE', ( #7611 ), #93, .T. ) ;
#6658 = CARTESIAN_POINT ( 'NONE',  ( 0.6999999999999999556, 1.250000000000000000, 0.05000000000000000278 ) ) ;
#6659 = DIRECTION ( 'NONE',  ( 1.000000000000000000, 0.000000000000000000, 0.000000000000000000 ) ) ;
#6660 = DIRECTION ( 'NONE',  ( -0.7071067811865482389, 0.000000000000000000, -0.7071067811865466846 ) ) ;
#6661 = CARTESIAN_POINT ( 'NONE',  ( 1.025443288266309816, -0.4392834931844787349, 1.850000000000000089 ) ) ;
#6662 = VERTEX_POINT ( 'NONE', #8482 ) ;
#6663 = ORIENTED_EDGE ( 'NONE', *, *, #3188, .T. ) ;
#6664 = AXIS2_PLACEMENT_3D ( 'NONE', #35, #4632, #3186 ) ;
#6665 = VERTEX_POINT ( 'NONE', #3501 ) ;
#6666 = EDGE_LOOP ( 'NONE', ( #4487, #3562, #6690, #7499 ) ) ;
#6667 = CARTESIAN_POINT ( 'NONE',  ( -1.949999999999999956, -1.036404544565270092, -0.2500000000000000000 ) ) ;
#6668 = ADVANCED_FACE ( 'NONE', ( #698 ), #3841, .T. ) ;
#6669 = DIRECTION ( 'NONE',  ( 0.000000000000000000, 1.000000000000000000, 0.000000000000000000 ) ) ;
#6670 = CIRCLE ( 'NONE', #1742, 0.2401626137813800410 ) ;
#6671 = DIRECTION ( 'NONE',  ( 0.000000000000000000, 0.000000000000000000, -1.000000000000000000 ) ) ;
#6672 = CIRCLE ( 'NONE', #3539, 0.05000000000000002359 ) ;
#6673 = DIRECTION ( 'NONE',  ( 0.000000000000000000, 1.000000000000000000, 0.000000000000000000 ) ) ;
#6674 = ORIENTED_EDGE ( 'NONE', *, *, #9398, .T. ) ;
#6675 = ORIENTED_EDGE ( 'NONE', *, *, #6627, .T. ) ;
#6676 = CARTESIAN_POINT ( 'NONE',  ( 1.600000000000000089, -1.100000000000000089, 0.2000000000000000111 ) ) ;
#6677 = VERTEX_POINT ( 'NONE', #9021 ) ;
#6678 = TOROIDAL_SURFACE ( 'NONE', #4687, 0.1000000000000000056, 0.05000000000000000278 ) ;
#6679 = AXIS2_PLACEMENT_3D ( 'NONE', #762, #10157, #9440 ) ;
#6680 = DIRECTION ( 'NONE',  ( 0.7071067811865476838, 0.000000000000000000, 0.7071067811865476838 ) ) ;
#6681 = EDGE_CURVE ( 'NONE', #3747, #5973, #4607, .T. ) ;
#6682 = FACE_OUTER_BOUND ( 'NONE', #2487, .T. ) ;
#6683 = CARTESIAN_POINT ( 'NONE',  ( 0.4309513410520389720, 0.8191628971831930173, 0.000000000000000000 ) ) ;
#6684 = CARTESIAN_POINT ( 'NONE',  ( 0.1850555678730499976, 0.7903553390593274219, 1.885355339059327395 ) ) ;
#6685 = PLANE ( 'NONE',  #7102 ) ;
#6686 = LINE ( 'NONE', #6003, #2438 ) ;
#6687 = CIRCLE ( 'NONE', #9985, 0.05000000000000000278 ) ;
#6688 = AXIS2_PLACEMENT_3D ( 'NONE', #1893, #3428, #1847 ) ;
#6689 = FACE_OUTER_BOUND ( 'NONE', #6111, .T. ) ;
#6690 = ORIENTED_EDGE ( 'NONE', *, *, #4247, .T. ) ;
#6691 = EDGE_LOOP ( 'NONE', ( #5327, #4385, #8158, #5950 ) ) ;
#6692 = ADVANCED_FACE ( 'NONE', ( #2302 ), #3017, .T. ) ;
#6693 = DIRECTION ( 'NONE',  ( 0.000000000000000000, 0.000000000000000000, 1.000000000000000000 ) ) ;
#6694 = EDGE_LOOP ( 'NONE', ( #7224, #2725, #6625, #2425 ) ) ;
#6695 = PRODUCT ( 'pin 1.STEP', 'pin 1.STEP', '', ( #4565 ) ) ;
#6696 = VECTOR ( 'NONE', #4963, 1000.000000000000000 ) ;
#6697 = PLANE ( 'NONE',  #622 ) ;
#6698 = CARTESIAN_POINT ( 'NONE',  ( -0.6999999999999999556, 1.199999999999999956, 0.05000000000000000278 ) ) ;
#6699 = CARTESIAN_POINT ( 'NONE',  ( 0.9228818588627429875, -0.4684067951745380376, 1.850000000000000089 ) ) ;
#6700 = ORIENTED_EDGE ( 'NONE', *, *, #2963, .T. ) ;
#6701 = VERTEX_POINT ( 'NONE', #6937 ) ;
#6702 = ORIENTED_EDGE ( 'NONE', *, *, #2059, .T. ) ;
#6703 = EDGE_CURVE ( 'NONE', #7630, #7632, #1384, .T. ) ;
#6704 = EDGE_CURVE ( 'NONE', #1669, #6992, #2915, .T. ) ;
#6705 = ORIENTED_EDGE ( 'NONE', *, *, #2177, .F. ) ;
#6706 = ADVANCED_FACE ( 'NONE', ( #7749 ), #645, .T. ) ;
#6707 = FACE_OUTER_BOUND ( 'NONE', #4207, .T. ) ;
#6708 = FACE_OUTER_BOUND ( 'NONE', #7586, .T. ) ;
#6709 = ORIENTED_EDGE ( 'NONE', *, *, #4141, .F. ) ;
#6710 = CARTESIAN_POINT ( 'NONE',  ( 1.600000000000000089, -1.100000000000000089, 0.000000000000000000 ) ) ;
#6711 = DIRECTION ( 'NONE',  ( -0.7071067811865461294, -2.879912020664619181E-15, -0.7071067811865489050 ) ) ;
#6712 = CARTESIAN_POINT ( 'NONE',  ( -1.949999999999999956, 0.5182022722709940243, 0.000000000000000000 ) ) ;
#6713 = ORIENTED_EDGE ( 'NONE', *, *, #406, .F. ) ;
#6714 = ORIENTED_EDGE ( 'NONE', *, *, #1549, .T. ) ;
#6715 = CIRCLE ( 'NONE', #9690, 0.2401626137813800410 ) ;
#6716 = EDGE_CURVE ( 'NONE', #5661, #4578, #10093, .T. ) ;
#6717 = AXIS2_PLACEMENT_3D ( 'NONE', #1586, #10213, #7217 ) ;
#6718 = ORIENTED_EDGE ( 'NONE', *, *, #652, .F. ) ;
#6719 = DIRECTION ( 'NONE',  ( 0.000000000000000000, -1.000000000000000000, 0.000000000000000000 ) ) ;
#6720 = DIRECTION ( 'NONE',  ( 0.8917411990616675999, 0.4525457257516187770, 0.000000000000000000 ) ) ;
#6721 = DIRECTION ( 'NONE',  ( 0.000000000000000000, -0.9284766908852591927, -0.3713906763541041101 ) ) ;
#6722 = CARTESIAN_POINT ( 'NONE',  ( -0.9636845643521000371, 0.5488085124984810603, 0.1499999999999999944 ) ) ;
#6723 = AXIS2_PLACEMENT_3D ( 'NONE', #5655, #1805, #8177 ) ;
#6724 = EDGE_LOOP ( 'NONE', ( #4180, #9163, #7842, #5012 ) ) ;
#6725 = CARTESIAN_POINT ( 'NONE',  ( 0.3222667766999390282, -0.6049999999999999822, 1.250000000000000000 ) ) ;
#6726 = VERTEX_POINT ( 'NONE', #5330 ) ;
#6727 = ADVANCED_FACE ( 'NONE', ( #7655 ), #589, .T. ) ;
#6728 = AXIS2_PLACEMENT_3D ( 'NONE', #6361, #7953, #944 ) ;
#6729 = CIRCLE ( 'NONE', #7701, 0.05000000000000002359 ) ;
#6730 = DIRECTION ( 'NONE',  ( 0.000000000000000000, 0.7071067811865482389, -0.7071067811865466846 ) ) ;
#6731 = DIRECTION ( 'NONE',  ( 0.000000000000000000, -1.000000000000000000, 0.000000000000000000 ) ) ;
#6732 = DIRECTION ( 'NONE',  ( 0.2326572596528327652, -0.9725587897555778572, 0.000000000000000000 ) ) ;
#6733 = CARTESIAN_POINT ( 'NONE',  ( -0.7500000000000000000, 1.250000000000000000, 1.199999999999999956 ) ) ;
#6734 = LINE ( 'NONE', #9895, #9929 ) ;
#6735 = LINE ( 'NONE', #9062, #3744 ) ;
#6736 = VECTOR ( 'NONE', #7911, 1000.000000000000000 ) ;
#6737 = CIRCLE ( 'NONE', #471, 0.04999999999999991257 ) ;
#6738 = VERTEX_POINT ( 'NONE', #9362 ) ;
#6739 = DIRECTION ( 'NONE',  ( 0.7071067811865482389, 0.000000000000000000, -0.7071067811865466846 ) ) ;
#6740 = ORIENTED_EDGE ( 'NONE', *, *, #1681, .F. ) ;
#6741 = ADVANCED_FACE ( 'NONE', ( #7699 ), #2149, .T. ) ;
#6742 = CARTESIAN_POINT ( 'NONE',  ( -0.7646446609406726269, -0.6999999999999999556, 1.235355339059327262 ) ) ;
#6743 = VECTOR ( 'NONE', #4343, 1000.000000000000000 ) ;
#6744 = EDGE_LOOP ( 'NONE', ( #3319, #889, #479, #10204 ) ) ;
#6745 = VECTOR ( 'NONE', #8067, 1000.000000000000000 ) ;
#6746 = LINE ( 'NONE', #3493, #3960 ) ;
#6747 = DIRECTION ( 'NONE',  ( -1.000000000000000000, 0.000000000000000000, 0.000000000000000000 ) ) ;
#6748 = CYLINDRICAL_SURFACE ( 'NONE', #9532, 0.05000000000000001665 ) ;
#6749 = EDGE_CURVE ( 'NONE', #5153, #9974, #3791, .T. ) ;
#6750 = DIRECTION ( 'NONE',  ( 0.000000000000000000, 0.000000000000000000, 1.000000000000000000 ) ) ;
#6751 = ORIENTED_EDGE ( 'NONE', *, *, #2585, .F. ) ;
#6752 = EDGE_LOOP ( 'NONE', ( #9127, #148, #2071, #8922, #5493, #976, #6740, #6380, #3670 ) ) ;
#6753 = AXIS2_PLACEMENT_3D ( 'NONE', #4980, #2705, #5174 ) ;
#6754 = ORIENTED_EDGE ( 'NONE', *, *, #667, .T. ) ;
#6755 = EDGE_CURVE ( 'NONE', #1379, #364, #8587, .T. ) ;
#6756 = VERTEX_POINT ( 'NONE', #4466 ) ;
#6757 = FACE_OUTER_BOUND ( 'NONE', #5244, .T. ) ;
#6758 = PRESENTATION_LAYER_ASSIGNMENT (  '', '', ( #7571 ) ) ;
#6759 = CARTESIAN_POINT ( 'NONE',  ( 0.8000000000087310603, -1.349999999973810150, 0.1499999999999999944 ) ) ;
#6760 = ORIENTED_EDGE ( 'NONE', *, *, #914, .F. ) ;
#6761 = EDGE_CURVE ( 'NONE', #118, #3987, #569, .T. ) ;
#6762 = DIRECTION ( 'NONE',  ( 0.000000000000000000, 1.000000000000000000, 0.000000000000000000 ) ) ;
#6763 = CARTESIAN_POINT ( 'NONE',  ( 1.600000000000000089, 0.5000000000000000000, 0.000000000000000000 ) ) ;
#6764 = DIRECTION ( 'NONE',  ( -1.000000000000000000, 5.551115123125780336E-15, 0.000000000000000000 ) ) ;
#6765 = ORIENTED_EDGE ( 'NONE', *, *, #2871, .T. ) ;
#6766 = CYLINDRICAL_SURFACE ( 'NONE', #649, 0.05000000000000001665 ) ;
#6767 = ORIENTED_EDGE ( 'NONE', *, *, #7042, .T. ) ;
#6768 = ORIENTED_EDGE ( 'NONE', *, *, #4383, .F. ) ;
#6769 = VECTOR ( 'NONE', #9739, 1000.000000000000000 ) ;
#6770 = ORIENTED_EDGE ( 'NONE', *, *, #6125, .F. ) ;
#6771 = ORIENTED_EDGE ( 'NONE', *, *, #8192, .F. ) ;
#6772 = DIRECTION ( 'NONE',  ( 1.000000000000000000, 0.000000000000000000, 0.000000000000000000 ) ) ;
#6773 = ADVANCED_FACE ( 'NONE', ( #2726 ), #5872, .T. ) ;
#6774 = CARTESIAN_POINT ( 'NONE',  ( -1.949999999999999956, 0.4364045445652700028, 0.000000000000000000 ) ) ;
#6775 = DIRECTION ( 'NONE',  ( 0.000000000000000000, -1.000000000000000000, 0.000000000000000000 ) ) ;
#6776 = EDGE_CURVE ( 'NONE', #7637, #149, #4826, .T. ) ;
#6777 = ORIENTED_EDGE ( 'NONE', *, *, #8793, .F. ) ;
#6778 = LINE ( 'NONE', #8858, #8712 ) ;
#6779 = DIRECTION ( 'NONE',  ( 0.000000000000000000, 0.7071067811865482389, 0.7071067811865466846 ) ) ;
#6780 = EDGE_LOOP ( 'NONE', ( #6455, #4333, #1803, #7500 ) ) ;
#6781 = VECTOR ( 'NONE', #4881, 1000.000000000000000 ) ;
#6782 = CIRCLE ( 'NONE', #2175, 0.1999999999999998446 ) ;
#6783 = DIRECTION ( 'NONE',  ( 2.405573570202211780E-15, 0.7071067811865408004, -0.7071067811865542341 ) ) ;
#6784 = CARTESIAN_POINT ( 'NONE',  ( 0.4354032081378430008, 0.8279352997654170210, 1.300000000000000044 ) ) ;
#6785 = LINE ( 'NONE', #484, #9200 ) ;
#6786 = EDGE_CURVE ( 'NONE', #4497, #212, #1744, .T. ) ;
#6787 = DIRECTION ( 'NONE',  ( 0.2326572596528329595, -0.9725587897555778572, 0.000000000000000000 ) ) ;
#6788 = CARTESIAN_POINT ( 'NONE',  ( 0.8000000000000000444, -1.350000000000000089, 0.05000000000000000278 ) ) ;
#6789 = AXIS2_PLACEMENT_3D ( 'NONE', #898, #8583, #6206 ) ;
#6790 = DIRECTION ( 'NONE',  ( -1.000000000000000000, 0.000000000000000000, 0.000000000000000000 ) ) ;
#6791 = DIRECTION ( 'NONE',  ( -0.7071067811865457964, 0.7071067811865493491, 1.795709848179116324E-15 ) ) ;
#6792 = ORIENTED_EDGE ( 'NONE', *, *, #9731, .T. ) ;
#6793 = MANIFOLD_SOLID_BREP ( 'Switch_C&K_Components_KMR231NG_LFS_eec.STEP<1>[3]', #8546 ) ;
#6794 = LINE ( 'NONE', #9994, #10208 ) ;
#6795 = EDGE_LOOP ( 'NONE', ( #6971, #5966, #9806, #1933 ) ) ;
#6796 = CARTESIAN_POINT ( 'NONE',  ( -0.9681364314379040659, -0.5575809150807050640, 1.300000000000000044 ) ) ;
#6797 = VECTOR ( 'NONE', #830, 1000.000000000000000 ) ;
#6798 = CARTESIAN_POINT ( 'NONE',  ( 0.000000000000000000, 0.000000000000000000, 1.250000000000000000 ) ) ;
#6799 = EDGE_CURVE ( 'NONE', #1700, #415, #4768, .T. ) ;
#6800 = CARTESIAN_POINT ( 'NONE',  ( -0.6999999999999999556, 1.199999999999999956, 1.199999999999999956 ) ) ;
#6801 = VERTEX_POINT ( 'NONE', #4872 ) ;
#6802 = VERTEX_POINT ( 'NONE', #3949 ) ;
#6803 = ORIENTED_EDGE ( 'NONE', *, *, #2443, .T. ) ;
#6804 = ORIENTED_EDGE ( 'NONE', *, *, #1665, .F. ) ;
#6805 = DIRECTION ( 'NONE',  ( 1.000000000000000000, 0.000000000000000000, 0.000000000000000000 ) ) ;
#6806 = ADVANCED_FACE ( 'NONE', ( #7957 ), #8681, .T. ) ;
#6807 = ORIENTED_EDGE ( 'NONE', *, *, #9790, .T. ) ;
#6808 = CARTESIAN_POINT ( 'NONE',  ( -1.949999999999999956, 0.4364045445652700028, -0.05000000000000000278 ) ) ;
#6809 = PLANE ( 'NONE',  #9159 ) ;
#6810 = DIRECTION ( 'NONE',  ( 0.000000000000000000, -1.000000000000000000, 0.000000000000000000 ) ) ;
#6811 = DIRECTION ( 'NONE',  ( -0.8917411990616690431, 0.4525457257516160015, -1.127570259384924020E-15 ) ) ;
#6812 = EDGE_LOOP ( 'NONE', ( #4749, #8359, #7561, #5402 ) ) ;
#6813 = ORIENTED_EDGE ( 'NONE', *, *, #6471, .T. ) ;
#6814 = ORIENTED_EDGE ( 'NONE', *, *, #7260, .T. ) ;
#6815 = ORIENTED_EDGE ( 'NONE', *, *, #5135, .F. ) ;
#6816 = ADVANCED_FACE ( 'NONE', ( #5580 ), #2513, .T. ) ;
#6817 = CARTESIAN_POINT ( 'NONE',  ( -1.899999999999999911, -1.385355339059327395, 0.01464466094067265987 ) ) ;
#6818 = DIRECTION ( 'NONE',  ( -0.8522164413315482800, 0.5231893893459534928, 0.000000000000000000 ) ) ;
#6819 = DIRECTION ( 'NONE',  ( 0.000000000000000000, -0.7071067811865482389, -0.7071067811865466846 ) ) ;
#6820 = LINE ( 'NONE', #3098, #7871 ) ;
#6821 = CARTESIAN_POINT ( 'NONE',  ( 1.600000000000000089, -0.5000000000000000000, 0.2000000000000000111 ) ) ;
#6822 = EDGE_LOOP ( 'NONE', ( #5409, #4401, #4634, #5259 ) ) ;
#6823 = CARTESIAN_POINT ( 'NONE',  ( 1.949999999999999956, 1.036404544565270092, 0.1499999999999999944 ) ) ;
#6824 = DIRECTION ( 'NONE',  ( 0.000000000000000000, 1.000000000000000000, 0.000000000000000000 ) ) ;
#6825 = ORIENTED_EDGE ( 'NONE', *, *, #2688, .T. ) ;
#6826 = ADVANCED_FACE ( 'NONE', ( #2451 ), #948, .T. ) ;
#6827 = EDGE_CURVE ( 'NONE', #5628, #5924, #8313, .T. ) ;
#6828 = CARTESIAN_POINT ( 'NONE',  ( -0.8000000000000000444, -1.350000000000000089, 0.05000000000000000278 ) ) ;
#6829 = CIRCLE ( 'NONE', #8309, 0.1999999999999998446 ) ;
#6830 = PLANE ( 'NONE',  #6100 ) ;
#6831 = LINE ( 'NONE', #4264, #3761 ) ;
#6832 = DIRECTION ( 'NONE',  ( 0.000000000000000000, 1.000000000000000000, 0.000000000000000000 ) ) ;
#6833 = CARTESIAN_POINT ( 'NONE',  ( 1.899999999999999911, 1.399999999999999911, 0.05000000000000000278 ) ) ;
#6834 = PRODUCT_RELATED_PRODUCT_CATEGORY ( 'part', '', ( #202 ) ) ;
#6835 = CARTESIAN_POINT ( 'NONE',  ( 0.4127759218502620175, -0.7833482398123340351, 1.300000000000000044 ) ) ;
#6836 = ORIENTED_EDGE ( 'NONE', *, *, #3378, .T. ) ;
#6837 = DIRECTION ( 'NONE',  ( 0.000000000000000000, -0.7071067811865474617, 0.7071067811865474617 ) ) ;
#6838 = ORIENTED_EDGE ( 'NONE', *, *, #2804, .F. ) ;
#6839 = AXIS2_PLACEMENT_3D ( 'NONE', #1666, #727, #4094 ) ;
#6840 = EDGE_CURVE ( 'NONE', #4109, #5223, #60, .T. ) ;
#6841 = FACE_OUTER_BOUND ( 'NONE', #5123, .T. ) ;
#6842 = FACE_OUTER_BOUND ( 'NONE', #868, .T. ) ;
#6843 = AXIS2_PLACEMENT_3D ( 'NONE', #4281, #3344, #7461 ) ;
#6844 = AXIS2_PLACEMENT_3D ( 'NONE', #9198, #1406, #4541 ) ;
#6845 = DIRECTION ( 'NONE',  ( 1.000000000000000000, 0.000000000000000000, 0.000000000000000000 ) ) ;
#6846 = CARTESIAN_POINT ( 'NONE',  ( 1.899999999999999911, -1.399999999999999911, 0.000000000000000000 ) ) ;
#6847 = ORIENTED_EDGE ( 'NONE', *, *, #10032, .F. ) ;
#6848 = VERTEX_POINT ( 'NONE', #7795 ) ;
#6849 = ORIENTED_EDGE ( 'NONE', *, *, #1732, .F. ) ;
#6850 = CIRCLE ( 'NONE', #7991, 0.04999999999999991257 ) ;
#6851 = EDGE_CURVE ( 'NONE', #1291, #8790, #9978, .T. ) ;
#6852 = PRODUCT ( 'base.STEP', 'base.STEP', '', ( #4618 ) ) ;
#6853 = CARTESIAN_POINT ( 'NONE',  ( -0.4309513410520389720, -0.8191628971831930173, 0.000000000000000000 ) ) ;
#6854 = DIRECTION ( 'NONE',  ( 0.000000000000000000, 0.000000000000000000, -1.000000000000000000 ) ) ;
#6855 = ORIENTED_EDGE ( 'NONE', *, *, #9983, .T. ) ;
#6856 = CARTESIAN_POINT ( 'NONE',  ( 0.3222667766999390282, 0.8549999999999999822, 1.250000000000000000 ) ) ;
#6857 = DIRECTION ( 'NONE',  ( 0.000000000000000000, -0.7071067811865484609, 0.7071067811865466846 ) ) ;
#6858 = CARTESIAN_POINT ( 'NONE',  ( -0.8549999999999999822, -0.3346456153152879698, 1.300000000000000044 ) ) ;
#6859 = DIRECTION ( 'NONE',  ( 0.000000000000000000, 0.000000000000000000, 1.000000000000000000 ) ) ;
#6860 = ORIENTED_EDGE ( 'NONE', *, *, #7906, .F. ) ;
#6861 = ORIENTED_EDGE ( 'NONE', *, *, #391, .T. ) ;
#6862 = EDGE_CURVE ( 'NONE', #2146, #5762, #5479, .T. ) ;
#6863 = ORIENTED_EDGE ( 'NONE', *, *, #2782, .F. ) ;
#6864 = AXIS2_PLACEMENT_3D ( 'NONE', #4778, #7912, #73 ) ;
#6865 = FACE_OUTER_BOUND ( 'NONE', #4645, .T. ) ;
#6866 = DIRECTION ( 'NONE',  ( 0.000000000000000000, -1.000000000000000000, 0.000000000000000000 ) ) ;
#6867 = DIRECTION ( 'NONE',  ( 0.000000000000000000, -0.7071067811865474617, 0.7071067811865474617 ) ) ;
#6868 = DIRECTION ( 'NONE',  ( 0.000000000000000000, 1.000000000000000000, 0.000000000000000000 ) ) ;
#6869 = ORIENTED_EDGE ( 'NONE', *, *, #9023, .F. ) ;
#6870 = AXIS2_PLACEMENT_3D ( 'NONE', #187, #6494, #8290 ) ;
#6871 = ORIENTED_EDGE ( 'NONE', *, *, #8891, .T. ) ;
#6872 = EDGE_CURVE ( 'NONE', #3263, #2351, #9419, .T. ) ;
#6873 = CARTESIAN_POINT ( 'NONE',  ( -0.1850555678730499976, -0.8549999999999999822, 1.250000000000000000 ) ) ;
#6874 = ORIENTED_EDGE ( 'NONE', *, *, #3303, .T. ) ;
#6875 = AXIS2_PLACEMENT_3D ( 'NONE', #9435, #7406, #8923 ) ;
#6876 = AXIS2_PLACEMENT_3D ( 'NONE', #2182, #10074, #2226 ) ;
#6877 = DIRECTION ( 'NONE',  ( 0.000000000000000000, 0.000000000000000000, -1.000000000000000000 ) ) ;
#6878 = DIRECTION ( 'NONE',  ( 1.982541115402059686E-16, -1.000000000000000000, -1.982541115402064617E-16 ) ) ;
#6879 = LINE ( 'NONE', #9302, #7438 ) ;
#6880 = DIRECTION ( 'NONE',  ( -1.000000000000000000, 0.000000000000000000, 0.000000000000000000 ) ) ;
#6881 = EDGE_CURVE ( 'NONE', #8454, #3828, #2390, .T. ) ;
#6882 = ORIENTED_EDGE ( 'NONE', *, *, #4310, .F. ) ;
#6883 = CARTESIAN_POINT ( 'NONE',  ( 0.9749999999999999778, 1.385355339059327395, 0.01464466094067265294 ) ) ;
#6884 = ORIENTED_EDGE ( 'NONE', *, *, #1425, .T. ) ;
#6885 = CARTESIAN_POINT ( 'NONE',  ( 0.6999999999999999556, 1.050000000000000044, 0.1499999999999999944 ) ) ;
#6886 = VECTOR ( 'NONE', #1073, 1000.000000000000000 ) ;
#6887 = EDGE_CURVE ( 'NONE', #1053, #8078, #5337, .T. ) ;
#6888 = DIRECTION ( 'NONE',  ( 0.000000000000000000, 1.000000000000000000, 0.000000000000000000 ) ) ;
#6889 = DIRECTION ( 'NONE',  ( 1.000000000000000000, 0.000000000000000000, 0.000000000000000000 ) ) ;
#6890 = AXIS2_PLACEMENT_3D ( 'NONE', #7189, #168, #8901 ) ;
#6891 = AXIS2_PLACEMENT_3D ( 'NONE', #9417, #850, #8633 ) ;
#6892 = FACE_OUTER_BOUND ( 'NONE', #10005, .T. ) ;
#6893 = EDGE_CURVE ( 'NONE', #9995, #267, #8981, .T. ) ;
#6894 = DIRECTION ( 'NONE',  ( -5.421010862427519212E-16, 1.000000000000000000, 0.000000000000000000 ) ) ;
#6895 = ORIENTED_EDGE ( 'NONE', *, *, #7724, .F. ) ;
#6896 = EDGE_LOOP ( 'NONE', ( #5405, #8202, #5478, #1232 ) ) ;
#6897 = ORIENTED_EDGE ( 'NONE', *, *, #4066, .F. ) ;
#6898 = VECTOR ( 'NONE', #4172, 1000.000000000000000 ) ;
#6899 = VECTOR ( 'NONE', #9764, 1000.000000000000000 ) ;
#6900 = VECTOR ( 'NONE', #7202, 1000.000000000000000 ) ;
#6901 = PLANE ( 'NONE',  #3166 ) ;
#6902 = CYLINDRICAL_SURFACE ( 'NONE', #4252, 0.05000000000000007216 ) ;
#6903 = AXIS2_PLACEMENT_3D ( 'NONE', #6712, #5007, #9717 ) ;
#6904 = VECTOR ( 'NONE', #6269, 1000.000000000000000 ) ;
#6905 = CARTESIAN_POINT ( 'NONE',  ( 1.054999999999999938, -0.3346456153152879698, 1.250000000000000000 ) ) ;
#6906 = EDGE_CURVE ( 'NONE', #5859, #2870, #10130, .T. ) ;
#6907 = CARTESIAN_POINT ( 'NONE',  ( -1.899999999999999911, -1.385355339059327395, 1.235355339059327262 ) ) ;
#6908 = DIRECTION ( 'NONE',  ( 0.000000000000000000, 0.000000000000000000, -1.000000000000000000 ) ) ;
#6909 = PLANE ( 'NONE',  #476 ) ;
#6910 = ORIENTED_EDGE ( 'NONE', *, *, #1995, .F. ) ;
#6911 = ORIENTED_EDGE ( 'NONE', *, *, #8802, .F. ) ;
#6912 = LINE ( 'NONE', #5310, #6061 ) ;
#6913 = LINE ( 'NONE', #9191, #6632 ) ;
#6914 = DIRECTION ( 'NONE',  ( 0.000000000000000000, 0.000000000000000000, 1.000000000000000000 ) ) ;
#6915 = EDGE_CURVE ( 'NONE', #8431, #36, #563, .T. ) ;
#6916 = AXIS2_PLACEMENT_3D ( 'NONE', #3376, #1891, #5696 ) ;
#6917 = ORIENTED_EDGE ( 'NONE', *, *, #8147, .F. ) ;
#6918 = DIRECTION ( 'NONE',  ( 0.000000000000000000, 0.000000000000000000, 1.000000000000000000 ) ) ;
#6919 = CIRCLE ( 'NONE', #8911, 0.05000000000000002359 ) ;
#6920 = ORIENTED_EDGE ( 'NONE', *, *, #856, .F. ) ;
#6921 = CIRCLE ( 'NONE', #9396, 0.05000000000000002359 ) ;
#6922 = DIRECTION ( 'NONE',  ( 7.792703114739566078E-16, -0.7071067811865473507, -0.7071067811865476838 ) ) ;
#6923 = VERTEX_POINT ( 'NONE', #1055 ) ;
#6924 = AXIS2_PLACEMENT_3D ( 'NONE', #4536, #7680, #8460 ) ;
#6925 = DIRECTION ( 'NONE',  ( -0.5773502691896242878, 0.5773502691896329475, 0.5773502691896199579 ) ) ;
#6926 = CARTESIAN_POINT ( 'NONE',  ( -2.100000000000000089, 1.036404544565270092, -0.2500000000000000000 ) ) ;
#6927 = DIRECTION ( 'NONE',  ( 0.000000000000000000, 1.000000000000000000, 0.000000000000000000 ) ) ;
#6928 = ADVANCED_FACE ( 'NONE', ( #7485 ), #1988, .T. ) ;
#6929 = CARTESIAN_POINT ( 'NONE',  ( 0.8000000000000000444, -1.399999999999999911, 1.199999999999999956 ) ) ;
#6930 = DIRECTION ( 'NONE',  ( 1.000000000000000000, 0.000000000000000000, 0.000000000000000000 ) ) ;
#6931 = EDGE_CURVE ( 'NONE', #2161, #2633, #6330, .T. ) ;
#6932 = AXIS2_PLACEMENT_3D ( 'NONE', #264, #318, #6623 ) ;
#6933 = CARTESIAN_POINT ( 'NONE',  ( 1.899999999999999911, 1.350000000000000089, 1.199999999999999956 ) ) ;
#6934 = VERTEX_POINT ( 'NONE', #5845 ) ;
#6935 = CARTESIAN_POINT ( 'NONE',  ( -0.7500000000000000000, -1.399999999999999911, 0.000000000000000000 ) ) ;
#6936 = ORIENTED_EDGE ( 'NONE', *, *, #6851, .F. ) ;
#6937 = CARTESIAN_POINT ( 'NONE',  ( -2.299999999999999822, 1.100000000000000089, 0.000000000000000000 ) ) ;
#6938 = CARTESIAN_POINT ( 'NONE',  ( -0.9228818588627429875, -0.4684067951745389813, 1.899999999999999911 ) ) ;
#6939 = EDGE_CURVE ( 'NONE', #6477, #5295, #7975, .T. ) ;
#6940 = CIRCLE ( 'NONE', #3648, 0.1999999999476129720 ) ;
#6941 = CYLINDRICAL_SURFACE ( 'NONE', #7293, 0.05000000000000001665 ) ;
#6942 = FACE_OUTER_BOUND ( 'NONE', #8599, .T. ) ;
#6943 = CARTESIAN_POINT ( 'NONE',  ( 1.104999999999999982, 0.3346456153152879698, 1.300000000000000044 ) ) ;
#6944 = ORIENTED_EDGE ( 'NONE', *, *, #722, .T. ) ;
#6945 =( LENGTH_UNIT ( ) NAMED_UNIT ( * ) SI_UNIT ( .MILLI., .METRE. ) );
#6946 = ORIENTED_EDGE ( 'NONE', *, *, #6195, .T. ) ;
#6947 = ORIENTED_EDGE ( 'NONE', *, *, #511, .F. ) ;
#6948 = CIRCLE ( 'NONE', #7604, 0.05000000000000000278 ) ;
#6949 = EDGE_CURVE ( 'NONE', #5261, #2239, #5506, .T. ) ;
#6950 = EDGE_CURVE ( 'NONE', #8431, #5659, #9679, .T. ) ;
#6951 = FACE_OUTER_BOUND ( 'NONE', #2704, .T. ) ;
#6952 = VECTOR ( 'NONE', #9557, 1000.000000000000000 ) ;
#6953 = DIRECTION ( 'NONE',  ( 0.000000000000000000, 0.000000000000000000, -1.000000000000000000 ) ) ;
#6954 = LINE ( 'NONE', #6905, #6342 ) ;
#6955 = CARTESIAN_POINT ( 'NONE',  ( 0.1850555678730499976, 0.8196446609406725647, 1.264644660940672516 ) ) ;
#6956 = DIRECTION ( 'NONE',  ( 0.000000000000000000, 1.000000000000000000, 0.000000000000000000 ) ) ;
#6957 = ORIENTED_EDGE ( 'NONE', *, *, #2395, .F. ) ;
#6958 = LINE ( 'NONE', #610, #8391 ) ;
#6959 = VERTEX_POINT ( 'NONE', #1787 ) ;
#6960 = DIRECTION ( 'NONE',  ( 1.000000000000000000, 0.000000000000000000, 0.000000000000000000 ) ) ;
#6961 = VERTEX_POINT ( 'NONE', #3371 ) ;
#6962 = VECTOR ( 'NONE', #7420, 1000.000000000000000 ) ;
#6963 = ORIENTED_EDGE ( 'NONE', *, *, #6993, .T. ) ;
#6964 = CARTESIAN_POINT ( 'NONE',  ( 0.8000000000087310603, -1.349999999973810150, 0.000000000000000000 ) ) ;
#6965 = ADVANCED_FACE ( 'NONE', ( #3474 ), #4926, .T. ) ;
#6966 = DIRECTION ( 'NONE',  ( 1.000000000000000000, 0.000000000000000000, 0.000000000000000000 ) ) ;
#6967 = DIRECTION ( 'NONE',  ( 1.000000000000000000, 0.000000000000000000, 0.000000000000000000 ) ) ;
#6968 = SPHERICAL_SURFACE ( 'NONE', #6924, 0.05000000000000000278 ) ;
#6969 = VERTEX_POINT ( 'NONE', #8215 ) ;
#6970 = DIRECTION ( 'NONE',  ( 1.000000000000000000, 0.000000000000000000, 0.000000000000000000 ) ) ;
#6971 = ORIENTED_EDGE ( 'NONE', *, *, #9849, .T. ) ;
#6972 = DIRECTION ( 'NONE',  ( -1.000000000000000000, 0.000000000000000000, 0.000000000000000000 ) ) ;
#6973 = VERTEX_POINT ( 'NONE', #4162 ) ;
#6974 = ADVANCED_FACE ( 'NONE', ( #221 ), #2604, .T. ) ;
#6975 = DIRECTION ( 'NONE',  ( 1.000000000000000000, 0.000000000000000000, 0.000000000000000000 ) ) ;
#6976 = CARTESIAN_POINT ( 'NONE',  ( 0.9521365238641059658, -0.5260531026347082806, 1.264644660940672072 ) ) ;
#6977 = DIRECTION ( 'NONE',  ( 1.000000000000000000, 0.000000000000000000, 0.000000000000000000 ) ) ;
#6978 = LINE ( 'NONE', #2077, #462 ) ;
#6979 = DIRECTION ( 'NONE',  ( 3.965082230804129727E-16, -1.000000000000000000, 0.000000000000000000 ) ) ;
#6980 = ORIENTED_EDGE ( 'NONE', *, *, #3412, .F. ) ;
#6981 =( GEOMETRIC_REPRESENTATION_CONTEXT ( 3 ) GLOBAL_UNCERTAINTY_ASSIGNED_CONTEXT ( ( #8684 ) ) GLOBAL_UNIT_ASSIGNED_CONTEXT ( ( #2534, #1865, #7362 ) ) REPRESENTATION_CONTEXT ( 'NONE', 'WORKASPACE' ) );
#6982 = EDGE_LOOP ( 'NONE', ( #1975, #6005, #2912, #2268 ) ) ;
#6983 = DIRECTION ( 'NONE',  ( -0.7071067811865482389, 0.000000000000000000, -0.7071067811865466846 ) ) ;
#6984 = EDGE_CURVE ( 'NONE', #9376, #1811, #1932, .T. ) ;
#6985 = CARTESIAN_POINT ( 'NONE',  ( -1.949999999999999956, -1.350000000000000089, 1.199999999999999956 ) ) ;
#6986 = CIRCLE ( 'NONE', #5839, 0.04999999999999991257 ) ;
#6987 = LINE ( 'NONE', #3287, #6233 ) ;
#6988 = AXIS2_PLACEMENT_3D ( 'NONE', #7900, #171, #9628 ) ;
#6989 = DIRECTION ( 'NONE',  ( 0.7071067811865482389, 0.000000000000000000, -0.7071067811865466846 ) ) ;
#6990 = ORIENTED_EDGE ( 'NONE', *, *, #4653, .F. ) ;
#6991 = PRODUCT_CONTEXT ( 'NONE', #3544, 'mechanical' ) ;
#6992 = VERTEX_POINT ( 'NONE', #8908 ) ;
#6993 = EDGE_CURVE ( 'NONE', #10127, #5690, #4257, .T. ) ;
#6994 = VERTEX_POINT ( 'NONE', #6676 ) ;
#6995 = AXIS2_PLACEMENT_3D ( 'NONE', #6352, #5515, #2542 ) ;
#6996 = VECTOR ( 'NONE', #3343, 1000.000000000000000 ) ;
#6997 = LINE ( 'NONE', #4727, #4089 ) ;
#6998 = CARTESIAN_POINT ( 'NONE',  ( 0.6999999999999999556, 1.149999999999999911, 1.250000000000000000 ) ) ;
#6999 = CARTESIAN_POINT ( 'NONE',  ( -1.899999999999999911, 1.350000000000000089, 0.05000000000000000278 ) ) ;
#7000 = FILL_AREA_STYLE_COLOUR ( '', #5234 ) ;
#7001 = ORIENTED_EDGE ( 'NONE', *, *, #8698, .F. ) ;
#7002 = DIRECTION ( 'NONE',  ( -1.000000000000000000, 0.000000000000000000, 0.000000000000000000 ) ) ;
#7003 = VERTEX_POINT ( 'NONE', #4978 ) ;
#7004 = EDGE_CURVE ( 'NONE', #7308, #1371, #6672, .T. ) ;
#7005 = CIRCLE ( 'NONE', #750, 0.1500000000000000500 ) ;
#7006 = DIRECTION ( 'NONE',  ( -0.7071067811865474617, 0.7071067811865474617, 0.000000000000000000 ) ) ;
#7007 = ORIENTED_EDGE ( 'NONE', *, *, #9138, .F. ) ;
#7008 = EDGE_CURVE ( 'NONE', #4234, #74, #3421, .T. ) ;
#7009 = ORIENTED_EDGE ( 'NONE', *, *, #8606, .T. ) ;
#7010 = EDGE_CURVE ( 'NONE', #3788, #4120, #10080, .T. ) ;
#7011 = DIRECTION ( 'NONE',  ( 0.000000000000000000, 0.7071067811865474617, -0.7071067811865474617 ) ) ;
#7012 = FACE_OUTER_BOUND ( 'NONE', #7351, .T. ) ;
#7013 = CARTESIAN_POINT ( 'NONE',  ( -1.949999999999999956, -1.100000000000000089, 0.05000000000000000278 ) ) ;
#7014 = DIRECTION ( 'NONE',  ( 0.000000000000000000, -1.000000000000000000, 0.000000000000000000 ) ) ;
#7015 = FACE_OUTER_BOUND ( 'NONE', #8861, .T. ) ;
#7016 = LINE ( 'NONE', #10175, #2388 ) ;
#7017 = FACE_OUTER_BOUND ( 'NONE', #8586, .T. ) ;
#7018 = ORIENTED_EDGE ( 'NONE', *, *, #8127, .F. ) ;
#7019 = EDGE_CURVE ( 'NONE', #10077, #4322, #10126, .T. ) ;
#7020 = EDGE_CURVE ( 'NONE', #4325, #9912, #6098, .T. ) ;
#7021 = DIRECTION ( 'NONE',  ( 1.000000000000000000, 0.000000000000000000, 0.000000000000000000 ) ) ;
#7022 = ORIENTED_EDGE ( 'NONE', *, *, #4555, .F. ) ;
#7023 = ORIENTED_EDGE ( 'NONE', *, *, #2326, .F. ) ;
#7024 = DIRECTION ( 'NONE',  ( 0.000000000000000000, 0.000000000000000000, -1.000000000000000000 ) ) ;
#7025 = CARTESIAN_POINT ( 'NONE',  ( -0.8000000000000000444, 1.350000000000000089, 1.199999999999999956 ) ) ;
#7026 = VECTOR ( 'NONE', #3652, 1000.000000000000000 ) ;
#7027 = DIRECTION ( 'NONE',  ( 0.000000000000000000, 0.000000000000000000, 1.000000000000000000 ) ) ;
#7028 = PLANE ( 'NONE',  #9600 ) ;
#7029 = FACE_OUTER_BOUND ( 'NONE', #7574, .T. ) ;
#7030 = ADVANCED_FACE ( 'NONE', ( #2188 ), #528, .T. ) ;
#7031 = CARTESIAN_POINT ( 'NONE',  ( 0.7504565801423450644, 0.6680502826390388726, 1.250000000000000000 ) ) ;
#7032 = EDGE_LOOP ( 'NONE', ( #2731, #1507, #4864, #4055 ) ) ;
#7033 = AXIS2_PLACEMENT_3D ( 'NONE', #8864, #8811, #6593 ) ;
#7034 = ORIENTED_EDGE ( 'NONE', *, *, #9096, .T. ) ;
#7035 = DIRECTION ( 'NONE',  ( -1.000000000000000000, 0.000000000000000000, 0.000000000000000000 ) ) ;
#7036 = VECTOR ( 'NONE', #1600, 1000.000000000000000 ) ;
#7037 = DIRECTION ( 'NONE',  ( 0.000000000000000000, 1.000000000000000000, 0.000000000000000000 ) ) ;
#7038 = CARTESIAN_POINT ( 'NONE',  ( 0.4309513410520389720, 0.8191628971831930173, 0.000000000000000000 ) ) ;
#7039 = VECTOR ( 'NONE', #9491, 1000.000000000000000 ) ;
#7040 = CYLINDRICAL_SURFACE ( 'NONE', #9548, 0.1500000000000000500 ) ;
#7041 = CIRCLE ( 'NONE', #9026, 0.05000000000000000278 ) ;
#7042 = EDGE_CURVE ( 'NONE', #7258, #2030, #9656, .T. ) ;
#7043 = PLANE ( 'NONE',  #4398 ) ;
#7044 = ORIENTED_EDGE ( 'NONE', *, *, #1732, .T. ) ;
#7045 = APPLICATION_PROTOCOL_DEFINITION ( 'draft international standard', 'automotive_design', 1998, #1972 ) ;
#7046 = ORIENTED_EDGE ( 'NONE', *, *, #4016, .T. ) ;
#7047 = ORIENTED_EDGE ( 'NONE', *, *, #2049, .T. ) ;
#7048 = CARTESIAN_POINT ( 'NONE',  ( 1.899999999999999911, 1.036404544565270092, -0.05000000000000000278 ) ) ;
#7049 = VECTOR ( 'NONE', #3009, 1000.000000000000114 ) ;
#7050 = VECTOR ( 'NONE', #4549, 1000.000000000000114 ) ;
#7051 = EDGE_CURVE ( 'NONE', #258, #6677, #6174, .T. ) ;
#7052 = DIRECTION ( 'NONE',  ( -7.792703114739566078E-16, -0.7071067811865473507, -0.7071067811865476838 ) ) ;
#7053 = LINE ( 'NONE', #10107, #8652 ) ;
#7054 = FACE_OUTER_BOUND ( 'NONE', #5864, .T. ) ;
#7055 = FILL_AREA_STYLE ('',( #7000 ) ) ;
#7056 = ORIENTED_EDGE ( 'NONE', *, *, #901, .F. ) ;
#7057 = PLANE ( 'NONE',  #8052 ) ;
#7058 = CIRCLE ( 'NONE', #1802, 0.1999999999999998446 ) ;
#7059 = ORIENTED_EDGE ( 'NONE', *, *, #6627, .F. ) ;
#7060 = DIRECTION ( 'NONE',  ( 0.000000000000000000, 0.000000000000000000, 1.000000000000000000 ) ) ;
#7061 = ORIENTED_EDGE ( 'NONE', *, *, #3109, .T. ) ;
#7062 = EDGE_LOOP ( 'NONE', ( #3622, #3600, #4705, #6399 ) ) ;
#7063 = CYLINDRICAL_SURFACE ( 'NONE', #1303, 0.05000000000000007216 ) ;
#7064 = VECTOR ( 'NONE', #3615, 1000.000000000000000 ) ;
#7065 = DIRECTION ( 'NONE',  ( 1.000000000000000000, 0.000000000000000000, 0.000000000000000000 ) ) ;
#7066 = ADVANCED_FACE ( 'NONE', ( #8466 ), #5222, .T. ) ;
#7067 = AXIS2_PLACEMENT_3D ( 'NONE', #5004, #8037, #8881 ) ;
#7068 = DIRECTION ( 'NONE',  ( -0.3199981514759568380, 0.6305562489199274534, 0.7071067811865482389 ) ) ;
#7069 = CARTESIAN_POINT ( 'NONE',  ( 0.6999999999999999556, -1.250000000000000000, 1.199999999999999956 ) ) ;
#7070 = DIRECTION ( 'NONE',  ( 1.000000000000000000, 0.000000000000000000, 0.000000000000000000 ) ) ;
#7071 = DIRECTION ( 'NONE',  ( -0.000000000000000000, 1.000000000000000000, 0.000000000000000000 ) ) ;
#7072 = VERTEX_POINT ( 'NONE', #478 ) ;
#7073 = DIRECTION ( 'NONE',  ( 0.000000000000000000, -1.000000000000000000, 0.000000000000000000 ) ) ;
#7074 = AXIS2_PLACEMENT_3D ( 'NONE', #5083, #2040, #5901 ) ;
#7075 = VERTEX_POINT ( 'NONE', #2137 ) ;
#7076 = CARTESIAN_POINT ( 'NONE',  ( 0.1850555678730499976, 0.8549999999999999822, 1.300000000000000044 ) ) ;
#7077 = EDGE_CURVE ( 'NONE', #9305, #1786, #627, .T. ) ;
#7078 = EDGE_CURVE ( 'NONE', #4722, #1876, #4688, .T. ) ;
#7079 = AXIS2_PLACEMENT_3D ( 'NONE', #5764, #232, #343 ) ;
#7080 = CARTESIAN_POINT ( 'NONE',  ( -1.949999999999999956, 0.7364045445652700472, -0.2999999999999999889 ) ) ;
#7081 = AXIS2_PLACEMENT_3D ( 'NONE', #8069, #5695, #7905 ) ;
#7082 = AXIS2_PLACEMENT_3D ( 'NONE', #3108, #8004, #8736 ) ;
#7083 = DIRECTION ( 'NONE',  ( -1.000000000000000000, 0.000000000000000000, 0.000000000000000000 ) ) ;
#7084 = LINE ( 'NONE', #897, #172 ) ;
#7085 = CARTESIAN_POINT ( 'NONE',  ( 1.899999999999999911, 0.5000000000000000000, 0.05000000000000000278 ) ) ;
#7086 = DIRECTION ( 'NONE',  ( -0.7071067811865474617, 0.7071067811865474617, 0.000000000000000000 ) ) ;
#7087 = VERTEX_POINT ( 'NONE', #1458 ) ;
#7088 =( LENGTH_UNIT ( ) NAMED_UNIT ( * ) SI_UNIT ( .MILLI., .METRE. ) );
#7089 = VECTOR ( 'NONE', #5175, 1000.000000000000114 ) ;
#7090 = PRODUCT_DEFINITION_FORMATION_WITH_SPECIFIED_SOURCE ( 'ANY', '', #6695, .NOT_KNOWN. ) ;
#7091 = ORIENTED_EDGE ( 'NONE', *, *, #4360, .T. ) ;
#7092 = DIRECTION ( 'NONE',  ( 0.000000000000000000, -1.000000000000000000, 0.000000000000000000 ) ) ;
#7093 = ADVANCED_FACE ( 'NONE', ( #7685 ), #1360, .T. ) ;
#7094 = FACE_OUTER_BOUND ( 'NONE', #8416, .T. ) ;
#7095 = DIRECTION ( 'NONE',  ( 1.000000000000000000, 0.000000000000000000, 0.000000000000000000 ) ) ;
#7096 = LINE ( 'NONE', #1479, #2772 ) ;
#7097 = CARTESIAN_POINT ( 'NONE',  ( 1.949999999999999956, -1.100000000000000089, 0.05000000000000000278 ) ) ;
#7098 = DIRECTION ( 'NONE',  ( 0.000000000000000000, 0.000000000000000000, -1.000000000000000000 ) ) ;
#7099 = APPLICATION_PROTOCOL_DEFINITION ( 'draft international standard', 'automotive_design', 1998, #7949 ) ;
#7100 = VERTEX_POINT ( 'NONE', #3777 ) ;
#7101 = DIRECTION ( 'NONE',  ( 5.421010861875307703E-16, -1.000000000000000000, 0.000000000000000000 ) ) ;
#7102 = AXIS2_PLACEMENT_3D ( 'NONE', #7254, #6534, #8961 ) ;
#7103 = ORIENTED_EDGE ( 'NONE', *, *, #2341, .T. ) ;
#7104 = ADVANCED_FACE ( 'NONE', ( #1308 ), #2903, .F. ) ;
#7105 = DIRECTION ( 'NONE',  ( -1.000000000000000000, -7.116814260417669499E-17, 0.000000000000000000 ) ) ;
#7106 = CARTESIAN_POINT ( 'NONE',  ( 0.8000000000000000444, -1.350000000000000089, 1.199999999999999956 ) ) ;
#7107 = CARTESIAN_POINT ( 'NONE',  ( -0.3750000000000000000, 1.350000000000000089, 0.000000000000000000 ) ) ;
#7108 = CYLINDRICAL_SURFACE ( 'NONE', #6021, 0.05000000000000007216 ) ;
#7109 = CIRCLE ( 'NONE', #7753, 0.05000000000000001665 ) ;
#7110 = DIRECTION ( 'NONE',  ( 0.000000000000000000, 1.000000000000000000, 0.000000000000000000 ) ) ;
#7111 = DIRECTION ( 'NONE',  ( 1.000000000000000000, 0.000000000000000000, 0.000000000000000000 ) ) ;
#7112 = ORIENTED_EDGE ( 'NONE', *, *, #3109, .F. ) ;
#7113 = CARTESIAN_POINT ( 'NONE',  ( 1.949999999999999956, -0.4364045445652709465, 0.1499999999999999944 ) ) ;
#7114 = ORIENTED_EDGE ( 'NONE', *, *, #4609, .F. ) ;
#7115 = VERTEX_POINT ( 'NONE', #7737 ) ;
#7116 = DIRECTION ( 'NONE',  ( 0.000000000000000000, 0.000000000000000000, 1.000000000000000000 ) ) ;
#7117 = ADVANCED_FACE ( 'NONE', ( #4400 ), #687, .T. ) ;
#7118 = AXIS2_PLACEMENT_3D ( 'NONE', #9451, #7065, #7879 ) ;
#7119 = EDGE_CURVE ( 'NONE', #1827, #3202, #7488, .T. ) ;
#7120 = DIRECTION ( 'NONE',  ( 1.000000000000000000, 0.000000000000000000, 0.000000000000000000 ) ) ;
#7121 = CARTESIAN_POINT ( 'NONE',  ( -1.900000000011639933, -1.350000000046569948, 0.000000000000000000 ) ) ;
#7122 = DIRECTION ( 'NONE',  ( -9.912705577010339108E-17, 1.000000000000000000, -9.912705577010350201E-17 ) ) ;
#7123 = LINE ( 'NONE', #7994, #5681 ) ;
#7124 = FACE_OUTER_BOUND ( 'NONE', #4610, .T. ) ;
#7125 = EDGE_LOOP ( 'NONE', ( #3074, #4321, #3882, #7787 ) ) ;
#7126 = ORIENTED_EDGE ( 'NONE', *, *, #4640, .F. ) ;
#7127 = AXIS2_PLACEMENT_3D ( 'NONE', #7945, #840, #7182 ) ;
#7129 = DIRECTION ( 'NONE',  ( 0.000000000000000000, 1.000000000000000000, 0.000000000000000000 ) ) ;
#7128 =( NAMED_UNIT ( * ) SI_UNIT ( $, .STERADIAN. ) SOLID_ANGLE_UNIT ( ) );
#7130 = EDGE_CURVE ( 'NONE', #3828, #6801, #9936, .T. ) ;
#7131 = ORIENTED_EDGE ( 'NONE', *, *, #8066, .T. ) ;
#7132 = CARTESIAN_POINT ( 'NONE',  ( 1.935355339059327440, -1.036404544565270092, -0.01464466094067265987 ) ) ;
#7133 = CARTESIAN_POINT ( 'NONE',  ( 0.3222667766999390282, 0.6049999999999999822, 0.1499999999999999944 ) ) ;
#7134 = CARTESIAN_POINT ( 'NONE',  ( -0.8000000000000000444, -1.350000000000000089, 0.05000000000000000278 ) ) ;
#7135 = CYLINDRICAL_SURFACE ( 'NONE', #2661, 0.05000000000000001665 ) ;
#7136 = DIRECTION ( 'NONE',  ( -1.000000000000000000, 0.000000000000000000, 0.000000000000000000 ) ) ;
#7137 = ORIENTED_EDGE ( 'NONE', *, *, #4078, .F. ) ;
#7138 =( NAMED_UNIT ( * ) PLANE_ANGLE_UNIT ( ) SI_UNIT ( $, .RADIAN. ) );
#7139 = EDGE_CURVE ( 'NONE', #6969, #91, #5994, .T. ) ;
#7140 = EDGE_CURVE ( 'NONE', #8331, #2161, #3723, .T. ) ;
#7141 = ORIENTED_EDGE ( 'NONE', *, *, #2018, .F. ) ;
#7142 = UNCERTAINTY_MEASURE_WITH_UNIT (LENGTH_MEASURE( 1.000000000000000082E-05 ), #6485, 'distance_accuracy_value', 'NONE');
#7143 = DIRECTION ( 'NONE',  ( -0.8522164413315482800, 0.5231893893459534928, 0.000000000000000000 ) ) ;
#7144 = DIRECTION ( 'NONE',  ( 0.000000000000000000, 0.000000000000000000, -1.000000000000000000 ) ) ;
#7145 = DIRECTION ( 'NONE',  ( -0.7071067811865457964, 0.7071067811865493491, 1.795709848179116324E-15 ) ) ;
#7146 = LINE ( 'NONE', #66, #3390 ) ;
#7147 = CARTESIAN_POINT ( 'NONE',  ( -2.299999999999999822, 1.100000000000000089, 0.000000000000000000 ) ) ;
#7148 = CARTESIAN_POINT ( 'NONE',  ( 1.600000000000000089, 0.5000000000000000000, 0.000000000000000000 ) ) ;
#7149 = CARTESIAN_POINT ( 'NONE',  ( 1.054999999999999938, -0.2287144171094039891, 1.850000000000000089 ) ) ;
#7150 = CARTESIAN_POINT ( 'NONE',  ( -0.6999999999999999556, 1.149999999999999911, 0.000000000000000000 ) ) ;
#7151 = VERTEX_POINT ( 'NONE', #6998 ) ;
#7152 = ORIENTED_EDGE ( 'NONE', *, *, #5384, .T. ) ;
#7153 = VECTOR ( 'NONE', #9309, 1000.000000000000000 ) ;
#7154 = ORIENTED_EDGE ( 'NONE', *, *, #7906, .T. ) ;
#7155 = ADVANCED_FACE ( 'NONE', ( #3914 ), #8655, .T. ) ;
#7156 = FACE_OUTER_BOUND ( 'NONE', #7723, .T. ) ;
#7157 = LINE ( 'NONE', #5492, #7207 ) ;
#7158 = ORIENTED_EDGE ( 'NONE', *, *, #3200, .F. ) ;
#7159 = AXIS2_PLACEMENT_3D ( 'NONE', #9945, #4638, #98 ) ;
#7160 = AXIS2_PLACEMENT_3D ( 'NONE', #4355, #3574, #1006 ) ;
#7161 = DIRECTION ( 'NONE',  ( 0.000000000000000000, -1.000000000000000000, 0.000000000000000000 ) ) ;
#7162 = CARTESIAN_POINT ( 'NONE',  ( 0.3222667766999390282, 0.6049999999999999822, 1.250000000000000000 ) ) ;
#7163 = CYLINDRICAL_SURFACE ( 'NONE', #985, 0.05000000000000007216 ) ;
#7164 = CARTESIAN_POINT ( 'NONE',  ( 0.3222667766999390282, 0.7903553390593274219, 1.885355339059327395 ) ) ;
#7165 = ORIENTED_EDGE ( 'NONE', *, *, #943, .F. ) ;
#7166 = CARTESIAN_POINT ( 'NONE',  ( -1.949999999999999956, 0.5000000000000000000, 0.2000000000000000111 ) ) ;
#7167 = ORIENTED_EDGE ( 'NONE', *, *, #4840, .F. ) ;
#7168 = EDGE_CURVE ( 'NONE', #5882, #9691, #8498, .T. ) ;
#7169 = VECTOR ( 'NONE', #206, 1000.000000000000000 ) ;
#7170 = CIRCLE ( 'NONE', #744, 0.04999999999999991257 ) ;
#7171 = ORIENTED_EDGE ( 'NONE', *, *, #3737, .T. ) ;
#7172 = LINE ( 'NONE', #6407, #6952 ) ;
#7173 = DIRECTION ( 'NONE',  ( 0.000000000000000000, 1.000000000000000000, 0.000000000000000000 ) ) ;
#7174 = VECTOR ( 'NONE', #3137, 1000.000000000000000 ) ;
#7175 = CARTESIAN_POINT ( 'NONE',  ( -0.9749999999999999778, -1.399999999999999911, 1.199999999999999956 ) ) ;
#7176 = CARTESIAN_POINT ( 'NONE',  ( 0.9455091451503230271, 0.5129938551276220782, 1.300000000000000044 ) ) ;
#7177 = DIRECTION ( 'NONE',  ( -0.2326572596528327930, -0.9725587897555778572, 0.000000000000000000 ) ) ;
#7178 = DIRECTION ( 'NONE',  ( -1.000000000000000000, 0.000000000000000000, 0.000000000000000000 ) ) ;
#7179 = ORIENTED_EDGE ( 'NONE', *, *, #7686, .T. ) ;
#7180 = ORIENTED_EDGE ( 'NONE', *, *, #882, .T. ) ;
#7181 = ADVANCED_FACE ( 'NONE', ( #3081 ), #1438, .F. ) ;
#7182 = DIRECTION ( 'NONE',  ( 0.000000000000000000, 0.7071067811865474617, 0.7071067811865474617 ) ) ;
#7183 = ORIENTED_EDGE ( 'NONE', *, *, #8956, .F. ) ;
#7184 = ORIENTED_EDGE ( 'NONE', *, *, #4934, .F. ) ;
#7185 = VECTOR ( 'NONE', #2023, 1000.000000000000000 ) ;
#7186 = DIRECTION ( 'NONE',  ( 0.000000000000000000, 0.000000000000000000, -1.000000000000000000 ) ) ;
#7187 = CARTESIAN_POINT ( 'NONE',  ( -0.3750000000000000000, 1.350000000000000089, 0.05000000000000000278 ) ) ;
#7188 = EDGE_CURVE ( 'NONE', #8734, #8133, #1587, .T. ) ;
#7189 = CARTESIAN_POINT ( 'NONE',  ( 2.100000000000000089, 1.036404544565270092, 0.000000000000000000 ) ) ;
#7190 = DIRECTION ( 'NONE',  ( 0.000000000000000000, 0.000000000000000000, 1.000000000000000000 ) ) ;
#7191 = PLANE ( 'NONE',  #8770 ) ;
#7192 = EDGE_CURVE ( 'NONE', #9861, #5133, #4728, .T. ) ;
#7193 = EDGE_LOOP ( 'NONE', ( #7675, #2800, #10034, #7915 ) ) ;
#7194 = ORIENTED_EDGE ( 'NONE', *, *, #7496, .F. ) ;
#7195 = CIRCLE ( 'NONE', #3728, 0.04999999999999991257 ) ;
#7196 = CARTESIAN_POINT ( 'NONE',  ( -0.9388817664365403104, 0.4999346076205335998, 1.885355339059327173 ) ) ;
#7197 =( LENGTH_UNIT ( ) NAMED_UNIT ( * ) SI_UNIT ( .MILLI., .METRE. ) );
#7198 = CYLINDRICAL_SURFACE ( 'NONE', #8231, 0.05000000000000007216 ) ;
#7199 = EDGE_CURVE ( 'NONE', #5734, #74, #7053, .T. ) ;
#7200 = DIRECTION ( 'NONE',  ( 1.000000000000000000, 0.000000000000000000, 0.000000000000000000 ) ) ;
#7201 = LINE ( 'NONE', #124, #5617 ) ;
#7202 = DIRECTION ( 'NONE',  ( 0.000000000000000000, 0.000000000000000000, 1.000000000000000000 ) ) ;
#7203 = DIRECTION ( 'NONE',  ( 3.965082230804129727E-16, -1.000000000000000000, 0.000000000000000000 ) ) ;
#7204 = CARTESIAN_POINT ( 'NONE',  ( -0.3222667766999390282, -0.7550000000000000044, 1.850000000000000089 ) ) ;
#7205 = ORIENTED_EDGE ( 'NONE', *, *, #5326, .F. ) ;
#7206 = EDGE_CURVE ( 'NONE', #9910, #1700, #4219, .T. ) ;
#7207 = VECTOR ( 'NONE', #8648, 1000.000000000000000 ) ;
#7208 = VERTEX_POINT ( 'NONE', #9326 ) ;
#7209 = CIRCLE ( 'NONE', #8515, 0.05000000000000002359 ) ;
#7210 = DIRECTION ( 'NONE',  ( 0.000000000000000000, 0.000000000000000000, -1.000000000000000000 ) ) ;
#7211 = VERTEX_POINT ( 'NONE', #666 ) ;
#7212 = FACE_OUTER_BOUND ( 'NONE', #8455, .T. ) ;
#7213 = PRESENTATION_LAYER_ASSIGNMENT (  '', '', ( #5726 ) ) ;
#7214 = ADVANCED_FACE ( 'NONE', ( #1490 ), #817, .T. ) ;
#7215 = ADVANCED_FACE ( 'NONE', ( #3859 ), #3971, .T. ) ;
#7216 = AXIS2_PLACEMENT_3D ( 'NONE', #4842, #7052, #7976 ) ;
#7217 = DIRECTION ( 'NONE',  ( 0.7071067811865482389, 0.000000000000000000, -0.7071067811865466846 ) ) ;
#7218 = DIRECTION ( 'NONE',  ( -1.000000000000000000, 0.000000000000000000, 0.000000000000000000 ) ) ;
#7219 = LINE ( 'NONE', #7771, #7497 ) ;
#7220 =( NAMED_UNIT ( * ) PLANE_ANGLE_UNIT ( ) SI_UNIT ( $, .RADIAN. ) );
#7221 = ORIENTED_EDGE ( 'NONE', *, *, #8389, .T. ) ;
#7222 = ORIENTED_EDGE ( 'NONE', *, *, #7260, .F. ) ;
#7223 = PLANE ( 'NONE',  #10125 ) ;
#7224 = ORIENTED_EDGE ( 'NONE', *, *, #2531, .F. ) ;
#7225 = AXIS2_PLACEMENT_3D ( 'NONE', #1464, #6927, #7083 ) ;
#7226 = VECTOR ( 'NONE', #8538, 1000.000000000000000 ) ;
#7227 = ORIENTED_EDGE ( 'NONE', *, *, #3913, .F. ) ;
#7228 = LINE ( 'NONE', #1868, #6899 ) ;
#7229 = CARTESIAN_POINT ( 'NONE',  ( -2.100000000000000089, 0.4364045445652700028, 0.000000000000000000 ) ) ;
#7230 = EDGE_CURVE ( 'NONE', #8021, #51, #3031, .T. ) ;
#7231 = AXIS2_PLACEMENT_3D ( 'NONE', #4361, #9156, #5226 ) ;
#7232 = CYLINDRICAL_SURFACE ( 'NONE', #735, 0.05000000000000007216 ) ;
#7233 = DIRECTION ( 'NONE',  ( -0.7071067811865474617, 0.000000000000000000, 0.7071067811865474617 ) ) ;
#7234 = AXIS2_PLACEMENT_3D ( 'NONE', #4502, #1173, #7605 ) ;
#7235 = CARTESIAN_POINT ( 'NONE',  ( -2.056066017177982097, 0.5182022722709940243, 0.1060660171779820443 ) ) ;
#7236 = CARTESIAN_POINT ( 'NONE',  ( 1.095162613781379912, -0.3346456153152879698, 0.1499999999999999944 ) ) ;
#7237 = ORIENTED_EDGE ( 'NONE', *, *, #9552, .F. ) ;
#7238 = ORIENTED_EDGE ( 'NONE', *, *, #2074, .T. ) ;
#7239 = CARTESIAN_POINT ( 'NONE',  ( 1.949999999999999956, -0.6999999999999999556, 0.05000000000000000278 ) ) ;
#7240 = VERTEX_POINT ( 'NONE', #2265 ) ;
#7241 = MECHANICAL_DESIGN_GEOMETRIC_PRESENTATION_REPRESENTATION (  '', ( #3610 ), #2630 ) ;
#7242 = ORIENTED_EDGE ( 'NONE', *, *, #4, .T. ) ;
#7243 = FACE_OUTER_BOUND ( 'NONE', #4474, .T. ) ;
#7244 = EDGE_CURVE ( 'NONE', #8946, #5938, #1400, .T. ) ;
#7245 = CARTESIAN_POINT ( 'NONE',  ( 1.095162613781379912, 0.3346456153152879698, 0.000000000000000000 ) ) ;
#7246 = DIRECTION ( 'NONE',  ( 1.000000000000000000, 0.000000000000000000, 0.000000000000000000 ) ) ;
#7247 = VECTOR ( 'NONE', #5723, 1000.000000000000000 ) ;
#7248 = AXIS2_PLACEMENT_3D ( 'NONE', #8555, #10014, #2935 ) ;
#7249 = ORIENTED_EDGE ( 'NONE', *, *, #4615, .T. ) ;
#7250 = FILL_AREA_STYLE_COLOUR ( '', #4367 ) ;
#7251 = CIRCLE ( 'NONE', #2809, 0.04999999999999991257 ) ;
#7252 = EDGE_CURVE ( 'NONE', #6566, #9974, #6332, .T. ) ;
#7253 = CARTESIAN_POINT ( 'NONE',  ( -0.8000000000000000444, -1.399999999999999911, 0.05000000000000000278 ) ) ;
#7254 = CARTESIAN_POINT ( 'NONE',  ( 0.3701111357461009943, 0.8050000000000000488, 1.250000000000000000 ) ) ;
#7255 = CARTESIAN_POINT ( 'NONE',  ( -1.935355339059327440, 0.6999999999999999556, 0.01464466094067265294 ) ) ;
#7256 = LINE ( 'NONE', #8075, #6898 ) ;
#7257 = AXIS2_PLACEMENT_3D ( 'NONE', #5523, #845, #737 ) ;
#7258 = VERTEX_POINT ( 'NONE', #7671 ) ;
#7259 = EDGE_LOOP ( 'NONE', ( #6067, #5649, #5000, #3565, #1730, #3772, #2259 ) ) ;
#7260 = EDGE_CURVE ( 'NONE', #4353, #5245, #2319, .T. ) ;
#7261 = CYLINDRICAL_SURFACE ( 'NONE', #5930, 0.05000000000000001665 ) ;
#7262 = DIRECTION ( 'NONE',  ( 0.000000000000000000, 0.000000000000000000, -1.000000000000000000 ) ) ;
#7263 = VERTEX_POINT ( 'NONE', #3809 ) ;
#7264 = CIRCLE ( 'NONE', #1174, 0.2401626137813800410 ) ;
#7265 = DIRECTION ( 'NONE',  ( 0.8917411990616693762, -0.4525457257516151688, 2.081668171172170880E-15 ) ) ;
#7266 = DIRECTION ( 'NONE',  ( 0.000000000000000000, 0.000000000000000000, 1.000000000000000000 ) ) ;
#7267 = DIRECTION ( 'NONE',  ( 0.000000000000000000, -1.000000000000000000, 0.000000000000000000 ) ) ;
#7268 = CARTESIAN_POINT ( 'NONE',  ( 0.9636845643521000371, 0.5488085124984810603, 0.1499999999999999944 ) ) ;
#7269 = ORIENTED_EDGE ( 'NONE', *, *, #4983, .T. ) ;
#7270 = FACE_OUTER_BOUND ( 'NONE', #9332, .T. ) ;
#7271 = ORIENTED_EDGE ( 'NONE', *, *, #6367, .T. ) ;
#7272 = FACE_OUTER_BOUND ( 'NONE', #376, .T. ) ;
#7273 = VERTEX_POINT ( 'NONE', #607 ) ;
#7274 = AXIS2_PLACEMENT_3D ( 'NONE', #4092, #3150, #3255 ) ;
#7275 = EDGE_CURVE ( 'NONE', #440, #7778, #713, .T. ) ;
#7276 = EDGE_CURVE ( 'NONE', #4272, #979, #6954, .T. ) ;
#7277 = ORIENTED_EDGE ( 'NONE', *, *, #5265, .F. ) ;
#7278 = DIRECTION ( 'NONE',  ( 0.000000000000000000, 0.7071067811865482389, 0.7071067811865466846 ) ) ;
#7279 = CARTESIAN_POINT ( 'NONE',  ( -1.899999999999999911, -1.350000000000000089, 0.05000000000000000278 ) ) ;
#7280 = VECTOR ( 'NONE', #1013, 1000.000000000000000 ) ;
#7281 = CARTESIAN_POINT ( 'NONE',  ( 0.3222667766999390282, 0.6049999999999999822, 0.000000000000000000 ) ) ;
#7282 = CARTESIAN_POINT ( 'NONE',  ( -0.4061485431364788568, -0.7702889923052466115, 1.885355339059327173 ) ) ;
#7283 = SURFACE_STYLE_FILL_AREA ( #7995 ) ;
#7284 = EDGE_LOOP ( 'NONE', ( #8974, #5539, #9911, #6813, #7708, #335, #5060, #7158, #8600 ) ) ;
#7285 = ORIENTED_EDGE ( 'NONE', *, *, #8057, .T. ) ;
#7286 = DIRECTION ( 'NONE',  ( 0.000000000000000000, 0.000000000000000000, 1.000000000000000000 ) ) ;
#7287 = EDGE_CURVE ( 'NONE', #2633, #5758, #2985, .T. ) ;
#7288 = AXIS2_PLACEMENT_3D ( 'NONE', #9609, #2538, #5461 ) ;
#7289 = ORIENTED_EDGE ( 'NONE', *, *, #5444, .F. ) ;
#7290 = ORIENTED_EDGE ( 'NONE', *, *, #971, .T. ) ;
#7291 = DIRECTION ( 'NONE',  ( -9.912705577010339108E-17, 1.000000000000000000, -9.912705577010350201E-17 ) ) ;
#7292 = CARTESIAN_POINT ( 'NONE',  ( 0.8000000000000000444, 0.6999999999999999556, 0.05000000000000000278 ) ) ;
#7293 = AXIS2_PLACEMENT_3D ( 'NONE', #3696, #9999, #3021 ) ;
#7294 = ORIENTED_EDGE ( 'NONE', *, *, #1778, .T. ) ;
#7295 = VERTEX_POINT ( 'NONE', #192 ) ;
#7296 = DIRECTION ( 'NONE',  ( 0.000000000000000000, -1.000000000000000000, 0.000000000000000000 ) ) ;
#7297 = EDGE_CURVE ( 'NONE', #3164, #9861, #3241, .T. ) ;
#7298 = DIRECTION ( 'NONE',  ( 0.000000000000000000, 0.000000000000000000, -1.000000000000000000 ) ) ;
#7299 = DIRECTION ( 'NONE',  ( -0.7071067811865474617, -0.7071067811865474617, 0.000000000000000000 ) ) ;
#7300 = CARTESIAN_POINT ( 'NONE',  ( 2.100000000000000089, 0.4364045445652700028, 0.000000000000000000 ) ) ;
#7301 = LINE ( 'NONE', #9061, #1188 ) ;
#7302 = CARTESIAN_POINT ( 'NONE',  ( -2.299999999999999822, 0.5000000000000000000, 0.000000000000000000 ) ) ;
#7303 = DIRECTION ( 'NONE',  ( 1.000000000000000000, 0.000000000000000000, 0.000000000000000000 ) ) ;
#7304 = VERTEX_POINT ( 'NONE', #6599 ) ;
#7305 = EDGE_LOOP ( 'NONE', ( #5824, #769 ) ) ;
#7306 = EDGE_CURVE ( 'NONE', #4655, #7640, #4996, .T. ) ;
#7307 = CARTESIAN_POINT ( 'NONE',  ( -0.8000000000000000444, 1.350000000000000089, 0.05000000000000000278 ) ) ;
#7308 = VERTEX_POINT ( 'NONE', #9598 ) ;
#7309 = DIRECTION ( 'NONE',  ( 0.000000000000000000, 0.000000000000000000, -1.000000000000000000 ) ) ;
#7310 = EDGE_CURVE ( 'NONE', #5846, #6923, #4372, .T. ) ;
#7311 = CARTESIAN_POINT ( 'NONE',  ( 1.949999999999999956, 0.4364045445652700028, -0.05000000000000000278 ) ) ;
#7312 = CARTESIAN_POINT ( 'NONE',  ( -1.025443288266309594, -0.4392834931844786239, 1.250000000000000000 ) ) ;
#7313 = DIRECTION ( 'NONE',  ( -0.3199981514759524526, -0.6305562489199296738, -0.7071067811865482389 ) ) ;
#7314 = VERTEX_POINT ( 'NONE', #9756 ) ;
#7315 = EDGE_LOOP ( 'NONE', ( #7695, #8342, #7375, #660 ) ) ;
#7316 = ORIENTED_EDGE ( 'NONE', *, *, #7667, .T. ) ;
#7317 = MECHANICAL_DESIGN_GEOMETRIC_PRESENTATION_REPRESENTATION (  '', ( #1229 ), #6981 ) ;
#7318 = DIRECTION ( 'NONE',  ( 0.000000000000000000, 1.000000000000000000, 0.000000000000000000 ) ) ;
#7319 = CARTESIAN_POINT ( 'NONE',  ( -0.3701111357461009943, 0.8050000000000000488, 1.250000000000000000 ) ) ;
#7320 = EDGE_CURVE ( 'NONE', #8718, #5822, #8823, .T. ) ;
#7321 = DIRECTION ( 'NONE',  ( -1.000000000000000000, -3.558407130208834749E-17, 3.558407130208834749E-17 ) ) ;
#7322 = DIRECTION ( 'NONE',  ( 0.000000000000000000, -1.000000000000000000, 0.000000000000000000 ) ) ;
#7323 = DIRECTION ( 'NONE',  ( 0.000000000000000000, 0.000000000000000000, 1.000000000000000000 ) ) ;
#7324 = CIRCLE ( 'NONE', #1071, 0.05000000000000000278 ) ;
#7325 = VERTEX_POINT ( 'NONE', #8029 ) ;
#7326 = VECTOR ( 'NONE', #5432, 1000.000000000000000 ) ;
#7327 = ORIENTED_EDGE ( 'NONE', *, *, #3267, .T. ) ;
#7328 = EDGE_CURVE ( 'NONE', #5133, #4884, #9699, .T. ) ;
#7329 = CARTESIAN_POINT ( 'NONE',  ( -0.8000000000000000444, -1.350000000000000089, 0.05000000000000000278 ) ) ;
#7330 = ORIENTED_EDGE ( 'NONE', *, *, #3037, .F. ) ;
#7331 = ORIENTED_EDGE ( 'NONE', *, *, #7119, .T. ) ;
#7332 = DIRECTION ( 'NONE',  ( 0.000000000000000000, 0.000000000000000000, 1.000000000000000000 ) ) ;
#7333 = DIRECTION ( 'NONE',  ( 0.000000000000000000, 0.7071067811865482389, 0.7071067811865466846 ) ) ;
#7334 = CIRCLE ( 'NONE', #2889, 0.1000000000000001443 ) ;
#7335 = EDGE_CURVE ( 'NONE', #5941, #134, #7334, .T. ) ;
#7336 = DIRECTION ( 'NONE',  ( 0.000000000000000000, 0.000000000000000000, -1.000000000000000000 ) ) ;
#7337 = DIRECTION ( 'NONE',  ( 0.8917411990616690431, -0.4525457257516160015, 0.000000000000000000 ) ) ;
#7338 = DIRECTION ( 'NONE',  ( 0.000000000000000000, 0.000000000000000000, -1.000000000000000000 ) ) ;
#7339 = ORIENTED_EDGE ( 'NONE', *, *, #7882, .T. ) ;
#7340 = EDGE_LOOP ( 'NONE', ( #928, #8137, #7222, #5317, #6897, #982, #2396, #5426, #1380, #3762, #5263, #1035, #680, #9504, #729, #4044, #2125, #4767, #1460, #7942, #2926, #1369, #6911, #1441, #9346, #9095, #10110, #6803, #1866, #4364, #7527, #2956 ) ) ;
#7341 = AXIS2_PLACEMENT_3D ( 'NONE', #289, #3394, #1954 ) ;
#7342 = DIRECTION ( 'NONE',  ( 0.2326572596528327930, -0.9725587897555778572, 0.000000000000000000 ) ) ;
#7343 = AXIS2_PLACEMENT_3D ( 'NONE', #1182, #6648, #7459 ) ;
#7344 = DIRECTION ( 'NONE',  ( 1.000000000000000000, 0.000000000000000000, 0.000000000000000000 ) ) ;
#7345 = LINE ( 'NONE', #1168, #662 ) ;
#7346 = EDGE_CURVE ( 'NONE', #3679, #9492, #8130, .T. ) ;
#7347 = CARTESIAN_POINT ( 'NONE',  ( 0.9749999999999999778, 1.399999999999999911, 0.05000000000000000278 ) ) ;
#7348 = CARTESIAN_POINT ( 'NONE',  ( -0.6999999999999999556, 1.149999999999999911, 1.199999999999999956 ) ) ;
#7349 = CARTESIAN_POINT ( 'NONE',  ( -2.299999999999999822, 0.5000000000000000000, 0.2000000000000000111 ) ) ;
#7350 = DIRECTION ( 'NONE',  ( 0.8522164413315482800, -0.5231893893459534928, 0.000000000000000000 ) ) ;
#7351 = EDGE_LOOP ( 'NONE', ( #9189, #2951, #7237, #9927 ) ) ;
#7352 = ORIENTED_EDGE ( 'NONE', *, *, #7310, .T. ) ;
#7353 = DIRECTION ( 'NONE',  ( 0.000000000000000000, -1.000000000000000000, 0.000000000000000000 ) ) ;
#7354 = VERTEX_POINT ( 'NONE', #7311 ) ;
#7355 = ADVANCED_FACE ( 'NONE', ( #5769 ), #1759, .T. ) ;
#7356 = DIRECTION ( 'NONE',  ( -1.000000000000000000, 0.000000000000000000, 0.000000000000000000 ) ) ;
#7357 = VECTOR ( 'NONE', #7098, 1000.000000000000000 ) ;
#7358 = DIRECTION ( 'NONE',  ( -0.7071067811865474617, 0.7071067811865474617, 0.000000000000000000 ) ) ;
#7359 = CYLINDRICAL_SURFACE ( 'NONE', #3388, 0.05000000000000001665 ) ;
#7360 = ORIENTED_EDGE ( 'NONE', *, *, #7790, .F. ) ;
#7361 = VERTEX_POINT ( 'NONE', #6497 ) ;
#7362 =( NAMED_UNIT ( * ) SI_UNIT ( $, .STERADIAN. ) SOLID_ANGLE_UNIT ( ) );
#7363 = ORIENTED_EDGE ( 'NONE', *, *, #6576, .T. ) ;
#7364 = EDGE_LOOP ( 'NONE', ( #3024, #7477, #9020, #4977 ) ) ;
#7365 = AXIS2_PLACEMENT_3D ( 'NONE', #7307, #4324, #7262 ) ;
#7366 = DIRECTION ( 'NONE',  ( 0.7071067811865474617, 0.7071067811865474617, 0.000000000000000000 ) ) ;
#7367 = FACE_OUTER_BOUND ( 'NONE', #6200, .T. ) ;
#7368 = CARTESIAN_POINT ( 'NONE',  ( 0.3222667766999390282, -0.8549999999999999822, 1.300000000000000044 ) ) ;
#7369 = FACE_OUTER_BOUND ( 'NONE', #2400, .T. ) ;
#7370 = DIRECTION ( 'NONE',  ( 0.3199981514759568380, -0.6305562489199274534, -0.7071067811865482389 ) ) ;
#7371 = AXIS2_PLACEMENT_3D ( 'NONE', #9471, #6315, #4004 ) ;
#7372 = ORIENTED_EDGE ( 'NONE', *, *, #1573, .F. ) ;
#7373 = ORIENTED_EDGE ( 'NONE', *, *, #5145, .T. ) ;
#7374 = AXIS2_PLACEMENT_3D ( 'NONE', #9121, #5191, #9073 ) ;
#7375 = ORIENTED_EDGE ( 'NONE', *, *, #2531, .T. ) ;
#7376 = ORIENTED_EDGE ( 'NONE', *, *, #283, .T. ) ;
#7377 = ADVANCED_FACE ( 'NONE', ( #1027 ), #2577, .T. ) ;
#7378 = CIRCLE ( 'NONE', #3593, 0.04999999999999991257 ) ;
#7379 = CARTESIAN_POINT ( 'NONE',  ( 0.8549999999999999822, -0.3346456153152879698, 1.850000000000000089 ) ) ;
#7380 = CIRCLE ( 'NONE', #2940, 0.04999999999999991257 ) ;
#7381 = CARTESIAN_POINT ( 'NONE',  ( -1.600000000000000089, -1.569225247049999883, 0.000000000000000000 ) ) ;
#7382 = DIRECTION ( 'NONE',  ( 0.000000000000000000, 0.000000000000000000, -1.000000000000000000 ) ) ;
#7383 = CARTESIAN_POINT ( 'NONE',  ( 1.095162613781379912, -0.3346456153152879698, 0.000000000000000000 ) ) ;
#7384 = AXIS2_PLACEMENT_3D ( 'NONE', #7870, #3974, #7111 ) ;
#7385 = AXIS2_PLACEMENT_3D ( 'NONE', #5219, #1306, #9688 ) ;
#7386 = ORIENTED_EDGE ( 'NONE', *, *, #2910, .F. ) ;
#7387 = AXIS2_PLACEMENT_3D ( 'NONE', #6344, #9497, #9554 ) ;
#7388 = AXIS2_PLACEMENT_3D ( 'NONE', #2614, #6535, #4171 ) ;
#7389 = ADVANCED_FACE ( 'NONE', ( #8087 ), #4183, .T. ) ;
#7390 = ADVANCED_FACE ( 'NONE', ( #236 ), #1075, .T. ) ;
#7391 = CYLINDRICAL_SURFACE ( 'NONE', #2307, 0.05000000000000001665 ) ;
#7392 = CIRCLE ( 'NONE', #5577, 0.04999999999999991257 ) ;
#7393 = DIRECTION ( 'NONE',  ( 0.000000000000000000, -0.7071067811865474617, 0.7071067811865474617 ) ) ;
#7394 = VECTOR ( 'NONE', #1295, 1000.000000000000000 ) ;
#7395 = CIRCLE ( 'NONE', #4436, 0.04999999999999991257 ) ;
#7396 = CARTESIAN_POINT ( 'NONE',  ( -1.899999999999999911, 1.350000000000000089, 1.199999999999999956 ) ) ;
#7397 = DIRECTION ( 'NONE',  ( 0.000000000000000000, 0.000000000000000000, -1.000000000000000000 ) ) ;
#7398 = DIRECTION ( 'NONE',  ( 3.092198806847238144E-11, 1.000000000000000000, 0.000000000000000000 ) ) ;
#7399 = CARTESIAN_POINT ( 'NONE',  ( 1.005000000000000115, -0.3346456153152879698, 1.850000000000000089 ) ) ;
#7400 = CARTESIAN_POINT ( 'NONE',  ( 1.949999999999999956, 0.4364045445652700028, -0.7500000000000000000 ) ) ;
#7401 = ORIENTED_EDGE ( 'NONE', *, *, #553, .T. ) ;
#7402 = EDGE_LOOP ( 'NONE', ( #5729, #6097, #3397, #7376, #9375, #3091, #4224 ) ) ;
#7403 = VECTOR ( 'NONE', #7694, 1000.000000000000000 ) ;
#7404 = AXIS2_PLACEMENT_3D ( 'NONE', #632, #6783, #6925 ) ;
#7405 = EDGE_CURVE ( 'NONE', #2596, #1582, #4519, .T. ) ;
#7406 = DIRECTION ( 'NONE',  ( 0.000000000000000000, 0.000000000000000000, -1.000000000000000000 ) ) ;
#7407 = ORIENTED_EDGE ( 'NONE', *, *, #5305, .T. ) ;
#7408 = CIRCLE ( 'NONE', #492, 0.04999999999999991951 ) ;
#7409 = DIRECTION ( 'NONE',  ( 0.000000000000000000, 0.000000000000000000, 1.000000000000000000 ) ) ;
#7410 = COLOUR_RGB ( '',0.2862745098039215508, 0.2862745098039215508, 0.2862745098039215508 ) ;
#7411 = CARTESIAN_POINT ( 'NONE',  ( 0.8549999999999999822, 0.3346456153152879698, 1.300000000000000044 ) ) ;
#7412 = CARTESIAN_POINT ( 'NONE',  ( 1.600000000000000089, -0.5000000000000000000, 0.000000000000000000 ) ) ;
#7413 = VERTEX_POINT ( 'NONE', #85 ) ;
#7414 = ORIENTED_EDGE ( 'NONE', *, *, #2290, .F. ) ;
#7415 = DIRECTION ( 'NONE',  ( 0.000000000000000000, -1.000000000000000000, 0.000000000000000000 ) ) ;
#7416 = ORIENTED_EDGE ( 'NONE', *, *, #113, .T. ) ;
#7417 = ADVANCED_FACE ( 'NONE', ( #8928 ), #5545, .T. ) ;
#7418 = VERTEX_POINT ( 'NONE', #3442 ) ;
#7419 = AXIS2_PLACEMENT_3D ( 'NONE', #6104, #3686, #6877 ) ;
#7420 = DIRECTION ( 'NONE',  ( 0.000000000000000000, 1.000000000000000000, 0.000000000000000000 ) ) ;
#7421 = CARTESIAN_POINT ( 'NONE',  ( -1.353456609821347856, 0.9838512662132929965, 0.003000000000000000062 ) ) ;
#7422 = CARTESIAN_POINT ( 'NONE',  ( 2.299999999999999822, 1.100000000000000089, 0.000000000000000000 ) ) ;
#7423 = DIRECTION ( 'NONE',  ( 0.000000000000000000, 0.000000000000000000, 1.000000000000000000 ) ) ;
#7424 = LINE ( 'NONE', #410, #1903 ) ;
#7425 = DIRECTION ( 'NONE',  ( 0.000000000000000000, 0.000000000000000000, 1.000000000000000000 ) ) ;
#7426 = ORIENTED_EDGE ( 'NONE', *, *, #3885, .T. ) ;
#7427 = VERTEX_POINT ( 'NONE', #8706 ) ;
#7428 = EDGE_CURVE ( 'NONE', #1635, #9913, #7170, .T. ) ;
#7429 = ORIENTED_EDGE ( 'NONE', *, *, #7529, .F. ) ;
#7430 = EDGE_CURVE ( 'NONE', #2186, #4174, #9821, .T. ) ;
#7431 = VERTEX_POINT ( 'NONE', #345 ) ;
#7432 = AXIS2_PLACEMENT_3D ( 'NONE', #1505, #6299, #1602 ) ;
#7433 = LINE ( 'NONE', #3518, #4622 ) ;
#7434 = DIRECTION ( 'NONE',  ( 0.7071067811865474617, -0.7071067811865474617, 0.000000000000000000 ) ) ;
#7435 = DIRECTION ( 'NONE',  ( 0.000000000000000000, 0.000000000000000000, -1.000000000000000000 ) ) ;
#7436 = DIRECTION ( 'NONE',  ( 0.000000000000000000, 0.000000000000000000, 1.000000000000000000 ) ) ;
#7437 = ADVANCED_FACE ( 'NONE', ( #8970 ), #3718, .T. ) ;
#7438 = VECTOR ( 'NONE', #8282, 1000.000000000000000 ) ;
#7439 = EDGE_LOOP ( 'NONE', ( #2504, #7653, #4140, #9053 ) ) ;
#7440 = DIRECTION ( 'NONE',  ( -7.792703114739560161E-16, -0.7071067811865474617, -0.7071067811865476838 ) ) ;
#7441 = ORIENTED_EDGE ( 'NONE', *, *, #10235, .T. ) ;
#7442 = FACE_OUTER_BOUND ( 'NONE', #9091, .T. ) ;
#7443 = AXIS2_PLACEMENT_3D ( 'NONE', #9086, #7479, #7332 ) ;
#7444 = CARTESIAN_POINT ( 'NONE',  ( -2.100000000000000089, 0.4364045445652700028, -0.7500000000000000000 ) ) ;
#7445 = CARTESIAN_POINT ( 'NONE',  ( 0.000000000000000000, 0.000000000000000000, 1.250000000000000000 ) ) ;
#7446 = DIRECTION ( 'NONE',  ( 0.000000000000000000, 1.000000000000000000, 0.000000000000000000 ) ) ;
#7447 = CARTESIAN_POINT ( 'NONE',  ( -0.8549999999999999822, -0.3346456153152879698, 1.300000000000000044 ) ) ;
#7448 = ADVANCED_FACE ( 'NONE', ( #5102 ), #3495, .T. ) ;
#7449 = ADVANCED_FACE ( 'NONE', ( #5044 ), #3057, .F. ) ;
#7450 = ORIENTED_EDGE ( 'NONE', *, *, #3992, .T. ) ;
#7451 = ORIENTED_EDGE ( 'NONE', *, *, #555, .F. ) ;
#7452 = CIRCLE ( 'NONE', #2353, 0.05000000000000002359 ) ;
#7453 = CARTESIAN_POINT ( 'NONE',  ( 0.8549999999999999822, -0.3346456153152879698, 1.250000000000000000 ) ) ;
#7454 = ORIENTED_EDGE ( 'NONE', *, *, #9304, .T. ) ;
#7455 = EDGE_CURVE ( 'NONE', #1852, #9492, #9313, .T. ) ;
#7456 = DIRECTION ( 'NONE',  ( -1.000000000000000000, -6.167905691643949504E-16, 0.000000000000000000 ) ) ;
#7457 = LINE ( 'NONE', #287, #6218 ) ;
#7458 = EDGE_CURVE ( 'NONE', #5772, #8796, #9074, .T. ) ;
#7459 = DIRECTION ( 'NONE',  ( -0.7071067811865482389, 0.000000000000000000, 0.7071067811865466846 ) ) ;
#7460 = EDGE_CURVE ( 'NONE', #8634, #4072, #5150, .T. ) ;
#7461 = DIRECTION ( 'NONE',  ( 0.7071067811865482389, 0.000000000000000000, -0.7071067811865466846 ) ) ;
#7462 = FACE_OUTER_BOUND ( 'NONE', #3042, .T. ) ;
#7463 = VERTEX_POINT ( 'NONE', #4280 ) ;
#7464 = ORIENTED_EDGE ( 'NONE', *, *, #3629, .F. ) ;
#7465 = VERTEX_POINT ( 'NONE', #1952 ) ;
#7466 = ORIENTED_EDGE ( 'NONE', *, *, #4229, .F. ) ;
#7467 = DIRECTION ( 'NONE',  ( 0.000000000000000000, 0.000000000000000000, 1.000000000000000000 ) ) ;
#7468 = ORIENTED_EDGE ( 'NONE', *, *, #9340, .T. ) ;
#7469 = DIRECTION ( 'NONE',  ( 0.000000000000000000, 0.000000000000000000, 1.000000000000000000 ) ) ;
#7470 = EDGE_CURVE ( 'NONE', #6142, #4786, #9992, .T. ) ;
#7471 = DIRECTION ( 'NONE',  ( 0.000000000000000000, -1.000000000000000000, 0.000000000000000000 ) ) ;
#7472 = VERTEX_POINT ( 'NONE', #6698 ) ;
#7473 = FILL_AREA_STYLE_COLOUR ( '', #477 ) ;
#7474 = ORIENTED_EDGE ( 'NONE', *, *, #3342, .T. ) ;
#7475 = ORIENTED_EDGE ( 'NONE', *, *, #1824, .T. ) ;
#7476 = AXIS2_PLACEMENT_3D ( 'NONE', #5407, #7874, #824 ) ;
#7477 = ORIENTED_EDGE ( 'NONE', *, *, #696, .T. ) ;
#7478 = CARTESIAN_POINT ( 'NONE',  ( 0.4309513410520389720, 0.8191628971831930173, 0.000000000000000000 ) ) ;
#7479 = DIRECTION ( 'NONE',  ( -1.000000000000000000, 0.000000000000000000, 0.000000000000000000 ) ) ;
#7480 = CARTESIAN_POINT ( 'NONE',  ( 0.8549999999999999822, -0.3346456153152879698, 1.300000000000000044 ) ) ;
#7481 = FACE_OUTER_BOUND ( 'NONE', #8467, .T. ) ;
#7482 = CARTESIAN_POINT ( 'NONE',  ( -0.7646446609406726269, -1.350000000000000311, 0.01464466094067265987 ) ) ;
#7483 = EDGE_CURVE ( 'NONE', #3217, #3433, #6850, .T. ) ;
#7484 = VERTEX_POINT ( 'NONE', #3286 ) ;
#7485 = FACE_OUTER_BOUND ( 'NONE', #349, .T. ) ;
#7486 = ORIENTED_EDGE ( 'NONE', *, *, #7952, .F. ) ;
#7487 = AXIS2_PLACEMENT_3D ( 'NONE', #6658, #2066, #5161 ) ;
#7488 = CIRCLE ( 'NONE', #1569, 0.05000000000000001665 ) ;
#7489 = ADVANCED_FACE ( 'NONE', ( #6371 ), #3169, .F. ) ;
#7490 = LINE ( 'NONE', #9784, #8224 ) ;
#7491 = DIRECTION ( 'NONE',  ( 0.000000000000000000, 1.000000000000000000, 0.000000000000000000 ) ) ;
#7492 = FACE_OUTER_BOUND ( 'NONE', #2523, .T. ) ;
#7493 = CARTESIAN_POINT ( 'NONE',  ( -1.557918548418649740, 0.9838512662132929965, 0.000000000000000000 ) ) ;
#7494 = DIRECTION ( 'NONE',  ( 0.7071067811865482389, 0.000000000000000000, 0.7071067811865466846 ) ) ;
#7495 = LINE ( 'NONE', #4320, #6389 ) ;
#7496 = EDGE_CURVE ( 'NONE', #9984, #6653, #1575, .T. ) ;
#7497 = VECTOR ( 'NONE', #10158, 1000.000000000000000 ) ;
#7498 = AXIS2_PLACEMENT_3D ( 'NONE', #2723, #1906, #394 ) ;
#7499 = ORIENTED_EDGE ( 'NONE', *, *, #10052, .T. ) ;
#7500 = ORIENTED_EDGE ( 'NONE', *, *, #6606, .F. ) ;
#7501 = DIRECTION ( 'NONE',  ( 0.000000000000000000, -1.000000000000000000, 0.000000000000000000 ) ) ;
#7502 = ORIENTED_EDGE ( 'NONE', *, *, #6915, .F. ) ;
#7503 = EDGE_CURVE ( 'NONE', #6397, #1291, #2898, .T. ) ;
#7504 = CIRCLE ( 'NONE', #9643, 0.05000000000000001665 ) ;
#7505 = CARTESIAN_POINT ( 'NONE',  ( 1.949999999999999956, 0.4364045445652700028, 0.1499999999999999944 ) ) ;
#7506 = LINE ( 'NONE', #8393, #9697 ) ;
#7507 = ADVANCED_FACE ( 'NONE', ( #4116 ), #4880, .T. ) ;
#7508 = DIRECTION ( 'NONE',  ( 1.000000000000000000, 0.000000000000000000, 0.000000000000000000 ) ) ;
#7509 = ORIENTED_EDGE ( 'NONE', *, *, #7119, .F. ) ;
#7510 = ORIENTED_EDGE ( 'NONE', *, *, #2357, .F. ) ;
#7511 = VERTEX_POINT ( 'NONE', #7253 ) ;
#7512 = LINE ( 'NONE', #3803, #8860 ) ;
#7513 = EDGE_LOOP ( 'NONE', ( #4528, #2336, #9288, #2593 ) ) ;
#7514 = EDGE_CURVE ( 'NONE', #463, #2847, #7660, .T. ) ;
#7515 = DIRECTION ( 'NONE',  ( 1.000000000000000000, 0.000000000000000000, 0.000000000000000000 ) ) ;
#7516 = EDGE_LOOP ( 'NONE', ( #5538, #7738, #2595, #5355, #9445, #2176, #6210, #9900, #8786, #4100, #5986, #3075 ) ) ;
#7517 = LINE ( 'NONE', #2791, #92 ) ;
#7518 = LINE ( 'NONE', #9132, #917 ) ;
#7519 = CARTESIAN_POINT ( 'NONE',  ( -0.8000000000000000444, -0.6999999999999999556, 0.05000000000000000278 ) ) ;
#7520 = ORIENTED_EDGE ( 'NONE', *, *, #2163, .F. ) ;
#7521 = DIRECTION ( 'NONE',  ( 0.000000000000000000, -1.000000000000000000, 0.000000000000000000 ) ) ;
#7522 = ORIENTED_EDGE ( 'NONE', *, *, #9106, .T. ) ;
#7523 = ORIENTED_EDGE ( 'NONE', *, *, #9661, .T. ) ;
#7524 = AXIS2_PLACEMENT_3D ( 'NONE', #3855, #1584, #5445 ) ;
#7525 = AXIS2_PLACEMENT_3D ( 'NONE', #1780, #4916, #6867 ) ;
#7526 = ORIENTED_EDGE ( 'NONE', *, *, #3027, .F. ) ;
#7527 = ORIENTED_EDGE ( 'NONE', *, *, #1473, .T. ) ;
#7528 = FACE_OUTER_BOUND ( 'NONE', #1510, .T. ) ;
#7529 = EDGE_CURVE ( 'NONE', #8108, #6959, #4774, .T. ) ;
#7530 = DIRECTION ( 'NONE',  ( 0.000000000000000000, 0.000000000000000000, -1.000000000000000000 ) ) ;
#7531 = CIRCLE ( 'NONE', #9519, 0.04999999999999991257 ) ;
#7532 = FACE_OUTER_BOUND ( 'NONE', #8761, .T. ) ;
#7533 = CARTESIAN_POINT ( 'NONE',  ( 1.899999999999999911, -1.350000000000000089, 0.05000000000000000278 ) ) ;
#7534 = VECTOR ( 'NONE', #6845, 1000.000000000000000 ) ;
#7535 = ORIENTED_EDGE ( 'NONE', *, *, #5654, .T. ) ;
#7536 = DIRECTION ( 'NONE',  ( -1.982541115402069794E-16, 1.000000000000000000, 0.000000000000000000 ) ) ;
#7537 = EDGE_LOOP ( 'NONE', ( #8663, #9334, #7007, #4256 ) ) ;
#7538 = AXIS2_PLACEMENT_3D ( 'NONE', #4547, #2344, #9301 ) ;
#7539 = CIRCLE ( 'NONE', #8374, 0.04999999999999991257 ) ;
#7540 = ADVANCED_FACE ( 'NONE', ( #9632 ), #2563, .T. ) ;
#7541 = DIRECTION ( 'NONE',  ( 0.000000000000000000, 0.000000000000000000, -1.000000000000000000 ) ) ;
#7542 = CARTESIAN_POINT ( 'NONE',  ( 1.899999999999999911, -1.350000000000000089, 1.199999999999999956 ) ) ;
#7543 = LINE ( 'NONE', #9944, #3603 ) ;
#7544 = CARTESIAN_POINT ( 'NONE',  ( -0.4309513410520389720, -0.8191628971831930173, 0.000000000000000000 ) ) ;
#7545 = DIRECTION ( 'NONE',  ( 0.000000000000000000, 0.000000000000000000, 1.000000000000000000 ) ) ;
#7546 = DIRECTION ( 'NONE',  ( 0.000000000000000000, 1.000000000000000000, 0.000000000000000000 ) ) ;
#7547 = AXIS2_PLACEMENT_3D ( 'NONE', #8017, #526, #9147 ) ;
#7548 = VECTOR ( 'NONE', #2757, 1000.000000000000000 ) ;
#7549 = EDGE_LOOP ( 'NONE', ( #4895, #6343, #2811, #6292 ) ) ;
#7550 = LINE ( 'NONE', #489, #4443 ) ;
#7551 = ORIENTED_EDGE ( 'NONE', *, *, #8204, .T. ) ;
#7552 = DIRECTION ( 'NONE',  ( 0.000000000000000000, 0.000000000000000000, -1.000000000000000000 ) ) ;
#7553 = VECTOR ( 'NONE', #4797, 1000.000000000000000 ) ;
#7554 = ADVANCED_FACE ( 'NONE', ( #1792 ), #3955, .T. ) ;
#7555 = AXIS2_PLACEMENT_3D ( 'NONE', #4906, #4966, #991 ) ;
#7556 = ORIENTED_EDGE ( 'NONE', *, *, #2891, .T. ) ;
#7557 = AXIS2_PLACEMENT_3D ( 'NONE', #4851, #4960, #7366 ) ;
#7558 = DIRECTION ( 'NONE',  ( 0.000000000000000000, 0.000000000000000000, 1.000000000000000000 ) ) ;
#7559 = DIRECTION ( 'NONE',  ( -0.8917411990616683770, 0.4525457257516171672, 0.000000000000000000 ) ) ;
#7560 = DIRECTION ( 'NONE',  ( 0.7071067811865464625, 0.7071067811865487940, -2.303712776097199427E-15 ) ) ;
#7561 = ORIENTED_EDGE ( 'NONE', *, *, #756, .T. ) ;
#7562 = ORIENTED_EDGE ( 'NONE', *, *, #9526, .T. ) ;
#7563 = AXIS2_PLACEMENT_3D ( 'NONE', #2761, #7607, #3690 ) ;
#7564 = EDGE_CURVE ( 'NONE', #1210, #2544, #224, .T. ) ;
#7565 = CIRCLE ( 'NONE', #6250, 0.05000000000000000278 ) ;
#7566 = ORIENTED_EDGE ( 'NONE', *, *, #7999, .T. ) ;
#7567 = PLANE ( 'NONE',  #8505 ) ;
#7568 = VERTEX_POINT ( 'NONE', #5646 ) ;
#7569 = CIRCLE ( 'NONE', #7726, 0.04999999999999991257 ) ;
#7570 = DIRECTION ( 'NONE',  ( 0.000000000000000000, 0.000000000000000000, -1.000000000000000000 ) ) ;
#7571 = STYLED_ITEM ( 'NONE', ( #5410 ), #10145 ) ;
#7572 = CIRCLE ( 'NONE', #8912, 0.05000000000000002359 ) ;
#7573 = ADVANCED_FACE ( 'NONE', ( #5483 ), #6533, .T. ) ;
#7574 = EDGE_LOOP ( 'NONE', ( #1839, #8182, #387, #1186 ) ) ;
#7575 = CARTESIAN_POINT ( 'NONE',  ( -1.899999999999999911, 1.350000000000000089, 1.199999999999999956 ) ) ;
#7576 = DIRECTION ( 'NONE',  ( -0.7071067811865474617, 0.000000000000000000, -0.7071067811865474617 ) ) ;
#7577 = CARTESIAN_POINT ( 'NONE',  ( -0.7646446609406726269, 1.250000000000000000, 0.01464466094067265987 ) ) ;
#7578 = VERTEX_POINT ( 'NONE', #7300 ) ;
#7579 = LINE ( 'NONE', #460, #7064 ) ;
#7580 = ORIENTED_EDGE ( 'NONE', *, *, #7755, .F. ) ;
#7581 = EDGE_CURVE ( 'NONE', #5661, #10077, #8753, .T. ) ;
#7582 = EDGE_LOOP ( 'NONE', ( #7592, #720, #1018, #7331 ) ) ;
#7583 = EDGE_CURVE ( 'NONE', #655, #7304, #9663, .T. ) ;
#7584 = CIRCLE ( 'NONE', #7732, 0.05000000000000000278 ) ;
#7585 = ORIENTED_EDGE ( 'NONE', *, *, #5444, .T. ) ;
#7586 = EDGE_LOOP ( 'NONE', ( #2057, #3189, #4485, #4738, #7959, #8274, #209 ) ) ;
#7587 = DIRECTION ( 'NONE',  ( 0.000000000000000000, 0.000000000000000000, -1.000000000000000000 ) ) ;
#7588 = FACE_OUTER_BOUND ( 'NONE', #8735, .T. ) ;
#7589 = VECTOR ( 'NONE', #8795, 1000.000000000000000 ) ;
#7590 = EDGE_CURVE ( 'NONE', #5223, #7003, #5587, .T. ) ;
#7591 = CARTESIAN_POINT ( 'NONE',  ( 0.8000000000025470070, 1.150000000026190072, 0.1499999999999999944 ) ) ;
#7592 = ORIENTED_EDGE ( 'NONE', *, *, #2607, .F. ) ;
#7593 = CARTESIAN_POINT ( 'NONE',  ( -0.9749999999999999778, -1.350000000000000089, 1.250000000000000000 ) ) ;
#7594 = EDGE_CURVE ( 'NONE', #7100, #6562, #7146, .T. ) ;
#7595 = ORIENTED_EDGE ( 'NONE', *, *, #4002, .T. ) ;
#7596 = DIRECTION ( 'NONE',  ( 0.000000000000000000, 0.000000000000000000, 1.000000000000000000 ) ) ;
#7597 = ORIENTED_EDGE ( 'NONE', *, *, #339, .T. ) ;
#7598 = AXIS2_PLACEMENT_3D ( 'NONE', #4639, #44, #6245 ) ;
#7599 = LINE ( 'NONE', #4545, #3952 ) ;
#7600 = CARTESIAN_POINT ( 'NONE',  ( 0.8000000000000000444, -1.350000000000000089, 0.05000000000000000278 ) ) ;
#7601 = DIRECTION ( 'NONE',  ( -3.965082230804129727E-16, 1.000000000000000000, 0.000000000000000000 ) ) ;
#7602 = DIRECTION ( 'NONE',  ( -1.000000000000000000, 0.000000000000000000, 0.000000000000000000 ) ) ;
#7603 = DIRECTION ( 'NONE',  ( 0.000000000000000000, 0.000000000000000000, -1.000000000000000000 ) ) ;
#7604 = AXIS2_PLACEMENT_3D ( 'NONE', #1266, #9112, #9946 ) ;
#7605 = DIRECTION ( 'NONE',  ( 1.000000000000000000, 0.000000000000000000, 0.000000000000000000 ) ) ;
#7606 = EDGE_CURVE ( 'NONE', #8318, #3870, #6022, .T. ) ;
#7607 = DIRECTION ( 'NONE',  ( 1.982541115402059686E-16, -1.000000000000000000, -1.982541115402064617E-16 ) ) ;
#7608 = ORIENTED_EDGE ( 'NONE', *, *, #6195, .F. ) ;
#7609 = DIRECTION ( 'NONE',  ( 3.965082230804129727E-16, -1.000000000000000000, 0.000000000000000000 ) ) ;
#7610 = ORIENTED_EDGE ( 'NONE', *, *, #6321, .F. ) ;
#7611 = FACE_OUTER_BOUND ( 'NONE', #5610, .T. ) ;
#7612 = CARTESIAN_POINT ( 'NONE',  ( -0.3222667766999390282, 0.8549999999999999822, 1.300000000000000044 ) ) ;
#7613 = AXIS2_PLACEMENT_3D ( 'NONE', #3717, #9238, #2181 ) ;
#7614 = SHAPE_REPRESENTATION_RELATIONSHIP ( 'NONE' , 'NONE' ,  #9293, #1576 ) ;
#7615 = ADVANCED_FACE ( 'NONE', ( #331 ), #8960, .F. ) ;
#7616 = FACE_OUTER_BOUND ( 'NONE', #672, .T. ) ;
#7617 = CIRCLE ( 'NONE', #4005, 0.2499999999999999722 ) ;
#7618 = ORIENTED_EDGE ( 'NONE', *, *, #2605, .T. ) ;
#7619 = ORIENTED_EDGE ( 'NONE', *, *, #5313, .F. ) ;
#7620 = VERTEX_POINT ( 'NONE', #4317 ) ;
#7621 = LINE ( 'NONE', #2980, #4076 ) ;
#7622 = ADVANCED_FACE ( 'NONE', ( #8226 ), #5177, .F. ) ;
#7623 = DIRECTION ( 'NONE',  ( 0.000000000000000000, 0.000000000000000000, 1.000000000000000000 ) ) ;
#7624 = VERTEX_POINT ( 'NONE', #485 ) ;
#7625 = CARTESIAN_POINT ( 'NONE',  ( -0.4061485431364787457, 0.7702889923052462784, 1.885355339059327395 ) ) ;
#7626 = CARTESIAN_POINT ( 'NONE',  ( 0.7646446609406726269, -1.350000000000000089, 0.01464466094067265987 ) ) ;
#7627 = DIRECTION ( 'NONE',  ( 0.000000000000000000, 0.000000000000000000, 1.000000000000000000 ) ) ;
#7628 = ADVANCED_FACE ( 'NONE', ( #4985 ), #9004, .T. ) ;
#7629 = DIRECTION ( 'NONE',  ( 0.000000000000000000, 0.000000000000000000, 1.000000000000000000 ) ) ;
#7630 = VERTEX_POINT ( 'NONE', #432 ) ;
#7631 = EDGE_LOOP ( 'NONE', ( #4617, #6574, #6414, #2545 ) ) ;
#7632 = VERTEX_POINT ( 'NONE', #9740 ) ;
#7633 = CARTESIAN_POINT ( 'NONE',  ( 1.899999999999999911, -0.3682022722942769888, 0.000000000000000000 ) ) ;
#7634 = DIRECTION ( 'NONE',  ( 1.000000000000000000, 0.000000000000000000, 0.000000000000000000 ) ) ;
#7635 = EDGE_CURVE ( 'NONE', #267, #5859, #4265, .T. ) ;
#7636 = DIRECTION ( 'NONE',  ( 1.000000000000000000, 0.000000000000000000, 0.000000000000000000 ) ) ;
#7637 = VERTEX_POINT ( 'NONE', #3480 ) ;
#7638 = EDGE_CURVE ( 'NONE', #10101, #6237, #4408, .T. ) ;
#7639 = CARTESIAN_POINT ( 'NONE',  ( 0.3999999999912690618, -1.349999999973810150, 0.000000000000000000 ) ) ;
#7640 = VERTEX_POINT ( 'NONE', #6733 ) ;
#7641 = AXIS2_PLACEMENT_3D ( 'NONE', #2647, #8944, #5010 ) ;
#7642 = DIRECTION ( 'NONE',  ( 0.2326572596528327652, 0.9725587897555778572, 0.000000000000000000 ) ) ;
#7643 = ORIENTED_EDGE ( 'NONE', *, *, #9105, .T. ) ;
#7644 = CARTESIAN_POINT ( 'NONE',  ( -2.299999999999999822, -1.100000000000000089, 0.000000000000000000 ) ) ;
#7645 = EDGE_CURVE ( 'NONE', #7263, #8367, #10144, .T. ) ;
#7646 = AXIS2_PLACEMENT_3D ( 'NONE', #1103, #1161, #2810 ) ;
#7647 = CARTESIAN_POINT ( 'NONE',  ( -1.900000000011639933, 1.349999999973810150, 0.1499999999999999944 ) ) ;
#7648 = LINE ( 'NONE', #8628, #6059 ) ;
#7649 = FACE_OUTER_BOUND ( 'NONE', #8211, .T. ) ;
#7650 = DIRECTION ( 'NONE',  ( 0.000000000000000000, -1.000000000000000000, 0.000000000000000000 ) ) ;
#7651 = CARTESIAN_POINT ( 'NONE',  ( -0.6999999999999999556, 1.250000000000000000, 0.05000000000000000278 ) ) ;
#7652 = ORIENTED_EDGE ( 'NONE', *, *, #2634, .T. ) ;
#7653 = ORIENTED_EDGE ( 'NONE', *, *, #7192, .T. ) ;
#7654 = VECTOR ( 'NONE', #9817, 1000.000000000000000 ) ;
#7655 = FACE_OUTER_BOUND ( 'NONE', #6338, .T. ) ;
#7656 = VECTOR ( 'NONE', #2421, 1000.000000000000000 ) ;
#7657 = DIRECTION ( 'NONE',  ( -0.7071067811865483499, 0.000000000000000000, 0.7071067811865466846 ) ) ;
#7658 = EDGE_CURVE ( 'NONE', #3566, #1762, #9894, .T. ) ;
#7659 = CIRCLE ( 'NONE', #2572, 0.04999999999999991257 ) ;
#7660 = CIRCLE ( 'NONE', #584, 0.05000000000000001665 ) ;
#7661 = DIRECTION ( 'NONE',  ( 0.000000000000000000, 0.000000000000000000, -1.000000000000000000 ) ) ;
#7662 = CARTESIAN_POINT ( 'NONE',  ( -2.056066017177982097, 0.4364045445652700028, 0.1060660171779820027 ) ) ;
#7663 = LINE ( 'NONE', #6065, #4540 ) ;
#7664 = EDGE_LOOP ( 'NONE', ( #8253, #9971, #8201, #9862 ) ) ;
#7665 = ORIENTED_EDGE ( 'NONE', *, *, #9487, .T. ) ;
#7666 = VECTOR ( 'NONE', #2678, 1000.000000000000000 ) ;
#7667 = EDGE_CURVE ( 'NONE', #3720, #7624, #1265, .T. ) ;
#7668 = CARTESIAN_POINT ( 'NONE',  ( -0.7646446609406726269, 1.385355339059327395, 1.199999999999999956 ) ) ;
#7669 = CARTESIAN_POINT ( 'NONE',  ( 2.299999999999999822, 0.5000000000000000000, 0.000000000000000000 ) ) ;
#7670 = VERTEX_POINT ( 'NONE', #9842 ) ;
#7671 = CARTESIAN_POINT ( 'NONE',  ( 0.3687982286305056534, 0.7995117579511155093, 1.300000000000000044 ) ) ;
#7672 = DIRECTION ( 'NONE',  ( -1.000000000000000000, 0.000000000000000000, 0.000000000000000000 ) ) ;
#7673 = CARTESIAN_POINT ( 'NONE',  ( -2.299999999999999822, -1.100000000000000089, 0.2000000000000000111 ) ) ;
#7674 = ORIENTED_EDGE ( 'NONE', *, *, #8956, .T. ) ;
#7675 = ORIENTED_EDGE ( 'NONE', *, *, #9160, .F. ) ;
#7676 = PLANE ( 'NONE',  #5900 ) ;
#7677 = EDGE_CURVE ( 'NONE', #7151, #6084, #5199, .T. ) ;
#7678 = ADVANCED_FACE ( 'NONE', ( #273 ), #2758, .F. ) ;
#7679 = FACE_OUTER_BOUND ( 'NONE', #4642, .T. ) ;
#7680 = DIRECTION ( 'NONE',  ( -0.7071067811865466846, 9.147955830346443662E-16, 0.7071067811865484609 ) ) ;
#7681 = ORIENTED_EDGE ( 'NONE', *, *, #4164, .F. ) ;
#7682 = DIRECTION ( 'NONE',  ( 0.000000000000000000, 0.000000000000000000, 1.000000000000000000 ) ) ;
#7683 = VECTOR ( 'NONE', #2872, 1000.000000000000000 ) ;
#7684 = ORIENTED_EDGE ( 'NONE', *, *, #2006, .F. ) ;
#7685 = FACE_OUTER_BOUND ( 'NONE', #1095, .T. ) ;
#7686 = EDGE_CURVE ( 'NONE', #4990, #7427, #2240, .T. ) ;
#7687 = ORIENTED_EDGE ( 'NONE', *, *, #1508, .T. ) ;
#7688 = AXIS2_PLACEMENT_3D ( 'NONE', #6268, #7904, #7143 ) ;
#7689 = FACE_OUTER_BOUND ( 'NONE', #5075, .T. ) ;
#7690 = AXIS2_PLACEMENT_3D ( 'NONE', #3239, #9543, #6227 ) ;
#7691 = CARTESIAN_POINT ( 'NONE',  ( 0.6999999999999999556, -1.199999999999999956, 0.05000000000000000278 ) ) ;
#7692 = CARTESIAN_POINT ( 'NONE',  ( 1.935355339059327218, 1.100000000000000089, 0.01464466094067245518 ) ) ;
#7693 = DIRECTION ( 'NONE',  ( 0.2326572596528327652, 0.9725587897555778572, 0.000000000000000000 ) ) ;
#7694 = DIRECTION ( 'NONE',  ( 1.000000000000000000, 0.000000000000000000, 0.000000000000000000 ) ) ;
#7695 = ORIENTED_EDGE ( 'NONE', *, *, #8337, .T. ) ;
#7696 = PLANE ( 'NONE',  #3766 ) ;
#7697 = CIRCLE ( 'NONE', #8878, 0.04999999999999991257 ) ;
#7698 = VERTEX_POINT ( 'NONE', #3638 ) ;
#7699 = FACE_OUTER_BOUND ( 'NONE', #195, .T. ) ;
#7700 = EDGE_CURVE ( 'NONE', #7427, #502, #2710, .T. ) ;
#7701 = AXIS2_PLACEMENT_3D ( 'NONE', #1204, #6719, #2852 ) ;
#7702 = EDGE_CURVE ( 'NONE', #2883, #10011, #7005, .T. ) ;
#7703 = DIRECTION ( 'NONE',  ( -0.5773502691896256200, 0.5773502691896256200, -0.5773502691896260641 ) ) ;
#7704 = AXIS2_PLACEMENT_3D ( 'NONE', #6774, #9880, #3519 ) ;
#7705 = CIRCLE ( 'NONE', #4269, 0.2401626137813800410 ) ;
#7706 = CARTESIAN_POINT ( 'NONE',  ( 0.1850555678730499976, 0.8050000000000000488, 1.300000000000000044 ) ) ;
#7707 = CARTESIAN_POINT ( 'NONE',  ( -0.3222667766999390282, 0.8451626137813800232, 0.000000000000000000 ) ) ;
#7708 = ORIENTED_EDGE ( 'NONE', *, *, #9059, .F. ) ;
#7709 = ORIENTED_EDGE ( 'NONE', *, *, #9872, .T. ) ;
#7710 = VERTEX_POINT ( 'NONE', #5138 ) ;
#7711 = EDGE_CURVE ( 'NONE', #6066, #9146, #6528, .T. ) ;
#7712 = VECTOR ( 'NONE', #2218, 1000.000000000000000 ) ;
#7713 = CIRCLE ( 'NONE', #4114, 0.2499999999999999722 ) ;
#7714 = AXIS2_PLACEMENT_3D ( 'NONE', #1650, #5608, #1540 ) ;
#7715 = CARTESIAN_POINT ( 'NONE',  ( -0.8000000000000000444, -1.350000000000000089, 1.199999999999999956 ) ) ;
#7716 = VECTOR ( 'NONE', #10109, 1000.000000000000000 ) ;
#7717 = CARTESIAN_POINT ( 'NONE',  ( -0.3627575754402329600, 0.7526617456234679926, 1.850000000000000089 ) ) ;
#7718 = CARTESIAN_POINT ( 'NONE',  ( 2.100000000000000089, -0.4364045445652709465, -0.7500000000000000000 ) ) ;
#7719 = CARTESIAN_POINT ( 'NONE',  ( 1.935355339059327440, -0.6999999999999999556, 0.01464466094067265294 ) ) ;
#7720 = CARTESIAN_POINT ( 'NONE',  ( 0.3499999999999999778, 1.306066017177981875, 0.1060660171779821970 ) ) ;
#7721 = ORIENTED_EDGE ( 'NONE', *, *, #9940, .T. ) ;
#7722 = CARTESIAN_POINT ( 'NONE',  ( 0.3222667766999390282, 0.6049999999999999822, 1.300000000000000044 ) ) ;
#7723 = EDGE_LOOP ( 'NONE', ( #1030, #4096, #2512, #2118 ) ) ;
#7724 = EDGE_CURVE ( 'NONE', #7778, #2028, #3538, .T. ) ;
#7725 = ORIENTED_EDGE ( 'NONE', *, *, #2116, .F. ) ;
#7726 = AXIS2_PLACEMENT_3D ( 'NONE', #7801, #748, #4773 ) ;
#7727 = DIRECTION ( 'NONE',  ( -7.771561172376093811E-16, -0.7071067811865424657, 0.7071067811865526798 ) ) ;
#7728 = AXIS2_PLACEMENT_3D ( 'NONE', #3328, #4112, #4165 ) ;
#7729 = DIRECTION ( 'NONE',  ( -1.000000000000000000, 0.000000000000000000, 0.000000000000000000 ) ) ;
#7730 = CARTESIAN_POINT ( 'NONE',  ( -1.600000000000000089, 0.5000000000000000000, 0.000000000000000000 ) ) ;
#7731 = DIRECTION ( 'NONE',  ( 0.000000000000000000, 1.000000000000000000, 0.000000000000000000 ) ) ;
#7732 = AXIS2_PLACEMENT_3D ( 'NONE', #8164, #3427, #9630 ) ;
#7733 = VERTEX_POINT ( 'NONE', #5227 ) ;
#7734 = CARTESIAN_POINT ( 'NONE',  ( 2.100000000000000089, -0.4364045445652709465, 0.1499999999999999944 ) ) ;
#7735 = EDGE_LOOP ( 'NONE', ( #7777, #5008, #5164, #4889 ) ) ;
#7736 = EDGE_CURVE ( 'NONE', #8448, #6802, #8491, .T. ) ;
#7737 = CARTESIAN_POINT ( 'NONE',  ( -1.025443288266309816, 0.4392834931844787349, 1.850000000000000089 ) ) ;
#7738 = ORIENTED_EDGE ( 'NONE', *, *, #7594, .T. ) ;
#7739 = DIRECTION ( 'NONE',  ( 0.000000000000000000, 1.000000000000000000, 0.000000000000000000 ) ) ;
#7740 = LINE ( 'NONE', #8377, #8920 ) ;
#7741 = EDGE_CURVE ( 'NONE', #757, #5156, #2558, .T. ) ;
#7742 = LINE ( 'NONE', #5474, #295 ) ;
#7743 = LINE ( 'NONE', #2448, #3820 ) ;
#7744 = CARTESIAN_POINT ( 'NONE',  ( 1.104999999999999982, -0.2287144171094039891, 1.300000000000000044 ) ) ;
#7745 = CIRCLE ( 'NONE', #3320, 0.04999999999999991257 ) ;
#7746 = ORIENTED_EDGE ( 'NONE', *, *, #1010, .T. ) ;
#7747 = LINE ( 'NONE', #3586, #6418 ) ;
#7748 = ORIENTED_EDGE ( 'NONE', *, *, #5944, .T. ) ;
#7749 = FACE_OUTER_BOUND ( 'NONE', #5526, .T. ) ;
#7750 = TOROIDAL_SURFACE ( 'NONE', #5288, 0.2500000000000000000, 0.05000000000000000278 ) ;
#7751 = EDGE_LOOP ( 'NONE', ( #8173, #3904, #9729, #4754 ) ) ;
#7752 = DIRECTION ( 'NONE',  ( 1.000000000000000000, 0.000000000000000000, 0.000000000000000000 ) ) ;
#7753 = AXIS2_PLACEMENT_3D ( 'NONE', #2346, #8679, #8525 ) ;
#7754 = EDGE_CURVE ( 'NONE', #2287, #8893, #5513, .T. ) ;
#7755 = EDGE_CURVE ( 'NONE', #1298, #2942, #7504, .T. ) ;
#7756 = PLANE ( 'NONE',  #5395 ) ;
#7757 = CARTESIAN_POINT ( 'NONE',  ( -0.6999999999999999556, -1.199999999999999956, 0.000000000000000000 ) ) ;
#7758 = FACE_OUTER_BOUND ( 'NONE', #981, .T. ) ;
#7759 = ORIENTED_EDGE ( 'NONE', *, *, #1942, .T. ) ;
#7760 = EDGE_CURVE ( 'NONE', #5659, #258, #10153, .T. ) ;
#7761 = APPLICATION_PROTOCOL_DEFINITION ( 'draft international standard', 'automotive_design', 1998, #4278 ) ;
#7762 = VERTEX_POINT ( 'NONE', #4807 ) ;
#7763 = EDGE_LOOP ( 'NONE', ( #6277, #6705, #3620, #9065 ) ) ;
#7764 = VECTOR ( 'NONE', #2786, 1000.000000000000000 ) ;
#7765 = DIRECTION ( 'NONE',  ( 1.000000000000000000, 0.000000000000000000, 0.000000000000000000 ) ) ;
#7766 = EDGE_CURVE ( 'NONE', #9281, #7208, #3559, .T. ) ;
#7767 = EDGE_CURVE ( 'NONE', #6923, #2028, #9400, .T. ) ;
#7768 = CIRCLE ( 'NONE', #531, 0.2401626137813801243 ) ;
#7769 = LINE ( 'NONE', #30, #1447 ) ;
#7770 = DIRECTION ( 'NONE',  ( -1.000000000000000000, 0.000000000000000000, 0.000000000000000000 ) ) ;
#7771 = CARTESIAN_POINT ( 'NONE',  ( -1.949999999999999956, 0.5000000000000000000, 0.000000000000000000 ) ) ;
#7772 = FACE_OUTER_BOUND ( 'NONE', #3732, .T. ) ;
#7773 = EDGE_LOOP ( 'NONE', ( #76, #6123, #10, #7956 ) ) ;
#7774 = DIRECTION ( 'NONE',  ( 0.000000000000000000, -1.000000000000000000, 0.000000000000000000 ) ) ;
#7775 = EDGE_LOOP ( 'NONE', ( #7929, #4463, #2168, #6181 ) ) ;
#7776 = DIRECTION ( 'NONE',  ( 0.000000000000000000, 0.000000000000000000, 1.000000000000000000 ) ) ;
#7777 = ORIENTED_EDGE ( 'NONE', *, *, #7206, .T. ) ;
#7778 = VERTEX_POINT ( 'NONE', #10232 ) ;
#7779 = LINE ( 'NONE', #6188, #3763 ) ;
#7780 = CARTESIAN_POINT ( 'NONE',  ( -0.3222667766999390282, -0.7550000000000000044, 1.850000000000000089 ) ) ;
#7781 = EDGE_CURVE ( 'NONE', #2941, #1643, #6670, .T. ) ;
#7782 = CARTESIAN_POINT ( 'NONE',  ( -0.6999999999999999556, -1.350000000000000089, 0.000000000000000000 ) ) ;
#7783 = DIRECTION ( 'NONE',  ( -1.000000000000000000, 0.000000000000000000, 0.000000000000000000 ) ) ;
#7784 = DIRECTION ( 'NONE',  ( 0.000000000000000000, 0.000000000000000000, 1.000000000000000000 ) ) ;
#7785 = VERTEX_POINT ( 'NONE', #5562 ) ;
#7786 = CARTESIAN_POINT ( 'NONE',  ( 1.900000000000000133, 1.385355339059327395, 1.235355339059327262 ) ) ;
#7787 = ORIENTED_EDGE ( 'NONE', *, *, #438, .F. ) ;
#7788 = ORIENTED_EDGE ( 'NONE', *, *, #3512, .T. ) ;
#7789 = DIRECTION ( 'NONE',  ( 0.000000000000000000, 0.000000000000000000, 1.000000000000000000 ) ) ;
#7790 = EDGE_CURVE ( 'NONE', #7003, #3290, #8724, .T. ) ;
#7791 = PLANE ( 'NONE',  #7257 ) ;
#7792 = DIRECTION ( 'NONE',  ( 0.000000000000000000, 0.000000000000000000, 1.000000000000000000 ) ) ;
#7793 = DIRECTION ( 'NONE',  ( 0.000000000000000000, -1.000000000000000000, 0.000000000000000000 ) ) ;
#7794 = VERTEX_POINT ( 'NONE', #7883 ) ;
#7795 = CARTESIAN_POINT ( 'NONE',  ( 1.104999999999999982, 0.3346456153152879698, 1.250000000000000000 ) ) ;
#7796 = EDGE_CURVE ( 'NONE', #6934, #7710, #6986, .T. ) ;
#7797 = VECTOR ( 'NONE', #5503, 1000.000000000000000 ) ;
#7798 = VERTEX_POINT ( 'NONE', #7938 ) ;
#7799 = CARTESIAN_POINT ( 'NONE',  ( -0.8000000000000000444, 1.350000000000000089, 0.05000000000000000278 ) ) ;
#7800 = DIRECTION ( 'NONE',  ( 0.000000000000000000, 1.000000000000000000, 0.000000000000000000 ) ) ;
#7801 = CARTESIAN_POINT ( 'NONE',  ( -0.6999999999999999556, 1.149999999999999911, 1.199999999999999956 ) ) ;
#7802 = CARTESIAN_POINT ( 'NONE',  ( -1.899999999999999911, 1.399999999999999911, 0.000000000000000000 ) ) ;
#7803 = AXIS2_PLACEMENT_3D ( 'NONE', #2095, #2432, #10172 ) ;
#7804 = DIRECTION ( 'NONE',  ( 0.000000000000000000, 0.000000000000000000, 1.000000000000000000 ) ) ;
#7805 = AXIS2_PLACEMENT_3D ( 'NONE', #1958, #9258, #3693 ) ;
#7806 = DIRECTION ( 'NONE',  ( 1.000000000000000000, 7.116814260417669499E-17, 0.000000000000000000 ) ) ;
#7807 = EDGE_LOOP ( 'NONE', ( #3175, #4945, #3246, #1728 ) ) ;
#7808 = ORIENTED_EDGE ( 'NONE', *, *, #3617, .F. ) ;
#7809 = ORIENTED_EDGE ( 'NONE', *, *, #3391, .F. ) ;
#7810 = ADVANCED_FACE ( 'NONE', ( #535 ), #8569, .F. ) ;
#7811 = AXIS2_PLACEMENT_3D ( 'NONE', #3561, #6711, #2792 ) ;
#7812 = AXIS2_PLACEMENT_3D ( 'NONE', #2480, #5606, #7358 ) ;
#7813 = CARTESIAN_POINT ( 'NONE',  ( -0.7646446609406726269, -1.385355339059327395, 0.000000000000000000 ) ) ;
#7814 = CARTESIAN_POINT ( 'NONE',  ( -1.005000000000000115, -0.3346456153152879698, 1.899999999999999911 ) ) ;
#7815 = DIRECTION ( 'NONE',  ( 0.8917411990616680439, 0.4525457257516179999, -7.372574772901430151E-16 ) ) ;
#7816 = VERTEX_POINT ( 'NONE', #5463 ) ;
#7817 = DIRECTION ( 'NONE',  ( 0.000000000000000000, 0.000000000000000000, 1.000000000000000000 ) ) ;
#7818 = TOROIDAL_SURFACE ( 'NONE', #9662, 0.1000000000000000056, 0.05000000000000000278 ) ;
#7819 = ORIENTED_EDGE ( 'NONE', *, *, #7328, .F. ) ;
#7820 = AXIS2_PLACEMENT_3D ( 'NONE', #5867, #1228, #8179 ) ;
#7821 = LINE ( 'NONE', #1444, #2054 ) ;
#7822 = EDGE_LOOP ( 'NONE', ( #7183, #8136, #3991, #5013 ) ) ;
#7823 = EDGE_CURVE ( 'NONE', #8893, #7314, #3866, .T. ) ;
#7824 = EDGE_CURVE ( 'NONE', #9910, #757, #8618, .T. ) ;
#7825 = ORIENTED_EDGE ( 'NONE', *, *, #3764, .T. ) ;
#7826 = DIRECTION ( 'NONE',  ( -1.000000000000000000, 0.000000000000000000, 0.000000000000000000 ) ) ;
#7827 = CARTESIAN_POINT ( 'NONE',  ( -0.3687982286305056534, -0.7995117579511155093, 1.850000000000000089 ) ) ;
#7828 = DIRECTION ( 'NONE',  ( 0.000000000000000000, 0.000000000000000000, -1.000000000000000000 ) ) ;
#7829 = FACE_OUTER_BOUND ( 'NONE', #5420, .T. ) ;
#7830 = DIRECTION ( 'NONE',  ( 0.8522164413315482800, 0.5231893893459534928, 0.000000000000000000 ) ) ;
#7831 = PLANE ( 'NONE',  #3946 ) ;
#7832 = ORIENTED_EDGE ( 'NONE', *, *, #2303, .F. ) ;
#7833 = CARTESIAN_POINT ( 'NONE',  ( 1.935355339059327218, 1.350000000000000089, 0.01464466094067245518 ) ) ;
#7834 = EDGE_CURVE ( 'NONE', #9093, #8285, #3149, .T. ) ;
#7835 = ORIENTED_EDGE ( 'NONE', *, *, #8261, .T. ) ;
#7836 = DIRECTION ( 'NONE',  ( 0.000000000000000000, -1.000000000000000000, 0.000000000000000000 ) ) ;
#7837 = CARTESIAN_POINT ( 'NONE',  ( -0.3222667766999390282, 0.6049999999999999822, 1.850000000000000089 ) ) ;
#7838 = CARTESIAN_POINT ( 'NONE',  ( 1.054999999999999938, -0.4574288342188090328, 1.250000000000000000 ) ) ;
#7839 = DIRECTION ( 'NONE',  ( 0.7071067811865476838, 0.000000000000000000, 0.7071067811865476838 ) ) ;
#7840 = CARTESIAN_POINT ( 'NONE',  ( 0.3222667766999390282, -0.6049999999999999822, 1.300000000000000044 ) ) ;
#7841 = LINE ( 'NONE', #4654, #8040 ) ;
#7842 = ORIENTED_EDGE ( 'NONE', *, *, #2688, .F. ) ;
#7843 = EDGE_CURVE ( 'NONE', #9305, #5746, #3049, .T. ) ;
#7844 = ORIENTED_EDGE ( 'NONE', *, *, #1857, .T. ) ;
#7845 = PRODUCT_DEFINITION_CONTEXT ( 'detailed design', #4278, 'design' ) ;
#7846 = DIRECTION ( 'NONE',  ( 0.000000000000000000, 0.000000000000000000, 1.000000000000000000 ) ) ;
#7847 = AXIS2_PLACEMENT_3D ( 'NONE', #8883, #4191, #5347 ) ;
#7848 = FACE_OUTER_BOUND ( 'NONE', #8114, .T. ) ;
#7849 = CARTESIAN_POINT ( 'NONE',  ( 1.899999999938880135, 1.349999999973810150, 0.000000000000000000 ) ) ;
#7850 = CARTESIAN_POINT ( 'NONE',  ( -1.005000000000000115, -0.3346456153152879698, 1.850000000000000089 ) ) ;
#7851 = CARTESIAN_POINT ( 'NONE',  ( 1.149999999999999911, -0.5000000000000000000, 0.000000000000000000 ) ) ;
#7852 = AXIS2_PLACEMENT_3D ( 'NONE', #9848, #2917, #7657 ) ;
#7853 = DIRECTION ( 'NONE',  ( 0.000000000000000000, 0.000000000000000000, -1.000000000000000000 ) ) ;
#7854 = AXIS2_PLACEMENT_3D ( 'NONE', #6543, #2625, #9698 ) ;
#7855 = CARTESIAN_POINT ( 'NONE',  ( -1.949999999999999956, 0.3682022722709940021, -0.05000000000000000278 ) ) ;
#7856 = CONTEXT_DEPENDENT_SHAPE_REPRESENTATION ( #379, #1870 ) ;
#7857 = ORIENTED_EDGE ( 'NONE', *, *, #1219, .F. ) ;
#7858 = ORIENTED_EDGE ( 'NONE', *, *, #6406, .T. ) ;
#7859 = EDGE_CURVE ( 'NONE', #6278, #3679, #4061, .T. ) ;
#7860 = EDGE_CURVE ( 'NONE', #6961, #3551, #4858, .T. ) ;
#7861 = CIRCLE ( 'NONE', #4102, 0.04999999999999991257 ) ;
#7862 = ORIENTED_EDGE ( 'NONE', *, *, #986, .F. ) ;
#7863 = VECTOR ( 'NONE', #7793, 1000.000000000000000 ) ;
#7864 = AXIS2_PLACEMENT_3D ( 'NONE', #3171, #7910, #6318 ) ;
#7865 = DIRECTION ( 'NONE',  ( 0.000000000000000000, 0.000000000000000000, -1.000000000000000000 ) ) ;
#7866 = EDGE_CURVE ( 'NONE', #3870, #8229, #1394, .T. ) ;
#7867 = CARTESIAN_POINT ( 'NONE',  ( 1.600000000000000089, 1.569225247049999883, 0.000000000000000000 ) ) ;
#7868 = CARTESIAN_POINT ( 'NONE',  ( 1.949999999999999956, -0.5000000000000000000, 0.05000000000000000278 ) ) ;
#7869 = SURFACE_SIDE_STYLE ('',( #874 ) ) ;
#7870 = CARTESIAN_POINT ( 'NONE',  ( -1.900000000011639933, 1.036404544565270092, 0.000000000000000000 ) ) ;
#7871 = VECTOR ( 'NONE', #1353, 1000.000000000000000 ) ;
#7872 = ORIENTED_EDGE ( 'NONE', *, *, #6579, .T. ) ;
#7873 = VECTOR ( 'NONE', #8119, 1000.000000000000000 ) ;
#7874 = DIRECTION ( 'NONE',  ( 0.000000000000000000, -1.000000000000000000, 0.000000000000000000 ) ) ;
#7875 = ORIENTED_EDGE ( 'NONE', *, *, #4373, .T. ) ;
#7876 = ORIENTED_EDGE ( 'NONE', *, *, #2243, .T. ) ;
#7877 = CARTESIAN_POINT ( 'NONE',  ( 0.8000000000000000444, -0.5999999999999999778, 0.000000000000000000 ) ) ;
#7878 = VECTOR ( 'NONE', #9563, 1000.000000000000000 ) ;
#7879 = DIRECTION ( 'NONE',  ( 0.000000000000000000, 1.000000000000000000, 0.000000000000000000 ) ) ;
#7880 = CLOSED_SHELL ( 'NONE', ( #120, #3795, #5346, #9221, #5055, #5540, #10128, #480, #10063, #1325, #5862, #5050, #8095, #1662, #5043, #1257, #2214, #5954, #2190, #4248, #9009, #6617, #6310, #1610, #5224, #4919, #7390, #7117, #3353, #4093, #6692, #7214, #3542, #5943, #9237, #7181, #9420, #2430, #9148, #10152, #6706, #9551, #6073, #7810, #2717, #2950, #1368, #2676, #8926, #7885, #7922, #6727, #1719, #565, #1033, #4777, #2789, #2697, #3336, #869, #8459, #3724, #3435, #8276, #8376, #465, #1860, #2797, #2921, #6590, #2645, #8134, #1693, #1807, #9721, #6009, #7489, #8900, #6646, #6170, #4476, #5953, #9355, #8561, #100, #9118, #4238, #601 ) ) ;
#7881 = CYLINDRICAL_SURFACE ( 'NONE', #604, 0.05000000000000001665 ) ;
#7882 = EDGE_CURVE ( 'NONE', #2351, #5115, #6611, .T. ) ;
#7883 = CARTESIAN_POINT ( 'NONE',  ( -1.949999999999999956, 1.036404544565270092, 0.1499999999999999944 ) ) ;
#7884 = CARTESIAN_POINT ( 'NONE',  ( -0.9749999999999999778, -1.385355339059327395, 0.01464466094067265294 ) ) ;
#7885 = ADVANCED_FACE ( 'NONE', ( #6511 ), #4239, .F. ) ;
#7886 = CYLINDRICAL_SURFACE ( 'NONE', #568, 0.1999999999999998446 ) ;
#7887 = ORIENTED_EDGE ( 'NONE', *, *, #5488, .T. ) ;
#7888 = AXIS2_PLACEMENT_3D ( 'NONE', #4730, #7110, #3183 ) ;
#7890 = DIRECTION ( 'NONE',  ( -1.000000000000000000, 0.000000000000000000, 0.000000000000000000 ) ) ;
#7889 =( NAMED_UNIT ( * ) PLANE_ANGLE_UNIT ( ) SI_UNIT ( $, .RADIAN. ) );
#7891 = VECTOR ( 'NONE', #2662, 1000.000000000000000 ) ;
#7892 = ORIENTED_EDGE ( 'NONE', *, *, #1857, .F. ) ;
#7893 = EDGE_CURVE ( 'NONE', #1827, #8558, #9664, .T. ) ;
#7894 = CARTESIAN_POINT ( 'NONE',  ( 0.8000000000000000444, 1.250000000000000000, 0.05000000000000000278 ) ) ;
#7895 = DIRECTION ( 'NONE',  ( 1.982541115402059686E-16, -1.000000000000000000, -1.982541115402064617E-16 ) ) ;
#7896 = DIRECTION ( 'NONE',  ( 0.000000000000000000, 0.000000000000000000, 1.000000000000000000 ) ) ;
#7897 = EDGE_CURVE ( 'NONE', #2631, #7637, #9142, .T. ) ;
#7898 = DIRECTION ( 'NONE',  ( -0.4525457257516172782, 0.8917411990616683770, 0.000000000000000000 ) ) ;
#7899 = ORIENTED_EDGE ( 'NONE', *, *, #2664, .F. ) ;
#7900 = CARTESIAN_POINT ( 'NONE',  ( -0.8549999999999999822, -0.3346456153152879698, 1.850000000000000089 ) ) ;
#7901 = CIRCLE ( 'NONE', #3466, 0.04999999999999991257 ) ;
#7902 = PRODUCT_DEFINITION_FORMATION_WITH_SPECIFIED_SOURCE ( 'ANY', '', #9648, .NOT_KNOWN. ) ;
#7903 = ORIENTED_EDGE ( 'NONE', *, *, #6761, .T. ) ;
#7904 = DIRECTION ( 'NONE',  ( 0.000000000000000000, 0.000000000000000000, 1.000000000000000000 ) ) ;
#7905 = DIRECTION ( 'NONE',  ( 1.000000000000000000, 0.000000000000000000, 0.000000000000000000 ) ) ;
#7906 = EDGE_CURVE ( 'NONE', #5757, #6662, #2540, .T. ) ;
#7907 = CARTESIAN_POINT ( 'NONE',  ( -0.8000000000000000444, -1.250000000000000000, 1.199999999999999956 ) ) ;
#7908 = DIRECTION ( 'NONE',  ( 0.000000000000000000, -1.000000000000000000, 0.000000000000000000 ) ) ;
#7909 = CIRCLE ( 'NONE', #2821, 0.04999999999999991257 ) ;
#7910 = DIRECTION ( 'NONE',  ( 0.000000000000000000, -1.000000000000000000, 0.000000000000000000 ) ) ;
#7911 = DIRECTION ( 'NONE',  ( 0.000000000000000000, -1.000000000000000000, 0.000000000000000000 ) ) ;
#7912 = DIRECTION ( 'NONE',  ( -7.771561172376093811E-16, -0.7071067811865424657, -0.7071067811865526798 ) ) ;
#7913 = ORIENTED_EDGE ( 'NONE', *, *, #3979, .T. ) ;
#7914 = PRODUCT_CONTEXT ( 'NONE', #4085, 'mechanical' ) ;
#7915 = ORIENTED_EDGE ( 'NONE', *, *, #9673, .F. ) ;
#7916 = VERTEX_POINT ( 'NONE', #6557 ) ;
#7917 = DIRECTION ( 'NONE',  ( 1.000000000000000000, 0.000000000000000000, 0.000000000000000000 ) ) ;
#7918 = AXIS2_PLACEMENT_3D ( 'NONE', #3985, #7122, #2380 ) ;
#7919 = VERTEX_POINT ( 'NONE', #8984 ) ;
#7920 = VECTOR ( 'NONE', #214, 1000.000000000000000 ) ;
#7921 = CARTESIAN_POINT ( 'NONE',  ( -0.8549999999999999822, -0.3346456153152879698, 0.000000000000000000 ) ) ;
#7922 = ADVANCED_FACE ( 'NONE', ( #932 ), #8100, .T. ) ;
#7923 = DIRECTION ( 'NONE',  ( 0.000000000000000000, -1.000000000000000000, 0.000000000000000000 ) ) ;
#7924 = CARTESIAN_POINT ( 'NONE',  ( 1.899999999999999911, -1.350000000000000089, 0.05000000000000000278 ) ) ;
#7925 = DIRECTION ( 'NONE',  ( -1.665334536937735797E-16, 0.7071067811865467956, 0.7071067811865482389 ) ) ;
#7926 = AXIS2_PLACEMENT_3D ( 'NONE', #2865, #4548, #1366 ) ;
#7927 = CARTESIAN_POINT ( 'NONE',  ( -1.600000000000000089, 1.100000000000000089, 0.000000000000000000 ) ) ;
#7928 = CARTESIAN_POINT ( 'NONE',  ( -1.600000000000000089, 1.100000000000000089, 0.000000000000000000 ) ) ;
#7929 = ORIENTED_EDGE ( 'NONE', *, *, #6887, .T. ) ;
#7930 = LINE ( 'NONE', #8503, #6506 ) ;
#7931 = ORIENTED_EDGE ( 'NONE', *, *, #3154, .F. ) ;
#7932 = ORIENTED_EDGE ( 'NONE', *, *, #10170, .F. ) ;
#7933 = ADVANCED_FACE ( 'NONE', ( #252 ), #7232, .T. ) ;
#7934 = LINE ( 'NONE', #3819, #8383 ) ;
#7935 = AXIS2_PLACEMENT_3D ( 'NONE', #3675, #7634, #5415 ) ;
#7936 = PLANE ( 'NONE',  #2680 ) ;
#7937 = EDGE_CURVE ( 'NONE', #4174, #6665, #8840, .T. ) ;
#7938 = CARTESIAN_POINT ( 'NONE',  ( -1.900000000011639933, 1.349999999973810150, 0.1499999999999999944 ) ) ;
#7939 = PLANE ( 'NONE',  #7432 ) ;
#7940 = CARTESIAN_POINT ( 'NONE',  ( 1.899999999999999911, 1.399999999999999911, 1.199999999999999956 ) ) ;
#7941 = LINE ( 'NONE', #887, #8053 ) ;
#7942 = ORIENTED_EDGE ( 'NONE', *, *, #8414, .F. ) ;
#7943 = EDGE_LOOP ( 'NONE', ( #1959, #5221, #8943, #7899 ) ) ;
#7944 = AXIS2_PLACEMENT_3D ( 'NONE', #7319, #5929, #2687 ) ;
#7945 = CARTESIAN_POINT ( 'NONE',  ( 0.1850555678730499976, 0.7550000000000000044, 1.850000000000000089 ) ) ;
#7946 = ORIENTED_EDGE ( 'NONE', *, *, #5482, .F. ) ;
#7947 = ORIENTED_EDGE ( 'NONE', *, *, #6239, .T. ) ;
#7948 = ADVANCED_FACE ( 'NONE', ( #3309 ), #9611, .T. ) ;
#7949 = APPLICATION_CONTEXT ( 'automotive_design' ) ;
#7950 = CARTESIAN_POINT ( 'NONE',  ( 0.6999999999999999556, -1.185355339059327440, 0.01464466094067265987 ) ) ;
#7951 = DIRECTION ( 'NONE',  ( -0.4525457257516167786, -0.8917411990616684880, 0.000000000000000000 ) ) ;
#7952 = EDGE_CURVE ( 'NONE', #7325, #8576, #9808, .T. ) ;
#7953 = DIRECTION ( 'NONE',  ( 0.000000000000000000, 0.000000000000000000, 1.000000000000000000 ) ) ;
#7954 = FACE_OUTER_BOUND ( 'NONE', #355, .T. ) ;
#7955 = DIRECTION ( 'NONE',  ( 0.000000000000000000, 0.000000000000000000, 1.000000000000000000 ) ) ;
#7956 = ORIENTED_EDGE ( 'NONE', *, *, #3783, .F. ) ;
#7957 = FACE_OUTER_BOUND ( 'NONE', #1897, .T. ) ;
#7958 = EDGE_CURVE ( 'NONE', #5490, #5311, #5336, .T. ) ;
#7959 = ORIENTED_EDGE ( 'NONE', *, *, #2860, .F. ) ;
#7960 = EDGE_CURVE ( 'NONE', #1053, #6314, #8312, .T. ) ;
#7961 = SPHERICAL_SURFACE ( 'NONE', #3778, 0.05000000000000000278 ) ;
#7962 = DIRECTION ( 'NONE',  ( 0.000000000000000000, -1.000000000000000000, 0.000000000000000000 ) ) ;
#7963 = CARTESIAN_POINT ( 'NONE',  ( -0.5999999999912689619, -1.350000000046569948, 0.1499999999999999944 ) ) ;
#7964 = CARTESIAN_POINT ( 'NONE',  ( -1.935355339059326996, -1.100000000000000089, 0.01464466094067225221 ) ) ;
#7965 = CARTESIAN_POINT ( 'NONE',  ( -0.8000000000087310603, -1.350000000046569948, 0.000000000000000000 ) ) ;
#7966 = DIRECTION ( 'NONE',  ( 0.000000000000000000, 0.000000000000000000, 1.000000000000000000 ) ) ;
#7967 = FACE_OUTER_BOUND ( 'NONE', #7284, .T. ) ;
#7968 = ORIENTED_EDGE ( 'NONE', *, *, #5581, .T. ) ;
#7969 = ORIENTED_EDGE ( 'NONE', *, *, #5124, .F. ) ;
#7970 = EDGE_CURVE ( 'NONE', #9701, #9068, #8938, .T. ) ;
#7971 =( NAMED_UNIT ( * ) PLANE_ANGLE_UNIT ( ) SI_UNIT ( $, .RADIAN. ) );
#7972 = CARTESIAN_POINT ( 'NONE',  ( -0.8000000000000000444, -1.385355339059327395, 0.01464466094067265987 ) ) ;
#7973 = ORIENTED_EDGE ( 'NONE', *, *, #7766, .F. ) ;
#7974 = VECTOR ( 'NONE', #5006, 1000.000000000000000 ) ;
#7975 = CIRCLE ( 'NONE', #7646, 0.05000000000000001665 ) ;
#7976 = DIRECTION ( 'NONE',  ( 0.5773502691896256200, 0.5773502691896256200, -0.5773502691896260641 ) ) ;
#7977 = CARTESIAN_POINT ( 'NONE',  ( -0.8000000000000000444, 1.250000000000000000, 1.199999999999999956 ) ) ;
#7978 = DIRECTION ( 'NONE',  ( 0.7071067811865482389, 0.000000000000000000, 0.7071067811865466846 ) ) ;
#7979 = LINE ( 'NONE', #1077, #1477 ) ;
#7980 = ORIENTED_EDGE ( 'NONE', *, *, #9083, .F. ) ;
#7981 = ORIENTED_EDGE ( 'NONE', *, *, #3412, .T. ) ;
#7982 = CARTESIAN_POINT ( 'NONE',  ( 0.000000000000000000, -2.328304216092650270E-11, 0.1499999999999999944 ) ) ;
#7983 = VERTEX_POINT ( 'NONE', #9560 ) ;
#7984 = TOROIDAL_SURFACE ( 'NONE', #7487, 0.1000000000000000056, 0.05000000000000000278 ) ;
#7985 = VECTOR ( 'NONE', #6178, 1000.000000000000000 ) ;
#7986 = EDGE_CURVE ( 'NONE', #2161, #390, #9297, .T. ) ;
#7987 = VERTEX_POINT ( 'NONE', #988 ) ;
#7988 = DIRECTION ( 'NONE',  ( 1.000000000000000000, 0.000000000000000000, 0.000000000000000000 ) ) ;
#7989 = CARTESIAN_POINT ( 'NONE',  ( 0.8000000000000000444, -1.100000000000000089, 0.000000000000000000 ) ) ;
#7990 = VECTOR ( 'NONE', #396, 1000.000000000000114 ) ;
#7991 = AXIS2_PLACEMENT_3D ( 'NONE', #17, #2406, #858 ) ;
#7992 = DIRECTION ( 'NONE',  ( 0.000000000000000000, 0.000000000000000000, -1.000000000000000000 ) ) ;
#7993 = DIRECTION ( 'NONE',  ( 0.000000000000000000, 0.3713906763541040545, 0.9284766908852591927 ) ) ;
#7994 = CARTESIAN_POINT ( 'NONE',  ( 0.6999999999999999556, 1.150000000029289815, 0.000000000000000000 ) ) ;
#7995 = FILL_AREA_STYLE ('',( #1042 ) ) ;
#7996 = EDGE_LOOP ( 'NONE', ( #1832, #4068, #6446, #9980 ) ) ;
#7997 = ORIENTED_EDGE ( 'NONE', *, *, #7736, .T. ) ;
#7998 = LINE ( 'NONE', #5469, #8289 ) ;
#7999 = EDGE_CURVE ( 'NONE', #9146, #6756, #8830, .T. ) ;
#8000 = ORIENTED_EDGE ( 'NONE', *, *, #1910, .F. ) ;
#8001 = EDGE_CURVE ( 'NONE', #4201, #8504, #1770, .T. ) ;
#8002 = VECTOR ( 'NONE', #8440, 1000.000000000000000 ) ;
#8003 = AXIS2_PLACEMENT_3D ( 'NONE', #7069, #1601, #1550 ) ;
#8004 = DIRECTION ( 'NONE',  ( 0.000000000000000000, 0.000000000000000000, 1.000000000000000000 ) ) ;
#8005 = CYLINDRICAL_SURFACE ( 'NONE', #9072, 0.05000000000000001665 ) ;
#8006 = PLANE ( 'NONE',  #2770 ) ;
#8007 = LINE ( 'NONE', #265, #9766 ) ;
#8008 = EDGE_CURVE ( 'NONE', #258, #4284, #8782, .T. ) ;
#8009 = EDGE_LOOP ( 'NONE', ( #3554, #3130, #825, #8825 ) ) ;
#8010 = DIRECTION ( 'NONE',  ( 0.000000000000000000, 0.000000000000000000, 1.000000000000000000 ) ) ;
#8011 = CARTESIAN_POINT ( 'NONE',  ( -0.6999999999999999556, 1.250000000000000000, 0.000000000000000000 ) ) ;
#8012 = DIRECTION ( 'NONE',  ( 0.7071067811865474617, 0.000000000000000000, 0.7071067811865474617 ) ) ;
#8013 = CARTESIAN_POINT ( 'NONE',  ( 1.000000000008729906, -1.349999999973810150, 0.000000000000000000 ) ) ;
#8014 = CARTESIAN_POINT ( 'NONE',  ( 1.935355339059327440, 0.4364045445652700028, -0.01464466094067265987 ) ) ;
#8015 = DIRECTION ( 'NONE',  ( 1.982541115402059686E-16, -1.000000000000000000, -1.982541115402064617E-16 ) ) ;
#8016 = EDGE_CURVE ( 'NONE', #4235, #9803, #8997, .T. ) ;
#8017 = CARTESIAN_POINT ( 'NONE',  ( 0.8000000000000000444, 1.350000000000000089, 0.05000000000000000278 ) ) ;
#8018 = EDGE_LOOP ( 'NONE', ( #4101, #3711, #10178, #8942 ) ) ;
#8019 = ITEM_DEFINED_TRANSFORMATION ( 'NONE', 'NONE', #1329,  #7728 ) ;
#8020 = CIRCLE ( 'NONE', #1781, 0.1500000000000000500 ) ;
#8021 = VERTEX_POINT ( 'NONE', #5255 ) ;
#8022 = CIRCLE ( 'NONE', #3745, 0.05000000000000002359 ) ;
#8023 = CARTESIAN_POINT ( 'NONE',  ( -0.8000000000000000444, -1.250000000000000000, 0.05000000000000000278 ) ) ;
#8024 = ORIENTED_EDGE ( 'NONE', *, *, #8585, .T. ) ;
#8025 = CIRCLE ( 'NONE', #9351, 0.04999999999999991257 ) ;
#8026 = AXIS2_PLACEMENT_3D ( 'NONE', #9947, #5906, #487 ) ;
#8027 = CIRCLE ( 'NONE', #3922, 0.04999999999999991257 ) ;
#8028 = CARTESIAN_POINT ( 'NONE',  ( -0.8000000000000000444, -1.350000000000000089, 1.199999999999999956 ) ) ;
#8029 = CARTESIAN_POINT ( 'NONE',  ( -1.935355339059327218, 0.5000000000000000000, 0.01464466094067247599 ) ) ;
#8030 = EDGE_CURVE ( 'NONE', #7087, #5612, #7517, .T. ) ;
#8031 = CYLINDRICAL_SURFACE ( 'NONE', #7341, 0.05000000000000007216 ) ;
#8032 = EDGE_LOOP ( 'NONE', ( #1299, #5650, #2112, #47 ) ) ;
#8033 = VERTEX_POINT ( 'NONE', #3664 ) ;
#8034 = AXIS2_PLACEMENT_3D ( 'NONE', #7134, #1617, #9624 ) ;
#8035 = CIRCLE ( 'NONE', #5081, 0.04999999999999991257 ) ;
#8036 = ORIENTED_EDGE ( 'NONE', *, *, #4373, .F. ) ;
#8037 = DIRECTION ( 'NONE',  ( -0.000000000000000000, 1.000000000000000000, 0.000000000000000000 ) ) ;
#8038 = LINE ( 'NONE', #8616, #3498 ) ;
#8039 = DIRECTION ( 'NONE',  ( 0.000000000000000000, -1.000000000000000000, 0.000000000000000000 ) ) ;
#8040 = VECTOR ( 'NONE', #6979, 1000.000000000000000 ) ;
#8041 = DIRECTION ( 'NONE',  ( 0.000000000000000000, -1.000000000000000000, 0.000000000000000000 ) ) ;
#8042 = CARTESIAN_POINT ( 'NONE',  ( 0.8000000000000000444, 1.350000000000000089, 1.199999999999999956 ) ) ;
#8043 = CARTESIAN_POINT ( 'NONE',  ( 1.949999999999999956, 1.100000000000000089, 0.2000000000000000111 ) ) ;
#8044 = AXIS2_PLACEMENT_3D ( 'NONE', #1895, #3332, #4217 ) ;
#8045 = EDGE_CURVE ( 'NONE', #6653, #2847, #2933, .T. ) ;
#8046 = DIRECTION ( 'NONE',  ( 0.000000000000000000, 1.000000000000000000, 0.000000000000000000 ) ) ;
#8047 = CARTESIAN_POINT ( 'NONE',  ( 1.899999999938880135, -1.349999999973810150, 0.1499999999999999944 ) ) ;
#8048 = VERTEX_POINT ( 'NONE', #1340 ) ;
#8049 = ORIENTED_EDGE ( 'NONE', *, *, #6993, .F. ) ;
#8050 = LINE ( 'NONE', #1878, #9638 ) ;
#8051 = ORIENTED_EDGE ( 'NONE', *, *, #391, .F. ) ;
#8052 = AXIS2_PLACEMENT_3D ( 'NONE', #6337, #7817, #10220 ) ;
#8053 = VECTOR ( 'NONE', #4037, 1000.000000000000000 ) ;
#8054 = DIRECTION ( 'NONE',  ( -0.7071067811865482389, 0.000000000000000000, 0.7071067811865466846 ) ) ;
#8055 = DIRECTION ( 'NONE',  ( 0.000000000000000000, -1.000000000000000000, 0.000000000000000000 ) ) ;
#8056 = DIRECTION ( 'NONE',  ( 0.7071067811865474617, 0.000000000000000000, -0.7071067811865474617 ) ) ;
#8057 = EDGE_CURVE ( 'NONE', #6457, #9459, #2736, .T. ) ;
#8058 = DIRECTION ( 'NONE',  ( -1.000000000000000000, 0.000000000000000000, 0.000000000000000000 ) ) ;
#8059 = CIRCLE ( 'NONE', #4771, 0.05000000000000000278 ) ;
#8060 = EDGE_LOOP ( 'NONE', ( #218, #2719, #864, #5710 ) ) ;
#8061 = AXIS2_PLACEMENT_3D ( 'NONE', #4439, #4574, #3667 ) ;
#8062 = AXIS2_PLACEMENT_3D ( 'NONE', #9202, #3832, #579 ) ;
#8063 = EDGE_LOOP ( 'NONE', ( #8246, #719, #1078, #1448 ) ) ;
#8064 = DIRECTION ( 'NONE',  ( 0.000000000000000000, -1.000000000000000000, 0.000000000000000000 ) ) ;
#8065 = UNCERTAINTY_MEASURE_WITH_UNIT (LENGTH_MEASURE( 1.000000000000000082E-05 ), #5658, 'distance_accuracy_value', 'NONE');
#8066 = EDGE_CURVE ( 'NONE', #1393, #3526, #6521, .T. ) ;
#8067 = DIRECTION ( 'NONE',  ( 1.000000000000000000, 0.000000000000000000, 0.000000000000000000 ) ) ;
#8068 = PRODUCT_DEFINITION_SHAPE ( 'NONE', 'NONE',  #5630 ) ;
#8069 = CARTESIAN_POINT ( 'NONE',  ( -1.557918548418649740, 0.9838512662132929965, 0.003000000000000000062 ) ) ;
#8070 = DIRECTION ( 'NONE',  ( -0.5773502691896258421, 0.5773502691896258421, 0.5773502691896258421 ) ) ;
#8071 = CARTESIAN_POINT ( 'NONE',  ( 1.899999999999999911, -0.6999999999999999556, 1.199999999999999956 ) ) ;
#8072 = CARTESIAN_POINT ( 'NONE',  ( 0.1850555678730499976, 0.8050000000000000488, 1.850000000000000089 ) ) ;
#8073 = CARTESIAN_POINT ( 'NONE',  ( -0.3222667766999390282, 0.7550000000000000044, 1.850000000000000089 ) ) ;
#8074 = DIRECTION ( 'NONE',  ( 0.000000000000000000, -1.000000000000000000, 0.000000000000000000 ) ) ;
#8075 = CARTESIAN_POINT ( 'NONE',  ( -0.3750000000000000000, 1.385355339059327395, 0.01464466094067265294 ) ) ;
#8076 = CIRCLE ( 'NONE', #4788, 0.05000000000000000278 ) ;
#8077 = VERTEX_POINT ( 'NONE', #6808 ) ;
#8078 = VERTEX_POINT ( 'NONE', #7625 ) ;
#8079 = CARTESIAN_POINT ( 'NONE',  ( -1.949999999999999956, 0.8000000000000000444, 0.2000000000000000111 ) ) ;
#8080 = CARTESIAN_POINT ( 'NONE',  ( 2.299999999999999822, -0.5000000000000000000, 0.000000000000000000 ) ) ;
#8081 = VERTEX_POINT ( 'NONE', #2884 ) ;
#8082 = ADVANCED_FACE ( 'NONE', ( #4387 ), #6027, .T. ) ;
#8083 = VECTOR ( 'NONE', #3367, 1000.000000000000000 ) ;
#8084 = DIRECTION ( 'NONE',  ( -7.792703114739566078E-16, -0.7071067811865473507, -0.7071067811865476838 ) ) ;
#8085 = CYLINDRICAL_SURFACE ( 'NONE', #6563, 0.05000000000000007216 ) ;
#8086 = ADVANCED_FACE ( 'NONE', ( #8407 ), #7984, .T. ) ;
#8087 = FACE_OUTER_BOUND ( 'NONE', #198, .T. ) ;
#8088 = DIRECTION ( 'NONE',  ( 1.000000000000000000, 0.000000000000000000, 0.000000000000000000 ) ) ;
#8089 = CYLINDRICAL_SURFACE ( 'NONE', #9730, 0.05000000000000001665 ) ;
#8090 = ORIENTED_EDGE ( 'NONE', *, *, #9014, .F. ) ;
#8091 = DIRECTION ( 'NONE',  ( 0.000000000000000000, 0.000000000000000000, 1.000000000000000000 ) ) ;
#8092 = VERTEX_POINT ( 'NONE', #1292 ) ;
#8093 = AXIS2_PLACEMENT_3D ( 'NONE', #7850, #3068, #67 ) ;
#8094 = ORIENTED_EDGE ( 'NONE', *, *, #3651, .T. ) ;
#8095 = ADVANCED_FACE ( 'NONE', ( #5300 ), #5878, .T. ) ;
#8096 = FACE_OUTER_BOUND ( 'NONE', #9436, .T. ) ;
#8097 = EDGE_CURVE ( 'NONE', #1670, #9305, #557, .T. ) ;
#8098 = CARTESIAN_POINT ( 'NONE',  ( -1.900000000011639933, 1.349999999973810150, 0.000000000000000000 ) ) ;
#8099 = CIRCLE ( 'NONE', #5959, 0.05000000000000001665 ) ;
#8100 = PLANE ( 'NONE',  #426 ) ;
#8101 = CARTESIAN_POINT ( 'NONE',  ( -1.949999999999999956, 1.350000000000000089, 1.199999999999999956 ) ) ;
#8102 = CARTESIAN_POINT ( 'NONE',  ( 1.899999999999999911, 1.350000000000000089, 1.199999999999999956 ) ) ;
#8103 = ORIENTED_EDGE ( 'NONE', *, *, #1595, .T. ) ;
#8104 = ORIENTED_EDGE ( 'NONE', *, *, #9059, .T. ) ;
#8105 = DIRECTION ( 'NONE',  ( -0.7071067811865475727, 0.000000000000000000, -0.7071067811865475727 ) ) ;
#8106 = AXIS2_PLACEMENT_3D ( 'NONE', #1191, #6556, #5875 ) ;
#8107 = VERTEX_POINT ( 'NONE', #6856 ) ;
#8108 = VERTEX_POINT ( 'NONE', #1142 ) ;
#8109 = EDGE_CURVE ( 'NONE', #6472, #3395, #4437, .T. ) ;
#8110 = CARTESIAN_POINT ( 'NONE',  ( -1.899999999999999911, -0.4364045445652709465, -0.05000000000000000278 ) ) ;
#8111 = DIRECTION ( 'NONE',  ( -0.7071067811865474617, 0.000000000000000000, 0.7071067811865474617 ) ) ;
#8112 = CARTESIAN_POINT ( 'NONE',  ( -0.3222667766999390282, -0.6049999999999999822, 1.850000000000000089 ) ) ;
#8113 = ORIENTED_EDGE ( 'NONE', *, *, #2357, .T. ) ;
#8114 = EDGE_LOOP ( 'NONE', ( #947, #8728, #3064, #5910 ) ) ;
#8115 = CARTESIAN_POINT ( 'NONE',  ( -0.6999999999999999556, 1.250000000000000000, 1.199999999999999956 ) ) ;
#8116 = ADVANCED_FACE ( 'NONE', ( #8254 ), #2842, .T. ) ;
#8117 = FACE_OUTER_BOUND ( 'NONE', #6156, .T. ) ;
#8118 = CARTESIAN_POINT ( 'NONE',  ( 1.054999999999999938, -0.3346456153152879698, 1.300000000000000044 ) ) ;
#8119 = DIRECTION ( 'NONE',  ( 0.000000000000000000, 0.000000000000000000, 1.000000000000000000 ) ) ;
#8120 = DIRECTION ( 'NONE',  ( -1.000000000000000000, -3.965082230804129727E-16, 0.000000000000000000 ) ) ;
#8121 = LINE ( 'NONE', #4216, #6460 ) ;
#8122 = LINE ( 'NONE', #1015, #4582 ) ;
#8123 = DIRECTION ( 'NONE',  ( 0.000000000000000000, 1.000000000000000000, 0.000000000000000000 ) ) ;
#8124 = ORIENTED_EDGE ( 'NONE', *, *, #3794, .T. ) ;
#8125 = ORIENTED_EDGE ( 'NONE', *, *, #3472, .F. ) ;
#8126 = DIRECTION ( 'NONE',  ( 0.000000000000000000, 0.000000000000000000, 1.000000000000000000 ) ) ;
#8127 = EDGE_CURVE ( 'NONE', #5065, #3295, #1969, .T. ) ;
#8128 = ORIENTED_EDGE ( 'NONE', *, *, #2860, .T. ) ;
#8129 = DIRECTION ( 'NONE',  ( 2.405573570202211780E-15, 0.7071067811865408004, 0.7071067811865542341 ) ) ;
#8130 = LINE ( 'NONE', #920, #6996 ) ;
#8131 = FACE_OUTER_BOUND ( 'NONE', #6691, .T. ) ;
#8132 = DIRECTION ( 'NONE',  ( 0.000000000000000000, 0.000000000000000000, 1.000000000000000000 ) ) ;
#8133 = VERTEX_POINT ( 'NONE', #6710 ) ;
#8134 = ADVANCED_FACE ( 'NONE', ( #9866 ), #5979, .T. ) ;
#8135 = DIRECTION ( 'NONE',  ( 0.000000000000000000, 0.000000000000000000, 1.000000000000000000 ) ) ;
#8136 = ORIENTED_EDGE ( 'NONE', *, *, #1824, .F. ) ;
#8137 = ORIENTED_EDGE ( 'NONE', *, *, #4453, .F. ) ;
#8138 = CIRCLE ( 'NONE', #5495, 0.04999999999999991257 ) ;
#8139 = CARTESIAN_POINT ( 'NONE',  ( -1.949999999999999956, -0.5000000000000000000, 0.2000000000000000111 ) ) ;
#8140 = FACE_OUTER_BOUND ( 'NONE', #10207, .T. ) ;
#8141 = CARTESIAN_POINT ( 'NONE',  ( 0.4309513410520389720, 0.8191628971831930173, 0.000000000000000000 ) ) ;
#8142 = DIRECTION ( 'NONE',  ( -0.8522164413315482800, -0.5231893893459534928, 0.000000000000000000 ) ) ;
#8143 = DIRECTION ( 'NONE',  ( 0.000000000000000000, 0.000000000000000000, -1.000000000000000000 ) ) ;
#8144 = CARTESIAN_POINT ( 'NONE',  ( 0.8549999999999999822, -0.3346456153152879698, 1.899999999999999911 ) ) ;
#8145 = VECTOR ( 'NONE', #8784, 1000.000000000000000 ) ;
#8146 = ORIENTED_EDGE ( 'NONE', *, *, #8850, .F. ) ;
#8147 = EDGE_CURVE ( 'NONE', #8371, #6934, #10136, .T. ) ;
#8148 = VECTOR ( 'NONE', #3117, 1000.000000000000000 ) ;
#8149 = ORIENTED_EDGE ( 'NONE', *, *, #2402, .T. ) ;
#8150 = ORIENTED_EDGE ( 'NONE', *, *, #5473, .T. ) ;
#8151 = VERTEX_POINT ( 'NONE', #2495 ) ;
#8152 = CIRCLE ( 'NONE', #80, 0.1500000000000000500 ) ;
#8153 = CARTESIAN_POINT ( 'NONE',  ( 0.9681364314379040659, -0.5575809150807050640, 1.300000000000000044 ) ) ;
#8154 = AXIS2_PLACEMENT_3D ( 'NONE', #3830, #6972, #7596 ) ;
#8155 = DIRECTION ( 'NONE',  ( 0.000000000000000000, 0.000000000000000000, 1.000000000000000000 ) ) ;
#8156 = DIRECTION ( 'NONE',  ( 0.4525457257516172227, -0.8917411990616683770, 0.000000000000000000 ) ) ;
#8157 = CARTESIAN_POINT ( 'NONE',  ( -0.9681364314379040659, 0.5575809150807050640, 1.250000000000000000 ) ) ;
#8158 = ORIENTED_EDGE ( 'NONE', *, *, #5171, .T. ) ;
#8159 = EDGE_CURVE ( 'NONE', #9329, #8331, #1748, .T. ) ;
#8160 = ORIENTED_EDGE ( 'NONE', *, *, #9421, .F. ) ;
#8161 = CARTESIAN_POINT ( 'NONE',  ( 0.7353553390593273731, -1.214644660940672694, 0.000000000000000000 ) ) ;
#8162 = AXIS2_PLACEMENT_3D ( 'NONE', #7411, #9015, #5918 ) ;
#8163 = CARTESIAN_POINT ( 'NONE',  ( -0.9636845643521000371, 0.5488085124984810603, 0.000000000000000000 ) ) ;
#8164 = CARTESIAN_POINT ( 'NONE',  ( 0.8000000000000000444, -1.350000000000000089, 0.05000000000000000278 ) ) ;
#8165 = DIRECTION ( 'NONE',  ( 0.000000000000000000, 0.000000000000000000, 1.000000000000000000 ) ) ;
#8166 = DIRECTION ( 'NONE',  ( 0.4525457257516167786, 0.8917411990616684880, 0.000000000000000000 ) ) ;
#8167 = DIRECTION ( 'NONE',  ( 0.000000000000000000, 0.000000000000000000, -1.000000000000000000 ) ) ;
#8168 = CARTESIAN_POINT ( 'NONE',  ( 0.9228818588627429875, 0.4684067951745389813, 1.899999999999999911 ) ) ;
#8169 = DIRECTION ( 'NONE',  ( 0.000000000000000000, 0.000000000000000000, -1.000000000000000000 ) ) ;
#8170 = EDGE_CURVE ( 'NONE', #7413, #4720, #156, .T. ) ;
#8171 = ORIENTED_EDGE ( 'NONE', *, *, #5037, .F. ) ;
#8172 = CONTEXT_DEPENDENT_SHAPE_REPRESENTATION ( #2692, #6644 ) ;
#8173 = ORIENTED_EDGE ( 'NONE', *, *, #8287, .F. ) ;
#8174 = LINE ( 'NONE', #2620, #5886 ) ;
#8175 = ORIENTED_EDGE ( 'NONE', *, *, #2228, .F. ) ;
#8176 = CARTESIAN_POINT ( 'NONE',  ( -0.3222667766999390282, -0.6049999999999999822, 1.850000000000000089 ) ) ;
#8177 = DIRECTION ( 'NONE',  ( 0.3199981514759524526, 0.6305562489199296738, -0.7071067811865482389 ) ) ;
#8178 = CIRCLE ( 'NONE', #3739, 0.04999999999999991257 ) ;
#8179 = DIRECTION ( 'NONE',  ( 0.7071067811865483499, 0.000000000000000000, 0.7071067811865466846 ) ) ;
#8180 = ADVANCED_FACE ( 'NONE', ( #101 ), #886, .T. ) ;
#8181 = FACE_OUTER_BOUND ( 'NONE', #9823, .T. ) ;
#8182 = ORIENTED_EDGE ( 'NONE', *, *, #2290, .T. ) ;
#8183 = ADVANCED_FACE ( 'NONE', ( #1771 ), #2334, .T. ) ;
#8184 = ORIENTED_EDGE ( 'NONE', *, *, #7960, .F. ) ;
#8185 = DIRECTION ( 'NONE',  ( 0.000000000000000000, 0.000000000000000000, 1.000000000000000000 ) ) ;
#8186 = ORIENTED_EDGE ( 'NONE', *, *, #3071, .F. ) ;
#8187 = ORIENTED_EDGE ( 'NONE', *, *, #2326, .T. ) ;
#8188 = COLOUR_RGB ( '',0.8627450980392157298, 0.6274509803921568540, 0.05882352941176470507 ) ;
#8189 = DIRECTION ( 'NONE',  ( 1.000000000000000000, 0.000000000000000000, 0.000000000000000000 ) ) ;
#8190 = VECTOR ( 'NONE', #7515, 1000.000000000000000 ) ;
#8191 = DIRECTION ( 'NONE',  ( -1.000000000000000000, 0.000000000000000000, 0.000000000000000000 ) ) ;
#8192 = EDGE_CURVE ( 'NONE', #1669, #5153, #7123, .T. ) ;
#8193 = DIRECTION ( 'NONE',  ( -0.2326572596528329595, 0.9725587897555778572, 0.000000000000000000 ) ) ;
#8194 = LINE ( 'NONE', #9816, #9381 ) ;
#8195 = DIRECTION ( 'NONE',  ( 1.000000000000000000, 0.000000000000000000, 0.000000000000000000 ) ) ;
#8196 = CARTESIAN_POINT ( 'NONE',  ( -0.6999999999999999556, 1.185355339033137501, -0.01464466094067265987 ) ) ;
#8197 = CIRCLE ( 'NONE', #7688, 0.1999999999999998446 ) ;
#8198 = ORIENTED_EDGE ( 'NONE', *, *, #946, .T. ) ;
#8199 = EDGE_LOOP ( 'NONE', ( #1879, #2221, #9431, #6356 ) ) ;
#8200 = VECTOR ( 'NONE', #1276, 1000.000000000000000 ) ;
#8201 = ORIENTED_EDGE ( 'NONE', *, *, #803, .T. ) ;
#8202 = ORIENTED_EDGE ( 'NONE', *, *, #3327, .T. ) ;
#8203 = AXIS2_PLACEMENT_3D ( 'NONE', #1926, #8156, #7336 ) ;
#8204 = EDGE_CURVE ( 'NONE', #7762, #6096, #7016, .T. ) ;
#8205 = VECTOR ( 'NONE', #6635, 1000.000000000000000 ) ;
#8206 = EDGE_CURVE ( 'NONE', #2618, #9268, #6300, .T. ) ;
#8207 = FACE_OUTER_BOUND ( 'NONE', #7807, .T. ) ;
#8208 = DIRECTION ( 'NONE',  ( 0.000000000000000000, -1.000000000000000000, 0.000000000000000000 ) ) ;
#8209 = CARTESIAN_POINT ( 'NONE',  ( -1.899999999999999911, 1.100000000000000089, 0.05000000000000000278 ) ) ;
#8210 = CARTESIAN_POINT ( 'NONE',  ( -2.100000000000000089, 0.8364045445652700250, -0.7500000000000000000 ) ) ;
#8211 = EDGE_LOOP ( 'NONE', ( #6376, #1272, #7819, #4619 ) ) ;
#8212 = AXIS2_PLACEMENT_3D ( 'NONE', #2966, #6155, #6110 ) ;
#8213 = CIRCLE ( 'NONE', #3437, 0.04999999999999991257 ) ;
#8214 = ORIENTED_EDGE ( 'NONE', *, *, #1559, .T. ) ;
#8215 = CARTESIAN_POINT ( 'NONE',  ( -1.935355339059327440, -1.036404544565270092, -0.01464466094067265987 ) ) ;
#8216 = AXIS2_PLACEMENT_3D ( 'NONE', #2972, #4661, #3900 ) ;
#8217 = ORIENTED_EDGE ( 'NONE', *, *, #3317, .T. ) ;
#8218 = DIRECTION ( 'NONE',  ( 1.000000000000000000, 0.000000000000000000, 0.000000000000000000 ) ) ;
#8219 = EDGE_CURVE ( 'NONE', #2855, #3217, #2382, .T. ) ;
#8220 = EDGE_CURVE ( 'NONE', #9995, #2870, #9455, .T. ) ;
#8221 = LINE ( 'NONE', #1059, #2156 ) ;
#8222 = AXIS2_PLACEMENT_3D ( 'NONE', #8102, #1826, #9503 ) ;
#8223 = AXIS2_PLACEMENT_3D ( 'NONE', #6858, #6908, #3812 ) ;
#8224 = VECTOR ( 'NONE', #8218, 1000.000000000000000 ) ;
#8225 = DIRECTION ( 'NONE',  ( 1.000000000000000000, 0.000000000000000000, 0.000000000000000000 ) ) ;
#8226 = FACE_OUTER_BOUND ( 'NONE', #3002, .T. ) ;
#8227 = CARTESIAN_POINT ( 'NONE',  ( 1.899999999999999911, -1.350000000000000089, 0.000000000000000000 ) ) ;
#8228 = CARTESIAN_POINT ( 'NONE',  ( 0.6999999999999999556, 1.199999999973810016, -0.05000000000000000278 ) ) ;
#8229 = VERTEX_POINT ( 'NONE', #9613 ) ;
#8230 = ORIENTED_EDGE ( 'NONE', *, *, #8347, .T. ) ;
#8231 = AXIS2_PLACEMENT_3D ( 'NONE', #8011, #8803, #6369 ) ;
#8232 = PRESENTATION_LAYER_ASSIGNMENT (  '', '', ( #1818 ) ) ;
#8233 = AXIS2_PLACEMENT_3D ( 'NONE', #5547, #8709, #4845 ) ;
#8234 = DIRECTION ( 'NONE',  ( 0.000000000000000000, 1.000000000000000000, 0.000000000000000000 ) ) ;
#8235 = ORIENTED_EDGE ( 'NONE', *, *, #5384, .F. ) ;
#8236 = ADVANCED_FACE ( 'NONE', ( #6246 ), #6678, .T. ) ;
#8237 = CARTESIAN_POINT ( 'NONE',  ( -1.900000000011639933, -1.036404544565270092, 0.1499999999999999944 ) ) ;
#8238 = VECTOR ( 'NONE', #9461, 1000.000000000000000 ) ;
#8239 = DIRECTION ( 'NONE',  ( 0.000000000000000000, 0.3713906763541040545, 0.9284766908852591927 ) ) ;
#8240 = AXIS2_PLACEMENT_3D ( 'NONE', #5981, #9328, #4484 ) ;
#8241 = LINE ( 'NONE', #4230, #8328 ) ;
#8242 = CARTESIAN_POINT ( 'NONE',  ( 1.899999999999999911, -1.350000000000000089, 1.250000000000000000 ) ) ;
#8243 = EDGE_LOOP ( 'NONE', ( #9847, #1619, #2411, #5922 ) ) ;
#8244 = ORIENTED_EDGE ( 'NONE', *, *, #9809, .F. ) ;
#8245 = VERTEX_POINT ( 'NONE', #45 ) ;
#8246 = ORIENTED_EDGE ( 'NONE', *, *, #7139, .F. ) ;
#8247 = TOROIDAL_SURFACE ( 'NONE', #3142, 0.1499999999999999944, 0.05000000000000000278 ) ;
#8248 = CARTESIAN_POINT ( 'NONE',  ( 0.000000000000000000, 0.000000000000000000, 0.000000000000000000 ) ) ;
#8249 = ADVANCED_FACE ( 'NONE', ( #4036 ), #8621, .T. ) ;
#8250 = FACE_OUTER_BOUND ( 'NONE', #1779, .T. ) ;
#8251 = CYLINDRICAL_SURFACE ( 'NONE', #9043, 0.05000000000000007216 ) ;
#8252 = DIRECTION ( 'NONE',  ( 0.000000000000000000, 1.000000000000000000, 0.000000000000000000 ) ) ;
#8253 = ORIENTED_EDGE ( 'NONE', *, *, #5433, .T. ) ;
#8254 = FACE_OUTER_BOUND ( 'NONE', #6034, .T. ) ;
#8255 = PLANE ( 'NONE',  #1149 ) ;
#8256 = CARTESIAN_POINT ( 'NONE',  ( -1.899999999999999911, 0.6999999999999999556, 1.250000000000000000 ) ) ;
#8257 = AXIS2_PLACEMENT_3D ( 'NONE', #3331, #6637, #2667 ) ;
#8258 = LINE ( 'NONE', #4389, #7394 ) ;
#8259 = VERTEX_POINT ( 'NONE', #5671 ) ;
#8260 = ORIENTED_EDGE ( 'NONE', *, *, #881, .F. ) ;
#8261 = EDGE_CURVE ( 'NONE', #1334, #9779, #9819, .T. ) ;
#8262 = EDGE_LOOP ( 'NONE', ( #10004, #6936, #3491, #7141 ) ) ;
#8263 = ORIENTED_EDGE ( 'NONE', *, *, #4531, .F. ) ;
#8264 = AXIS2_PLACEMENT_3D ( 'NONE', #10076, #9979, #6868 ) ;
#8265 = ADVANCED_FACE ( 'NONE', ( #4691 ), #7886, .T. ) ;
#8266 = DIRECTION ( 'NONE',  ( 0.000000000000000000, 0.000000000000000000, 1.000000000000000000 ) ) ;
#8267 = DIRECTION ( 'NONE',  ( 0.000000000000000000, 0.000000000000000000, 1.000000000000000000 ) ) ;
#8268 = CARTESIAN_POINT ( 'NONE',  ( -2.100000000000000089, -0.4364045445652709465, 0.000000000000000000 ) ) ;
#8269 = ORIENTED_EDGE ( 'NONE', *, *, #1346, .F. ) ;
#8270 = AXIS2_PLACEMENT_3D ( 'NONE', #6788, #6832, #1415 ) ;
#8271 = ORIENTED_EDGE ( 'NONE', *, *, #1990, .T. ) ;
#8272 = DIRECTION ( 'NONE',  ( 0.000000000000000000, 0.000000000000000000, -1.000000000000000000 ) ) ;
#8273 = ADVANCED_FACE ( 'NONE', ( #9502 ), #8726, .T. ) ;
#8274 = ORIENTED_EDGE ( 'NONE', *, *, #1508, .F. ) ;
#8275 = VERTEX_POINT ( 'NONE', #7940 ) ;
#8276 = ADVANCED_FACE ( 'NONE', ( #6412 ), #776, .T. ) ;
#8277 = CARTESIAN_POINT ( 'NONE',  ( 1.935355339059327440, 1.036404544565270092, -0.01464466094067265987 ) ) ;
#8278 = AXIS2_PLACEMENT_3D ( 'NONE', #5053, #8983, #4237 ) ;
#8279 = DIRECTION ( 'NONE',  ( 0.000000000000000000, 1.000000000000000000, 0.000000000000000000 ) ) ;
#8280 = PLANE ( 'NONE',  #302 ) ;
#8281 = DIRECTION ( 'NONE',  ( 0.000000000000000000, 0.000000000000000000, -1.000000000000000000 ) ) ;
#8282 = DIRECTION ( 'NONE',  ( 0.000000000000000000, -1.000000000000000000, 0.000000000000000000 ) ) ;
#8283 = DIRECTION ( 'NONE',  ( 1.000000000000000000, 0.000000000000000000, 0.000000000000000000 ) ) ;
#8284 = LINE ( 'NONE', #10089, #7403 ) ;
#8285 = VERTEX_POINT ( 'NONE', #5880 ) ;
#8286 = EDGE_LOOP ( 'NONE', ( #4970, #3160, #8765, #5282, #9670, #8124, #4680 ) ) ;
#8287 = EDGE_CURVE ( 'NONE', #8454, #461, #7424, .T. ) ;
#8288 = EDGE_CURVE ( 'NONE', #5612, #3247, #4146, .T. ) ;
#8289 = VECTOR ( 'NONE', #7073, 1000.000000000000000 ) ;
#8290 = DIRECTION ( 'NONE',  ( 1.000000000000000000, 0.000000000000000000, 0.000000000000000000 ) ) ;
#8291 = ORIENTED_EDGE ( 'NONE', *, *, #8757, .T. ) ;
#8292 = FACE_OUTER_BOUND ( 'NONE', #6169, .T. ) ;
#8293 = CARTESIAN_POINT ( 'NONE',  ( 0.3222667766999390282, 0.6049999999999999822, 1.850000000000000089 ) ) ;
#8294 = CARTESIAN_POINT ( 'NONE',  ( -2.100000000000000089, 0.4364045445652700028, -0.7500000000000000000 ) ) ;
#8295 = ORIENTED_EDGE ( 'NONE', *, *, #2490, .T. ) ;
#8296 = ORIENTED_EDGE ( 'NONE', *, *, #9206, .T. ) ;
#8297 = ORIENTED_EDGE ( 'NONE', *, *, #8016, .T. ) ;
#8298 = EDGE_CURVE ( 'NONE', #1131, #2768, #253, .T. ) ;
#8299 = EDGE_LOOP ( 'NONE', ( #5366, #6476, #7294, #8271 ) ) ;
#8300 = LINE ( 'NONE', #1238, #4991 ) ;
#8301 = DIRECTION ( 'NONE',  ( 0.000000000000000000, 0.000000000000000000, 1.000000000000000000 ) ) ;
#8302 = EDGE_LOOP ( 'NONE', ( #4195, #6504, #7608, #8530 ) ) ;
#8303 = CARTESIAN_POINT ( 'NONE',  ( 0.6999999999999999556, -1.199999999999999956, 0.000000000000000000 ) ) ;
#8304 = DIRECTION ( 'NONE',  ( -1.000000000000000000, 0.000000000000000000, 0.000000000000000000 ) ) ;
#8305 = CARTESIAN_POINT ( 'NONE',  ( -1.899999999999999911, -1.350000000000000089, 1.199999999999999956 ) ) ;
#8306 = VERTEX_POINT ( 'NONE', #362 ) ;
#8307 = ORIENTED_EDGE ( 'NONE', *, *, #7244, .F. ) ;
#8308 = EDGE_CURVE ( 'NONE', #4631, #3018, #233, .T. ) ;
#8309 = AXIS2_PLACEMENT_3D ( 'NONE', #5354, #9446, #2323 ) ;
#8310 = ORIENTED_EDGE ( 'NONE', *, *, #6749, .F. ) ;
#8311 = DIRECTION ( 'NONE',  ( 0.000000000000000000, 0.000000000000000000, 1.000000000000000000 ) ) ;
#8312 = CIRCLE ( 'NONE', #6514, 0.1499999999999999944 ) ;
#8313 = CIRCLE ( 'NONE', #6988, 0.1999999999999998446 ) ;
#8314 = FACE_OUTER_BOUND ( 'NONE', #2025, .T. ) ;
#8315 = VERTEX_POINT ( 'NONE', #7282 ) ;
#8316 = EDGE_CURVE ( 'NONE', #6992, #2592, #1145, .T. ) ;
#8317 = VERTEX_POINT ( 'NONE', #2590 ) ;
#8318 = VERTEX_POINT ( 'NONE', #4964 ) ;
#8319 = VECTOR ( 'NONE', #304, 1000.000000000000000 ) ;
#8320 = AXIS2_PLACEMENT_3D ( 'NONE', #4952, #9647, #4843 ) ;
#8321 = DIRECTION ( 'NONE',  ( 0.000000000000000000, 0.000000000000000000, 1.000000000000000000 ) ) ;
#8322 = DIRECTION ( 'NONE',  ( 0.000000000000000000, 0.000000000000000000, -1.000000000000000000 ) ) ;
#8323 = EDGE_CURVE ( 'NONE', #6567, #1210, #5058, .T. ) ;
#8324 = CARTESIAN_POINT ( 'NONE',  ( -0.3222667766999390282, -0.7550000000000000044, 1.899999999999999911 ) ) ;
#8325 = DIRECTION ( 'NONE',  ( -3.965082230804129727E-16, 1.000000000000000000, 0.000000000000000000 ) ) ;
#8326 = DIRECTION ( 'NONE',  ( 1.000000000000000000, 0.000000000000000000, 0.000000000000000000 ) ) ;
#8327 = CARTESIAN_POINT ( 'NONE',  ( -0.7500000000000000000, 0.5999999999999999778, 1.199999999999999956 ) ) ;
#8328 = VECTOR ( 'NONE', #8088, 1000.000000000000000 ) ;
#8329 = VECTOR ( 'NONE', #4215, 1000.000000000000000 ) ;
#8330 = FACE_OUTER_BOUND ( 'NONE', #3802, .T. ) ;
#8331 = VERTEX_POINT ( 'NONE', #1874 ) ;
#8332 = CARTESIAN_POINT ( 'NONE',  ( 1.949999999999999956, -1.036404544565270092, -0.2500000000000000000 ) ) ;
#8333 = ORIENTED_EDGE ( 'NONE', *, *, #237, .T. ) ;
#8334 = DIRECTION ( 'NONE',  ( -1.000000000000000000, 0.000000000000000000, 0.000000000000000000 ) ) ;
#8335 = AXIS2_PLACEMENT_3D ( 'NONE', #4376, #1427, #5920 ) ;
#8336 = ORIENTED_EDGE ( 'NONE', *, *, #392, .F. ) ;
#8337 = EDGE_CURVE ( 'NONE', #8081, #1685, #3875, .T. ) ;
#8338 = EDGE_CURVE ( 'NONE', #6726, #8081, #9033, .T. ) ;
#8339 = FACE_OUTER_BOUND ( 'NONE', #8889, .T. ) ;
#8340 = DIRECTION ( 'NONE',  ( 0.7071067811865474617, 0.000000000000000000, 0.7071067811865474617 ) ) ;
#8341 = FACE_OUTER_BOUND ( 'NONE', #3473, .T. ) ;
#8342 = ORIENTED_EDGE ( 'NONE', *, *, #5510, .T. ) ;
#8343 = VERTEX_POINT ( 'NONE', #4241 ) ;
#8344 = ORIENTED_EDGE ( 'NONE', *, *, #7760, .F. ) ;
#8345 = ORIENTED_EDGE ( 'NONE', *, *, #1516, .F. ) ;
#8346 = DIRECTION ( 'NONE',  ( 0.7071067811865474617, 0.7071067811865474617, 0.000000000000000000 ) ) ;
#8347 = EDGE_CURVE ( 'NONE', #6083, #9285, #6008, .T. ) ;
#8348 = DIRECTION ( 'NONE',  ( 0.000000000000000000, 1.000000000000000000, 0.000000000000000000 ) ) ;
#8349 = EDGE_LOOP ( 'NONE', ( #8562, #1986, #2219, #1672 ) ) ;
#8350 = DIRECTION ( 'NONE',  ( -1.000000000000000000, 0.000000000000000000, 0.000000000000000000 ) ) ;
#8351 = DIRECTION ( 'NONE',  ( 1.000000000000000000, 0.000000000000000000, 0.000000000000000000 ) ) ;
#8352 = DIRECTION ( 'NONE',  ( 1.000000000000000000, 0.000000000000000000, 0.000000000000000000 ) ) ;
#8353 = CARTESIAN_POINT ( 'NONE',  ( 1.899999999999999911, -1.399999999999999911, 1.199999999999999956 ) ) ;
#8354 = ORIENTED_EDGE ( 'NONE', *, *, #3006, .T. ) ;
#8355 = EDGE_LOOP ( 'NONE', ( #1092, #291, #6154, #2022 ) ) ;
#8356 = AXIS2_PLACEMENT_3D ( 'NONE', #7453, #3294, #6449 ) ;
#8357 = AXIS2_PLACEMENT_3D ( 'NONE', #8781, #6408, #7068 ) ;
#8358 = VERTEX_POINT ( 'NONE', #1825 ) ;
#8359 = ORIENTED_EDGE ( 'NONE', *, *, #4346, .T. ) ;
#8360 = LINE ( 'NONE', #2126, #1621 ) ;
#8361 = DIRECTION ( 'NONE',  ( 0.8917411990616680439, 0.4525457257516179999, 7.372574772901430151E-16 ) ) ;
#8362 = ADVANCED_FACE ( 'NONE', ( #7369 ), #9867, .T. ) ;
#8363 = VECTOR ( 'NONE', #8390, 1000.000000000000000 ) ;
#8364 = CIRCLE ( 'NONE', #3921, 0.2500000000000001110 ) ;
#8365 = CARTESIAN_POINT ( 'NONE',  ( 0.6999999999999999556, 1.149999999999999911, 1.199999999999999956 ) ) ;
#8366 = CIRCLE ( 'NONE', #4737, 0.04999999999999991257 ) ;
#8367 = VERTEX_POINT ( 'NONE', #9768 ) ;
#8368 = LINE ( 'NONE', #6536, #9368 ) ;
#8369 = EDGE_LOOP ( 'NONE', ( #1274, #8480, #9290, #1500 ) ) ;
#8370 = DIRECTION ( 'NONE',  ( 0.000000000000000000, 0.000000000000000000, 1.000000000000000000 ) ) ;
#8371 = VERTEX_POINT ( 'NONE', #8101 ) ;
#8372 = AXIS2_PLACEMENT_3D ( 'NONE', #2081, #6721, #1206 ) ;
#8373 = VECTOR ( 'NONE', #4704, 1000.000000000000114 ) ;
#8374 = AXIS2_PLACEMENT_3D ( 'NONE', #4009, #8691, #1577 ) ;
#8375 = LINE ( 'NONE', #10037, #8398 ) ;
#8376 = ADVANCED_FACE ( 'NONE', ( #2641 ), #1040, .T. ) ;
#8377 = CARTESIAN_POINT ( 'NONE',  ( -0.3222667766999390282, 0.8050000000000000488, 1.250000000000000000 ) ) ;
#8378 = CARTESIAN_POINT ( 'NONE',  ( -0.3901486355626809788, -0.7387611798592499390, 1.850000000000000089 ) ) ;
#8379 = CARTESIAN_POINT ( 'NONE',  ( 0.8549999999999999822, 0.3346456153152879698, 0.000000000000000000 ) ) ;
#8380 = CARTESIAN_POINT ( 'NONE',  ( 2.299999999999999822, -0.5000000000000000000, 0.000000000000000000 ) ) ;
#8381 = CARTESIAN_POINT ( 'NONE',  ( 0.7646446609406726269, 1.250000000000000000, 1.235355339059327262 ) ) ;
#8382 = AXIS2_PLACEMENT_3D ( 'NONE', #6040, #8169, #1749 ) ;
#8383 = VECTOR ( 'NONE', #4032, 1000.000000000000000 ) ;
#8384 = CIRCLE ( 'NONE', #3604, 0.04999999999999991257 ) ;
#8385 = ORIENTED_EDGE ( 'NONE', *, *, #1094, .T. ) ;
#8386 = DIRECTION ( 'NONE',  ( -1.000000000000000000, 0.000000000000000000, 0.000000000000000000 ) ) ;
#8387 = ORIENTED_EDGE ( 'NONE', *, *, #1450, .F. ) ;
#8388 = CARTESIAN_POINT ( 'NONE',  ( 1.899999999938880135, 1.349999999973810150, 0.000000000000000000 ) ) ;
#8389 = EDGE_CURVE ( 'NONE', #5778, #7151, #9716, .T. ) ;
#8390 = DIRECTION ( 'NONE',  ( 0.000000000000000000, -1.000000000000000000, 0.000000000000000000 ) ) ;
#8391 = VECTOR ( 'NONE', #3862, 1000.000000000000000 ) ;
#8392 = CIRCLE ( 'NONE', #8545, 0.1500000000000000777 ) ;
#8393 = CARTESIAN_POINT ( 'NONE',  ( 2.299999999999999822, -0.5000000000000000000, 0.000000000000000000 ) ) ;
#8394 = DIRECTION ( 'NONE',  ( 0.000000000000000000, -1.000000000000000000, 0.000000000000000000 ) ) ;
#8395 = ORIENTED_EDGE ( 'NONE', *, *, #8008, .T. ) ;
#8396 = VERTEX_POINT ( 'NONE', #2024 ) ;
#8397 = CIRCLE ( 'NONE', #5925, 0.1500000000000000777 ) ;
#8398 = VECTOR ( 'NONE', #3726, 1000.000000000000000 ) ;
#8399 = ORIENTED_EDGE ( 'NONE', *, *, #5124, .T. ) ;
#8400 = ADVANCED_FACE ( 'NONE', ( #8985 ), #4295, .T. ) ;
#8401 = VECTOR ( 'NONE', #4181, 1000.000000000000000 ) ;
#8402 = EDGE_CURVE ( 'NONE', #9553, #2798, #5830, .T. ) ;
#8403 = CARTESIAN_POINT ( 'NONE',  ( -1.600000000000000089, -0.5000000000000000000, 0.000000000000000000 ) ) ;
#8404 = CIRCLE ( 'NONE', #1321, 0.04999999999999991257 ) ;
#8405 = LINE ( 'NONE', #2167, #8190 ) ;
#8406 = EDGE_LOOP ( 'NONE', ( #5154, #6054, #2288, #3105, #6702 ) ) ;
#8407 = FACE_OUTER_BOUND ( 'NONE', #1004, .T. ) ;
#8408 = LINE ( 'NONE', #5301, #9152 ) ;
#8409 = CARTESIAN_POINT ( 'NONE',  ( -0.6999999999999999556, -1.250000000000000000, 0.05000000000000000278 ) ) ;
#8410 =( LENGTH_UNIT ( ) NAMED_UNIT ( * ) SI_UNIT ( .MILLI., .METRE. ) );
#8411 = ORIENTED_EDGE ( 'NONE', *, *, #1218, .F. ) ;
#8412 = ORIENTED_EDGE ( 'NONE', *, *, #5022, .F. ) ;
#8413 = CIRCLE ( 'NONE', #5591, 0.04999999999999991257 ) ;
#8414 = EDGE_CURVE ( 'NONE', #8423, #8021, #990, .T. ) ;
#8415 = ORIENTED_EDGE ( 'NONE', *, *, #8768, .F. ) ;
#8416 = EDGE_LOOP ( 'NONE', ( #7023, #9211, #2466, #2232 ) ) ;
#8417 = LINE ( 'NONE', #7478, #5394 ) ;
#8418 = CARTESIAN_POINT ( 'NONE',  ( -0.4080121480153949820, 0.8418358655296350745, 1.250000000000000000 ) ) ;
#8419 = ORIENTED_EDGE ( 'NONE', *, *, #2753, .T. ) ;
#8420 = CARTESIAN_POINT ( 'NONE',  ( 1.949999999999999956, -0.8000000000000000444, 0.2000000000000000111 ) ) ;
#8421 = EDGE_LOOP ( 'NONE', ( #4414, #2484, #7892, #7018 ) ) ;
#8422 = CARTESIAN_POINT ( 'NONE',  ( -0.8549999999999999822, 0.3346456153152879698, 1.250000000000000000 ) ) ;
#8423 = VERTEX_POINT ( 'NONE', #4388 ) ;
#8424 = EDGE_CURVE ( 'NONE', #8396, #6662, #4211, .T. ) ;
#8425 = LINE ( 'NONE', #4598, #3455 ) ;
#8426 = DIRECTION ( 'NONE',  ( 0.8917411990616684880, -0.4525457257516172227, 0.000000000000000000 ) ) ;
#8427 = CARTESIAN_POINT ( 'NONE',  ( -0.6999999999999999556, 1.250000000000000000, 0.000000000000000000 ) ) ;
#8428 = CYLINDRICAL_SURFACE ( 'NONE', #2515, 0.05000000000000001665 ) ;
#8429 = VECTOR ( 'NONE', #1465, 1000.000000000000000 ) ;
#8430 = DIRECTION ( 'NONE',  ( 0.000000000000000000, 0.000000000000000000, 1.000000000000000000 ) ) ;
#8431 = VERTEX_POINT ( 'NONE', #5256 ) ;
#8432 = VERTEX_POINT ( 'NONE', #5349 ) ;
#8433 = CARTESIAN_POINT ( 'NONE',  ( 0.8000000000025470070, 1.150000000026190072, 0.000000000000000000 ) ) ;
#8434 = EDGE_CURVE ( 'NONE', #5223, #4606, #8408, .T. ) ;
#8435 = DIRECTION ( 'NONE',  ( 1.000000000000000000, 0.000000000000000000, 0.000000000000000000 ) ) ;
#8436 = CIRCLE ( 'NONE', #7935, 0.04999999999999991257 ) ;
#8437 = DIRECTION ( 'NONE',  ( 0.000000000000000000, -1.000000000000000000, 0.000000000000000000 ) ) ;
#8438 = CARTESIAN_POINT ( 'NONE',  ( -0.7278292938547639146, -0.6234632226859558868, 1.300000000000000044 ) ) ;
#8439 = CARTESIAN_POINT ( 'NONE',  ( -0.8000000000000000444, 0.5999999999999999778, 1.199999999999999956 ) ) ;
#8440 = DIRECTION ( 'NONE',  ( -1.982541115402069794E-16, 1.000000000000000000, 0.000000000000000000 ) ) ;
#8441 = CIRCLE ( 'NONE', #9266, 0.04999999999999991257 ) ;
#8442 = EDGE_LOOP ( 'NONE', ( #9747, #1282, #599, #2234, #4465, #8527, #3349 ) ) ;
#8443 = VERTEX_POINT ( 'NONE', #7626 ) ;
#8444 = ORIENTED_EDGE ( 'NONE', *, *, #5733, .F. ) ;
#8445 = EDGE_CURVE ( 'NONE', #6756, #4431, #7324, .T. ) ;
#8446 = CARTESIAN_POINT ( 'NONE',  ( 0.8549999999999999822, 0.3346456153152879698, 1.250000000000000000 ) ) ;
#8447 = CYLINDRICAL_SURFACE ( 'NONE', #2108, 0.05000000000000007216 ) ;
#8448 = VERTEX_POINT ( 'NONE', #10013 ) ;
#8449 = EDGE_CURVE ( 'NONE', #3500, #7465, #2879, .T. ) ;
#8450 = DIRECTION ( 'NONE',  ( 0.000000000000000000, 0.000000000000000000, 1.000000000000000000 ) ) ;
#8451 = PLANE ( 'NONE',  #9977 ) ;
#8452 = DIRECTION ( 'NONE',  ( 0.000000000000000000, -1.000000000000000000, 0.000000000000000000 ) ) ;
#8453 = DIRECTION ( 'NONE',  ( -0.7071067811865474617, 0.000000000000000000, 0.7071067811865474617 ) ) ;
#8454 = VERTEX_POINT ( 'NONE', #6081 ) ;
#8455 = EDGE_LOOP ( 'NONE', ( #2012, #3055, #6561, #8824 ) ) ;
#8456 = ORIENTED_EDGE ( 'NONE', *, *, #8990, .F. ) ;
#8457 = CARTESIAN_POINT ( 'NONE',  ( -2.100000000000000089, 0.4364045445652700028, 0.000000000000000000 ) ) ;
#8458 = DIRECTION ( 'NONE',  ( -1.000000000000000000, 0.000000000000000000, 0.000000000000000000 ) ) ;
#8459 = ADVANCED_FACE ( 'NONE', ( #9228 ), #8451, .T. ) ;
#8460 = DIRECTION ( 'NONE',  ( 0.5773502691896272854, 0.5773502691896250649, 0.5773502691896250649 ) ) ;
#8461 = EDGE_CURVE ( 'NONE', #10047, #6305, #4525, .T. ) ;
#8462 = ORIENTED_EDGE ( 'NONE', *, *, #10062, .T. ) ;
#8463 = DIRECTION ( 'NONE',  ( 0.000000000000000000, 0.000000000000000000, 1.000000000000000000 ) ) ;
#8464 = EDGE_LOOP ( 'NONE', ( #8534, #2556, #8650, #9678 ) ) ;
#8465 = VECTOR ( 'NONE', #6518, 1000.000000000000000 ) ;
#8466 = FACE_OUTER_BOUND ( 'NONE', #9733, .T. ) ;
#8467 = EDGE_LOOP ( 'NONE', ( #2659, #9601, #1054, #3487 ) ) ;
#8468 = VECTOR ( 'NONE', #4854, 1000.000000000000000 ) ;
#8469 = CARTESIAN_POINT ( 'NONE',  ( -1.600000000000000089, -1.569225247049999883, 0.2000000000000000111 ) ) ;
#8470 = AXIS2_PLACEMENT_3D ( 'NONE', #8744, #5527, #5692 ) ;
#8471 = DIRECTION ( 'NONE',  ( -5.421010862427519212E-16, 1.000000000000000000, 0.000000000000000000 ) ) ;
#8472 = CARTESIAN_POINT ( 'NONE',  ( 0.4309513410520389720, -0.8191628971831930173, 0.000000000000000000 ) ) ;
#8473 = EDGE_CURVE ( 'NONE', #3187, #3233, #7518, .T. ) ;
#8474 = DIRECTION ( 'NONE',  ( 0.000000000000000000, -1.000000000000000000, 0.000000000000000000 ) ) ;
#8475 = CYLINDRICAL_SURFACE ( 'NONE', #4421, 0.1500000000000000500 ) ;
#8476 = DIRECTION ( 'NONE',  ( 0.000000000000000000, 0.000000000000000000, -1.000000000000000000 ) ) ;
#8477 = ORIENTED_EDGE ( 'NONE', *, *, #4555, .T. ) ;
#8478 = LINE ( 'NONE', #6883, #10041 ) ;
#8479 = APPLICATION_CONTEXT ( 'automotive_design' ) ;
#8480 = ORIENTED_EDGE ( 'NONE', *, *, #3391, .T. ) ;
#8481 = AXIS2_PLACEMENT_3D ( 'NONE', #4905, #835, #7177 ) ;
#8482 = CARTESIAN_POINT ( 'NONE',  ( 0.3222667766999390282, -0.8050000000000000488, 1.850000000000000089 ) ) ;
#8483 = DIRECTION ( 'NONE',  ( 3.965082230804129727E-16, -1.000000000000000000, 0.000000000000000000 ) ) ;
#8484 =( NAMED_UNIT ( * ) SI_UNIT ( $, .STERADIAN. ) SOLID_ANGLE_UNIT ( ) );
#8485 = CIRCLE ( 'NONE', #9826, 0.1000000000000001443 ) ;
#8486 = EDGE_CURVE ( 'NONE', #6594, #4922, #749, .T. ) ;
#8487 = CARTESIAN_POINT ( 'NONE',  ( -0.7646446609406726269, -1.349999999999999867, 1.235355339059327262 ) ) ;
#8488 = DIRECTION ( 'NONE',  ( 0.000000000000000000, 0.000000000000000000, -1.000000000000000000 ) ) ;
#8489 = ORIENTED_EDGE ( 'NONE', *, *, #7428, .F. ) ;
#8490 = ORIENTED_EDGE ( 'NONE', *, *, #9448, .T. ) ;
#8491 = CIRCLE ( 'NONE', #6163, 0.04999999999999991257 ) ;
#8492 = CARTESIAN_POINT ( 'NONE',  ( -0.7278292938547639146, -0.6234632226859558868, 1.850000000000000089 ) ) ;
#8493 = VERTEX_POINT ( 'NONE', #6907 ) ;
#8494 = CYLINDRICAL_SURFACE ( 'NONE', #6139, 0.05000000000000007216 ) ;
#8495 = EDGE_CURVE ( 'NONE', #9495, #10102, #3810, .T. ) ;
#8496 = CARTESIAN_POINT ( 'NONE',  ( 1.899999999999999911, -0.6999999999999999556, 0.05000000000000000278 ) ) ;
#8497 = EDGE_CURVE ( 'NONE', #6417, #9910, #1083, .T. ) ;
#8498 = LINE ( 'NONE', #4624, #3048 ) ;
#8499 = DIRECTION ( 'NONE',  ( 0.000000000000000000, 0.000000000000000000, 1.000000000000000000 ) ) ;
#8500 = LINE ( 'NONE', #2988, #2969 ) ;
#8501 = LINE ( 'NONE', #6232, #6076 ) ;
#8502 = ORIENTED_EDGE ( 'NONE', *, *, #5467, .T. ) ;
#8503 = CARTESIAN_POINT ( 'NONE',  ( -1.949999999999999956, 0.5182022722709940243, 0.1499999999999999944 ) ) ;
#8504 = VERTEX_POINT ( 'NONE', #6131 ) ;
#8505 = AXIS2_PLACEMENT_3D ( 'NONE', #10007, #9174, #5248 ) ;
#8506 = ADVANCED_FACE ( 'NONE', ( #3613 ), #4573, .F. ) ;
#8507 = DIRECTION ( 'NONE',  ( 0.000000000000000000, 0.000000000000000000, 1.000000000000000000 ) ) ;
#8508 = DIRECTION ( 'NONE',  ( 0.000000000000000000, 0.000000000000000000, -1.000000000000000000 ) ) ;
#8509 = DIRECTION ( 'NONE',  ( -1.000000000000000000, 3.274186477211780177E-11, 0.000000000000000000 ) ) ;
#8510 = DIRECTION ( 'NONE',  ( 0.000000000000000000, 0.000000000000000000, -1.000000000000000000 ) ) ;
#8511 = ORIENTED_EDGE ( 'NONE', *, *, #4432, .T. ) ;
#8512 = CARTESIAN_POINT ( 'NONE',  ( -2.299999999999999822, -1.100000000000000089, 0.2000000000000000111 ) ) ;
#8513 = VECTOR ( 'NONE', #3235, 1000.000000000000000 ) ;
#8514 = ORIENTED_EDGE ( 'NONE', *, *, #5413, .T. ) ;
#8515 = AXIS2_PLACEMENT_3D ( 'NONE', #871, #139, #10155 ) ;
#8516 = CARTESIAN_POINT ( 'NONE',  ( 1.949999999999999956, -1.399999999999999911, 0.000000000000000000 ) ) ;
#8517 = ORIENTED_EDGE ( 'NONE', *, *, #1867, .F. ) ;
#8518 = EDGE_CURVE ( 'NONE', #3036, #5978, #2216, .T. ) ;
#8519 = EDGE_CURVE ( 'NONE', #8808, #9984, #8649, .T. ) ;
#8520 = AXIS2_PLACEMENT_3D ( 'NONE', #2767, #5188, #9259 ) ;
#8521 = CARTESIAN_POINT ( 'NONE',  ( -1.935355339059327440, -1.385355339059327395, 1.199999999999999956 ) ) ;
#8522 = CIRCLE ( 'NONE', #4098, 0.04999999999999991257 ) ;
#8523 = LINE ( 'NONE', #5999, #1667 ) ;
#8524 = CYLINDRICAL_SURFACE ( 'NONE', #2449, 0.05000000000000001665 ) ;
#8525 = DIRECTION ( 'NONE',  ( 0.7071067811865482389, 0.000000000000000000, 0.7071067811865466846 ) ) ;
#8526 = DIRECTION ( 'NONE',  ( 0.000000000000000000, -1.000000000000000000, 0.000000000000000000 ) ) ;
#8527 = ORIENTED_EDGE ( 'NONE', *, *, #4522, .F. ) ;
#8528 = DIRECTION ( 'NONE',  ( 0.000000000000000000, -1.000000000000000000, 0.000000000000000000 ) ) ;
#8529 = AXIS2_PLACEMENT_3D ( 'NONE', #7837, #9357, #3836 ) ;
#8530 = ORIENTED_EDGE ( 'NONE', *, *, #2742, .F. ) ;
#8531 = CARTESIAN_POINT ( 'NONE',  ( -2.100000000000000089, -1.036404544565270092, -0.7500000000000000000 ) ) ;
#8532 = AXIS2_PLACEMENT_3D ( 'NONE', #7840, #695, #2197 ) ;
#8533 = ADVANCED_FACE ( 'NONE', ( #1243 ), #6809, .F. ) ;
#8534 = ORIENTED_EDGE ( 'NONE', *, *, #3462, .T. ) ;
#8535 = DIRECTION ( 'NONE',  ( 0.000000000000000000, -1.000000000000000000, 0.000000000000000000 ) ) ;
#8536 = AXIS2_PLACEMENT_3D ( 'NONE', #4883, #7303, #227 ) ;
#8537 = AXIS2_PLACEMENT_3D ( 'NONE', #5508, #2278, #1659 ) ;
#8538 = DIRECTION ( 'NONE',  ( 1.000000000000000000, 0.000000000000000000, 0.000000000000000000 ) ) ;
#8539 = CARTESIAN_POINT ( 'NONE',  ( 2.100000000000000089, -0.4364045445652709465, 0.000000000000000000 ) ) ;
#8540 = ORIENTED_EDGE ( 'NONE', *, *, #8097, .F. ) ;
#8541 = APPLICATION_PROTOCOL_DEFINITION ( 'draft international standard', 'automotive_design', 1998, #4085 ) ;
#8542 = ORIENTED_EDGE ( 'NONE', *, *, #7897, .T. ) ;
#8543 = ORIENTED_EDGE ( 'NONE', *, *, #3071, .T. ) ;
#8544 = CIRCLE ( 'NONE', #1640, 0.04999999999999991257 ) ;
#8545 = AXIS2_PLACEMENT_3D ( 'NONE', #8144, #2794, #3514 ) ;
#8546 = CLOSED_SHELL ( 'NONE', ( #1980, #3807, #6928, #4873, #8116, #7540 ) ) ;
#8547 = ADVANCED_FACE ( 'NONE', ( #9968 ), #6028, .T. ) ;
#8548 = DIRECTION ( 'NONE',  ( 0.000000000000000000, 1.000000000000000000, 0.000000000000000000 ) ) ;
#8549 = CARTESIAN_POINT ( 'NONE',  ( -1.899999999999999911, -1.100000000000000089, 0.05000000000000000278 ) ) ;
#8550 = CARTESIAN_POINT ( 'NONE',  ( -1.600000000000000089, -1.100000000000000089, 0.000000000000000000 ) ) ;
#8551 = CIRCLE ( 'NONE', #8061, 0.2000000000000001221 ) ;
#8552 = AXIS2_PLACEMENT_3D ( 'NONE', #9352, #10082, #5321 ) ;
#8553 = CARTESIAN_POINT ( 'NONE',  ( 0.8549999999999999822, 0.3346456153152879698, 0.000000000000000000 ) ) ;
#8554 = DIRECTION ( 'NONE',  ( 0.000000000000000000, 1.000000000000000000, 0.000000000000000000 ) ) ;
#8555 = CARTESIAN_POINT ( 'NONE',  ( -0.9681364314379040659, 0.5575809150807050640, 1.300000000000000044 ) ) ;
#8556 = ORIENTED_EDGE ( 'NONE', *, *, #3291, .T. ) ;
#8557 = CARTESIAN_POINT ( 'NONE',  ( -0.9749999999999999778, -1.399999999999999911, 0.05000000000000000278 ) ) ;
#8558 = VERTEX_POINT ( 'NONE', #818 ) ;
#8559 = CYLINDRICAL_SURFACE ( 'NONE', #730, 0.05000000000000007216 ) ;
#8560 = ORIENTED_EDGE ( 'NONE', *, *, #5326, .T. ) ;
#8561 = ADVANCED_FACE ( 'NONE', ( #714 ), #3860, .F. ) ;
#8562 = ORIENTED_EDGE ( 'NONE', *, *, #228, .F. ) ;
#8563 = AXIS2_PLACEMENT_3D ( 'NONE', #2459, #8751, #7037 ) ;
#8564 =( GEOMETRIC_REPRESENTATION_CONTEXT ( 3 ) GLOBAL_UNCERTAINTY_ASSIGNED_CONTEXT ( ( #6434 ) ) GLOBAL_UNIT_ASSIGNED_CONTEXT ( ( #7197, #8801, #175 ) ) REPRESENTATION_CONTEXT ( 'NONE', 'WORKASPACE' ) );
#8565 = VECTOR ( 'NONE', #3206, 1000.000000000000000 ) ;
#8566 = CARTESIAN_POINT ( 'NONE',  ( -0.6999999999999999556, 1.199999999999999956, 0.000000000000000000 ) ) ;
#8567 = ORIENTED_EDGE ( 'NONE', *, *, #6205, .F. ) ;
#8568 = DIRECTION ( 'NONE',  ( -1.000000000000000000, 0.000000000000000000, 0.000000000000000000 ) ) ;
#8569 = CYLINDRICAL_SURFACE ( 'NONE', #924, 0.2401626137813800410 ) ;
#8570 = DIRECTION ( 'NONE',  ( -1.000000000000000000, 0.000000000000000000, 0.000000000000000000 ) ) ;
#8571 = VECTOR ( 'NONE', #6975, 1000.000000000000000 ) ;
#8572 = CARTESIAN_POINT ( 'NONE',  ( -0.8549999999999999822, 0.3346456153152879698, 1.899999999999999911 ) ) ;
#8573 = ORIENTED_EDGE ( 'NONE', *, *, #5703, .T. ) ;
#8574 = ADVANCED_FACE ( 'NONE', ( #141 ), #7108, .F. ) ;
#8575 = CARTESIAN_POINT ( 'NONE',  ( 1.899999999999999911, -1.350000000000000089, 1.199999999999999956 ) ) ;
#8576 = VERTEX_POINT ( 'NONE', #6229 ) ;
#8577 = EDGE_LOOP ( 'NONE', ( #1546, #1093, #5035, #6920 ) ) ;
#8578 = EDGE_CURVE ( 'NONE', #1853, #8448, #6687, .T. ) ;
#8579 = VECTOR ( 'NONE', #8739, 1000.000000000000000 ) ;
#8580 = CARTESIAN_POINT ( 'NONE',  ( 0.7646446609406726269, 0.6999999999999999556, 0.01464466094067265294 ) ) ;
#8581 = DIRECTION ( 'NONE',  ( 1.000000000000000000, 0.000000000000000000, 0.000000000000000000 ) ) ;
#8582 = LINE ( 'NONE', #2907, #792 ) ;
#8583 = DIRECTION ( 'NONE',  ( 0.000000000000000000, -1.000000000000000000, 0.000000000000000000 ) ) ;
#8584 = DIRECTION ( 'NONE',  ( -7.792703114739560161E-16, -0.7071067811865474617, 0.7071067811865476838 ) ) ;
#8585 = EDGE_CURVE ( 'NONE', #10101, #8423, #4871, .T. ) ;
#8586 = EDGE_LOOP ( 'NONE', ( #5352, #5320, #5582, #4802 ) ) ;
#8587 = LINE ( 'NONE', #1523, #5840 ) ;
#8588 = ORIENTED_EDGE ( 'NONE', *, *, #6279, .F. ) ;
#8589 = CARTESIAN_POINT ( 'NONE',  ( -0.6999999999999999556, -1.350000000000000089, 0.000000000000000000 ) ) ;
#8590 = AXIS2_PLACEMENT_3D ( 'NONE', #6106, #7545, #5277 ) ;
#8591 = LINE ( 'NONE', #3953, #1985 ) ;
#8592 = CARTESIAN_POINT ( 'NONE',  ( 1.899999999938880135, -1.349999999973810150, 0.1499999999999999944 ) ) ;
#8593 = EDGE_CURVE ( 'NONE', #7987, #5500, #2320, .T. ) ;
#8594 = CARTESIAN_POINT ( 'NONE',  ( -0.3687982286305056534, 0.7995117579511155093, 1.300000000000000044 ) ) ;
#8595 = EDGE_CURVE ( 'NONE', #6562, #5705, #7219, .T. ) ;
#8596 = CARTESIAN_POINT ( 'NONE',  ( 0.8000000000000000444, 1.350000000000000089, 0.000000000000000000 ) ) ;
#8597 = VERTEX_POINT ( 'NONE', #3082 ) ;
#8598 = DIRECTION ( 'NONE',  ( 1.000000000000000000, 0.000000000000000000, 0.000000000000000000 ) ) ;
#8599 = EDGE_LOOP ( 'NONE', ( #1908, #2271, #9620, #8647 ) ) ;
#8600 = ORIENTED_EDGE ( 'NONE', *, *, #9415, .F. ) ;
#8601 = VECTOR ( 'NONE', #1503, 1000.000000000000000 ) ;
#8602 = FACE_OUTER_BOUND ( 'NONE', #6364, .T. ) ;
#8603 = VECTOR ( 'NONE', #890, 1000.000000000000000 ) ;
#8604 = PLANE ( 'NONE',  #7690 ) ;
#8605 = DIRECTION ( 'NONE',  ( -1.000000000000000000, 0.000000000000000000, 0.000000000000000000 ) ) ;
#8606 = EDGE_CURVE ( 'NONE', #149, #2198, #9386, .T. ) ;
#8607 = CARTESIAN_POINT ( 'NONE',  ( 0.4061485431364787457, -0.7702889923052462784, 1.885355339059327395 ) ) ;
#8608 = CARTESIAN_POINT ( 'NONE',  ( 1.800000000000000044, 0.4364045445652700028, 0.1499999999999999944 ) ) ;
#8609 = EDGE_LOOP ( 'NONE', ( #5092, #9185, #5213, #5341 ) ) ;
#8610 = CARTESIAN_POINT ( 'NONE',  ( -0.9455091451503230271, -0.5129938551276220782, 1.300000000000000044 ) ) ;
#8611 = VERTEX_POINT ( 'NONE', #3298 ) ;
#8612 = CARTESIAN_POINT ( 'NONE',  ( -1.949999999999999956, 1.036404544565270092, 0.1499999999999999944 ) ) ;
#8613 = ORIENTED_EDGE ( 'NONE', *, *, #8045, .F. ) ;
#8614 = VERTEX_POINT ( 'NONE', #7868 ) ;
#8615 = DIRECTION ( 'NONE',  ( 0.000000000000000000, -1.000000000000000000, 0.000000000000000000 ) ) ;
#8616 = CARTESIAN_POINT ( 'NONE',  ( 1.000000000008729906, -1.349999999973810150, 0.1499999999999999944 ) ) ;
#8617 = CYLINDRICAL_SURFACE ( 'NONE', #8357, 0.05000000000000001665 ) ;
#8618 = LINE ( 'NONE', #3984, #3041 ) ;
#8619 = CYLINDRICAL_SURFACE ( 'NONE', #7918, 0.05000000000000001665 ) ;
#8620 = EDGE_CURVE ( 'NONE', #7785, #7670, #3887, .T. ) ;
#8621 = CYLINDRICAL_SURFACE ( 'NONE', #6995, 0.05000000000000001665 ) ;
#8622 = DIRECTION ( 'NONE',  ( -1.000000000000000000, 0.000000000000000000, 0.000000000000000000 ) ) ;
#8623 = ORIENTED_EDGE ( 'NONE', *, *, #4313, .T. ) ;
#8624 = CARTESIAN_POINT ( 'NONE',  ( -0.3222667766999390282, -0.8050000000000000488, 1.300000000000000044 ) ) ;
#8625 = VERTEX_POINT ( 'NONE', #8607 ) ;
#8626 = DIRECTION ( 'NONE',  ( 1.000000000000000000, 0.000000000000000000, 0.000000000000000000 ) ) ;
#8627 = DIRECTION ( 'NONE',  ( 1.000000000000000000, 0.000000000000000000, 0.000000000000000000 ) ) ;
#8628 = CARTESIAN_POINT ( 'NONE',  ( 1.949999999999999956, -0.9570941997376849475, -0.4482758620689660245 ) ) ;
#8629 = ADVANCED_FACE ( 'NONE', ( #4023 ), #2238, .T. ) ;
#8630 = DIRECTION ( 'NONE',  ( 0.000000000000000000, 0.000000000000000000, -1.000000000000000000 ) ) ;
#8631 = CYLINDRICAL_SURFACE ( 'NONE', #2771, 0.05000000000000007216 ) ;
#8632 = EDGE_CURVE ( 'NONE', #2904, #5490, #7659, .T. ) ;
#8633 = DIRECTION ( 'NONE',  ( 0.000000000000000000, 0.000000000000000000, -1.000000000000000000 ) ) ;
#8634 = VERTEX_POINT ( 'NONE', #7814 ) ;
#8635 = CARTESIAN_POINT ( 'NONE',  ( 1.949999999999999956, -1.100000000000000089, 0.2000000000000000111 ) ) ;
#8636 = AXIS2_PLACEMENT_3D ( 'NONE', #1471, #2968, #1372 ) ;
#8637 = ORIENTED_EDGE ( 'NONE', *, *, #4208, .T. ) ;
#8638 = DIRECTION ( 'NONE',  ( 0.000000000000000000, 1.000000000000000000, 0.000000000000000000 ) ) ;
#8639 = EDGE_CURVE ( 'NONE', #4631, #7087, #763, .T. ) ;
#8640 = DIRECTION ( 'NONE',  ( 0.000000000000000000, -1.000000000000000000, 0.000000000000000000 ) ) ;
#8641 = CARTESIAN_POINT ( 'NONE',  ( 1.600000000000000089, 1.569225247049999883, 0.2000000000000000111 ) ) ;
#8642 = VECTOR ( 'NONE', #5783, 1000.000000000000000 ) ;
#8643 = DIRECTION ( 'NONE',  ( 0.7071067811865482389, 0.000000000000000000, 0.7071067811865466846 ) ) ;
#8644 = FACE_OUTER_BOUND ( 'NONE', #498, .T. ) ;
#8645 = ORIENTED_EDGE ( 'NONE', *, *, #5944, .F. ) ;
#8646 = ORIENTED_EDGE ( 'NONE', *, *, #8768, .T. ) ;
#8647 = ORIENTED_EDGE ( 'NONE', *, *, #7275, .F. ) ;
#8648 = DIRECTION ( 'NONE',  ( 1.982541115402069794E-16, -1.000000000000000000, 0.000000000000000000 ) ) ;
#8649 = CIRCLE ( 'NONE', #3710, 0.1999999999999999833 ) ;
#8650 = ORIENTED_EDGE ( 'NONE', *, *, #2018, .T. ) ;
#8651 = ADVANCED_FACE ( 'NONE', ( #7054 ), #10217, .T. ) ;
#8652 = VECTOR ( 'NONE', #4572, 1000.000000000000000 ) ;
#8653 = ADVANCED_FACE ( 'NONE', ( #87 ), #5498, .T. ) ;
#8654 = DIRECTION ( 'NONE',  ( 0.000000000000000000, 0.000000000000000000, 1.000000000000000000 ) ) ;
#8655 = CYLINDRICAL_SURFACE ( 'NONE', #3712, 0.05000000000000001665 ) ;
#8656 = DIRECTION ( 'NONE',  ( -1.000000000000000000, 0.000000000000000000, 0.000000000000000000 ) ) ;
#8657 = VERTEX_POINT ( 'NONE', #4626 ) ;
#8658 = DIRECTION ( 'NONE',  ( -0.8917411990616683770, -0.4525457257516171672, 0.000000000000000000 ) ) ;
#8659 = AXIS2_PLACEMENT_3D ( 'NONE', #5339, #9265, #9909 ) ;
#8660 = ORIENTED_EDGE ( 'NONE', *, *, #6893, .T. ) ;
#8661 = AXIS2_PLACEMENT_3D ( 'NONE', #1694, #8640, #4935 ) ;
#8662 = FACE_OUTER_BOUND ( 'NONE', #2014, .T. ) ;
#8663 = ORIENTED_EDGE ( 'NONE', *, *, #1333, .F. ) ;
#8664 = PRODUCT_DEFINITION ( 'UNKNOWN', '', #8746, #7845 ) ;
#8665 = ORIENTED_EDGE ( 'NONE', *, *, #722, .F. ) ;
#8666 = EDGE_CURVE ( 'NONE', #8133, #6994, #5546, .T. ) ;
#8667 = DIRECTION ( 'NONE',  ( 0.000000000000000000, -1.000000000000000000, 0.000000000000000000 ) ) ;
#8668 = DIRECTION ( 'NONE',  ( -1.000000000000000000, 0.000000000000000000, 0.000000000000000000 ) ) ;
#8669 = CARTESIAN_POINT ( 'NONE',  ( -1.095162613781379912, -0.3346456153152879698, 0.000000000000000000 ) ) ;
#8670 = CARTESIAN_POINT ( 'NONE',  ( 0.7500000000000000000, -0.5999999999999999778, 1.199999999999999956 ) ) ;
#8671 = CARTESIAN_POINT ( 'NONE',  ( 0.3750000000000000000, -1.350000000000000089, 1.250000000000000000 ) ) ;
#8672 = EDGE_LOOP ( 'NONE', ( #2629, #4472, #6814, #3564 ) ) ;
#8673 = CARTESIAN_POINT ( 'NONE',  ( -1.600000000000000089, 1.100000000000000089, 0.2000000000000000111 ) ) ;
#8674 = ORIENTED_EDGE ( 'NONE', *, *, #1531, .T. ) ;
#8675 = EDGE_CURVE ( 'NONE', #6096, #3197, #8769, .T. ) ;
#8676 =( REPRESENTATION_RELATIONSHIP ('NONE','NONE', #1923, #2194 ) REPRESENTATION_RELATIONSHIP_WITH_TRANSFORMATION ( #3231 )SHAPE_REPRESENTATION_RELATIONSHIP( ) );
#8677 = LINE ( 'NONE', #5574, #10228 ) ;
#8678 = LINE ( 'NONE', #108, #8571 ) ;
#8679 = DIRECTION ( 'NONE',  ( 0.000000000000000000, -1.000000000000000000, 0.000000000000000000 ) ) ;
#8680 = ORIENTED_EDGE ( 'NONE', *, *, #9499, .F. ) ;
#8681 = SPHERICAL_SURFACE ( 'NONE', #6164, 0.05000000000000000278 ) ;
#8682 = CIRCLE ( 'NONE', #4250, 0.1500000000000000500 ) ;
#8683 = ORIENTED_EDGE ( 'NONE', *, *, #767, .F. ) ;
#8684 = UNCERTAINTY_MEASURE_WITH_UNIT (LENGTH_MEASURE( 1.000000000000000082E-05 ), #2534, 'distance_accuracy_value', 'NONE');
#8685 = CARTESIAN_POINT ( 'NONE',  ( 0.8000000000000000444, -0.5999999999999999778, 0.05000000000000000278 ) ) ;
#8686 = CIRCLE ( 'NONE', #1279, 0.04999999999999991257 ) ;
#8687 = ADVANCED_FACE ( 'NONE', ( #5103 ), #8031, .F. ) ;
#8688 = FACE_OUTER_BOUND ( 'NONE', #1974, .T. ) ;
#8689 = CARTESIAN_POINT ( 'NONE',  ( 1.949999999999999956, -0.5000000000000000000, 0.2000000000000000111 ) ) ;
#8690 = CARTESIAN_POINT ( 'NONE',  ( -0.3999999999708960252, -1.350000000000000089, 0.1499999999999999944 ) ) ;
#8691 = DIRECTION ( 'NONE',  ( 0.8917411990616675999, 0.4525457257516187770, 0.000000000000000000 ) ) ;
#8692 = CIRCLE ( 'NONE', #7852, 0.1500000000000000500 ) ;
#8693 = CARTESIAN_POINT ( 'NONE',  ( -0.6999999999999999556, 1.199999999999999956, 0.000000000000000000 ) ) ;
#8694 = CARTESIAN_POINT ( 'NONE',  ( 0.000000000000000000, 1.349999999973810150, -1.122001267506480104 ) ) ;
#8695 = ORIENTED_EDGE ( 'NONE', *, *, #4371, .T. ) ;
#8696 = SHAPE_DEFINITION_REPRESENTATION ( #8068, #3636 ) ;
#8697 = ORIENTED_EDGE ( 'NONE', *, *, #8826, .F. ) ;
#8698 = EDGE_CURVE ( 'NONE', #4390, #779, #1808, .T. ) ;
#8699 = ORIENTED_EDGE ( 'NONE', *, *, #7306, .F. ) ;
#8700 = EDGE_CURVE ( 'NONE', #8108, #4019, #4329, .T. ) ;
#8701 = VECTOR ( 'NONE', #2195, 1000.000000000000000 ) ;
#8702 = ORIENTED_EDGE ( 'NONE', *, *, #2368, .T. ) ;
#8703 = AXIS2_PLACEMENT_3D ( 'NONE', #115, #6311, #9467 ) ;
#8704 = CARTESIAN_POINT ( 'NONE',  ( 0.8549999999999999822, 0.3346456153152879698, 1.250000000000000000 ) ) ;
#8705 = DIRECTION ( 'NONE',  ( 0.000000000000000000, -1.000000000000000000, 0.000000000000000000 ) ) ;
#8706 = CARTESIAN_POINT ( 'NONE',  ( -0.4309513410520389720, -0.8191628971831930173, 0.000000000000000000 ) ) ;
#8707 = DIRECTION ( 'NONE',  ( 0.000000000000000000, 0.000000000000000000, 1.000000000000000000 ) ) ;
#8708 = VECTOR ( 'NONE', #1370, 1000.000000000000000 ) ;
#8709 = DIRECTION ( 'NONE',  ( 0.000000000000000000, -1.000000000000000000, 0.000000000000000000 ) ) ;
#8710 = ORIENTED_EDGE ( 'NONE', *, *, #9499, .T. ) ;
#8711 = CARTESIAN_POINT ( 'NONE',  ( -0.3750000000000000000, 1.350000000000000089, 1.199999999999999956 ) ) ;
#8712 = VECTOR ( 'NONE', #3333, 1000.000000000000000 ) ;
#8713 = ORIENTED_EDGE ( 'NONE', *, *, #6125, .T. ) ;
#8714 = ADVANCED_FACE ( 'NONE', ( #8181 ), #8929, .T. ) ;
#8715 = CARTESIAN_POINT ( 'NONE',  ( 1.600000000000000089, 0.5000000000000000000, 0.000000000000000000 ) ) ;
#8716 = EDGE_LOOP ( 'NONE', ( #5442, #5816, #3086, #1044 ) ) ;
#8717 = AXIS2_PLACEMENT_3D ( 'NONE', #5031, #4118, #6586 ) ;
#8718 = VERTEX_POINT ( 'NONE', #2724 ) ;
#8719 = EDGE_CURVE ( 'NONE', #1701, #3775, #8241, .T. ) ;
#8720 = DIRECTION ( 'NONE',  ( -0.2326572596528327930, 0.9725587897555778572, 0.000000000000000000 ) ) ;
#8721 = AXIS2_PLACEMENT_3D ( 'NONE', #361, #1873, #8142 ) ;
#8722 = CIRCLE ( 'NONE', #9885, 0.04999999999999991257 ) ;
#8723 = FACE_OUTER_BOUND ( 'NONE', #505, .T. ) ;
#8724 = LINE ( 'NONE', #7782, #4386 ) ;
#8725 = DIRECTION ( 'NONE',  ( 1.982541115402069794E-16, -1.000000000000000000, 0.000000000000000000 ) ) ;
#8726 = PLANE ( 'NONE',  #6341 ) ;
#8727 = CARTESIAN_POINT ( 'NONE',  ( -0.9999999999068690526, 1.349999999973810150, 0.000000000000000000 ) ) ;
#8728 = ORIENTED_EDGE ( 'NONE', *, *, #8109, .T. ) ;
#8729 = EDGE_CURVE ( 'NONE', #9311, #7511, #575, .T. ) ;
#8730 = EDGE_LOOP ( 'NONE', ( #8419, #6325, #9246, #9232 ) ) ;
#8731 = VECTOR ( 'NONE', #8866, 1000.000000000000114 ) ;
#8732 = MECHANICAL_DESIGN_GEOMETRIC_PRESENTATION_REPRESENTATION (  '', ( #1818 ), #5766 ) ;
#8733 = LINE ( 'NONE', #731, #1363 ) ;
#8734 = VERTEX_POINT ( 'NONE', #7412 ) ;
#8735 = EDGE_LOOP ( 'NONE', ( #7759, #3460, #8198, #9865 ) ) ;
#8736 = DIRECTION ( 'NONE',  ( 1.000000000000000000, 0.000000000000000000, 0.000000000000000000 ) ) ;
#8737 = LINE ( 'NONE', #10131, #4608 ) ;
#8738 = FACE_OUTER_BOUND ( 'NONE', #6812, .T. ) ;
#8739 = DIRECTION ( 'NONE',  ( -1.000000000000000000, 0.000000000000000000, 0.000000000000000000 ) ) ;
#8740 = DIRECTION ( 'NONE',  ( 0.000000000000000000, 1.000000000000000000, 0.000000000000000000 ) ) ;
#8741 = EDGE_CURVE ( 'NONE', #1670, #6969, #5032, .T. ) ;
#8742 = LINE ( 'NONE', #7031, #5406 ) ;
#8743 = EDGE_LOOP ( 'NONE', ( #2249, #1877, #2535, #9430 ) ) ;
#8744 = CARTESIAN_POINT ( 'NONE',  ( 0.8000000000000000444, 0.6999999999999999556, 0.05000000000000000278 ) ) ;
#8745 = AXIS2_PLACEMENT_3D ( 'NONE', #4456, #9155, #9891 ) ;
#8746 = PRODUCT_DEFINITION_FORMATION_WITH_SPECIFIED_SOURCE ( 'ANY', '', #202, .NOT_KNOWN. ) ;
#8747 = ORIENTED_EDGE ( 'NONE', *, *, #7320, .T. ) ;
#8748 = DIRECTION ( 'NONE',  ( 0.000000000000000000, 0.000000000000000000, 1.000000000000000000 ) ) ;
#8749 = DIRECTION ( 'NONE',  ( 0.5773502691896258421, 0.5773502691896258421, 0.5773502691896258421 ) ) ;
#8750 = DIRECTION ( 'NONE',  ( 0.000000000000000000, 0.000000000000000000, 1.000000000000000000 ) ) ;
#8751 = DIRECTION ( 'NONE',  ( 1.000000000000000000, 0.000000000000000000, 0.000000000000000000 ) ) ;
#8752 = LINE ( 'NONE', #2517, #4756 ) ;
#8753 = LINE ( 'NONE', #7849, #3223 ) ;
#8754 = VECTOR ( 'NONE', #6914, 1000.000000000000000 ) ;
#8755 = DIRECTION ( 'NONE',  ( 1.000000000000000000, 0.000000000000000000, 0.000000000000000000 ) ) ;
#8756 = DIRECTION ( 'NONE',  ( -1.000000000000000000, 0.000000000000000000, 0.000000000000000000 ) ) ;
#8757 = EDGE_CURVE ( 'NONE', #6802, #51, #5511, .T. ) ;
#8758 = CARTESIAN_POINT ( 'NONE',  ( -0.8000000000000000444, -1.350000000000000089, 0.05000000000000000278 ) ) ;
#8759 = ORIENTED_EDGE ( 'NONE', *, *, #9996, .T. ) ;
#8760 = ORIENTED_EDGE ( 'NONE', *, *, #9623, .T. ) ;
#8761 = EDGE_LOOP ( 'NONE', ( #4336, #3907, #1773, #4344, #517, #7709, #3790, #6323, #4197 ) ) ;
#8762 = DIRECTION ( 'NONE',  ( 0.7071067811865483499, 0.000000000000000000, 0.7071067811865466846 ) ) ;
#8763 = DIRECTION ( 'NONE',  ( -1.000000000000000000, 0.000000000000000000, 0.000000000000000000 ) ) ;
#8764 = AXIS2_PLACEMENT_3D ( 'NONE', #5100, #2773, #18 ) ;
#8765 = ORIENTED_EDGE ( 'NONE', *, *, #7606, .F. ) ;
#8766 = SPHERICAL_SURFACE ( 'NONE', #7216, 0.05000000000000000278 ) ;
#8767 = CARTESIAN_POINT ( 'NONE',  ( 1.899999999999999911, 1.350000000000000089, 0.05000000000000000278 ) ) ;
#8768 = EDGE_CURVE ( 'NONE', #6275, #688, #5709, .T. ) ;
#8769 = LINE ( 'NONE', #9801, #3214 ) ;
#8770 = AXIS2_PLACEMENT_3D ( 'NONE', #10189, #3271, #6977 ) ;
#8771 = DIRECTION ( 'NONE',  ( 1.000000000000000000, 0.000000000000000000, 0.000000000000000000 ) ) ;
#8772 = ADVANCED_FACE ( 'NONE', ( #4953 ), #7818, .T. ) ;
#8773 = ORIENTED_EDGE ( 'NONE', *, *, #8220, .T. ) ;
#8774 = CARTESIAN_POINT ( 'NONE',  ( -0.6999999999999999556, 1.350000000000000089, 0.000000000000000000 ) ) ;
#8775 = ORIENTED_EDGE ( 'NONE', *, *, #4106, .T. ) ;
#8776 = ORIENTED_EDGE ( 'NONE', *, *, #5359, .T. ) ;
#8777 = PLANE ( 'NONE',  #3947 ) ;
#8778 = VECTOR ( 'NONE', #8568, 1000.000000000000000 ) ;
#8779 = FACE_OUTER_BOUND ( 'NONE', #10003, .T. ) ;
#8780 = EDGE_CURVE ( 'NONE', #74, #1235, #8152, .T. ) ;
#8781 = CARTESIAN_POINT ( 'NONE',  ( -0.3627575754402329600, 0.7526617456234679926, 1.850000000000000089 ) ) ;
#8782 = LINE ( 'NONE', #8303, #5673 ) ;
#8783 = DIRECTION ( 'NONE',  ( -0.8522164413315482800, 0.5231893893459534928, 0.000000000000000000 ) ) ;
#8784 = DIRECTION ( 'NONE',  ( 0.000000000000000000, -1.000000000000000000, 0.000000000000000000 ) ) ;
#8785 = LINE ( 'NONE', #1726, #8895 ) ;
#8786 = ORIENTED_EDGE ( 'NONE', *, *, #3654, .F. ) ;
#8787 = ORIENTED_EDGE ( 'NONE', *, *, #6872, .F. ) ;
#8788 = AXIS2_PLACEMENT_3D ( 'NONE', #2365, #28, #9486 ) ;
#8789 = CARTESIAN_POINT ( 'NONE',  ( 1.949999999999999956, -0.4364045445652709465, -0.7500000000000000000 ) ) ;
#8790 = VERTEX_POINT ( 'NONE', #5045 ) ;
#8791 = ORIENTED_EDGE ( 'NONE', *, *, #2910, .T. ) ;
#8792 = FACE_OUTER_BOUND ( 'NONE', #3273, .T. ) ;
#8793 = EDGE_CURVE ( 'NONE', #2622, #6515, #6498, .T. ) ;
#8794 = CARTESIAN_POINT ( 'NONE',  ( 0.8000000000000000444, 0.6999999999999999556, 1.250000000000000000 ) ) ;
#8795 = DIRECTION ( 'NONE',  ( 0.000000000000000000, 0.000000000000000000, 1.000000000000000000 ) ) ;
#8796 = VERTEX_POINT ( 'NONE', #4997 ) ;
#8797 = DIRECTION ( 'NONE',  ( -0.2326572596528327652, 0.9725587897555778572, 0.000000000000000000 ) ) ;
#8798 = UNCERTAINTY_MEASURE_WITH_UNIT (LENGTH_MEASURE( 1.000000000000000082E-05 ), #5425, 'distance_accuracy_value', 'NONE');
#8799 = SURFACE_STYLE_FILL_AREA ( #4659 ) ;
#8800 = LINE ( 'NONE', #1745, #6904 ) ;
#8801 =( NAMED_UNIT ( * ) PLANE_ANGLE_UNIT ( ) SI_UNIT ( $, .RADIAN. ) );
#8802 = EDGE_CURVE ( 'NONE', #8285, #3646, #8485, .T. ) ;
#8803 = DIRECTION ( 'NONE',  ( 0.000000000000000000, 0.000000000000000000, 1.000000000000000000 ) ) ;
#8804 = CARTESIAN_POINT ( 'NONE',  ( 1.899999999999999911, -1.036404544565270092, -0.05000000000000000278 ) ) ;
#8805 = LINE ( 'NONE', #4987, #641 ) ;
#8806 = DIRECTION ( 'NONE',  ( 1.000000000000000000, 7.116814260417669499E-17, 0.000000000000000000 ) ) ;
#8807 = ORIENTED_EDGE ( 'NONE', *, *, #4430, .T. ) ;
#8808 = VERTEX_POINT ( 'NONE', #2679 ) ;
#8809 = AXIS2_PLACEMENT_3D ( 'NONE', #6549, #6503, #980 ) ;
#8810 = DIRECTION ( 'NONE',  ( 0.000000000000000000, 1.000000000000000000, 0.000000000000000000 ) ) ;
#8811 = DIRECTION ( 'NONE',  ( -9.912705577010350201E-17, 1.000000000000000000, 9.912705577010350201E-17 ) ) ;
#8812 = ORIENTED_EDGE ( 'NONE', *, *, #7677, .T. ) ;
#8813 = ADVANCED_FACE ( 'NONE', ( #8131 ), #7359, .T. ) ;
#8814 = VECTOR ( 'NONE', #3825, 1000.000000000000000 ) ;
#8815 = AXIS2_PLACEMENT_3D ( 'NONE', #6263, #9518, #794 ) ;
#8816 = FACE_OUTER_BOUND ( 'NONE', #8355, .T. ) ;
#8817 = DIRECTION ( 'NONE',  ( -0.7071067811865474617, 0.7071067811865474617, 0.000000000000000000 ) ) ;
#8818 = CARTESIAN_POINT ( 'NONE',  ( -2.100000000000000089, -0.8364045445652710242, -0.7500000000000000000 ) ) ;
#8819 = SURFACE_STYLE_USAGE ( .BOTH. , #7869 ) ;
#8820 = ORIENTED_EDGE ( 'NONE', *, *, #3378, .F. ) ;
#8821 = EDGE_LOOP ( 'NONE', ( #2301, #876, #7165, #8412 ) ) ;
#8822 = VECTOR ( 'NONE', #4482, 1000.000000000000000 ) ;
#8823 = CIRCLE ( 'NONE', #1247, 0.05000000000000002359 ) ;
#8824 = ORIENTED_EDGE ( 'NONE', *, *, #2619, .F. ) ;
#8825 = ORIENTED_EDGE ( 'NONE', *, *, #5817, .F. ) ;
#8826 = EDGE_CURVE ( 'NONE', #7568, #5924, #4184, .T. ) ;
#8827 = LINE ( 'NONE', #7989, #10096 ) ;
#8828 = VECTOR ( 'NONE', #2067, 1000.000000000000000 ) ;
#8829 = AXIS2_PLACEMENT_3D ( 'NONE', #6636, #1061, #384 ) ;
#8830 = LINE ( 'NONE', #4034, #4366 ) ;
#8831 = CARTESIAN_POINT ( 'NONE',  ( 1.949999999999999956, 0.3682022722709940021, -0.05000000000000000278 ) ) ;
#8832 = DIRECTION ( 'NONE',  ( -0.7071067811865461294, -2.879912020664619181E-15, -0.7071067811865489050 ) ) ;
#8833 = DIRECTION ( 'NONE',  ( -2.055968564160549760E-16, 1.000000000000000000, 0.000000000000000000 ) ) ;
#8834 = ORIENTED_EDGE ( 'NONE', *, *, #6113, .T. ) ;
#8835 = ORIENTED_EDGE ( 'NONE', *, *, #1766, .T. ) ;
#8836 = CARTESIAN_POINT ( 'NONE',  ( -1.899999999999999911, 1.350000000000000089, 1.199999999999999956 ) ) ;
#8837 = EDGE_CURVE ( 'NONE', #4019, #6275, #2529, .T. ) ;
#8838 = ORIENTED_EDGE ( 'NONE', *, *, #6319, .T. ) ;
#8839 = ORIENTED_EDGE ( 'NONE', *, *, #3006, .F. ) ;
#8840 = CIRCLE ( 'NONE', #4038, 0.05000000000000002359 ) ;
#8841 = CYLINDRICAL_SURFACE ( 'NONE', #7525, 0.05000000000000007216 ) ;
#8842 = PLANE ( 'NONE',  #6890 ) ;
#8843 = CARTESIAN_POINT ( 'NONE',  ( -1.935355339059327440, 1.036404544565270092, -0.01464466094067265987 ) ) ;
#8844 = LINE ( 'NONE', #4921, #527 ) ;
#8845 = VERTEX_POINT ( 'NONE', #596 ) ;
#8846 = ORIENTED_EDGE ( 'NONE', *, *, #1753, .F. ) ;
#8847 = DIRECTION ( 'NONE',  ( 0.000000000000000000, 0.000000000000000000, -1.000000000000000000 ) ) ;
#8848 = ADVANCED_FACE ( 'NONE', ( #7616 ), #3746, .T. ) ;
#8849 = EDGE_CURVE ( 'NONE', #8343, #3566, #4514, .T. ) ;
#8850 = EDGE_CURVE ( 'NONE', #7418, #2904, #9122, .T. ) ;
#8851 = CIRCLE ( 'NONE', #6544, 0.05000000000000001665 ) ;
#8852 = DIRECTION ( 'NONE',  ( 1.000000000000000000, 0.000000000000000000, 0.000000000000000000 ) ) ;
#8853 = DIRECTION ( 'NONE',  ( 0.000000000000000000, 0.000000000000000000, -1.000000000000000000 ) ) ;
#8854 = DIRECTION ( 'NONE',  ( 0.000000000000000000, -1.000000000000000000, 0.000000000000000000 ) ) ;
#8855 = CARTESIAN_POINT ( 'NONE',  ( 1.600000000000000089, 1.100000000000000089, 0.000000000000000000 ) ) ;
#8856 = CARTESIAN_POINT ( 'NONE',  ( 0.6999999999999999556, 1.199999999999999956, 0.000000000000000000 ) ) ;
#8857 = CARTESIAN_POINT ( 'NONE',  ( -1.935355339059327218, 1.350000000000000089, 1.235355339059327484 ) ) ;
#8858 = CARTESIAN_POINT ( 'NONE',  ( -0.3787574830140307824, 0.7841895580694643320, 1.885355339059327395 ) ) ;
#8859 = EDGE_LOOP ( 'NONE', ( #7665, #5260, #10193, #8846 ) ) ;
#8860 = VECTOR ( 'NONE', #3605, 1000.000000000000000 ) ;
#8861 = EDGE_LOOP ( 'NONE', ( #9605, #435, #625, #8502 ) ) ;
#8862 = ADVANCED_FACE ( 'NONE', ( #1280 ), #3221, .T. ) ;
#8863 = CIRCLE ( 'NONE', #10021, 0.2000000000000001221 ) ;
#8864 = CARTESIAN_POINT ( 'NONE',  ( 1.899999999999999911, -0.6999999999999999556, 1.199999999999999956 ) ) ;
#8865 = ORIENTED_EDGE ( 'NONE', *, *, #1735, .F. ) ;
#8866 = DIRECTION ( 'NONE',  ( 0.8917411990616683770, -0.4525457257516171672, 0.000000000000000000 ) ) ;
#8867 = MECHANICAL_DESIGN_GEOMETRIC_PRESENTATION_REPRESENTATION (  '', ( #5068 ), #4561 ) ;
#8868 = AXIS2_PLACEMENT_3D ( 'NONE', #3689, #6050, #8283 ) ;
#8869 = FACE_OUTER_BOUND ( 'NONE', #4537, .T. ) ;
#8870 = DIRECTION ( 'NONE',  ( 0.000000000000000000, 0.000000000000000000, 1.000000000000000000 ) ) ;
#8871 = DIRECTION ( 'NONE',  ( 0.000000000000000000, -1.000000000000000000, 0.000000000000000000 ) ) ;
#8872 = ORIENTED_EDGE ( 'NONE', *, *, #3423, .F. ) ;
#8873 = DIRECTION ( 'NONE',  ( -0.8917411990616675999, -0.4525457257516187770, 0.000000000000000000 ) ) ;
#8874 = ORIENTED_EDGE ( 'NONE', *, *, #4175, .T. ) ;
#8875 = FACE_BOUND ( 'NONE', #398, .T. ) ;
#8876 = ORIENTED_EDGE ( 'NONE', *, *, #8159, .T. ) ;
#8877 = EDGE_CURVE ( 'NONE', #3433, #1582, #2831, .T. ) ;
#8878 = AXIS2_PLACEMENT_3D ( 'NONE', #2446, #9675, #2599 ) ;
#8879 = TOROIDAL_SURFACE ( 'NONE', #3752, 0.2500000000000000000, 0.05000000000000000278 ) ;
#8880 = ORIENTED_EDGE ( 'NONE', *, *, #8906, .T. ) ;
#8881 = DIRECTION ( 'NONE',  ( 1.000000000000000000, 0.000000000000000000, 0.000000000000000000 ) ) ;
#8882 = PLANE ( 'NONE',  #2347 ) ;
#8883 = CARTESIAN_POINT ( 'NONE',  ( 2.100000000000000089, -1.036404544565270092, -0.7500000000000000000 ) ) ;
#8884 = CIRCLE ( 'NONE', #4755, 0.04999999999999991257 ) ;
#8885 = AXIS2_PLACEMENT_3D ( 'NONE', #3894, #7955, #1565 ) ;
#8886 = CYLINDRICAL_SURFACE ( 'NONE', #8721, 0.1999999999999998446 ) ;
#8887 = DIRECTION ( 'NONE',  ( 0.000000000000000000, 0.000000000000000000, -1.000000000000000000 ) ) ;
#8888 = PLANE ( 'NONE',  #5750 ) ;
#8889 = EDGE_LOOP ( 'NONE', ( #8710, #8773, #913, #5678 ) ) ;
#8890 = ORIENTED_EDGE ( 'NONE', *, *, #5294, .F. ) ;
#8891 = EDGE_CURVE ( 'NONE', #4221, #4435, #6016, .T. ) ;
#8892 = DIRECTION ( 'NONE',  ( -0.5773502691896258421, 0.5773502691896258421, 0.5773502691896258421 ) ) ;
#8893 = VERTEX_POINT ( 'NONE', #10002 ) ;
#8894 = CIRCLE ( 'NONE', #2944, 0.04999999999999991257 ) ;
#8895 = VECTOR ( 'NONE', #157, 1000.000000000000000 ) ;
#8896 = CIRCLE ( 'NONE', #7888, 0.05000000000000000278 ) ;
#8897 = ORIENTED_EDGE ( 'NONE', *, *, #3823, .F. ) ;
#8898 = DIRECTION ( 'NONE',  ( 0.8522164413315482800, -0.5231893893459534928, 0.000000000000000000 ) ) ;
#8899 = CARTESIAN_POINT ( 'NONE',  ( 1.899999999999999911, -0.6999999999999999556, 0.05000000000000000278 ) ) ;
#8900 = ADVANCED_FACE ( 'NONE', ( #8341 ), #445, .F. ) ;
#8901 = DIRECTION ( 'NONE',  ( 1.000000000000000000, 0.000000000000000000, 0.000000000000000000 ) ) ;
#8902 = FACE_OUTER_BOUND ( 'NONE', #10090, .T. ) ;
#8903 = DIRECTION ( 'NONE',  ( -1.000000000000000000, 0.000000000000000000, 0.000000000000000000 ) ) ;
#8904 = ORIENTED_EDGE ( 'NONE', *, *, #2417, .F. ) ;
#8905 = VECTOR ( 'NONE', #6180, 1000.000000000000000 ) ;
#8906 = EDGE_CURVE ( 'NONE', #7325, #159, #2159, .T. ) ;
#8907 = ORIENTED_EDGE ( 'NONE', *, *, #8347, .F. ) ;
#8908 = CARTESIAN_POINT ( 'NONE',  ( -0.6999999999999999556, 1.150000000072579853, 0.000000000000000000 ) ) ;
#8909 = ORIENTED_EDGE ( 'NONE', *, *, #9568, .F. ) ;
#8910 = VECTOR ( 'NONE', #4483, 1000.000000000000000 ) ;
#8911 = AXIS2_PLACEMENT_3D ( 'NONE', #8409, #4123, #6493 ) ;
#8912 = AXIS2_PLACEMENT_3D ( 'NONE', #9510, #2444, #3941 ) ;
#8913 = CARTESIAN_POINT ( 'NONE',  ( 0.6999999999999999556, 1.149999999973809972, -0.05000000000000000278 ) ) ;
#8914 = DIRECTION ( 'NONE',  ( 0.000000000000000000, 1.000000000000000000, 0.000000000000000000 ) ) ;
#8915 = EDGE_CURVE ( 'NONE', #213, #48, #2875, .T. ) ;
#8916 = DIRECTION ( 'NONE',  ( -1.000000000000000000, 0.000000000000000000, 0.000000000000000000 ) ) ;
#8917 = DIRECTION ( 'NONE',  ( 0.000000000000000000, 0.000000000000000000, -1.000000000000000000 ) ) ;
#8918 = CYLINDRICAL_SURFACE ( 'NONE', #2130, 0.05000000000000007216 ) ;
#8919 = DIRECTION ( 'NONE',  ( 1.000000000000000000, 0.000000000000000000, 0.000000000000000000 ) ) ;
#8920 = VECTOR ( 'NONE', #8322, 1000.000000000000000 ) ;
#8921 = ORIENTED_EDGE ( 'NONE', *, *, #7428, .T. ) ;
#8922 = ORIENTED_EDGE ( 'NONE', *, *, #3230, .F. ) ;
#8923 = DIRECTION ( 'NONE',  ( 3.092198806847238144E-11, 1.000000000000000000, 0.000000000000000000 ) ) ;
#8924 = ORIENTED_EDGE ( 'NONE', *, *, #8639, .F. ) ;
#8925 = EDGE_CURVE ( 'NONE', #1643, #424, #7663, .T. ) ;
#8926 = ADVANCED_FACE ( 'NONE', ( #5243 ), #5291, .T. ) ;
#8927 = DIRECTION ( 'NONE',  ( 1.982541115402069794E-16, -1.000000000000000000, 0.000000000000000000 ) ) ;
#8928 = FACE_OUTER_BOUND ( 'NONE', #510, .T. ) ;
#8929 = CYLINDRICAL_SURFACE ( 'NONE', #6843, 0.05000000000000001665 ) ;
#8930 = ORIENTED_EDGE ( 'NONE', *, *, #4220, .T. ) ;
#8931 = EDGE_LOOP ( 'NONE', ( #1483, #7674, #9319, #3827 ) ) ;
#8932 = VECTOR ( 'NONE', #99, 1000.000000000000000 ) ;
#8933 = VERTEX_POINT ( 'NONE', #3596 ) ;
#8934 = ORIENTED_EDGE ( 'NONE', *, *, #5371, .F. ) ;
#8935 = CYLINDRICAL_SURFACE ( 'NONE', #8278, 0.05000000000000001665 ) ;
#8936 = EDGE_CURVE ( 'NONE', #644, #7778, #2253, .T. ) ;
#8937 = VECTOR ( 'NONE', #10040, 1000.000000000000000 ) ;
#8938 = LINE ( 'NONE', #1872, #7974 ) ;
#8939 = CARTESIAN_POINT ( 'NONE',  ( 1.949999999999999956, -0.8000000000000000444, 0.000000000000000000 ) ) ;
#8940 = DIRECTION ( 'NONE',  ( 0.000000000000000000, 0.000000000000000000, 1.000000000000000000 ) ) ;
#8941 = DIRECTION ( 'NONE',  ( 0.8917411990616680439, 0.4525457257516179999, 7.372574772901430151E-16 ) ) ;
#8942 = ORIENTED_EDGE ( 'NONE', *, *, #5249, .F. ) ;
#8943 = ORIENTED_EDGE ( 'NONE', *, *, #8729, .F. ) ;
#8944 = DIRECTION ( 'NONE',  ( 0.000000000000000000, 1.000000000000000000, 0.000000000000000000 ) ) ;
#8945 = AXIS2_PLACEMENT_3D ( 'NONE', #4588, #6966, #2128 ) ;
#8946 = VERTEX_POINT ( 'NONE', #10055 ) ;
#8947 = ORIENTED_EDGE ( 'NONE', *, *, #7866, .T. ) ;
#8948 = EDGE_CURVE ( 'NONE', #130, #2146, #3573, .T. ) ;
#8949 = CARTESIAN_POINT ( 'NONE',  ( -0.8000000000000000444, -1.250000000000000000, 0.000000000000000000 ) ) ;
#8950 = LINE ( 'NONE', #5687, #8083 ) ;
#8951 = AXIS2_PLACEMENT_3D ( 'NONE', #6127, #9272, #9175 ) ;
#8952 = ORIENTED_EDGE ( 'NONE', *, *, #7470, .T. ) ;
#8953 = ORIENTED_EDGE ( 'NONE', *, *, #4597, .F. ) ;
#8954 = CARTESIAN_POINT ( 'NONE',  ( 0.6999999999999999556, -1.250000000000000000, 0.05000000000000000278 ) ) ;
#8955 = CARTESIAN_POINT ( 'NONE',  ( 2.100000000000000089, -0.4364045445652709465, 0.000000000000000000 ) ) ;
#8956 = EDGE_CURVE ( 'NONE', #2855, #5245, #10009, .T. ) ;
#8957 = FACE_OUTER_BOUND ( 'NONE', #5293, .T. ) ;
#8958 = EDGE_CURVE ( 'NONE', #4811, #5573, #6120, .T. ) ;
#8959 = CYLINDRICAL_SURFACE ( 'NONE', #6400, 0.05000000000000007216 ) ;
#8960 = PLANE ( 'NONE',  #83 ) ;
#8961 = DIRECTION ( 'NONE',  ( 1.000000000000000000, 0.000000000000000000, 0.000000000000000000 ) ) ;
#8962 = DIRECTION ( 'NONE',  ( 0.000000000000000000, 1.000000000000000000, 0.000000000000000000 ) ) ;
#8963 = LINE ( 'NONE', #4938, #2127 ) ;
#8964 = ORIENTED_EDGE ( 'NONE', *, *, #756, .F. ) ;
#8965 = ORIENTED_EDGE ( 'NONE', *, *, #9279, .T. ) ;
#8966 = EDGE_CURVE ( 'NONE', #826, #2424, #9857, .T. ) ;
#8967 = LINE ( 'NONE', #8080, #5717 ) ;
#8968 = ORIENTED_EDGE ( 'NONE', *, *, #3327, .F. ) ;
#8969 = CARTESIAN_POINT ( 'NONE',  ( -1.899999999999999911, 1.350000000000000089, 0.000000000000000000 ) ) ;
#8970 = FACE_OUTER_BOUND ( 'NONE', #8442, .T. ) ;
#8971 = AXIS2_PLACEMENT_3D ( 'NONE', #7982, #4285, #293 ) ;
#8972 = CARTESIAN_POINT ( 'NONE',  ( -1.949999999999999956, -0.4364045445652709465, 0.000000000000000000 ) ) ;
#8973 = DIRECTION ( 'NONE',  ( -1.000000000000000000, 5.551115123125780336E-15, 0.000000000000000000 ) ) ;
#8974 = ORIENTED_EDGE ( 'NONE', *, *, #7455, .F. ) ;
#8975 = ORIENTED_EDGE ( 'NONE', *, *, #3512, .F. ) ;
#8976 = FACE_OUTER_BOUND ( 'NONE', #255, .T. ) ;
#8977 = VERTEX_POINT ( 'NONE', #2777 ) ;
#8978 = ADVANCED_FACE ( 'NONE', ( #9075 ), #2011, .T. ) ;
#8979 = EDGE_CURVE ( 'NONE', #1179, #688, #753, .T. ) ;
#8980 = ORIENTED_EDGE ( 'NONE', *, *, #1152, .F. ) ;
#8981 = CIRCLE ( 'NONE', #1558, 0.1500000000000000500 ) ;
#8982 = CARTESIAN_POINT ( 'NONE',  ( -1.949999999999999956, -0.4364045445652709465, 0.1499999999999999944 ) ) ;
#8983 = DIRECTION ( 'NONE',  ( 0.000000000000000000, 1.000000000000000000, 0.000000000000000000 ) ) ;
#8984 = CARTESIAN_POINT ( 'NONE',  ( -0.9636845643521000371, 0.5488085124984810603, 0.000000000000000000 ) ) ;
#8985 = FACE_OUTER_BOUND ( 'NONE', #6694, .T. ) ;
#8986 = PRODUCT_RELATED_PRODUCT_CATEGORY ( 'part', '', ( #4787 ) ) ;
#8987 = CARTESIAN_POINT ( 'NONE',  ( 1.935355339059327440, -0.6999999999999999556, 1.235355339059327262 ) ) ;
#8988 = EDGE_LOOP ( 'NONE', ( #9317, #3326, #9832, #4245 ) ) ;
#8989 = VERTEX_POINT ( 'NONE', #5387 ) ;
#8990 = EDGE_CURVE ( 'NONE', #8077, #6142, #1698, .T. ) ;
#8991 = VECTOR ( 'NONE', #4375, 1000.000000000000000 ) ;
#8992 = CYLINDRICAL_SURFACE ( 'NONE', #6224, 0.05000000000000007216 ) ;
#8993 = DIRECTION ( 'NONE',  ( 0.000000000000000000, 0.000000000000000000, -1.000000000000000000 ) ) ;
#8994 = DIRECTION ( 'NONE',  ( 0.000000000000000000, 0.000000000000000000, 1.000000000000000000 ) ) ;
#8995 = ORIENTED_EDGE ( 'NONE', *, *, #6177, .F. ) ;
#8996 = DIRECTION ( 'NONE',  ( 0.7071067811865482389, 0.000000000000000000, 0.7071067811865466846 ) ) ;
#8997 = CIRCLE ( 'NONE', #4535, 0.2000000000203731032 ) ;
#8998 = ORIENTED_EDGE ( 'NONE', *, *, #10094, .T. ) ;
#8999 = EDGE_CURVE ( 'NONE', #4287, #8077, #8851, .T. ) ;
#9000 = EDGE_LOOP ( 'NONE', ( #7352, #5797, #8477, #8113 ) ) ;
#9001 = PLANE ( 'NONE',  #7074 ) ;
#9002 = CARTESIAN_POINT ( 'NONE',  ( -0.6999999999999999556, 1.250000000000000000, 0.000000000000000000 ) ) ;
#9003 = FACE_OUTER_BOUND ( 'NONE', #8421, .T. ) ;
#9004 = PLANE ( 'NONE',  #9828 ) ;
#9005 = LINE ( 'NONE', #1172, #2674 ) ;
#9006 = FACE_OUTER_BOUND ( 'NONE', #2413, .T. ) ;
#9007 = ORIENTED_EDGE ( 'NONE', *, *, #10075, .F. ) ;
#9008 = ORIENTED_EDGE ( 'NONE', *, *, #6239, .F. ) ;
#9009 = ADVANCED_FACE ( 'NONE', ( #7967 ), #7043, .T. ) ;
#9010 = LINE ( 'NONE', #9749, #2436 ) ;
#9011 = EDGE_LOOP ( 'NONE', ( #9307, #6420, #9588, #7441 ) ) ;
#9012 = APPLICATION_CONTEXT ( 'automotive_design' ) ;
#9013 = CARTESIAN_POINT ( 'NONE',  ( -2.056066017177982097, -0.4364045445652709465, 0.1060660171779820027 ) ) ;
#9014 = EDGE_CURVE ( 'NONE', #3872, #6477, #3125, .T. ) ;
#9015 = DIRECTION ( 'NONE',  ( 0.000000000000000000, 0.000000000000000000, 1.000000000000000000 ) ) ;
#9016 = CIRCLE ( 'NONE', #280, 0.05000000000000002359 ) ;
#9017 = CARTESIAN_POINT ( 'NONE',  ( 0.3920122404415971595, -0.8103080530836386242, 1.264644660940672516 ) ) ;
#9018 = DIRECTION ( 'NONE',  ( 0.000000000000000000, 0.000000000000000000, -1.000000000000000000 ) ) ;
#9019 = ORIENTED_EDGE ( 'NONE', *, *, #7823, .T. ) ;
#9020 = ORIENTED_EDGE ( 'NONE', *, *, #5863, .F. ) ;
#9021 = CARTESIAN_POINT ( 'NONE',  ( 0.6999999999999999556, -1.185355339059327440, 1.235355339059327262 ) ) ;
#9022 = VERTEX_POINT ( 'NONE', #3023 ) ;
#9023 = EDGE_CURVE ( 'NONE', #6848, #7620, #1775, .T. ) ;
#9024 = ORIENTED_EDGE ( 'NONE', *, *, #943, .T. ) ;
#9025 = VECTOR ( 'NONE', #8748, 1000.000000000000000 ) ;
#9026 = AXIS2_PLACEMENT_3D ( 'NONE', #84, #919, #7865 ) ;
#9027 = PLANE ( 'NONE',  #8106 ) ;
#9028 = FACE_OUTER_BOUND ( 'NONE', #7315, .T. ) ;
#9029 = CARTESIAN_POINT ( 'NONE',  ( -1.040355339059327422, 0.2287144171094039891, 1.885355339059327395 ) ) ;
#9030 = ORIENTED_EDGE ( 'NONE', *, *, #8877, .F. ) ;
#9031 = EDGE_CURVE ( 'NONE', #2178, #4564, #3228, .T. ) ;
#9032 = CARTESIAN_POINT ( 'NONE',  ( -0.8000000000087310603, -1.350000000046569948, 0.1499999999999999944 ) ) ;
#9033 = LINE ( 'NONE', #8256, #4866 ) ;
#9034 = CARTESIAN_POINT ( 'NONE',  ( -1.900000000011639933, 1.349999999973810150, 0.1499999999999999944 ) ) ;
#9035 = ORIENTED_EDGE ( 'NONE', *, *, #1459, .F. ) ;
#9036 = VECTOR ( 'NONE', #9190, 1000.000000000000000 ) ;
#9037 = ORIENTED_EDGE ( 'NONE', *, *, #4852, .F. ) ;
#9038 = EDGE_CURVE ( 'NONE', #7983, #4550, #3849, .T. ) ;
#9039 = ORIENTED_EDGE ( 'NONE', *, *, #915, .F. ) ;
#9040 = ORIENTED_EDGE ( 'NONE', *, *, #9798, .T. ) ;
#9041 = CIRCLE ( 'NONE', #133, 0.04999999999999991257 ) ;
#9042 = CARTESIAN_POINT ( 'NONE',  ( -0.8549999999999999822, -0.3346456153152879698, 1.300000000000000044 ) ) ;
#9043 = AXIS2_PLACEMENT_3D ( 'NONE', #2665, #3377, #1846 ) ;
#9044 = CYLINDRICAL_SURFACE ( 'NONE', #5126, 0.05000000000000001665 ) ;
#9045 = ADVANCED_FACE ( 'NONE', ( #7758 ), #705, .T. ) ;
#9046 = DIRECTION ( 'NONE',  ( 2.055968564105149785E-16, -1.000000000000000000, 0.000000000000000000 ) ) ;
#9047 = EDGE_CURVE ( 'NONE', #10112, #9553, #1929, .T. ) ;
#9048 = ORIENTED_EDGE ( 'NONE', *, *, #711, .T. ) ;
#9049 = AXIS2_PLACEMENT_3D ( 'NONE', #46, #4857, #7323 ) ;
#9050 = ORIENTED_EDGE ( 'NONE', *, *, #6062, .F. ) ;
#9051 = DIRECTION ( 'NONE',  ( -0.8917411990616684880, -0.4525457257516172227, 0.000000000000000000 ) ) ;
#9052 = AXIS2_PLACEMENT_3D ( 'NONE', #6655, #6609, #2685 ) ;
#9053 = ORIENTED_EDGE ( 'NONE', *, *, #136, .F. ) ;
#9054 = DIRECTION ( 'NONE',  ( 0.000000000000000000, 0.000000000000000000, -1.000000000000000000 ) ) ;
#9055 = AXIS2_PLACEMENT_3D ( 'NONE', #9306, #8528, #6739 ) ;
#9056 = DIRECTION ( 'NONE',  ( -0.7071067811865505703, -5.421010862427521184E-16, 0.7071067811865445751 ) ) ;
#9057 = VECTOR ( 'NONE', #5369, 1000.000000000000000 ) ;
#9058 = DIRECTION ( 'NONE',  ( 0.000000000000000000, 0.000000000000000000, 1.000000000000000000 ) ) ;
#9059 = EDGE_CURVE ( 'NONE', #7670, #4058, #3240, .T. ) ;
#9060 = DIRECTION ( 'NONE',  ( 0.000000000000000000, -1.000000000000000000, 0.000000000000000000 ) ) ;
#9061 = CARTESIAN_POINT ( 'NONE',  ( 0.3750000000000000000, 1.149999999999999911, 0.000000000000000000 ) ) ;
#9062 = CARTESIAN_POINT ( 'NONE',  ( -2.299999999999999822, 0.5000000000000000000, 0.000000000000000000 ) ) ;
#9063 = VERTEX_POINT ( 'NONE', #6165 ) ;
#9064 = CARTESIAN_POINT ( 'NONE',  ( 0.9228818588627429875, 0.4684067951745389813, 1.850000000000000089 ) ) ;
#9065 = ORIENTED_EDGE ( 'NONE', *, *, #10212, .F. ) ;
#9066 = CIRCLE ( 'NONE', #161, 0.2401626137813800410 ) ;
#9067 = DIRECTION ( 'NONE',  ( 0.8917411990616690431, -0.4525457257516160015, 0.000000000000000000 ) ) ;
#9068 = VERTEX_POINT ( 'NONE', #6219 ) ;
#9069 = DIRECTION ( 'NONE',  ( 0.000000000000000000, 0.000000000000000000, 1.000000000000000000 ) ) ;
#9070 = CARTESIAN_POINT ( 'NONE',  ( 1.999999999969439779, -1.036404544565270092, -0.2500000000000000000 ) ) ;
#9071 = ADVANCED_FACE ( 'NONE', ( #8644 ), #1579, .F. ) ;
#9072 = AXIS2_PLACEMENT_3D ( 'NONE', #7187, #2391, #4819 ) ;
#9073 = DIRECTION ( 'NONE',  ( -0.7071067811865483499, 0.000000000000000000, 0.7071067811865466846 ) ) ;
#9074 = LINE ( 'NONE', #2010, #8991 ) ;
#9075 = FACE_OUTER_BOUND ( 'NONE', #5596, .T. ) ;
#9076 = EDGE_LOOP ( 'NONE', ( #1158, #2876, #1048, #4452 ) ) ;
#9077 = ORIENTED_EDGE ( 'NONE', *, *, #2605, .F. ) ;
#9078 = EDGE_LOOP ( 'NONE', ( #8490, #2675, #4695, #5884 ) ) ;
#9079 = FACE_OUTER_BOUND ( 'NONE', #7996, .T. ) ;
#9080 = ORIENTED_EDGE ( 'NONE', *, *, #2033, .T. ) ;
#9081 = CARTESIAN_POINT ( 'NONE',  ( 0.000000000000000000, -2.328304216092650270E-11, 0.000000000000000000 ) ) ;
#9082 = DIRECTION ( 'NONE',  ( 0.000000000000000000, -1.000000000000000000, 0.000000000000000000 ) ) ;
#9083 = EDGE_CURVE ( 'NONE', #3358, #7418, #3959, .T. ) ;
#9084 = VERTEX_POINT ( 'NONE', #7150 ) ;
#9085 = DIRECTION ( 'NONE',  ( 1.000000000000000000, 0.000000000000000000, 0.000000000000000000 ) ) ;
#9086 = CARTESIAN_POINT ( 'NONE',  ( 0.7500000000000000000, 1.399999999999999911, 0.000000000000000000 ) ) ;
#9087 = CARTESIAN_POINT ( 'NONE',  ( 0.3750000000000000000, 1.149999999999999911, 1.250000000000000000 ) ) ;
#9088 = VECTOR ( 'NONE', #1551, 1000.000000000000000 ) ;
#9089 = ORIENTED_EDGE ( 'NONE', *, *, #2585, .T. ) ;
#9090 = FACE_OUTER_BOUND ( 'NONE', #5160, .T. ) ;
#9091 = EDGE_LOOP ( 'NONE', ( #1843, #10069, #242, #4815 ) ) ;
#9092 = VECTOR ( 'NONE', #3570, 1000.000000000000000 ) ;
#9093 = VERTEX_POINT ( 'NONE', #8596 ) ;
#9094 = EDGE_LOOP ( 'NONE', ( #7363, #733, #4308, #325 ) ) ;
#9095 = ORIENTED_EDGE ( 'NONE', *, *, #6531, .F. ) ;
#9096 = EDGE_CURVE ( 'NONE', #2239, #9724, #5440, .T. ) ;
#9097 = DIRECTION ( 'NONE',  ( 0.000000000000000000, 0.000000000000000000, 1.000000000000000000 ) ) ;
#9098 = TOROIDAL_SURFACE ( 'NONE', #9252, 0.1000000000000000056, 0.05000000000000000278 ) ;
#9099 = CARTESIAN_POINT ( 'NONE',  ( -0.3222667766999390282, -0.8549999999999999822, 1.300000000000000044 ) ) ;
#9100 = DIRECTION ( 'NONE',  ( -0.7071067811865462405, -0.7071067811865486830, 2.303929616531696922E-15 ) ) ;
#9101 = ORIENTED_EDGE ( 'NONE', *, *, #6490, .T. ) ;
#9102 = AXIS2_PLACEMENT_3D ( 'NONE', #6143, #2078, #9339 ) ;
#9103 = CARTESIAN_POINT ( 'NONE',  ( 0.6999999999999999556, -1.149999999999999911, 1.199999999999999956 ) ) ;
#9104 = ORIENTED_EDGE ( 'NONE', *, *, #5011, .F. ) ;
#9105 = EDGE_CURVE ( 'NONE', #8790, #6327, #9506, .T. ) ;
#9106 = EDGE_CURVE ( 'NONE', #5629, #4566, #7195, .T. ) ;
#9107 = CARTESIAN_POINT ( 'NONE',  ( 0.6999999999999999556, -1.199999999999999956, 1.199999999999999956 ) ) ;
#9108 = AXIS2_PLACEMENT_3D ( 'NONE', #5005, #1136, #6610 ) ;
#9109 = DIRECTION ( 'NONE',  ( 0.8522164413315482800, 0.5231893893459534928, 0.000000000000000000 ) ) ;
#9110 = CARTESIAN_POINT ( 'NONE',  ( -0.3750000000000000000, 1.385355339059327395, 1.235355339059327262 ) ) ;
#9111 = CARTESIAN_POINT ( 'NONE',  ( -2.100000000000000089, 0.5182022722709940243, 0.000000000000000000 ) ) ;
#9112 = DIRECTION ( 'NONE',  ( 1.665334536937735797E-16, 0.7071067811865467956, 0.7071067811865482389 ) ) ;
#9113 = PLANE ( 'NONE',  #7234 ) ;
#9114 = CARTESIAN_POINT ( 'NONE',  ( -1.949999999999999956, 1.036404544565270092, -0.2500000000000000000 ) ) ;
#9115 = EDGE_LOOP ( 'NONE', ( #1114, #5592, #9124, #9570 ) ) ;
#9116 = LINE ( 'NONE', #4605, #2628 ) ;
#9117 = ORIENTED_EDGE ( 'NONE', *, *, #6385, .F. ) ;
#9118 = ADVANCED_FACE ( 'NONE', ( #5590 ), #3288, .F. ) ;
#9119 = FACE_OUTER_BOUND ( 'NONE', #5983, .T. ) ;
#9120 = ORIENTED_EDGE ( 'NONE', *, *, #3403, .F. ) ;
#9121 = CARTESIAN_POINT ( 'NONE',  ( -1.949999999999999956, 0.5182022722709940243, 0.000000000000000000 ) ) ;
#9122 = LINE ( 'NONE', #9170, #8002 ) ;
#9123 = ORIENTED_EDGE ( 'NONE', *, *, #4852, .T. ) ;
#9124 = ORIENTED_EDGE ( 'NONE', *, *, #5909, .T. ) ;
#9125 = EDGE_LOOP ( 'NONE', ( #9589, #3863, #10057, #307 ) ) ;
#9126 = EDGE_CURVE ( 'NONE', #5757, #2089, #5054, .T. ) ;
#9127 = ORIENTED_EDGE ( 'NONE', *, *, #8780, .F. ) ;
#9128 = DIRECTION ( 'NONE',  ( 0.000000000000000000, 0.000000000000000000, 1.000000000000000000 ) ) ;
#9129 = DIRECTION ( 'NONE',  ( -1.000000000000000000, 0.000000000000000000, 0.000000000000000000 ) ) ;
#9130 = ORIENTED_EDGE ( 'NONE', *, *, #2804, .T. ) ;
#9131 = DIRECTION ( 'NONE',  ( 0.000000000000000000, 1.000000000000000000, 0.000000000000000000 ) ) ;
#9132 = CARTESIAN_POINT ( 'NONE',  ( 1.899999999938880135, 1.036404544565270092, 0.000000000000000000 ) ) ;
#9133 = CARTESIAN_POINT ( 'NONE',  ( 0.4354032081378430008, 0.8279352997654170210, 1.250000000000000000 ) ) ;
#9134 = DIRECTION ( 'NONE',  ( 0.000000000000000000, 0.000000000000000000, 1.000000000000000000 ) ) ;
#9135 = ORIENTED_EDGE ( 'NONE', *, *, #1230, .F. ) ;
#9136 = ORIENTED_EDGE ( 'NONE', *, *, #5166, .F. ) ;
#9137 = AXIS2_PLACEMENT_3D ( 'NONE', #4083, #9702, #8185 ) ;
#9138 = EDGE_CURVE ( 'NONE', #8977, #8946, #9961, .T. ) ;
#9139 = EDGE_LOOP ( 'NONE', ( #2003, #5201, #7154, #2750 ) ) ;
#9140 = DIRECTION ( 'NONE',  ( 1.000000000000000000, 0.000000000000000000, 0.000000000000000000 ) ) ;
#9141 = CARTESIAN_POINT ( 'NONE',  ( 0.3750000000000000000, -1.350000000000000089, 0.05000000000000000278 ) ) ;
#9142 = CIRCLE ( 'NONE', #3373, 0.2401626137813800410 ) ;
#9143 = DIRECTION ( 'NONE',  ( 0.000000000000000000, 0.000000000000000000, 1.000000000000000000 ) ) ;
#9144 = AXIS2_PLACEMENT_3D ( 'NONE', #4110, #8847, #4656 ) ;
#9145 = CARTESIAN_POINT ( 'NONE',  ( -0.4354032081378430008, 0.8279352997654170210, 1.300000000000000044 ) ) ;
#9146 = VERTEX_POINT ( 'NONE', #6023 ) ;
#9147 = DIRECTION ( 'NONE',  ( 0.000000000000000000, 0.000000000000000000, -1.000000000000000000 ) ) ;
#9148 = ADVANCED_FACE ( 'NONE', ( #9079 ), #7567, .T. ) ;
#9149 = ORIENTED_EDGE ( 'NONE', *, *, #7188, .T. ) ;
#9150 = CARTESIAN_POINT ( 'NONE',  ( 1.899999999938880135, 1.349999999973810150, 0.1499999999999999944 ) ) ;
#9151 = ORIENTED_EDGE ( 'NONE', *, *, #7244, .T. ) ;
#9152 = VECTOR ( 'NONE', #3758, 1000.000000000000000 ) ;
#9153 = VECTOR ( 'NONE', #4892, 1000.000000000000000 ) ;
#9154 = PLANE ( 'NONE',  #10215 ) ;
#9155 = DIRECTION ( 'NONE',  ( 0.000000000000000000, 1.000000000000000000, 0.000000000000000000 ) ) ;
#9156 = DIRECTION ( 'NONE',  ( -1.000000000000000000, 0.000000000000000000, 0.000000000000000000 ) ) ;
#9157 = CARTESIAN_POINT ( 'NONE',  ( -1.069644660940672676, 0.2287144171094039891, 1.264644660940672516 ) ) ;
#9158 = DIRECTION ( 'NONE',  ( 0.000000000000000000, 0.000000000000000000, 1.000000000000000000 ) ) ;
#9159 = AXIS2_PLACEMENT_3D ( 'NONE', #6763, #9920, #1293 ) ;
#9160 = EDGE_CURVE ( 'NONE', #5762, #9950, #7621, .T. ) ;
#9161 = VECTOR ( 'NONE', #8916, 1000.000000000000000 ) ;
#9162 = DIRECTION ( 'NONE',  ( 0.000000000000000000, 0.000000000000000000, 1.000000000000000000 ) ) ;
#9163 = ORIENTED_EDGE ( 'NONE', *, *, #8578, .T. ) ;
#9164 = CARTESIAN_POINT ( 'NONE',  ( 0.6999999999999999556, -1.149999999999999911, 0.05000000000000000278 ) ) ;
#9165 = ORIENTED_EDGE ( 'NONE', *, *, #464, .T. ) ;
#9166 = EDGE_CURVE ( 'NONE', #5832, #4019, #2927, .T. ) ;
#9167 = DIRECTION ( 'NONE',  ( -0.8522164413315482800, 0.5231893893459534928, 0.000000000000000000 ) ) ;
#9168 = DIRECTION ( 'NONE',  ( -1.000000000000000000, -3.965082230804129727E-16, 0.000000000000000000 ) ) ;
#9169 = EDGE_CURVE ( 'NONE', #9495, #8033, #7512, .T. ) ;
#9170 = CARTESIAN_POINT ( 'NONE',  ( 1.949999999999999956, -0.6999999999999999556, 1.199999999999999956 ) ) ;
#9171 = ORIENTED_EDGE ( 'NONE', *, *, #38, .F. ) ;
#9172 = ORIENTED_EDGE ( 'NONE', *, *, #4043, .T. ) ;
#9173 = ORIENTED_EDGE ( 'NONE', *, *, #4346, .F. ) ;
#9174 = DIRECTION ( 'NONE',  ( -0.4525457257516172227, 0.8917411990616683770, 0.000000000000000000 ) ) ;
#9175 = DIRECTION ( 'NONE',  ( 0.7071067811865474617, -0.7071067811865474617, 0.000000000000000000 ) ) ;
#9176 = AXIS2_PLACEMENT_3D ( 'NONE', #861, #3072, #804 ) ;
#9177 = CARTESIAN_POINT ( 'NONE',  ( -0.8000000000000000444, 1.350000000000000089, 0.05000000000000000278 ) ) ;
#9178 = ORIENTED_EDGE ( 'NONE', *, *, #8109, .F. ) ;
#9179 = CARTESIAN_POINT ( 'NONE',  ( -1.900000000011639933, -1.350000000046569948, 0.000000000000000000 ) ) ;
#9180 = EDGE_CURVE ( 'NONE', #837, #7072, #3910, .T. ) ;
#9181 = DIRECTION ( 'NONE',  ( 1.000000000000000000, 0.000000000000000000, 0.000000000000000000 ) ) ;
#9182 = LINE ( 'NONE', #2120, #1166 ) ;
#9183 = CARTESIAN_POINT ( 'NONE',  ( -0.6999999999999999556, 1.150000000072579853, 0.000000000000000000 ) ) ;
#9184 = ORIENTED_EDGE ( 'NONE', *, *, #7335, .T. ) ;
#9185 = ORIENTED_EDGE ( 'NONE', *, *, #4911, .T. ) ;
#9186 = AXIS2_PLACEMENT_3D ( 'NONE', #132, #5392, #4670 ) ;
#9187 = AXIS2_PLACEMENT_3D ( 'NONE', #9177, #4571, #1239 ) ;
#9188 = ORIENTED_EDGE ( 'NONE', *, *, #3703, .F. ) ;
#9189 = ORIENTED_EDGE ( 'NONE', *, *, #5087, .F. ) ;
#9190 = DIRECTION ( 'NONE',  ( 0.000000000000000000, 0.000000000000000000, 1.000000000000000000 ) ) ;
#9191 = CARTESIAN_POINT ( 'NONE',  ( -1.104999999999999982, 0.2287144171094039891, 1.250000000000000000 ) ) ;
#9192 = FACE_OUTER_BOUND ( 'NONE', #3683, .T. ) ;
#9193 = CIRCLE ( 'NONE', #6216, 0.05000000000000002359 ) ;
#9194 = VECTOR ( 'NONE', #1709, 1000.000000000000000 ) ;
#9195 = EDGE_CURVE ( 'NONE', #6738, #8614, #7157, .T. ) ;
#9196 = ORIENTED_EDGE ( 'NONE', *, *, #1068, .F. ) ;
#9197 = DIRECTION ( 'NONE',  ( -0.7071067811865482389, 0.000000000000000000, 0.7071067811865466846 ) ) ;
#9198 = CARTESIAN_POINT ( 'NONE',  ( -0.3750000000000000000, -1.149999999999999911, 1.199999999999999956 ) ) ;
#9199 = ORIENTED_EDGE ( 'NONE', *, *, #7658, .T. ) ;
#9200 = VECTOR ( 'NONE', #431, 1000.000000000000000 ) ;
#9201 = CIRCLE ( 'NONE', #959, 0.04999999999999991257 ) ;
#9202 = CARTESIAN_POINT ( 'NONE',  ( 1.949999999999999956, 0.8000000000000000444, 0.2000000000000000111 ) ) ;
#9203 = CARTESIAN_POINT ( 'NONE',  ( 1.600000000000000089, -0.5000000000000000000, 0.000000000000000000 ) ) ;
#9204 = DIRECTION ( 'NONE',  ( -0.000000000000000000, 1.000000000000000000, 0.000000000000000000 ) ) ;
#9205 = DIRECTION ( 'NONE',  ( 0.000000000000000000, 0.000000000000000000, 1.000000000000000000 ) ) ;
#9206 = EDGE_CURVE ( 'NONE', #1502, #149, #6715, .T. ) ;
#9207 = CIRCLE ( 'NONE', #3272, 0.05000000000000000278 ) ;
#9208 = DIRECTION ( 'NONE',  ( -1.000000000000000000, 0.000000000000000000, 0.000000000000000000 ) ) ;
#9209 = ORIENTED_EDGE ( 'NONE', *, *, #4923, .F. ) ;
#9210 = CARTESIAN_POINT ( 'NONE',  ( 2.100000000000000089, -0.5182022722942770665, 0.000000000000000000 ) ) ;
#9211 = ORIENTED_EDGE ( 'NONE', *, *, #6117, .T. ) ;
#9212 = DIRECTION ( 'NONE',  ( 0.7071067811865476838, 0.000000000000000000, -0.7071067811865476838 ) ) ;
#9213 = AXIS2_PLACEMENT_3D ( 'NONE', #9403, #8463, #4790 ) ;
#9214 = EDGE_CURVE ( 'NONE', #1179, #5211, #758, .T. ) ;
#9215 = LINE ( 'NONE', #3650, #8200 ) ;
#9216 = CARTESIAN_POINT ( 'NONE',  ( 1.899999999999999911, 1.350000000000000089, 1.199999999999999956 ) ) ;
#9217 = DIRECTION ( 'NONE',  ( -0.7071067811865474617, 0.7071067811865474617, 0.000000000000000000 ) ) ;
#9218 = ORIENTED_EDGE ( 'NONE', *, *, #9166, .F. ) ;
#9219 = ORIENTED_EDGE ( 'NONE', *, *, #6191, .F. ) ;
#9220 = ORIENTED_EDGE ( 'NONE', *, *, #5338, .T. ) ;
#9221 = ADVANCED_FACE ( 'NONE', ( #1487 ), #10154, .F. ) ;
#9222 = DIRECTION ( 'NONE',  ( -0.7071067811865482389, 0.000000000000000000, -0.7071067811865466846 ) ) ;
#9223 =( GEOMETRIC_REPRESENTATION_CONTEXT ( 3 ) GLOBAL_UNCERTAINTY_ASSIGNED_CONTEXT ( ( #1571 ) ) GLOBAL_UNIT_ASSIGNED_CONTEXT ( ( #2570, #7971, #3043 ) ) REPRESENTATION_CONTEXT ( 'NONE', 'WORKASPACE' ) );
#9224 = AXIS2_PLACEMENT_3D ( 'NONE', #2389, #3413, #9674 ) ;
#9225 = FACE_OUTER_BOUND ( 'NONE', #306, .T. ) ;
#9226 = ORIENTED_EDGE ( 'NONE', *, *, #375, .T. ) ;
#9227 = DIRECTION ( 'NONE',  ( 5.421010861875307703E-16, -1.000000000000000000, 0.000000000000000000 ) ) ;
#9228 = FACE_OUTER_BOUND ( 'NONE', #9365, .T. ) ;
#9229 = LINE ( 'NONE', #6132, #4444 ) ;
#9230 = FACE_OUTER_BOUND ( 'NONE', #9925, .T. ) ;
#9231 = ORIENTED_EDGE ( 'NONE', *, *, #4417, .F. ) ;
#9232 = ORIENTED_EDGE ( 'NONE', *, *, #5948, .F. ) ;
#9233 = CIRCLE ( 'NONE', #3632, 0.04999999999999991951 ) ;
#9234 = AXIS2_PLACEMENT_3D ( 'NONE', #5902, #9056, #1996 ) ;
#9235 = ORIENTED_EDGE ( 'NONE', *, *, #1536, .T. ) ;
#9236 = LINE ( 'NONE', #520, #1950 ) ;
#9237 = ADVANCED_FACE ( 'NONE', ( #9482 ), #9322, .T. ) ;
#9238 = DIRECTION ( 'NONE',  ( -0.4525457257516172227, -0.8917411990616683770, 0.000000000000000000 ) ) ;
#9239 = VECTOR ( 'NONE', #9046, 1000.000000000000000 ) ;
#9240 = DIRECTION ( 'NONE',  ( 0.000000000000000000, 0.000000000000000000, 1.000000000000000000 ) ) ;
#9241 = ORIENTED_EDGE ( 'NONE', *, *, #2277, .T. ) ;
#9242 = CARTESIAN_POINT ( 'NONE',  ( 0.3750000000000000000, 1.185355339059327440, 1.235355339059327262 ) ) ;
#9243 = EDGE_LOOP ( 'NONE', ( #1355, #9886, #3541, #561 ) ) ;
#9244 = ORIENTED_EDGE ( 'NONE', *, *, #7019, .T. ) ;
#9245 = DIRECTION ( 'NONE',  ( -1.000000000000000000, -6.167905692840670233E-16, 0.000000000000000000 ) ) ;
#9246 = ORIENTED_EDGE ( 'NONE', *, *, #448, .F. ) ;
#9247 = CIRCLE ( 'NONE', #4155, 0.1999999999999998446 ) ;
#9248 = EDGE_CURVE ( 'NONE', #5065, #8845, #6045, .T. ) ;
#9249 = CARTESIAN_POINT ( 'NONE',  ( -0.7646446609406726269, 1.385355339059327395, 0.000000000000000000 ) ) ;
#9250 = DIRECTION ( 'NONE',  ( 0.000000000000000000, 0.000000000000000000, 1.000000000000000000 ) ) ;
#9251 = CARTESIAN_POINT ( 'NONE',  ( 0.3222667766999390282, -0.8050000000000000488, 1.250000000000000000 ) ) ;
#9252 = AXIS2_PLACEMENT_3D ( 'NONE', #6525, #7338, #5074 ) ;
#9253 = CARTESIAN_POINT ( 'NONE',  ( -1.900000000011639933, -1.350000000046569948, 0.1499999999999999944 ) ) ;
#9254 = CARTESIAN_POINT ( 'NONE',  ( 2.299999999999999822, 1.100000000000000089, 0.000000000000000000 ) ) ;
#9255 = VERTEX_POINT ( 'NONE', #867 ) ;
#9256 = FACE_OUTER_BOUND ( 'NONE', #8464, .T. ) ;
#9257 = ORIENTED_EDGE ( 'NONE', *, *, #248, .F. ) ;
#9258 = DIRECTION ( 'NONE',  ( -0.000000000000000000, 1.000000000000000000, 0.000000000000000000 ) ) ;
#9259 = DIRECTION ( 'NONE',  ( 0.000000000000000000, 0.000000000000000000, 1.000000000000000000 ) ) ;
#9260 = ADVANCED_FACE ( 'NONE', ( #8602 ), #2363, .T. ) ;
#9261 = AXIS2_PLACEMENT_3D ( 'NONE', #3192, #9498, #6345 ) ;
#9262 = EDGE_CURVE ( 'NONE', #6199, #6616, #1534, .T. ) ;
#9263 =( LENGTH_UNIT ( ) NAMED_UNIT ( * ) SI_UNIT ( .MILLI., .METRE. ) );
#9264 = DIRECTION ( 'NONE',  ( 2.405573570202211780E-15, 0.7071067811865408004, -0.7071067811865542341 ) ) ;
#9265 = DIRECTION ( 'NONE',  ( 0.000000000000000000, 0.000000000000000000, 1.000000000000000000 ) ) ;
#9266 = AXIS2_PLACEMENT_3D ( 'NONE', #2837, #4520, #1337 ) ;
#9267 = EDGE_LOOP ( 'NONE', ( #628, #9226, #3816, #400 ) ) ;
#9268 = VERTEX_POINT ( 'NONE', #3076 ) ;
#9269 = EDGE_CURVE ( 'NONE', #229, #2681, #443, .T. ) ;
#9270 = ORIENTED_EDGE ( 'NONE', *, *, #7583, .F. ) ;
#9271 = CARTESIAN_POINT ( 'NONE',  ( -2.100000000000000089, -0.4364045445652709465, -0.7500000000000000000 ) ) ;
#9272 = DIRECTION ( 'NONE',  ( 0.000000000000000000, 0.000000000000000000, 1.000000000000000000 ) ) ;
#9273 = DIRECTION ( 'NONE',  ( 0.000000000000000000, 1.000000000000000000, 0.000000000000000000 ) ) ;
#9274 = DIRECTION ( 'NONE',  ( -2.055968564105149785E-16, 1.000000000000000000, 0.000000000000000000 ) ) ;
#9275 = CARTESIAN_POINT ( 'NONE',  ( 1.104999999999999982, -0.2287144171094039891, 1.300000000000000044 ) ) ;
#9276 = LINE ( 'NONE', #5208, #4941 ) ;
#9277 = CARTESIAN_POINT ( 'NONE',  ( 0.7646446609406726269, 1.385355339059327395, 0.000000000000000000 ) ) ;
#9278 = EDGE_LOOP ( 'NONE', ( #8807, #8295, #10181, #6039 ) ) ;
#9279 = EDGE_CURVE ( 'NONE', #5746, #7211, #4725, .T. ) ;
#9280 = CARTESIAN_POINT ( 'NONE',  ( -1.899999999999999911, 1.350000000000000089, 1.199999999999999956 ) ) ;
#9281 = VERTEX_POINT ( 'NONE', #5600 ) ;
#9282 = EDGE_CURVE ( 'NONE', #5978, #6567, #4087, .T. ) ;
#9283 = ORIENTED_EDGE ( 'NONE', *, *, #4840, .T. ) ;
#9284 = CARTESIAN_POINT ( 'NONE',  ( 0.4127759218502620175, 0.7833482398123340351, 1.300000000000000044 ) ) ;
#9285 = VERTEX_POINT ( 'NONE', #6280 ) ;
#9286 = CARTESIAN_POINT ( 'NONE',  ( -1.000000000029100056, -1.350000000046569948, 0.000000000000000000 ) ) ;
#9287 = DIRECTION ( 'NONE',  ( -0.8917411990616684880, -0.4525457257516172227, 0.000000000000000000 ) ) ;
#9288 = ORIENTED_EDGE ( 'NONE', *, *, #3188, .F. ) ;
#9289 = CARTESIAN_POINT ( 'NONE',  ( 0.6999999999999999556, 1.185355339033137501, -0.01464466094067265987 ) ) ;
#9290 = ORIENTED_EDGE ( 'NONE', *, *, #7958, .T. ) ;
#9291 = AXIS2_PLACEMENT_3D ( 'NONE', #5236, #542, #6055 ) ;
#9292 = ORIENTED_EDGE ( 'NONE', *, *, #1559, .F. ) ;
#9293 = SHAPE_REPRESENTATION ( 'base.STEP', ( #7728 ), #4950 ) ;
#9294 = DIRECTION ( 'NONE',  ( 0.000000000000000000, 0.000000000000000000, -1.000000000000000000 ) ) ;
#9295 = ORIENTED_EDGE ( 'NONE', *, *, #6906, .F. ) ;
#9296 = ORIENTED_EDGE ( 'NONE', *, *, #9776, .T. ) ;
#9297 = CIRCLE ( 'NONE', #4681, 0.04999999999999991257 ) ;
#9298 = DIRECTION ( 'NONE',  ( 0.000000000000000000, -0.7071067811865474617, 0.7071067811865474617 ) ) ;
#9299 = VECTOR ( 'NONE', #4451, 1000.000000000000000 ) ;
#9300 = CARTESIAN_POINT ( 'NONE',  ( -1.054999999999999938, -0.3346456153152879698, 1.250000000000000000 ) ) ;
#9301 = DIRECTION ( 'NONE',  ( -1.000000000000000000, 0.000000000000000000, 0.000000000000000000 ) ) ;
#9302 = CARTESIAN_POINT ( 'NONE',  ( 0.7500000000000000000, 0.6999999999999999556, 1.199999999999999956 ) ) ;
#9303 = SPHERICAL_SURFACE ( 'NONE', #5728, 0.05000000000000000278 ) ;
#9304 = EDGE_CURVE ( 'NONE', #8634, #1967, #1605, .T. ) ;
#9305 = VERTEX_POINT ( 'NONE', #2261 ) ;
#9306 = CARTESIAN_POINT ( 'NONE',  ( 1.899999999999999911, 0.5000000000000000000, 0.05000000000000000278 ) ) ;
#9307 = ORIENTED_EDGE ( 'NONE', *, *, #555, .T. ) ;
#9308 = AXIS2_PLACEMENT_3D ( 'NONE', #1918, #7322, #5724 ) ;
#9309 = DIRECTION ( 'NONE',  ( -1.000000000000000000, 0.000000000000000000, 0.000000000000000000 ) ) ;
#9310 = AXIS2_PLACEMENT_3D ( 'NONE', #4228, #1710, #9544 ) ;
#9311 = VERTEX_POINT ( 'NONE', #7972 ) ;
#9312 = DIRECTION ( 'NONE',  ( 0.000000000000000000, 0.000000000000000000, -1.000000000000000000 ) ) ;
#9313 = CIRCLE ( 'NONE', #7820, 0.1500000000000000500 ) ;
#9314 = CARTESIAN_POINT ( 'NONE',  ( 1.000000000008729906, -1.349999999973810150, 0.000000000000000000 ) ) ;
#9315 = EDGE_CURVE ( 'NONE', #8358, #4201, #2754, .T. ) ;
#9316 = CARTESIAN_POINT ( 'NONE',  ( 1.949999999999999956, 1.399999999999999911, 0.000000000000000000 ) ) ;
#9317 = ORIENTED_EDGE ( 'NONE', *, *, #7346, .F. ) ;
#9318 = APPLICATION_PROTOCOL_DEFINITION ( 'draft international standard', 'automotive_design', 1998, #3544 ) ;
#9319 = ORIENTED_EDGE ( 'NONE', *, *, #4262, .F. ) ;
#9320 = ORIENTED_EDGE ( 'NONE', *, *, #6060, .F. ) ;
#9321 = AXIS2_PLACEMENT_3D ( 'NONE', #43, #3194, #1663 ) ;
#9322 = PLANE ( 'NONE',  #7524 ) ;
#9323 = CARTESIAN_POINT ( 'NONE',  ( 0.6999999999999999556, 1.185355339059327440, 1.235355339059327262 ) ) ;
#9324 = EDGE_CURVE ( 'NONE', #4322, #5973, #5380, .T. ) ;
#9325 = CARTESIAN_POINT ( 'NONE',  ( -2.056066017177982097, -0.2182022722942769943, 0.1060660171779820443 ) ) ;
#9326 = CARTESIAN_POINT ( 'NONE',  ( -1.025443288266309816, 0.4392834931844787349, 1.300000000000000044 ) ) ;
#9327 = DIRECTION ( 'NONE',  ( 0.000000000000000000, 1.000000000000000000, 0.000000000000000000 ) ) ;
#9328 = DIRECTION ( 'NONE',  ( 0.000000000000000000, 0.000000000000000000, 1.000000000000000000 ) ) ;
#9329 = VERTEX_POINT ( 'NONE', #5704 ) ;
#9330 = ADVANCED_FACE ( 'NONE', ( #5038 ), #9694, .T. ) ;
#9331 = FACE_OUTER_BOUND ( 'NONE', #282, .T. ) ;
#9332 = EDGE_LOOP ( 'NONE', ( #9171, #5504, #5888, #5947 ) ) ;
#9333 = FACE_OUTER_BOUND ( 'NONE', #9654, .T. ) ;
#9334 = ORIENTED_EDGE ( 'NONE', *, *, #5598, .F. ) ;
#9335 = ORIENTED_EDGE ( 'NONE', *, *, #5286, .F. ) ;
#9336 = SURFACE_STYLE_FILL_AREA ( #6448 ) ;
#9337 = AXIS2_PLACEMENT_3D ( 'NONE', #6699, #5194, #1231 ) ;
#9338 = LINE ( 'NONE', #10167, #9712 ) ;
#9339 = DIRECTION ( 'NONE',  ( -0.7071067811865483499, 0.000000000000000000, 0.7071067811865466846 ) ) ;
#9340 = EDGE_CURVE ( 'NONE', #6237, #6756, #3077, .T. ) ;
#9341 = CARTESIAN_POINT ( 'NONE',  ( -0.7646446609406726269, 0.5999999999999999778, 1.235355339059327262 ) ) ;
#9342 = CARTESIAN_POINT ( 'NONE',  ( -0.6999999999999999556, -1.250000000000000000, 1.199999999999999956 ) ) ;
#9343 = EDGE_CURVE ( 'NONE', #8558, #4564, #8174, .T. ) ;
#9344 = DIRECTION ( 'NONE',  ( -0.8522164413315487241, 0.5231893893459528266, 0.000000000000000000 ) ) ;
#9345 = AXIS2_PLACEMENT_3D ( 'NONE', #8023, #7353, #281 ) ;
#9346 = ORIENTED_EDGE ( 'NONE', *, *, #3940, .F. ) ;
#9347 = VECTOR ( 'NONE', #8509, 1000.000000000000000 ) ;
#9348 = LINE ( 'NONE', #10180, #9942 ) ;
#9349 = VERTEX_POINT ( 'NONE', #4944 ) ;
#9350 = ORIENTED_EDGE ( 'NONE', *, *, #5359, .F. ) ;
#9351 = AXIS2_PLACEMENT_3D ( 'NONE', #3647, #7501, #5284 ) ;
#9352 = CARTESIAN_POINT ( 'NONE',  ( 1.104999999999999982, -0.3346456153152879698, 1.300000000000000044 ) ) ;
#9353 = EDGE_CURVE ( 'NONE', #4325, #267, #9010, .T. ) ;
#9354 = AXIS2_PLACEMENT_3D ( 'NONE', #2866, #2000, #1367 ) ;
#9355 = ADVANCED_FACE ( 'NONE', ( #4888 ), #1854, .F. ) ;
#9356 = LINE ( 'NONE', #5427, #9409 ) ;
#9357 = DIRECTION ( 'NONE',  ( 0.000000000000000000, 0.000000000000000000, -1.000000000000000000 ) ) ;
#9358 = FACE_OUTER_BOUND ( 'NONE', #7439, .T. ) ;
#9359 = DIRECTION ( 'NONE',  ( 0.000000000000000000, 1.000000000000000000, 0.000000000000000000 ) ) ;
#9360 = CIRCLE ( 'NONE', #4742, 0.2000000000203730199 ) ;
#9361 = ORIENTED_EDGE ( 'NONE', *, *, #6351, .F. ) ;
#9362 = CARTESIAN_POINT ( 'NONE',  ( 1.949999999999999956, 0.5000000000000000000, 0.05000000000000000278 ) ) ;
#9363 = TOROIDAL_SURFACE ( 'NONE', #4917, 0.1499999999999999944, 0.05000000000000000278 ) ;
#9364 = CIRCLE ( 'NONE', #4746, 0.1499999999999999944 ) ;
#9365 = EDGE_LOOP ( 'NONE', ( #7618, #6078, #5551, #5937 ) ) ;
#9366 = DIRECTION ( 'NONE',  ( 0.000000000000000000, 1.000000000000000000, 0.000000000000000000 ) ) ;
#9367 = EDGE_CURVE ( 'NONE', #3679, #779, #8020, .T. ) ;
#9368 = VECTOR ( 'NONE', #958, 1000.000000000000000 ) ;
#9369 = CIRCLE ( 'NONE', #2784, 0.04999999999999991257 ) ;
#9370 = DIRECTION ( 'NONE',  ( -0.3199981514759548951, -0.6305562489199278975, 0.7071067811865487940 ) ) ;
#9371 = DIRECTION ( 'NONE',  ( 0.000000000000000000, -1.000000000000000000, 0.000000000000000000 ) ) ;
#9372 = DIRECTION ( 'NONE',  ( 0.3199981514759524526, 0.6305562489199296738, -0.7071067811865482389 ) ) ;
#9373 = EDGE_LOOP ( 'NONE', ( #7475, #1431, #2384, #5811 ) ) ;
#9374 = CONTEXT_DEPENDENT_SHAPE_REPRESENTATION ( #3734, #9868 ) ;
#9375 = ORIENTED_EDGE ( 'NONE', *, *, #1425, .F. ) ;
#9376 = VERTEX_POINT ( 'NONE', #4178 ) ;
#9377 = VECTOR ( 'NONE', #8658, 1000.000000000000114 ) ;
#9378 = AXIS2_PLACEMENT_3D ( 'NONE', #9769, #1919, #2691 ) ;
#9379 = CARTESIAN_POINT ( 'NONE',  ( 0.8549999999999999822, -0.3346456153152879698, 1.250000000000000000 ) ) ;
#9380 = EDGE_CURVE ( 'NONE', #2768, #7762, #8967, .T. ) ;
#9381 = VECTOR ( 'NONE', #3457, 1000.000000000000000 ) ;
#9382 = LINE ( 'NONE', #814, #453 ) ;
#9383 = VECTOR ( 'NONE', #6810, 1000.000000000000000 ) ;
#9384 = AXIS2_PLACEMENT_3D ( 'NONE', #6828, #2862, #5997 ) ;
#9385 = CARTESIAN_POINT ( 'NONE',  ( -0.3222667766999390282, -0.6049999999999999822, 1.850000000000000089 ) ) ;
#9386 = LINE ( 'NONE', #3182, #2397 ) ;
#9387 = DIRECTION ( 'NONE',  ( 1.982541115402064617E-16, -1.000000000000000000, 1.982541115402064617E-16 ) ) ;
#9388 = ORIENTED_EDGE ( 'NONE', *, *, #3619, .F. ) ;
#9389 = DIRECTION ( 'NONE',  ( -1.000000000000000000, 0.000000000000000000, 0.000000000000000000 ) ) ;
#9390 = ORIENTED_EDGE ( 'NONE', *, *, #1209, .F. ) ;
#9391 = CARTESIAN_POINT ( 'NONE',  ( 1.899999999999999911, -0.6999999999999999556, 0.000000000000000000 ) ) ;
#9392 = ORIENTED_EDGE ( 'NONE', *, *, #9343, .T. ) ;
#9393 = ORIENTED_EDGE ( 'NONE', *, *, #900, .T. ) ;
#9394 = AXIS2_PLACEMENT_3D ( 'NONE', #6282, #5603, #5706 ) ;
#9395 = AXIS2_PLACEMENT_3D ( 'NONE', #2473, #6187, #3293 ) ;
#9396 = AXIS2_PLACEMENT_3D ( 'NONE', #5471, #10184, #4048 ) ;
#9397 = DIRECTION ( 'NONE',  ( 0.000000000000000000, -1.000000000000000000, 0.000000000000000000 ) ) ;
#9398 = EDGE_CURVE ( 'NONE', #2442, #1502, #4273, .T. ) ;
#9399 = CARTESIAN_POINT ( 'NONE',  ( -0.6999999999999999556, -1.250000000000000000, 0.000000000000000000 ) ) ;
#9400 = LINE ( 'NONE', #9341, #8814 ) ;
#9401 = CARTESIAN_POINT ( 'NONE',  ( -1.899999999999999911, -1.350000000000000089, 1.199999999999999956 ) ) ;
#9402 = VECTOR ( 'NONE', #1413, 1000.000000000000000 ) ;
#9403 = CARTESIAN_POINT ( 'NONE',  ( -1.949999999999999956, 0.8000000000000000444, 0.000000000000000000 ) ) ;
#9404 = ORIENTED_EDGE ( 'NONE', *, *, #6862, .T. ) ;
#9405 = FACE_OUTER_BOUND ( 'NONE', #8931, .T. ) ;
#9406 = ADVANCED_FACE ( 'NONE', ( #2525 ), #2571, .T. ) ;
#9407 = ORIENTED_EDGE ( 'NONE', *, *, #7952, .T. ) ;
#9408 = EDGE_LOOP ( 'NONE', ( #7835, #3523, #10028, #8759, #6520, #3143, #259 ) ) ;
#9409 = VECTOR ( 'NONE', #8581, 1000.000000000000000 ) ;
#9410 = CARTESIAN_POINT ( 'NONE',  ( -2.100000000000000089, -0.4364045445652709465, 0.000000000000000000 ) ) ;
#9411 = CARTESIAN_POINT ( 'NONE',  ( -1.095162613781379912, -0.3346456153152879698, 0.000000000000000000 ) ) ;
#9412 = FACE_OUTER_BOUND ( 'NONE', #5466, .T. ) ;
#9413 = CARTESIAN_POINT ( 'NONE',  ( -0.4127759218502620175, 0.7833482398123340351, 1.300000000000000044 ) ) ;
#9414 = CARTESIAN_POINT ( 'NONE',  ( 0.3499999999999999778, 1.199999999999999956, 0.000000000000000000 ) ) ;
#9415 = EDGE_CURVE ( 'NONE', #9492, #9773, #2598, .T. ) ;
#9416 = CIRCLE ( 'NONE', #4971, 0.1999999998981370208 ) ;
#9417 = CARTESIAN_POINT ( 'NONE',  ( 1.600000000000000089, -1.100000000000000089, 0.000000000000000000 ) ) ;
#9418 = ORIENTED_EDGE ( 'NONE', *, *, #4522, .T. ) ;
#9419 = LINE ( 'NONE', #8635, #4682 ) ;
#9420 = ADVANCED_FACE ( 'NONE', ( #3339 ), #1178, .T. ) ;
#9421 = EDGE_CURVE ( 'NONE', #4041, #8245, #8682, .T. ) ;
#9422 = PRODUCT_DEFINITION_SHAPE ( 'NONE', 'NONE',  #2857 ) ;
#9423 = ORIENTED_EDGE ( 'NONE', *, *, #6681, .F. ) ;
#9424 = PRODUCT_DEFINITION_CONTEXT ( 'detailed design', #37, 'design' ) ;
#9425 = CARTESIAN_POINT ( 'NONE',  ( 0.3222667766999390282, 0.8451626137813800232, 0.000000000000000000 ) ) ;
#9426 = AXIS2_PLACEMENT_3D ( 'NONE', #6002, #7603, #433 ) ;
#9427 = CARTESIAN_POINT ( 'NONE',  ( 1.899999999938880135, -1.349999999973810150, 0.000000000000000000 ) ) ;
#9428 = CARTESIAN_POINT ( 'NONE',  ( 0.9636845643521000371, 0.5488085124984810603, 0.000000000000000000 ) ) ;
#9429 = DIRECTION ( 'NONE',  ( -9.912705577010339108E-17, 1.000000000000000000, -9.912705577010350201E-17 ) ) ;
#9430 = ORIENTED_EDGE ( 'NONE', *, *, #7583, .T. ) ;
#9431 = ORIENTED_EDGE ( 'NONE', *, *, #6827, .F. ) ;
#9432 = ORIENTED_EDGE ( 'NONE', *, *, #2851, .F. ) ;
#9433 = ADVANCED_FACE ( 'NONE', ( #9793 ), #5094, .T. ) ;
#9434 = CIRCLE ( 'NONE', #8945, 0.05000000000000000278 ) ;
#9435 = CARTESIAN_POINT ( 'NONE',  ( 0.8000000000087310603, 1.349999999973810150, 0.1499999999999999944 ) ) ;
#9436 = EDGE_LOOP ( 'NONE', ( #6602, #2439, #6947, #1962 ) ) ;
#9437 = CARTESIAN_POINT ( 'NONE',  ( 0.8000000000000000444, -1.385355339059327395, 0.01464466094067265987 ) ) ;
#9438 = CIRCLE ( 'NONE', #8788, 0.04999999999999991257 ) ;
#9439 = FACE_OUTER_BOUND ( 'NONE', #3488, .T. ) ;
#9440 = DIRECTION ( 'NONE',  ( 0.5773502691896263972, -0.5773502691896242878, -0.5773502691896267303 ) ) ;
#9441 = CARTESIAN_POINT ( 'NONE',  ( 1.899999999999999911, -0.3682022722942769888, -0.05000000000000000278 ) ) ;
#9442 = CARTESIAN_POINT ( 'NONE',  ( 1.949999999999999956, -0.4364045445652709465, 0.1499999999999999944 ) ) ;
#9443 = ORIENTED_EDGE ( 'NONE', *, *, #4481, .T. ) ;
#9444 = LINE ( 'NONE', #7928, #4586 ) ;
#9445 = ORIENTED_EDGE ( 'NONE', *, *, #1678, .T. ) ;
#9446 = DIRECTION ( 'NONE',  ( 0.000000000000000000, 0.000000000000000000, -1.000000000000000000 ) ) ;
#9447 = EDGE_LOOP ( 'NONE', ( #7808, #9771, #6491, #1405 ) ) ;
#9448 = EDGE_CURVE ( 'NONE', #9255, #6096, #3436, .T. ) ;
#9449 = VERTEX_POINT ( 'NONE', #4223 ) ;
#9450 = CARTESIAN_POINT ( 'NONE',  ( -0.6999999999999999556, 1.349999999973810150, -1.122001267506480104 ) ) ;
#9451 = CARTESIAN_POINT ( 'NONE',  ( -1.600000000000000089, -1.100000000000000089, 0.000000000000000000 ) ) ;
#9452 = DIRECTION ( 'NONE',  ( 0.000000000000000000, 0.000000000000000000, 1.000000000000000000 ) ) ;
#9453 = DIRECTION ( 'NONE',  ( -1.000000000000000000, 0.000000000000000000, 0.000000000000000000 ) ) ;
#9454 = CARTESIAN_POINT ( 'NONE',  ( -1.899999999999999911, -0.3682022722942769888, -0.05000000000000000278 ) ) ;
#9455 = LINE ( 'NONE', #7235, #8145 ) ;
#9456 = ORIENTED_EDGE ( 'NONE', *, *, #3486, .F. ) ;
#9457 = EDGE_CURVE ( 'NONE', #2798, #5573, #3577, .T. ) ;
#9458 = DIRECTION ( 'NONE',  ( -0.7071067811865462405, -0.7071067811865486830, 2.303929616531696922E-15 ) ) ;
#9459 = VERTEX_POINT ( 'NONE', #4124 ) ;
#9460 = CARTESIAN_POINT ( 'NONE',  ( -2.100000000000000089, 0.4364045445652700028, -0.7500000000000000000 ) ) ;
#9461 = DIRECTION ( 'NONE',  ( -1.982541115402069794E-16, 1.000000000000000000, 0.000000000000000000 ) ) ;
#9462 = EDGE_CURVE ( 'NONE', #6756, #6639, #5543, .T. ) ;
#9463 = DIRECTION ( 'NONE',  ( 0.000000000000000000, -1.000000000000000000, 0.000000000000000000 ) ) ;
#9464 = CARTESIAN_POINT ( 'NONE',  ( -0.4194033005640448453, -0.7964074873194196824, 1.264644660940671850 ) ) ;
#9465 = CARTESIAN_POINT ( 'NONE',  ( 0.8000000000000000444, -1.350000000000000089, 1.199999999999999956 ) ) ;
#9466 = EDGE_CURVE ( 'NONE', #1291, #7304, #9951, .T. ) ;
#9467 = DIRECTION ( 'NONE',  ( 0.7071067811865483499, 0.000000000000000000, 0.7071067811865466846 ) ) ;
#9468 = ORIENTED_EDGE ( 'NONE', *, *, #4603, .T. ) ;
#9469 = CARTESIAN_POINT ( 'NONE',  ( -0.9228818588627429875, 0.4684067951745380376, 1.850000000000000089 ) ) ;
#9470 = VERTEX_POINT ( 'NONE', #4418 ) ;
#9471 = CARTESIAN_POINT ( 'NONE',  ( -1.899999999999999911, -1.350000000000000089, 1.199999999999999956 ) ) ;
#9472 = FACE_OUTER_BOUND ( 'NONE', #5173, .T. ) ;
#9473 = EDGE_CURVE ( 'NONE', #1700, #4539, #4899, .T. ) ;
#9474 = DIRECTION ( 'NONE',  ( 2.405573570202211780E-15, 0.7071067811865408004, 0.7071067811865542341 ) ) ;
#9475 = FACE_OUTER_BOUND ( 'NONE', #5441, .T. ) ;
#9476 = LINE ( 'NONE', #1528, #301 ) ;
#9477 = AXIS2_PLACEMENT_3D ( 'NONE', #350, #6651, #9805 ) ;
#9478 = CARTESIAN_POINT ( 'NONE',  ( -0.7504565801423450644, -0.6680502826390388726, 1.300000000000000044 ) ) ;
#9479 = ORIENTED_EDGE ( 'NONE', *, *, #8424, .T. ) ;
#9480 = EDGE_CURVE ( 'NONE', #9779, #3567, #8178, .T. ) ;
#9481 = ORIENTED_EDGE ( 'NONE', *, *, #8434, .F. ) ;
#9482 = FACE_OUTER_BOUND ( 'NONE', #8577, .T. ) ;
#9483 = VECTOR ( 'NONE', #1127, 1000.000000000000000 ) ;
#9484 = ORIENTED_EDGE ( 'NONE', *, *, #8220, .F. ) ;
#9485 = AXIS2_PLACEMENT_3D ( 'NONE', #8553, #1538, #8605 ) ;
#9486 = DIRECTION ( 'NONE',  ( 0.000000000000000000, 0.000000000000000000, 1.000000000000000000 ) ) ;
#9487 = EDGE_CURVE ( 'NONE', #9470, #474, #9903, .T. ) ;
#9488 = DIRECTION ( 'NONE',  ( 0.000000000000000000, 0.9284766908852591927, -0.3713906763541041101 ) ) ;
#9489 = DIRECTION ( 'NONE',  ( -0.8917411990616680439, -0.4525457257516179999, -7.372574772901430151E-16 ) ) ;
#9490 = DIRECTION ( 'NONE',  ( 0.000000000000000000, 0.000000000000000000, 1.000000000000000000 ) ) ;
#9491 = DIRECTION ( 'NONE',  ( 0.000000000000000000, 1.000000000000000000, 0.000000000000000000 ) ) ;
#9492 = VERTEX_POINT ( 'NONE', #1222 ) ;
#9493 = AXIS2_PLACEMENT_3D ( 'NONE', #7963, #9583, #6317 ) ;
#9494 = LINE ( 'NONE', #6184, #2212 ) ;
#9495 = VERTEX_POINT ( 'NONE', #5964 ) ;
#9496 = ORIENTED_EDGE ( 'NONE', *, *, #4405, .F. ) ;
#9497 = DIRECTION ( 'NONE',  ( 1.000000000000000000, 2.055968564160549760E-16, 0.000000000000000000 ) ) ;
#9498 = DIRECTION ( 'NONE',  ( 1.000000000000000000, 0.000000000000000000, 0.000000000000000000 ) ) ;
#9499 = EDGE_CURVE ( 'NONE', #7794, #9995, #603, .T. ) ;
#9500 = CARTESIAN_POINT ( 'NONE',  ( -0.6999999999999999556, 1.199999999999999956, 0.000000000000000000 ) ) ;
#9501 = LINE ( 'NONE', #10123, #3982 ) ;
#9502 = FACE_OUTER_BOUND ( 'NONE', #245, .T. ) ;
#9503 = DIRECTION ( 'NONE',  ( 0.000000000000000000, 1.000000000000000000, 0.000000000000000000 ) ) ;
#9504 = ORIENTED_EDGE ( 'NONE', *, *, #3806, .F. ) ;
#9505 = ORIENTED_EDGE ( 'NONE', *, *, #219, .T. ) ;
#9506 = CIRCLE ( 'NONE', #6864, 0.05000000000000006523 ) ;
#9507 = CARTESIAN_POINT ( 'NONE',  ( -0.3222667766999390282, -0.6049999999999999822, 1.899999999999999911 ) ) ;
#9508 = ORIENTED_EDGE ( 'NONE', *, *, #5155, .F. ) ;
#9509 = ORIENTED_EDGE ( 'NONE', *, *, #684, .T. ) ;
#9510 = CARTESIAN_POINT ( 'NONE',  ( 0.8000000000000000444, -1.350000000000000089, 0.05000000000000000278 ) ) ;
#9511 = EDGE_CURVE ( 'NONE', #4284, #4442, #3740, .T. ) ;
#9512 = CARTESIAN_POINT ( 'NONE',  ( 1.005000000000000115, -0.3346456153152879698, 1.899999999999999911 ) ) ;
#9513 = VECTOR ( 'NONE', #8435, 1000.000000000000000 ) ;
#9514 = CARTESIAN_POINT ( 'NONE',  ( -0.3222667766999390282, 0.6049999999999999822, 0.000000000000000000 ) ) ;
#9515 = AXIS2_PLACEMENT_3D ( 'NONE', #3874, #7173, #10231 ) ;
#9516 = DIRECTION ( 'NONE',  ( 0.000000000000000000, -1.000000000000000000, 0.000000000000000000 ) ) ;
#9517 = ORIENTED_EDGE ( 'NONE', *, *, #8891, .F. ) ;
#9518 = DIRECTION ( 'NONE',  ( 0.8917411990616690431, -0.4525457257516160015, -1.127570259384924020E-15 ) ) ;
#9519 = AXIS2_PLACEMENT_3D ( 'NONE', #3067, #6212, #9366 ) ;
#9520 = CIRCLE ( 'NONE', #285, 0.05000000000000002359 ) ;
#9521 = EDGE_LOOP ( 'NONE', ( #707, #7595, #9859, #2740 ) ) ;
#9522 = DIRECTION ( 'NONE',  ( 0.7071067811865482389, 0.000000000000000000, 0.7071067811865466846 ) ) ;
#9523 = TOROIDAL_SURFACE ( 'NONE', #5064, 0.1499999999999999944, 0.05000000000000000278 ) ;
#9524 = DIRECTION ( 'NONE',  ( -0.7071067811865475727, 0.000000000000000000, 0.7071067811865475727 ) ) ;
#9525 = EDGE_CURVE ( 'NONE', #4922, #6431, #3248, .T. ) ;
#9526 = EDGE_CURVE ( 'NONE', #6973, #4271, #8025, .T. ) ;
#9527 = DIRECTION ( 'NONE',  ( 0.000000000000000000, 1.000000000000000000, 0.000000000000000000 ) ) ;
#9528 = DIRECTION ( 'NONE',  ( 0.000000000000000000, 0.000000000000000000, -1.000000000000000000 ) ) ;
#9529 = CIRCLE ( 'NONE', #8034, 0.05000000000000000278 ) ;
#9530 = CARTESIAN_POINT ( 'NONE',  ( 0.8000000000000000444, 1.350000000000000089, 1.199999999999999956 ) ) ;
#9531 = CIRCLE ( 'NONE', #4743, 0.05000000000000002359 ) ;
#9532 = AXIS2_PLACEMENT_3D ( 'NONE', #2009, #2974, #5242 ) ;
#9533 = DIRECTION ( 'NONE',  ( 0.000000000000000000, 0.000000000000000000, 1.000000000000000000 ) ) ;
#9534 = ORIENTED_EDGE ( 'NONE', *, *, #9874, .T. ) ;
#9535 = EDGE_LOOP ( 'NONE', ( #3853, #7652, #5129, #9804 ) ) ;
#9536 = ORIENTED_EDGE ( 'NONE', *, *, #5313, .T. ) ;
#9537 = EDGE_CURVE ( 'NONE', #8021, #6237, #6560, .T. ) ;
#9538 = CARTESIAN_POINT ( 'NONE',  ( 0.3222667766999390282, -0.6049999999999999822, 0.000000000000000000 ) ) ;
#9539 = CARTESIAN_POINT ( 'NONE',  ( -0.8000000000087310603, -1.350000000046569948, 0.000000000000000000 ) ) ;
#9540 = AXIS2_PLACEMENT_3D ( 'NONE', #5853, #9058, #6732 ) ;
#9541 = EDGE_LOOP ( 'NONE', ( #8090, #2868, #8051, #2482, #6336, #3013 ) ) ;
#9542 = AXIS2_PLACEMENT_3D ( 'NONE', #8566, #1501, #6430 ) ;
#9543 = DIRECTION ( 'NONE',  ( -1.000000000000000000, 0.000000000000000000, 0.000000000000000000 ) ) ;
#9544 = DIRECTION ( 'NONE',  ( 0.000000000000000000, -0.7071067811865482389, -0.7071067811865466846 ) ) ;
#9545 = CARTESIAN_POINT ( 'NONE',  ( 1.600000000000000089, -1.100000000000000089, 0.000000000000000000 ) ) ;
#9546 = FACE_OUTER_BOUND ( 'NONE', #8716, .T. ) ;
#9547 = DIRECTION ( 'NONE',  ( -0.7071067811865466846, 9.147955830346443662E-16, 0.7071067811865484609 ) ) ;
#9548 = AXIS2_PLACEMENT_3D ( 'NONE', #10147, #3227, #2409 ) ;
#9549 = VERTEX_POINT ( 'NONE', #2970 ) ;
#9550 = ORIENTED_EDGE ( 'NONE', *, *, #3472, .T. ) ;
#9551 = ADVANCED_FACE ( 'NONE', ( #6841 ), #5238, .F. ) ;
#9552 = EDGE_CURVE ( 'NONE', #5612, #7115, #3422, .T. ) ;
#9553 = VERTEX_POINT ( 'NONE', #4557 ) ;
#9554 = DIRECTION ( 'NONE',  ( -2.055968564160549760E-16, 1.000000000000000000, 0.000000000000000000 ) ) ;
#9555 = CIRCLE ( 'NONE', #1476, 0.04999999999999991257 ) ;
#9556 = AXIS2_PLACEMENT_3D ( 'NONE', #8572, #6196, #9344 ) ;
#9557 = DIRECTION ( 'NONE',  ( 0.000000000000000000, 0.000000000000000000, 1.000000000000000000 ) ) ;
#9558 = AXIS2_PLACEMENT_3D ( 'NONE', #6933, #6764, #459 ) ;
#9559 = CIRCLE ( 'NONE', #6753, 0.2000000000000001221 ) ;
#9560 = CARTESIAN_POINT ( 'NONE',  ( 1.949999999999999956, -0.8364045445652710242, -0.7500000000000000000 ) ) ;
#9561 = DIRECTION ( 'NONE',  ( 0.000000000000000000, 0.000000000000000000, 1.000000000000000000 ) ) ;
#9562 = DIRECTION ( 'NONE',  ( 1.000000000000000000, 0.000000000000000000, 0.000000000000000000 ) ) ;
#9563 = DIRECTION ( 'NONE',  ( -1.000000000000000000, 0.000000000000000000, 0.000000000000000000 ) ) ;
#9564 = ORIENTED_EDGE ( 'NONE', *, *, #7590, .T. ) ;
#9565 = ORIENTED_EDGE ( 'NONE', *, *, #3979, .F. ) ;
#9566 = CIRCLE ( 'NONE', #9394, 0.05000000000000001665 ) ;
#9567 = DIRECTION ( 'NONE',  ( -0.2326572596528329595, -0.9725587897555778572, 0.000000000000000000 ) ) ;
#9568 = EDGE_CURVE ( 'NONE', #1876, #807, #3751, .T. ) ;
#9569 = ORIENTED_EDGE ( 'NONE', *, *, #8700, .F. ) ;
#9570 = ORIENTED_EDGE ( 'NONE', *, *, #6565, .T. ) ;
#9571 = CYLINDRICAL_SURFACE ( 'NONE', #6598, 0.1500000000000000500 ) ;
#9572 = DIRECTION ( 'NONE',  ( -1.982541115402069794E-16, 1.000000000000000000, 0.000000000000000000 ) ) ;
#9573 = CIRCLE ( 'NONE', #3782, 0.05000000000000006523 ) ;
#9574 = CARTESIAN_POINT ( 'NONE',  ( 0.3901486355626809788, 0.7387611798592499390, 1.850000000000000089 ) ) ;
#9575 = CARTESIAN_POINT ( 'NONE',  ( 0.9636845643521000371, -0.5488085124984810603, 0.000000000000000000 ) ) ;
#9576 = ORIENTED_EDGE ( 'NONE', *, *, #9578, .F. ) ;
#9577 = DIRECTION ( 'NONE',  ( -0.5773502691896263972, 0.5773502691896242878, -0.5773502691896267303 ) ) ;
#9578 = EDGE_CURVE ( 'NONE', #2635, #4234, #8692, .T. ) ;
#9579 = AXIS2_PLACEMENT_3D ( 'NONE', #4718, #5593, #8598 ) ;
#9580 = ORIENTED_EDGE ( 'NONE', *, *, #5931, .T. ) ;
#9581 = CARTESIAN_POINT ( 'NONE',  ( 0.3222667766999390282, -0.6049999999999999822, 1.300000000000000044 ) ) ;
#9582 = DIRECTION ( 'NONE',  ( 0.000000000000000000, 0.000000000000000000, 1.000000000000000000 ) ) ;
#9583 = DIRECTION ( 'NONE',  ( 0.000000000000000000, 0.000000000000000000, -1.000000000000000000 ) ) ;
#9584 = AXIS2_PLACEMENT_3D ( 'NONE', #8856, #5855, #5030 ) ;
#9585 = CYLINDRICAL_SURFACE ( 'NONE', #8044, 0.05000000000000007216 ) ;
#9586 = DIRECTION ( 'NONE',  ( 0.000000000000000000, 0.000000000000000000, 1.000000000000000000 ) ) ;
#9587 = CARTESIAN_POINT ( 'NONE',  ( 0.8549999999999999822, 0.3346456153152879698, 1.899999999999999911 ) ) ;
#9588 = ORIENTED_EDGE ( 'NONE', *, *, #3368, .T. ) ;
#9589 = ORIENTED_EDGE ( 'NONE', *, *, #4721, .T. ) ;
#9590 = ADVANCED_FACE ( 'NONE', ( #9119 ), #6114, .F. ) ;
#9591 = EDGE_CURVE ( 'NONE', #9773, #6278, #9998, .T. ) ;
#9592 = SURFACE_SIDE_STYLE ('',( #9336 ) ) ;
#9593 = CARTESIAN_POINT ( 'NONE',  ( 1.949999999999999956, -1.036404544565270092, 0.000000000000000000 ) ) ;
#9594 = EDGE_LOOP ( 'NONE', ( #5775, #9481, #9564, #4629 ) ) ;
#9595 = DIRECTION ( 'NONE',  ( 0.000000000000000000, 0.000000000000000000, 1.000000000000000000 ) ) ;
#9596 = CYLINDRICAL_SURFACE ( 'NONE', #6723, 0.05000000000000001665 ) ;
#9597 = EDGE_CURVE ( 'NONE', #8371, #1468, #2203, .T. ) ;
#9598 = CARTESIAN_POINT ( 'NONE',  ( -0.7353553390593273731, 1.214644660940672694, 1.199999999999999956 ) ) ;
#9599 = CARTESIAN_POINT ( 'NONE',  ( 0.6999999999999999556, 1.250000000000000000, 0.000000000000000000 ) ) ;
#9600 = AXIS2_PLACEMENT_3D ( 'NONE', #739, #1563, #8740 ) ;
#9601 = ORIENTED_EDGE ( 'NONE', *, *, #10031, .F. ) ;
#9602 = CARTESIAN_POINT ( 'NONE',  ( 2.100000000000000089, 1.036404544565270092, -0.2500000000000000000 ) ) ;
#9603 = ORIENTED_EDGE ( 'NONE', *, *, #831, .F. ) ;
#9604 = PRESENTATION_STYLE_ASSIGNMENT (( #3245 ) ) ;
#9605 = ORIENTED_EDGE ( 'NONE', *, *, #196, .F. ) ;
#9606 = ORIENTED_EDGE ( 'NONE', *, *, #4323, .F. ) ;
#9607 = ORIENTED_EDGE ( 'NONE', *, *, #9953, .T. ) ;
#9608 = VECTOR ( 'NONE', #3369, 1000.000000000000000 ) ;
#9609 = CARTESIAN_POINT ( 'NONE',  ( 0.6999999999999999556, 1.199999999999999956, 0.000000000000000000 ) ) ;
#9610 = EDGE_CURVE ( 'NONE', #5197, #3036, #6388, .T. ) ;
#9611 = CYLINDRICAL_SURFACE ( 'NONE', #402, 0.05000000000000007216 ) ;
#9612 = EDGE_CURVE ( 'NONE', #8275, #5490, #2114, .T. ) ;
#9613 = CARTESIAN_POINT ( 'NONE',  ( 0.7500000000000000000, 1.250000000000000000, 1.199999999999999956 ) ) ;
#9614 = CARTESIAN_POINT ( 'NONE',  ( 0.9749999999999999778, 1.350000000000000089, 0.05000000000000000278 ) ) ;
#9615 = ORIENTED_EDGE ( 'NONE', *, *, #7078, .F. ) ;
#9616 = ORIENTED_EDGE ( 'NONE', *, *, #803, .F. ) ;
#9617 = CIRCLE ( 'NONE', #706, 0.04999999999999991257 ) ;
#9618 = EDGE_CURVE ( 'NONE', #7115, #4378, #8197, .T. ) ;
#9619 = FACE_OUTER_BOUND ( 'NONE', #6589, .T. ) ;
#9620 = ORIENTED_EDGE ( 'NONE', *, *, #5909, .F. ) ;
#9621 = EDGE_LOOP ( 'NONE', ( #2148, #5549, #8517, #1914 ) ) ;
#9622 = CYLINDRICAL_SURFACE ( 'NONE', #3129, 0.05000000000000007216 ) ;
#9623 = EDGE_CURVE ( 'NONE', #823, #4442, #9193, .T. ) ;
#9624 = DIRECTION ( 'NONE',  ( 0.000000000000000000, 0.000000000000000000, -1.000000000000000000 ) ) ;
#9625 = DIRECTION ( 'NONE',  ( 0.000000000000000000, 0.000000000000000000, 1.000000000000000000 ) ) ;
#9626 = CARTESIAN_POINT ( 'NONE',  ( -1.054999999999999938, 0.4574288342188090328, 1.250000000000000000 ) ) ;
#9627 = ORIENTED_EDGE ( 'NONE', *, *, #5895, .F. ) ;
#9628 = DIRECTION ( 'NONE',  ( -0.8522164413315482800, -0.5231893893459534928, 0.000000000000000000 ) ) ;
#9629 = UNCERTAINTY_MEASURE_WITH_UNIT (LENGTH_MEASURE( 1.000000000000000082E-05 ), #3741, 'distance_accuracy_value', 'NONE');
#9630 = DIRECTION ( 'NONE',  ( 0.000000000000000000, 0.000000000000000000, -1.000000000000000000 ) ) ;
#9631 = ADVANCED_FACE ( 'NONE', ( #10196 ), #3165, .T. ) ;
#9632 = FACE_OUTER_BOUND ( 'NONE', #571, .T. ) ;
#9633 = DIRECTION ( 'NONE',  ( 0.000000000000000000, 0.000000000000000000, -1.000000000000000000 ) ) ;
#9634 = DIRECTION ( 'NONE',  ( 1.000000000000000000, 0.000000000000000000, 0.000000000000000000 ) ) ;
#9635 = CARTESIAN_POINT ( 'NONE',  ( -1.899999999999999911, -1.399999999999999911, 0.05000000000000000278 ) ) ;
#9636 = ORIENTED_EDGE ( 'NONE', *, *, #6010, .F. ) ;
#9637 = ORIENTED_EDGE ( 'NONE', *, *, #5598, .T. ) ;
#9638 = VECTOR ( 'NONE', #5788, 1000.000000000000114 ) ;
#9639 = DIRECTION ( 'NONE',  ( 0.000000000000000000, 1.000000000000000000, 0.000000000000000000 ) ) ;
#9640 = DIRECTION ( 'NONE',  ( -1.000000000000000000, 0.000000000000000000, 0.000000000000000000 ) ) ;
#9641 = ORIENTED_EDGE ( 'NONE', *, *, #3992, .F. ) ;
#9642 = DIRECTION ( 'NONE',  ( -0.2326572596528327652, 0.9725587897555778572, 0.000000000000000000 ) ) ;
#9643 = AXIS2_PLACEMENT_3D ( 'NONE', #6193, #6244, #833 ) ;
#9644 = VECTOR ( 'NONE', #9982, 1000.000000000000000 ) ;
#9645 = EDGE_CURVE ( 'NONE', #8493, #4201, #1612, .T. ) ;
#9646 = CARTESIAN_POINT ( 'NONE',  ( -0.8000000000000000444, -1.350000000000000089, 1.199999999999999956 ) ) ;
#9647 = DIRECTION ( 'NONE',  ( -0.8917411990616690431, 0.4525457257516160015, -1.127570259384924020E-15 ) ) ;
#9648 = PRODUCT ( 'shield.STEP', 'shield.STEP', '', ( #6991 ) ) ;
#9649 = DIRECTION ( 'NONE',  ( -0.8917411990616680439, -0.4525457257516179999, 7.372574772901430151E-16 ) ) ;
#9650 = DIRECTION ( 'NONE',  ( 0.000000000000000000, 0.7071067811865482389, -0.7071067811865466846 ) ) ;
#9651 = ORIENTED_EDGE ( 'NONE', *, *, #534, .T. ) ;
#9652 = ORIENTED_EDGE ( 'NONE', *, *, #5181, .F. ) ;
#9653 = CARTESIAN_POINT ( 'NONE',  ( -1.949999999999999956, -0.7364045445652709354, -0.2999999999999999889 ) ) ;
#9654 = EDGE_LOOP ( 'NONE', ( #9418, #7316, #5470, #8838 ) ) ;
#9655 = AXIS2_PLACEMENT_3D ( 'NONE', #2737, #1196, #6660 ) ;
#9656 = CIRCLE ( 'NONE', #6013, 0.2000000000000001221 ) ;
#9657 = ORIENTED_EDGE ( 'NONE', *, *, #2806, .F. ) ;
#9658 = EDGE_CURVE ( 'NONE', #7354, #5261, #3089, .T. ) ;
#9659 = EDGE_LOOP ( 'NONE', ( #9791, #3537, #34, #6643 ) ) ;
#9660 = DIRECTION ( 'NONE',  ( 0.2326572596528327652, -0.9725587897555778572, 0.000000000000000000 ) ) ;
#9661 = EDGE_CURVE ( 'NONE', #5790, #4827, #1475, .T. ) ;
#9662 = AXIS2_PLACEMENT_3D ( 'NONE', #5657, #1907, #3549 ) ;
#9663 = CIRCLE ( 'NONE', #2405, 0.05000000000000002359 ) ;
#9664 = LINE ( 'NONE', #5619, #8468 ) ;
#9665 = CARTESIAN_POINT ( 'NONE',  ( -0.9455091451503230271, 0.5129938551276220782, 1.250000000000000000 ) ) ;
#9666 = SURFACE_SIDE_STYLE ('',( #7283 ) ) ;
#9667 = ORIENTED_EDGE ( 'NONE', *, *, #8206, .T. ) ;
#9668 = VERTEX_POINT ( 'NONE', #746 ) ;
#9669 = DIRECTION ( 'NONE',  ( -0.7071067811865474617, 0.7071067811865474617, 0.000000000000000000 ) ) ;
#9670 = ORIENTED_EDGE ( 'NONE', *, *, #7677, .F. ) ;
#9671 = VECTOR ( 'NONE', #8488, 1000.000000000000000 ) ;
#9672 = ORIENTED_EDGE ( 'NONE', *, *, #4733, .T. ) ;
#9673 = EDGE_CURVE ( 'NONE', #9950, #9763, #3218, .T. ) ;
#9674 = DIRECTION ( 'NONE',  ( 0.7071067811865474617, -0.7071067811865474617, 0.000000000000000000 ) ) ;
#9675 = DIRECTION ( 'NONE',  ( 0.000000000000000000, 0.000000000000000000, 1.000000000000000000 ) ) ;
#9676 = DIRECTION ( 'NONE',  ( -0.7071067811865482389, 0.000000000000000000, -0.7071067811865466846 ) ) ;
#9677 = ORIENTED_EDGE ( 'NONE', *, *, #9315, .F. ) ;
#9678 = ORIENTED_EDGE ( 'NONE', *, *, #3110, .T. ) ;
#9679 = LINE ( 'NONE', #8161, #4040 ) ;
#9680 = ADVANCED_FACE ( 'NONE', ( #5529 ), #1688, .T. ) ;
#9681 = ADVANCED_FACE ( 'NONE', ( #13 ), #5583, .T. ) ;
#9682 = DIRECTION ( 'NONE',  ( -1.000000000000000000, 0.000000000000000000, 0.000000000000000000 ) ) ;
#9683 =( NAMED_UNIT ( * ) PLANE_ANGLE_UNIT ( ) SI_UNIT ( $, .RADIAN. ) );
#9684 = CARTESIAN_POINT ( 'NONE',  ( 2.100000000000000089, -1.036404544565270092, 0.000000000000000000 ) ) ;
#9685 = CARTESIAN_POINT ( 'NONE',  ( -0.8000000000000000444, 1.350000000000000089, 1.199999999999999956 ) ) ;
#9686 = CYLINDRICAL_SURFACE ( 'NONE', #10087, 0.05000000000000001665 ) ;
#9687 = CARTESIAN_POINT ( 'NONE',  ( -1.900000000011639933, -1.036404544565270092, 0.000000000000000000 ) ) ;
#9688 = DIRECTION ( 'NONE',  ( 0.000000000000000000, 0.000000000000000000, -1.000000000000000000 ) ) ;
#9689 = ORIENTED_EDGE ( 'NONE', *, *, #3677, .T. ) ;
#9690 = AXIS2_PLACEMENT_3D ( 'NONE', #6172, #2415, #8548 ) ;
#9691 = VERTEX_POINT ( 'NONE', #9425 ) ;
#9692 = VECTOR ( 'NONE', #204, 1000.000000000000000 ) ;
#9693 = ADVANCED_FACE ( 'NONE', ( #4709 ), #3844, .T. ) ;
#9694 = CYLINDRICAL_SURFACE ( 'NONE', #7033, 0.05000000000000007216 ) ;
#9695 = ORIENTED_EDGE ( 'NONE', *, *, #5885, .F. ) ;
#9696 = VECTOR ( 'NONE', #8771, 1000.000000000000000 ) ;
#9697 = VECTOR ( 'NONE', #6063, 1000.000000000000000 ) ;
#9698 = DIRECTION ( 'NONE',  ( -0.7071067811865482389, 0.000000000000000000, -0.7071067811865466846 ) ) ;
#9699 = LINE ( 'NONE', #5656, #3207 ) ;
#9700 = CARTESIAN_POINT ( 'NONE',  ( -1.949999999999999956, -0.9570941997376849475, -0.4482758620689660245 ) ) ;
#9701 = VERTEX_POINT ( 'NONE', #2455 ) ;
#9702 = DIRECTION ( 'NONE',  ( 0.000000000000000000, 1.000000000000000000, 0.000000000000000000 ) ) ;
#9703 = ORIENTED_EDGE ( 'NONE', *, *, #1994, .T. ) ;
#9704 = CIRCLE ( 'NONE', #5240, 0.04999999999999991257 ) ;
#9705 = AXIS2_PLACEMENT_3D ( 'NONE', #6153, #4602, #3838 ) ;
#9706 = EDGE_CURVE ( 'NONE', #266, #5133, #647, .T. ) ;
#9707 = VERTEX_POINT ( 'NONE', #6938 ) ;
#9708 = CARTESIAN_POINT ( 'NONE',  ( 1.104999999999999982, -0.2287144171094039891, 1.250000000000000000 ) ) ;
#9709 = CARTESIAN_POINT ( 'NONE',  ( 0.3222667766999390282, -0.6049999999999999822, 1.250000000000000000 ) ) ;
#9710 = LINE ( 'NONE', #3557, #945 ) ;
#9711 = AXIS2_PLACEMENT_3D ( 'NONE', #6217, #3172, #2358 ) ;
#9712 = VECTOR ( 'NONE', #4635, 1000.000000000000000 ) ;
#9713 = DIRECTION ( 'NONE',  ( 1.000000000000000000, 0.000000000000000000, 0.000000000000000000 ) ) ;
#9714 = DIRECTION ( 'NONE',  ( 0.000000000000000000, -1.000000000000000000, 0.000000000000000000 ) ) ;
#9715 = AXIS2_PLACEMENT_3D ( 'NONE', #7399, #8962, #4267 ) ;
#9716 = LINE ( 'NONE', #9087, #8642 ) ;
#9717 = DIRECTION ( 'NONE',  ( -0.7071067811865483499, 0.000000000000000000, 0.7071067811865466846 ) ) ;
#9718 = EDGE_LOOP ( 'NONE', ( #2427, #2752, #1345, #9136 ) ) ;
#9719 = ORIENTED_EDGE ( 'NONE', *, *, #3291, .F. ) ;
#9720 = CARTESIAN_POINT ( 'NONE',  ( -0.3750000000000000000, -1.185355339059327440, 1.235355339059327262 ) ) ;
#9721 = ADVANCED_FACE ( 'NONE', ( #10095 ), #6160, .T. ) ;
#9722 = ADVANCED_FACE ( 'NONE', ( #2252 ), #5382, .T. ) ;
#9723 = COLOUR_RGB ( '',0.8627450980392157298, 0.6274509803921568540, 0.05882352941176470507 ) ;
#9724 = VERTEX_POINT ( 'NONE', #10141 ) ;
#9725 = AXIS2_PLACEMENT_3D ( 'NONE', #5827, #6553, #8189 ) ;
#9726 = DIRECTION ( 'NONE',  ( -0.8522164413315482800, -0.5231893893459534928, 0.000000000000000000 ) ) ;
#9727 = FACE_OUTER_BOUND ( 'NONE', #2914, .T. ) ;
#9728 = CARTESIAN_POINT ( 'NONE',  ( -0.4127759218502620175, -0.7833482398123340351, 1.250000000000000000 ) ) ;
#9729 = ORIENTED_EDGE ( 'NONE', *, *, #7130, .T. ) ;
#9730 = AXIS2_PLACEMENT_3D ( 'NONE', #1810, #6547, #7313 ) ;
#9731 = EDGE_CURVE ( 'NONE', #4284, #8431, #7531, .T. ) ;
#9732 = CIRCLE ( 'NONE', #5107, 0.05000000000000002359 ) ;
#9733 = EDGE_LOOP ( 'NONE', ( #4188, #4014, #1318, #892 ) ) ;
#9734 = DIRECTION ( 'NONE',  ( 0.000000000000000000, 1.000000000000000000, 0.000000000000000000 ) ) ;
#9735 = EDGE_LOOP ( 'NONE', ( #6252, #7973, #7103, #3410 ) ) ;
#9736 = CIRCLE ( 'NONE', #9901, 0.1000000000000001443 ) ;
#9737 = MANIFOLD_SOLID_BREP ( 'Switch_C&K_Components_KMR231NG_LFS_eec.STEP<1>[1]', #10044 ) ;
#9738 = DIRECTION ( 'NONE',  ( 0.7071067811865474617, 0.7071067811865474617, 0.000000000000000000 ) ) ;
#9739 = DIRECTION ( 'NONE',  ( 0.000000000000000000, 1.000000000000000000, 0.000000000000000000 ) ) ;
#9740 = CARTESIAN_POINT ( 'NONE',  ( -0.7353553390593273731, -1.214644660940672694, 1.199999999999999956 ) ) ;
#9741 = PLANE ( 'NONE',  #8257 ) ;
#9742 = DIRECTION ( 'NONE',  ( -1.000000000000000000, 0.000000000000000000, 0.000000000000000000 ) ) ;
#9743 = ADVANCED_FACE ( 'NONE', ( #3503 ), #2305, .T. ) ;
#9744 = CARTESIAN_POINT ( 'NONE',  ( 2.299999999999999822, -1.100000000000000089, 0.000000000000000000 ) ) ;
#9745 = ADVANCED_FACE ( 'NONE', ( #7772 ), #10159, .F. ) ;
#9746 = VECTOR ( 'NONE', #3580, 1000.000000000000000 ) ;
#9747 = ORIENTED_EDGE ( 'NONE', *, *, #2730, .T. ) ;
#9748 = EDGE_LOOP ( 'NONE', ( #5541, #4137, #9035, #8556, #838, #2075, #5609, #7386, #1530 ) ) ;
#9749 = CARTESIAN_POINT ( 'NONE',  ( -2.100000000000000089, 1.036404544565270092, 0.000000000000000000 ) ) ;
#9750 = ORIENTED_EDGE ( 'NONE', *, *, #7297, .F. ) ;
#9751 = DIRECTION ( 'NONE',  ( -0.8917411990616684880, 0.4525457257516172227, 0.000000000000000000 ) ) ;
#9752 = APPLICATION_CONTEXT ( 'automotive_design' ) ;
#9753 = CARTESIAN_POINT ( 'NONE',  ( 0.9749999999999999778, 1.350000000000000089, 1.250000000000000000 ) ) ;
#9754 = MANIFOLD_SOLID_BREP ( 'Switch_C&K_Components_KMR231NG_LFS_eec.STEP<1>', #7880 ) ;
#9755 = CARTESIAN_POINT ( 'NONE',  ( 0.3222667766999390282, 0.6049999999999999822, 1.300000000000000044 ) ) ;
#9756 = CARTESIAN_POINT ( 'NONE',  ( -0.6999999999999999556, 1.306066017177981875, 0.1060660171779821970 ) ) ;
#9757 = EDGE_CURVE ( 'NONE', #5772, #9792, #819, .T. ) ;
#9758 = CARTESIAN_POINT ( 'NONE',  ( -1.899999999999999911, 1.350000000000000089, 0.05000000000000000278 ) ) ;
#9759 = EDGE_LOOP ( 'NONE', ( #6768, #10135, #3152, #5889 ) ) ;
#9760 = CARTESIAN_POINT ( 'NONE',  ( -0.6999999999999999556, 1.199999999999999956, 0.1499999999999999944 ) ) ;
#9761 = ORIENTED_EDGE ( 'NONE', *, *, #8700, .T. ) ;
#9762 = AXIS2_PLACEMENT_3D ( 'NONE', #10027, #9240, #2183 ) ;
#9763 = VERTEX_POINT ( 'NONE', #3138 ) ;
#9764 = DIRECTION ( 'NONE',  ( 0.000000000000000000, 0.000000000000000000, 1.000000000000000000 ) ) ;
#9765 = CARTESIAN_POINT ( 'NONE',  ( 1.949999999999999956, 1.036404544565270092, -0.7500000000000000000 ) ) ;
#9766 = VECTOR ( 'NONE', #8903, 1000.000000000000000 ) ;
#9767 = ADVANCED_FACE ( 'NONE', ( #9546 ), #922, .T. ) ;
#9768 = CARTESIAN_POINT ( 'NONE',  ( 1.899999999999999911, -0.5000000000000000000, 0.000000000000000000 ) ) ;
#9769 = CARTESIAN_POINT ( 'NONE',  ( 0.8000000000000000444, -1.250000000000000000, 1.199999999999999956 ) ) ;
#9770 = EDGE_LOOP ( 'NONE', ( #5167, #3362, #674, #2823, #5210, #2371, #5292 ) ) ;
#9771 = ORIENTED_EDGE ( 'NONE', *, *, #8486, .T. ) ;
#9772 = AXIS2_PLACEMENT_3D ( 'NONE', #5668, #4853, #3308 ) ;
#9773 = VERTEX_POINT ( 'NONE', #9442 ) ;
#9774 = DIRECTION ( 'NONE',  ( 0.7071067811865474617, 0.000000000000000000, 0.7071067811865474617 ) ) ;
#9775 = DIRECTION ( 'NONE',  ( 0.000000000000000000, -1.000000000000000000, 0.000000000000000000 ) ) ;
#9776 = EDGE_CURVE ( 'NONE', #9724, #4041, #3916, .T. ) ;
#9777 = CARTESIAN_POINT ( 'NONE',  ( 0.6999999999999999556, -1.149999999999999911, 1.199999999999999956 ) ) ;
#9778 = AXIS2_PLACEMENT_3D ( 'NONE', #2019, #5158, #3400 ) ;
#9779 = VERTEX_POINT ( 'NONE', #4628 ) ;
#9780 = CARTESIAN_POINT ( 'NONE',  ( 1.899999999999999911, 0.4364045445652700028, -0.05000000000000000278 ) ) ;
#9781 = ORIENTED_EDGE ( 'NONE', *, *, #2664, .T. ) ;
#9782 = ORIENTED_EDGE ( 'NONE', *, *, #2560, .T. ) ;
#9783 = ADVANCED_FACE ( 'NONE', ( #4024 ), #3299, .T. ) ;
#9784 = CARTESIAN_POINT ( 'NONE',  ( -0.9749999999999999778, -1.385355339059327395, 1.235355339059327262 ) ) ;
#9785 = CARTESIAN_POINT ( 'NONE',  ( -1.095162613781379912, -0.3346456153152879698, 0.1499999999999999944 ) ) ;
#9786 = DIRECTION ( 'NONE',  ( 0.000000000000000000, 0.000000000000000000, 1.000000000000000000 ) ) ;
#9787 = DIRECTION ( 'NONE',  ( -1.000000000000000000, 0.000000000000000000, 0.000000000000000000 ) ) ;
#9788 = DIRECTION ( 'NONE',  ( 0.000000000000000000, 1.000000000000000000, 0.000000000000000000 ) ) ;
#9789 = DIRECTION ( 'NONE',  ( 0.7071067811865474617, 0.000000000000000000, 0.7071067811865474617 ) ) ;
#9790 = EDGE_CURVE ( 'NONE', #8625, #9763, #3602, .T. ) ;
#9791 = ORIENTED_EDGE ( 'NONE', *, *, #8219, .F. ) ;
#9792 = VERTEX_POINT ( 'NONE', #4676 ) ;
#9793 = FACE_OUTER_BOUND ( 'NONE', #2741, .T. ) ;
#9794 = ORIENTED_EDGE ( 'NONE', *, *, #6291, .T. ) ;
#9795 = ADVANCED_FACE ( 'NONE', ( #2370 ), #7163, .T. ) ;
#9796 = CARTESIAN_POINT ( 'NONE',  ( 1.899999999999999911, 1.350000000000000089, 0.05000000000000000278 ) ) ;
#9797 = DIRECTION ( 'NONE',  ( 0.2326572596528327652, 0.9725587897555778572, 0.000000000000000000 ) ) ;
#9798 = EDGE_CURVE ( 'NONE', #8285, #1920, #8896, .T. ) ;
#9799 = DIRECTION ( 'NONE',  ( 0.000000000000000000, 0.000000000000000000, 1.000000000000000000 ) ) ;
#9800 = TOROIDAL_SURFACE ( 'NONE', #2385, 0.2500000000000000000, 0.05000000000000000278 ) ;
#9801 = CARTESIAN_POINT ( 'NONE',  ( -2.299999999999999822, 1.100000000000000089, 0.2000000000000000111 ) ) ;
#9802 = CARTESIAN_POINT ( 'NONE',  ( 2.299999999999999822, -0.5000000000000000000, 0.000000000000000000 ) ) ;
#9803 = VERTEX_POINT ( 'NONE', #6335 ) ;
#9804 = ORIENTED_EDGE ( 'NONE', *, *, #696, .F. ) ;
#9805 = DIRECTION ( 'NONE',  ( 0.000000000000000000, -1.000000000000000000, 0.000000000000000000 ) ) ;
#9806 = ORIENTED_EDGE ( 'NONE', *, *, #2426, .T. ) ;
#9807 = ORIENTED_EDGE ( 'NONE', *, *, #615, .F. ) ;
#9808 = CIRCLE ( 'NONE', #2222, 0.05000000000000001665 ) ;
#9809 = EDGE_CURVE ( 'NONE', #10102, #3290, #6591, .T. ) ;
#9810 = VECTOR ( 'NONE', #377, 1000.000000000000000 ) ;
#9811 = DIRECTION ( 'NONE',  ( 0.000000000000000000, 1.000000000000000000, 0.000000000000000000 ) ) ;
#9812 = FACE_OUTER_BOUND ( 'NONE', #7364, .T. ) ;
#9813 = CARTESIAN_POINT ( 'NONE',  ( 0.3999999999912690618, -1.350000000000000089, 0.1499999999999999944 ) ) ;
#9814 = ORIENTED_EDGE ( 'NONE', *, *, #9324, .F. ) ;
#9815 = DIRECTION ( 'NONE',  ( 0.000000000000000000, 0.000000000000000000, 1.000000000000000000 ) ) ;
#9816 = CARTESIAN_POINT ( 'NONE',  ( 0.8000000000025470070, 1.150000000026190072, 0.000000000000000000 ) ) ;
#9817 = DIRECTION ( 'NONE',  ( 0.000000000000000000, 1.000000000000000000, 0.000000000000000000 ) ) ;
#9818 = DIRECTION ( 'NONE',  ( 0.8522164413315485021, -0.5231893893459532707, 0.000000000000000000 ) ) ;
#9819 = CIRCLE ( 'NONE', #2566, 0.04999999999999991257 ) ;
#9820 = ORIENTED_EDGE ( 'NONE', *, *, #6319, .F. ) ;
#9821 = CIRCLE ( 'NONE', #910, 0.04999999999999991257 ) ;
#9822 = ORIENTED_EDGE ( 'NONE', *, *, #10116, .F. ) ;
#9823 = EDGE_LOOP ( 'NONE', ( #5049, #8024, #10072, #2027 ) ) ;
#9824 = ORIENTED_EDGE ( 'NONE', *, *, #10116, .T. ) ;
#9825 = EDGE_CURVE ( 'NONE', #9913, #6340, #2639, .T. ) ;
#9826 = AXIS2_PLACEMENT_3D ( 'NONE', #9599, #3443, #1028 ) ;
#9827 = CARTESIAN_POINT ( 'NONE',  ( -0.8000000000000000444, 0.5999999999999999778, 1.199999999999999956 ) ) ;
#9828 = AXIS2_PLACEMENT_3D ( 'NONE', #2666, #8120, #8325 ) ;
#9829 = DIRECTION ( 'NONE',  ( -0.7071067811865505703, -5.421010862427521184E-16, 0.7071067811865445751 ) ) ;
#9830 = CARTESIAN_POINT ( 'NONE',  ( 1.899999999938880135, -1.036404544565270092, 0.000000000000000000 ) ) ;
#9831 = DIRECTION ( 'NONE',  ( 0.8917411990616683770, 0.4525457257516171672, 0.000000000000000000 ) ) ;
#9832 = ORIENTED_EDGE ( 'NONE', *, *, #3750, .T. ) ;
#9833 = ORIENTED_EDGE ( 'NONE', *, *, #1412, .T. ) ;
#9834 = CARTESIAN_POINT ( 'NONE',  ( -0.3901486355626809788, 0.7387611798592499390, 1.850000000000000089 ) ) ;
#9835 = AXIS2_PLACEMENT_3D ( 'NONE', #884, #1504, #6787 ) ;
#9836 = ORIENTED_EDGE ( 'NONE', *, *, #6191, .T. ) ;
#9837 = ORIENTED_EDGE ( 'NONE', *, *, #3940, .T. ) ;
#9838 = EDGE_CURVE ( 'NONE', #2030, #5065, #7979, .T. ) ;
#9839 = CARTESIAN_POINT ( 'NONE',  ( 1.005000000000000115, -0.3346456153152879698, 1.850000000000000089 ) ) ;
#9840 = DIRECTION ( 'NONE',  ( 0.000000000000000000, 1.000000000000000000, 0.000000000000000000 ) ) ;
#9841 = DIRECTION ( 'NONE',  ( 0.000000000000000000, 0.000000000000000000, 1.000000000000000000 ) ) ;
#9842 = CARTESIAN_POINT ( 'NONE',  ( 1.935355339059327440, -0.4364045445652709465, -0.01464466094067265987 ) ) ;
#9843 = PLANE ( 'NONE',  #3804 ) ;
#9844 = DIRECTION ( 'NONE',  ( 0.000000000000000000, 1.000000000000000000, 0.000000000000000000 ) ) ;
#9845 = CYLINDRICAL_SURFACE ( 'NONE', #7563, 0.05000000000000001665 ) ;
#9846 = ORIENTED_EDGE ( 'NONE', *, *, #1286, .T. ) ;
#9847 = ORIENTED_EDGE ( 'NONE', *, *, #6716, .T. ) ;
#9848 = CARTESIAN_POINT ( 'NONE',  ( -1.949999999999999956, -1.036404544565270092, 0.000000000000000000 ) ) ;
#9849 = EDGE_CURVE ( 'NONE', #5311, #6199, #5759, .T. ) ;
#9850 = ADVANCED_FACE ( 'NONE', ( #6601 ), #4954, .T. ) ;
#9851 = ORIENTED_EDGE ( 'NONE', *, *, #1333, .T. ) ;
#9852 = DIRECTION ( 'NONE',  ( 0.5773502691896256200, 0.5773502691896256200, -0.5773502691896260641 ) ) ;
#9853 = DIRECTION ( 'NONE',  ( -0.5773502691896242878, 0.5773502691896329475, 0.5773502691896199579 ) ) ;
#9854 = AXIS2_PLACEMENT_3D ( 'NONE', #3131, #1705, #2316 ) ;
#9855 = DIRECTION ( 'NONE',  ( 5.551115123125780336E-15, -1.000000000000000000, 0.000000000000000000 ) ) ;
#9856 = CIRCLE ( 'NONE', #6717, 0.05000000000000001665 ) ;
#9857 = LINE ( 'NONE', #2923, #1597 ) ;
#9858 = EDGE_LOOP ( 'NONE', ( #1863, #8103, #1638, #6519 ) ) ;
#9859 = ORIENTED_EDGE ( 'NONE', *, *, #3053, .T. ) ;
#9860 = ADVANCED_FACE ( 'NONE', ( #290 ), #8089, .F. ) ;
#9861 = VERTEX_POINT ( 'NONE', #9802 ) ;
#9862 = ORIENTED_EDGE ( 'NONE', *, *, #7970, .T. ) ;
#9863 = VECTOR ( 'NONE', #859, 1000.000000000000000 ) ;
#9864 = PLANE ( 'NONE',  #7944 ) ;
#9865 = ORIENTED_EDGE ( 'NONE', *, *, #5180, .T. ) ;
#9866 = FACE_OUTER_BOUND ( 'NONE', #4015, .T. ) ;
#9867 = CYLINDRICAL_SURFACE ( 'NONE', #4518, 0.05000000000000007216 ) ;
#9868 = PRODUCT_DEFINITION_SHAPE ( 'NONE', 'NONE',  #10238 ) ;
#9869 = LINE ( 'NONE', #305, #5253 ) ;
#9870 = AXIS2_PLACEMENT_3D ( 'NONE', #1108, #3532, #4457 ) ;
#9871 = ORIENTED_EDGE ( 'NONE', *, *, #5037, .T. ) ;
#9872 = EDGE_CURVE ( 'NONE', #5835, #3852, #5868, .T. ) ;
#9873 = VERTEX_POINT ( 'NONE', #7268 ) ;
#9874 = EDGE_CURVE ( 'NONE', #6566, #4069, #1184, .T. ) ;
#9875 = VERTEX_POINT ( 'NONE', #8242 ) ;
#9876 = ORIENTED_EDGE ( 'NONE', *, *, #5621, .F. ) ;
#9877 = DIRECTION ( 'NONE',  ( 0.8917411990616685991, -0.4525457257516167786, 0.000000000000000000 ) ) ;
#9878 = CIRCLE ( 'NONE', #799, 0.05000000000000002359 ) ;
#9879 = VECTOR ( 'NONE', #8615, 1000.000000000000000 ) ;
#9880 = DIRECTION ( 'NONE',  ( 0.000000000000000000, 1.000000000000000000, 0.000000000000000000 ) ) ;
#9881 = DIRECTION ( 'NONE',  ( 1.982541115402059686E-16, -1.000000000000000000, -1.982541115402064617E-16 ) ) ;
#9882 = ORIENTED_EDGE ( 'NONE', *, *, #8261, .F. ) ;
#9883 = ADVANCED_FACE ( 'NONE', ( #7462 ), #397, .T. ) ;
#9884 = AXIS2_PLACEMENT_3D ( 'NONE', #8711, #90, #3139 ) ;
#9885 = AXIS2_PLACEMENT_3D ( 'NONE', #8305, #1091, #363 ) ;
#9886 = ORIENTED_EDGE ( 'NONE', *, *, #3425, .T. ) ;
#9887 = CARTESIAN_POINT ( 'NONE',  ( -1.949999999999999956, 1.036404544565270092, 0.000000000000000000 ) ) ;
#9888 = EDGE_LOOP ( 'NONE', ( #7946, #766, #6550, #6312 ) ) ;
#9889 = ORIENTED_EDGE ( 'NONE', *, *, #4490, .T. ) ;
#9890 = LINE ( 'NONE', #2814, #2801 ) ;
#9891 = DIRECTION ( 'NONE',  ( -0.7071067811865482389, 0.000000000000000000, -0.7071067811865466846 ) ) ;
#9892 = VECTOR ( 'NONE', #7739, 1000.000000000000000 ) ;
#9893 = LINE ( 'NONE', #3479, #3096 ) ;
#9894 = LINE ( 'NONE', #7347, #5520 ) ;
#9895 = CARTESIAN_POINT ( 'NONE',  ( -2.299999999999999822, 0.5000000000000000000, 0.000000000000000000 ) ) ;
#9896 = LINE ( 'NONE', #8327, #10185 ) ;
#9897 = ADVANCED_FACE ( 'NONE', ( #4135 ), #153, .T. ) ;
#9898 = ORIENTED_EDGE ( 'NONE', *, *, #448, .T. ) ;
#9899 = CARTESIAN_POINT ( 'NONE',  ( -0.3901486355626809788, 0.7387611798592499390, 1.850000000000000089 ) ) ;
#9900 = ORIENTED_EDGE ( 'NONE', *, *, #7824, .F. ) ;
#9901 = AXIS2_PLACEMENT_3D ( 'NONE', #6542, #441, #2008 ) ;
#9902 = AXIS2_PLACEMENT_3D ( 'NONE', #2506, #7836, #7186 ) ;
#9903 = LINE ( 'NONE', #1273, #9513 ) ;
#9904 = ORIENTED_EDGE ( 'NONE', *, *, #6471, .F. ) ;
#9905 = CIRCLE ( 'NONE', #5274, 0.1000000000000001443 ) ;
#9906 = CARTESIAN_POINT ( 'NONE',  ( 1.600000000000000089, 1.100000000000000089, 0.2000000000000000111 ) ) ;
#9907 = AXIS2_PLACEMENT_3D ( 'NONE', #6798, #5241, #1326 ) ;
#9908 = EDGE_CURVE ( 'NONE', #1570, #7463, #8397, .T. ) ;
#9909 = DIRECTION ( 'NONE',  ( -0.2326572596528327652, 0.9725587897555778572, 0.000000000000000000 ) ) ;
#9910 = VERTEX_POINT ( 'NONE', #10045 ) ;
#9911 = ORIENTED_EDGE ( 'NONE', *, *, #8461, .T. ) ;
#9912 = VERTEX_POINT ( 'NONE', #9114 ) ;
#9913 = VERTEX_POINT ( 'NONE', #3643 ) ;
#9914 = AXIS2_PLACEMENT_3D ( 'NONE', #621, #3626, #7731 ) ;
#9915 = CYLINDRICAL_SURFACE ( 'NONE', #6641, 0.05000000000000007216 ) ;
#9916 = ADVANCED_FACE ( 'NONE', ( #8330 ), #1269, .T. ) ;
#9917 = CARTESIAN_POINT ( 'NONE',  ( -1.899999999999999911, -1.350000000000000089, 0.000000000000000000 ) ) ;
#9918 = ORIENTED_EDGE ( 'NONE', *, *, #9195, .T. ) ;
#9919 = CARTESIAN_POINT ( 'NONE',  ( -1.900000000011639933, 1.349999999973810150, 0.000000000000000000 ) ) ;
#9920 = DIRECTION ( 'NONE',  ( 0.000000000000000000, -1.000000000000000000, 0.000000000000000000 ) ) ;
#9921 = TOROIDAL_SURFACE ( 'NONE', #2987, 0.1000000000000000056, 0.05000000000000000278 ) ;
#9922 = CARTESIAN_POINT ( 'NONE',  ( 1.600000000000000089, 0.5000000000000000000, 0.2000000000000000111 ) ) ;
#9923 = CARTESIAN_POINT ( 'NONE',  ( -0.4080121480153949820, 0.8418358655296350745, 1.300000000000000044 ) ) ;
#9924 = ORIENTED_EDGE ( 'NONE', *, *, #3360, .F. ) ;
#9925 = EDGE_LOOP ( 'NONE', ( #9173, #1816, #9667, #4345 ) ) ;
#9926 = ORIENTED_EDGE ( 'NONE', *, *, #8966, .T. ) ;
#9927 = ORIENTED_EDGE ( 'NONE', *, *, #8288, .T. ) ;
#9928 = DIRECTION ( 'NONE',  ( 0.000000000000000000, 1.000000000000000000, 0.000000000000000000 ) ) ;
#9929 = VECTOR ( 'NONE', #5958, 1000.000000000000000 ) ;
#9930 = CYLINDRICAL_SURFACE ( 'NONE', #2601, 0.05000000000000001665 ) ;
#9931 = EDGE_CURVE ( 'NONE', #2993, #7987, #2964, .T. ) ;
#9932 = CARTESIAN_POINT ( 'NONE',  ( -1.104999999999999982, -0.3346456153152879698, 1.300000000000000044 ) ) ;
#9933 = EDGE_LOOP ( 'NONE', ( #1151, #3644, #5624, #297 ) ) ;
#9934 = EDGE_CURVE ( 'NONE', #961, #2340, #3776, .T. ) ;
#9935 = LINE ( 'NONE', #7593, #5907 ) ;
#9936 = LINE ( 'NONE', #2858, #244 ) ;
#9937 = ORIENTED_EDGE ( 'NONE', *, *, #9380, .T. ) ;
#9938 = ORIENTED_EDGE ( 'NONE', *, *, #1020, .T. ) ;
#9939 = SPHERICAL_SURFACE ( 'NONE', #9384, 0.05000000000000000278 ) ;
#9940 = EDGE_CURVE ( 'NONE', #9549, #6329, #5231, .T. ) ;
#9941 = ADVANCED_FACE ( 'NONE', ( #6689 ), #9845, .T. ) ;
#9942 = VECTOR ( 'NONE', #3104, 1000.000000000000000 ) ;
#9943 = CARTESIAN_POINT ( 'NONE',  ( 2.299999999999999822, 1.100000000000000089, 0.000000000000000000 ) ) ;
#9944 = CARTESIAN_POINT ( 'NONE',  ( -0.8000000000000000444, 0.5999999999999999778, 1.250000000000000000 ) ) ;
#9945 = CARTESIAN_POINT ( 'NONE',  ( 0.6999999999999999556, 1.250000000000000000, 1.199999999999999956 ) ) ;
#9946 = DIRECTION ( 'NONE',  ( 0.000000000000000000, -0.7071067811865484609, 0.7071067811865466846 ) ) ;
#9947 = CARTESIAN_POINT ( 'NONE',  ( 2.100000000000000089, 0.4364045445652700028, -0.7500000000000000000 ) ) ;
#9948 = ORIENTED_EDGE ( 'NONE', *, *, #2254, .F. ) ;
#9949 = FACE_OUTER_BOUND ( 'NONE', #1715, .T. ) ;
#9950 = VERTEX_POINT ( 'NONE', #6835 ) ;
#9951 = LINE ( 'NONE', #6742, #4554 ) ;
#9952 = ADVANCED_BREP_SHAPE_REPRESENTATION ( '', ( #9754, #7728 ), #676 ) ;
#9953 = EDGE_CURVE ( 'NONE', #5573, #7816, #5262, .T. ) ;
#9954 = CARTESIAN_POINT ( 'NONE',  ( 0.8000000000000000444, 1.350000000000000089, 0.05000000000000000278 ) ) ;
#9955 = CARTESIAN_POINT ( 'NONE',  ( 0.000000000000000000, -2.300000000000000135E-11, 1.399999999999999911 ) ) ;
#9956 = CARTESIAN_POINT ( 'NONE',  ( -0.9636845643521000371, 0.5488085124984810603, 0.000000000000000000 ) ) ;
#9957 = DIRECTION ( 'NONE',  ( -1.000000000000000000, 0.000000000000000000, 0.000000000000000000 ) ) ;
#9958 = ORIENTED_EDGE ( 'NONE', *, *, #5819, .F. ) ;
#9959 = ORIENTED_EDGE ( 'NONE', *, *, #2085, .F. ) ;
#9960 = EDGE_LOOP ( 'NONE', ( #9550, #2682, #170, #8872 ) ) ;
#9961 = LINE ( 'NONE', #8492, #6366 ) ;
#9962 = ORIENTED_EDGE ( 'NONE', *, *, #6436, .F. ) ;
#9963 = EDGE_CURVE ( 'NONE', #8133, #3164, #8284, .T. ) ;
#9964 = PLANE ( 'NONE',  #4643 ) ;
#9965 = LINE ( 'NONE', #10010, #4558 ) ;
#9966 = ORIENTED_EDGE ( 'NONE', *, *, #10151, .F. ) ;
#9967 = CARTESIAN_POINT ( 'NONE',  ( 0.3750000000000000000, 1.185355339059327440, 0.01464466094067265294 ) ) ;
#9968 = FACE_OUTER_BOUND ( 'NONE', #3408, .T. ) ;
#9969 = FACE_OUTER_BOUND ( 'NONE', #8032, .T. ) ;
#9970 = VERTEX_POINT ( 'NONE', #3787 ) ;
#9971 = ORIENTED_EDGE ( 'NONE', *, *, #4653, .T. ) ;
#9972 = CIRCLE ( 'NONE', #8809, 0.2044619385973020509 ) ;
#9973 = VERTEX_POINT ( 'NONE', #3012 ) ;
#9974 = VERTEX_POINT ( 'NONE', #642 ) ;
#9975 = DIRECTION ( 'NONE',  ( -1.000000000000000000, 0.000000000000000000, 0.000000000000000000 ) ) ;
#9976 = LINE ( 'NONE', #681, #4636 ) ;
#9977 = AXIS2_PLACEMENT_3D ( 'NONE', #2170, #458, #1388 ) ;
#9978 = CIRCLE ( 'NONE', #1395, 0.04999999999999991257 ) ;
#9979 = DIRECTION ( 'NONE',  ( -1.000000000000000000, 0.000000000000000000, 0.000000000000000000 ) ) ;
#9980 = ORIENTED_EDGE ( 'NONE', *, *, #4672, .F. ) ;
#9981 = FACE_OUTER_BOUND ( 'NONE', #7751, .T. ) ;
#9982 = DIRECTION ( 'NONE',  ( 1.000000000000000000, 0.000000000000000000, 0.000000000000000000 ) ) ;
#9983 = EDGE_CURVE ( 'NONE', #6199, #8275, #3621, .T. ) ;
#9984 = VERTEX_POINT ( 'NONE', #2267 ) ;
#9985 = AXIS2_PLACEMENT_3D ( 'NONE', #6999, #7925, #2369 ) ;
#9986 = VECTOR ( 'NONE', #5172, 1000.000000000000000 ) ;
#9987 = CARTESIAN_POINT ( 'NONE',  ( -0.8000000000000000444, 1.399999999999999911, 0.05000000000000000278 ) ) ;
#9988 = DIRECTION ( 'NONE',  ( -1.000000000000000000, 0.000000000000000000, 0.000000000000000000 ) ) ;
#9989 = FACE_OUTER_BOUND ( 'NONE', #7735, .T. ) ;
#9990 = LINE ( 'NONE', #9157, #5627 ) ;
#9991 = CARTESIAN_POINT ( 'NONE',  ( 0.3750000000000000000, -1.399999999999999911, 1.199999999999999956 ) ) ;
#9992 = CIRCLE ( 'NONE', #7343, 0.05000000000000001665 ) ;
#9993 = VERTEX_POINT ( 'NONE', #9133 ) ;
#9994 = CARTESIAN_POINT ( 'NONE',  ( -1.899999999999999911, -1.399999999999999911, 0.000000000000000000 ) ) ;
#9995 = VERTEX_POINT ( 'NONE', #3614 ) ;
#9996 = EDGE_CURVE ( 'NONE', #7568, #4271, #5421, .T. ) ;
#9997 = EDGE_CURVE ( 'NONE', #4722, #2702, #6428, .T. ) ;
#9998 = LINE ( 'NONE', #5146, #8363 ) ;
#9999 = DIRECTION ( 'NONE',  ( 0.000000000000000000, 1.000000000000000000, 0.000000000000000000 ) ) ;
#10000 = CARTESIAN_POINT ( 'NONE',  ( -1.600000000000000089, 0.5000000000000000000, 0.000000000000000000 ) ) ;
#10001 = SPHERICAL_SURFACE ( 'NONE', #3767, 0.05000000000000000278 ) ;
#10002 = CARTESIAN_POINT ( 'NONE',  ( -0.6999999999999999556, 1.350000000000000089, 0.000000000000000000 ) ) ;
#10003 = EDGE_LOOP ( 'NONE', ( #9388, #612, #1378, #9569, #5833 ) ) ;
#10004 = ORIENTED_EDGE ( 'NONE', *, *, #9105, .F. ) ;
#10005 = EDGE_LOOP ( 'NONE', ( #4859, #9283, #1957, #2832 ) ) ;
#10006 = EDGE_CURVE ( 'NONE', #3197, #5971, #515, .T. ) ;
#10007 = CARTESIAN_POINT ( 'NONE',  ( 0.9636845643521000371, -0.5488085124984810603, 0.000000000000000000 ) ) ;
#10008 = DIRECTION ( 'NONE',  ( 0.000000000000000000, 0.000000000000000000, 1.000000000000000000 ) ) ;
#10009 = CIRCLE ( 'NONE', #5876, 0.05000000000000007216 ) ;
#10010 = CARTESIAN_POINT ( 'NONE',  ( -0.8000000000087310603, -1.150000000026190072, 0.1499999999999999944 ) ) ;
#10011 = VERTEX_POINT ( 'NONE', #559 ) ;
#10012 = CARTESIAN_POINT ( 'NONE',  ( 1.899999999999999911, 1.350000000000000089, 0.000000000000000000 ) ) ;
#10013 = CARTESIAN_POINT ( 'NONE',  ( -1.949999999999999956, 1.350000000000000089, 0.05000000000000000278 ) ) ;
#10014 = DIRECTION ( 'NONE',  ( -0.8917411990616675999, -0.4525457257516187770, 0.000000000000000000 ) ) ;
#10015 = VERTEX_POINT ( 'NONE', #10067 ) ;
#10016 = DIRECTION ( 'NONE',  ( 0.2326572596528327652, 0.9725587897555778572, 0.000000000000000000 ) ) ;
#10017 = ORIENTED_EDGE ( 'NONE', *, *, #5423, .T. ) ;
#10018 = EDGE_LOOP ( 'NONE', ( #7046, #5740, #1187, #1421, #269, #3475, #1798 ) ) ;
#10019 = EDGE_CURVE ( 'NONE', #5579, #4221, #3759, .T. ) ;
#10020 = VECTOR ( 'NONE', #1755, 1000.000000000000000 ) ;
#10021 = AXIS2_PLACEMENT_3D ( 'NONE', #832, #9452, #3193 ) ;
#10022 = ORIENTED_EDGE ( 'NONE', *, *, #5370, .F. ) ;
#10023 = CARTESIAN_POINT ( 'NONE',  ( 1.899999999999999911, -1.350000000000000089, 1.199999999999999956 ) ) ;
#10024 = CARTESIAN_POINT ( 'NONE',  ( 1.069644660940672676, -0.2287144171094039891, 1.264644660940672516 ) ) ;
#10025 = AXIS2_PLACEMENT_3D ( 'NONE', #6057, #9212, #3540 ) ;
#10026 = DIRECTION ( 'NONE',  ( -1.000000000000000000, 0.000000000000000000, 0.000000000000000000 ) ) ;
#10027 = CARTESIAN_POINT ( 'NONE',  ( 0.8000000000087310603, 1.349999999973810150, 0.000000000000000000 ) ) ;
#10028 = ORIENTED_EDGE ( 'NONE', *, *, #639, .T. ) ;
#10029 = CARTESIAN_POINT ( 'NONE',  ( 1.899999999999999911, -1.350000000000000089, 0.05000000000000000278 ) ) ;
#10030 = ORIENTED_EDGE ( 'NONE', *, *, #6042, .T. ) ;
#10031 = EDGE_CURVE ( 'NONE', #6329, #365, #8551, .T. ) ;
#10032 = EDGE_CURVE ( 'NONE', #1332, #3340, #6082, .T. ) ;
#10033 = DIRECTION ( 'NONE',  ( 0.000000000000000000, 0.000000000000000000, -1.000000000000000000 ) ) ;
#10034 = ORIENTED_EDGE ( 'NONE', *, *, #6363, .F. ) ;
#10035 = CIRCLE ( 'NONE', #9870, 0.1999999999999998446 ) ;
#10036 = VECTOR ( 'NONE', #721, 1000.000000000000000 ) ;
#10037 = CARTESIAN_POINT ( 'NONE',  ( 0.7646446609406726269, -1.385355339059327395, 0.000000000000000000 ) ) ;
#10038 = DIRECTION ( 'NONE',  ( -0.7071067811865453523, 0.000000000000000000, -0.7071067811865496822 ) ) ;
#10039 = EDGE_CURVE ( 'NONE', #4497, #1053, #9229, .T. ) ;
#10040 = DIRECTION ( 'NONE',  ( 1.000000000000000000, 3.965082230804129727E-16, 0.000000000000000000 ) ) ;
#10041 = VECTOR ( 'NONE', #2147, 1000.000000000000000 ) ;
#10042 = DIRECTION ( 'NONE',  ( 0.000000000000000000, 0.000000000000000000, 1.000000000000000000 ) ) ;
#10043 = CIRCLE ( 'NONE', #965, 0.04999999999999991257 ) ;
#10044 = CLOSED_SHELL ( 'NONE', ( #3869, #3222, #6965, #5494, #5363, #1137 ) ) ;
#10045 = CARTESIAN_POINT ( 'NONE',  ( -1.949999999999999956, -1.350000000000000089, 0.05000000000000000278 ) ) ;
#10046 = ORIENTED_EDGE ( 'NONE', *, *, #2485, .T. ) ;
#10047 = VERTEX_POINT ( 'NONE', #2217 ) ;
#10048 = DIRECTION ( 'NONE',  ( 1.000000000000000000, 6.167905691643949504E-16, 0.000000000000000000 ) ) ;
#10049 = CARTESIAN_POINT ( 'NONE',  ( -0.8549999999999999822, 0.3346456153152879698, 1.850000000000000089 ) ) ;
#10050 = VECTOR ( 'NONE', #5163, 1000.000000000000000 ) ;
#10051 = LINE ( 'NONE', #5334, #4589 ) ;
#10052 = EDGE_CURVE ( 'NONE', #3145, #4041, #9276, .T. ) ;
#10053 = EDGE_CURVE ( 'NONE', #5295, #6340, #5401, .T. ) ;
#10054 = SPHERICAL_SURFACE ( 'NONE', #6390, 0.05000000000000000278 ) ;
#10055 = CARTESIAN_POINT ( 'NONE',  ( -0.4127759218502620175, -0.7833482398123340351, 1.850000000000000089 ) ) ;
#10056 = CIRCLE ( 'NONE', #6595, 0.2000000000000001221 ) ;
#10057 = ORIENTED_EDGE ( 'NONE', *, *, #3521, .F. ) ;
#10058 = ORIENTED_EDGE ( 'NONE', *, *, #1795, .T. ) ;
#10059 = AXIS2_PLACEMENT_3D ( 'NONE', #9839, #1993, #8321 ) ;
#10060 = ORIENTED_EDGE ( 'NONE', *, *, #9047, .T. ) ;
#10061 = DIRECTION ( 'NONE',  ( 0.000000000000000000, -1.000000000000000000, 0.000000000000000000 ) ) ;
#10062 = EDGE_CURVE ( 'NONE', #6145, #7087, #10214, .T. ) ;
#10063 = ADVANCED_FACE ( 'NONE', ( #9969 ), #5302, .T. ) ;
#10064 = CYLINDRICAL_SURFACE ( 'NONE', #1436, 0.05000000000000001665 ) ;
#10065 = CARTESIAN_POINT ( 'NONE',  ( -0.8000000000000000444, 1.399999999999999911, 0.000000000000000000 ) ) ;
#10066 = CARTESIAN_POINT ( 'NONE',  ( 0.5999999999912679627, -1.149999999973809972, 0.1499999999999999944 ) ) ;
#10067 = CARTESIAN_POINT ( 'NONE',  ( -1.104999999999999982, -0.3346456153152879698, 1.250000000000000000 ) ) ;
#10068 = CARTESIAN_POINT ( 'NONE',  ( 0.3222667766999390282, 0.6049999999999999822, 1.250000000000000000 ) ) ;
#10069 = ORIENTED_EDGE ( 'NONE', *, *, #308, .T. ) ;
#10070 = ORIENTED_EDGE ( 'NONE', *, *, #8966, .F. ) ;
#10071 = CIRCLE ( 'NONE', #167, 0.2000000000000000944 ) ;
#10072 = ORIENTED_EDGE ( 'NONE', *, *, #8414, .T. ) ;
#10073 = LINE ( 'NONE', #7633, #4260 ) ;
#10074 = DIRECTION ( 'NONE',  ( -0.8917411990616680439, -0.4525457257516179999, 7.372574772901430151E-16 ) ) ;
#10075 = EDGE_CURVE ( 'NONE', #5941, #2658, #4300, .T. ) ;
#10076 = CARTESIAN_POINT ( 'NONE',  ( -0.8000000000000000444, 1.350000000000000089, 0.05000000000000000278 ) ) ;
#10077 = VERTEX_POINT ( 'NONE', #1389 ) ;
#10078 = CARTESIAN_POINT ( 'NONE',  ( 0.9455091451503230271, 0.5129938551276220782, 1.850000000000000089 ) ) ;
#10079 = ORIENTED_EDGE ( 'NONE', *, *, #3665, .T. ) ;
#10080 = LINE ( 'NONE', #2236, #9299 ) ;
#10081 = AXIS2_PLACEMENT_3D ( 'NONE', #570, #2999, #3719 ) ;
#10082 = DIRECTION ( 'NONE',  ( 0.000000000000000000, 1.000000000000000000, 0.000000000000000000 ) ) ;
#10083 = EDGE_CURVE ( 'NONE', #1786, #4235, #8500, .T. ) ;
#10084 = CARTESIAN_POINT ( 'NONE',  ( 0.8000000000000000444, -1.350000000000000089, 0.000000000000000000 ) ) ;
#10085 = DIRECTION ( 'NONE',  ( -0.7071067811865482389, 0.000000000000000000, -0.7071067811865466846 ) ) ;
#10086 = LINE ( 'NONE', #5178, #2996 ) ;
#10087 = AXIS2_PLACEMENT_3D ( 'NONE', #2613, #5752, #4986 ) ;
#10088 = LINE ( 'NONE', #1521, #8373 ) ;
#10089 = CARTESIAN_POINT ( 'NONE',  ( -2.299999999999999822, -1.100000000000000089, 0.000000000000000000 ) ) ;
#10090 = EDGE_LOOP ( 'NONE', ( #4150, #7429, #5003, #5869, #2583, #3713, #2939, #6849, #9576 ) ) ;
#10091 = CARTESIAN_POINT ( 'NONE',  ( 0.6999999999999999556, 1.250000000000000000, 1.250000000000000000 ) ) ;
#10092 = ORIENTED_EDGE ( 'NONE', *, *, #4231, .T. ) ;
#10093 = LINE ( 'NONE', #8388, #1899 ) ;
#10094 = EDGE_CURVE ( 'NONE', #9873, #8259, #9066, .T. ) ;
#10095 = FACE_OUTER_BOUND ( 'NONE', #9594, .T. ) ;
#10096 = VECTOR ( 'NONE', #7120, 1000.000000000000000 ) ;
#10097 = ADVANCED_FACE ( 'NONE', ( #1440 ), #609, .T. ) ;
#10098 = DIRECTION ( 'NONE',  ( 0.8917411990616690431, -0.4525457257516160015, -1.127570259384924020E-15 ) ) ;
#10099 = DIRECTION ( 'NONE',  ( 0.000000000000000000, 0.000000000000000000, -1.000000000000000000 ) ) ;
#10100 = VECTOR ( 'NONE', #4099, 1000.000000000000114 ) ;
#10101 = VERTEX_POINT ( 'NONE', #7577 ) ;
#10102 = VERTEX_POINT ( 'NONE', #6029 ) ;
#10103 = ORIENTED_EDGE ( 'NONE', *, *, #3450, .T. ) ;
#10104 = EDGE_CURVE ( 'NONE', #4435, #1474, #9182, .T. ) ;
#10105 = EDGE_CURVE ( 'NONE', #7816, #823, #6919, .T. ) ;
#10106 = LINE ( 'NONE', #2117, #781 ) ;
#10107 = CARTESIAN_POINT ( 'NONE',  ( -1.800000000000000044, -0.4364045445652709465, 0.1499999999999999944 ) ) ;
#10108 = DIRECTION ( 'NONE',  ( 0.000000000000000000, 1.000000000000000000, 0.000000000000000000 ) ) ;
#10109 = DIRECTION ( 'NONE',  ( 1.000000000000000000, 0.000000000000000000, 0.000000000000000000 ) ) ;
#10110 = ORIENTED_EDGE ( 'NONE', *, *, #5665, .T. ) ;
#10111 = DIRECTION ( 'NONE',  ( 1.000000000000000000, 0.000000000000000000, 0.000000000000000000 ) ) ;
#10112 = VERTEX_POINT ( 'NONE', #4584 ) ;
#10113 = DIRECTION ( 'NONE',  ( 0.000000000000000000, 0.000000000000000000, 1.000000000000000000 ) ) ;
#10114 = ORIENTED_EDGE ( 'NONE', *, *, #7139, .T. ) ;
#10115 = EDGE_CURVE ( 'NONE', #9691, #1493, #5595, .T. ) ;
#10116 = EDGE_CURVE ( 'NONE', #6616, #4174, #9573, .T. ) ;
#10117 = ORIENTED_EDGE ( 'NONE', *, *, #248, .T. ) ;
#10118 = DIRECTION ( 'NONE',  ( 0.000000000000000000, 0.000000000000000000, -1.000000000000000000 ) ) ;
#10119 = LINE ( 'NONE', #10024, #701 ) ;
#10120 = CARTESIAN_POINT ( 'NONE',  ( -2.299999999999999822, -1.100000000000000089, 0.000000000000000000 ) ) ;
#10121 = DIRECTION ( 'NONE',  ( -0.2326572596528327652, -0.9725587897555778572, 0.000000000000000000 ) ) ;
#10122 = DIRECTION ( 'NONE',  ( -3.965082230804129727E-16, 1.000000000000000000, 0.000000000000000000 ) ) ;
#10123 = CARTESIAN_POINT ( 'NONE',  ( -1.095162613781379912, -0.3346456153152879698, 0.000000000000000000 ) ) ;
#10124 = ORIENTED_EDGE ( 'NONE', *, *, #189, .T. ) ;
#10125 = AXIS2_PLACEMENT_3D ( 'NONE', #2683, #3348, #1764 ) ;
#10126 = LINE ( 'NONE', #9150, #3868 ) ;
#10127 = VERTEX_POINT ( 'NONE', #1021 ) ;
#10128 = ADVANCED_FACE ( 'NONE', ( #7156 ), #4943, .T. ) ;
#10129 = DIRECTION ( 'NONE',  ( 0.000000000000000000, 0.000000000000000000, 1.000000000000000000 ) ) ;
#10130 = CIRCLE ( 'NONE', #7160, 0.1500000000000000500 ) ;
#10131 = CARTESIAN_POINT ( 'NONE',  ( -1.600000000000000089, -0.5000000000000000000, 0.000000000000000000 ) ) ;
#10132 = CARTESIAN_POINT ( 'NONE',  ( -1.899999999999999911, 0.6999999999999999556, 0.05000000000000000278 ) ) ;
#10133 = DIRECTION ( 'NONE',  ( 0.7071067811865482389, 0.000000000000000000, -0.7071067811865466846 ) ) ;
#10134 = FACE_OUTER_BOUND ( 'NONE', #2314, .T. ) ;
#10135 = ORIENTED_EDGE ( 'NONE', *, *, #5022, .T. ) ;
#10136 = CIRCLE ( 'NONE', #6012, 0.04999999999999991257 ) ;
#10137 = DIRECTION ( 'NONE',  ( 0.000000000000000000, -1.000000000000000000, 0.000000000000000000 ) ) ;
#10138 = ADVANCED_FACE ( 'NONE', ( #4887 ), #7261, .T. ) ;
#10139 = ORIENTED_EDGE ( 'NONE', *, *, #2775, .F. ) ;
#10140 = UNCERTAINTY_MEASURE_WITH_UNIT (LENGTH_MEASURE( 1.000000000000000082E-05 ), #3277, 'distance_accuracy_value', 'NONE');
#10141 = CARTESIAN_POINT ( 'NONE',  ( 1.899999999938880135, 0.4364045445652700028, 0.1499999999999999944 ) ) ;
#10142 = CARTESIAN_POINT ( 'NONE',  ( -0.8000000000000000444, -1.250000000000000000, 1.250000000000000000 ) ) ;
#10143 = VECTOR ( 'NONE', #8707, 1000.000000000000000 ) ;
#10144 = CIRCLE ( 'NONE', #1409, 0.05000000000000001665 ) ;
#10145 = MANIFOLD_SOLID_BREP ( 'Switch_C&K_Components_KMR231NG_LFS_eec.STEP<1>', #6079 ) ;
#10146 = DIRECTION ( 'NONE',  ( 0.000000000000000000, 0.000000000000000000, -1.000000000000000000 ) ) ;
#10147 = CARTESIAN_POINT ( 'NONE',  ( 1.949999999999999956, -0.5182022722942770665, 0.000000000000000000 ) ) ;
#10148 = DIRECTION ( 'NONE',  ( 0.7071067811865457964, 0.7071067811865491270, 1.609823385706477378E-15 ) ) ;
#10149 = EDGE_LOOP ( 'NONE', ( #8149, #7285, #6018, #5148 ) ) ;
#10150 = ORIENTED_EDGE ( 'NONE', *, *, #6840, .F. ) ;
#10151 = EDGE_CURVE ( 'NONE', #2993, #2251, #1800, .T. ) ;
#10152 = ADVANCED_FACE ( 'NONE', ( #78 ), #4070, .F. ) ;
#10153 = CIRCLE ( 'NONE', #8003, 0.05000000000000002359 ) ;
#10154 = CYLINDRICAL_SURFACE ( 'NONE', #2107, 0.05000000000000001665 ) ;
#10155 = DIRECTION ( 'NONE',  ( 1.000000000000000000, 0.000000000000000000, 0.000000000000000000 ) ) ;
#10156 = ADVANCED_FACE ( 'NONE', ( #2276 ), #3818, .F. ) ;
#10157 = DIRECTION ( 'NONE',  ( -0.7071067811865466846, -0.7071067811865484609, -8.470329472543003391E-16 ) ) ;
#10158 = DIRECTION ( 'NONE',  ( 0.000000000000000000, 0.000000000000000000, -1.000000000000000000 ) ) ;
#10159 = PLANE ( 'NONE',  #5386 ) ;
#10160 = VERTEX_POINT ( 'NONE', #866 ) ;
#10161 = DIRECTION ( 'NONE',  ( 0.000000000000000000, 1.000000000000000000, 0.000000000000000000 ) ) ;
#10162 = ORIENTED_EDGE ( 'NONE', *, *, #3162, .T. ) ;
#10163 = FACE_OUTER_BOUND ( 'NONE', #783, .T. ) ;
#10164 = ORIENTED_EDGE ( 'NONE', *, *, #3783, .T. ) ;
#10165 = VERTEX_POINT ( 'NONE', #3234 ) ;
#10166 = VECTOR ( 'NONE', #5535, 1000.000000000000000 ) ;
#10167 = CARTESIAN_POINT ( 'NONE',  ( 1.600000000000000089, 0.5000000000000000000, 0.000000000000000000 ) ) ;
#10168 = CARTESIAN_POINT ( 'NONE',  ( 1.949999999999999956, 1.350000000000000089, 0.05000000000000000278 ) ) ;
#10169 = FACE_OUTER_BOUND ( 'NONE', #9243, .T. ) ;
#10170 = EDGE_CURVE ( 'NONE', #5873, #1298, #658, .T. ) ;
#10171 = DIRECTION ( 'NONE',  ( 0.000000000000000000, 1.000000000000000000, 0.000000000000000000 ) ) ;
#10172 = DIRECTION ( 'NONE',  ( -0.8522164413315482800, 0.5231893893459534928, 0.000000000000000000 ) ) ;
#10173 = DIRECTION ( 'NONE',  ( 0.000000000000000000, 0.000000000000000000, 1.000000000000000000 ) ) ;
#10174 = EDGE_CURVE ( 'NONE', #9950, #8092, #10226, .T. ) ;
#10175 = CARTESIAN_POINT ( 'NONE',  ( -2.299999999999999822, -0.5000000000000000000, 0.000000000000000000 ) ) ;
#10176 = CARTESIAN_POINT ( 'NONE',  ( -1.949999999999999956, -0.8000000000000000444, 0.000000000000000000 ) ) ;
#10177 = AXIS2_PLACEMENT_3D ( 'NONE', #2474, #3909, #4723 ) ;
#10178 = ORIENTED_EDGE ( 'NONE', *, *, #7564, .T. ) ;
#10179 = AXIS2_PLACEMENT_3D ( 'NONE', #3030, #5298, #6176 ) ;
#10180 = CARTESIAN_POINT ( 'NONE',  ( 0.8000000000025470070, 1.150000000026190072, 0.1499999999999999944 ) ) ;
#10181 = ORIENTED_EDGE ( 'NONE', *, *, #504, .F. ) ;
#10182 = EDGE_LOOP ( 'NONE', ( #2036, #3106, #3962, #4913 ) ) ;
#10183 = AXIS2_PLACEMENT_3D ( 'NONE', #4897, #4795, #715 ) ;
#10184 = DIRECTION ( 'NONE',  ( 0.000000000000000000, 0.000000000000000000, 1.000000000000000000 ) ) ;
#10185 = VECTOR ( 'NONE', #7546, 1000.000000000000000 ) ;
#10186 = FACE_OUTER_BOUND ( 'NONE', #1249, .T. ) ;
#10187 = CARTESIAN_POINT ( 'NONE',  ( -0.3222667766999390282, 0.8050000000000000488, 1.850000000000000089 ) ) ;
#10188 = ADVANCED_FACE ( 'NONE', ( #1689 ), #2457, .T. ) ;
#10189 = CARTESIAN_POINT ( 'NONE',  ( -1.600000000000000089, -0.5000000000000000000, 0.000000000000000000 ) ) ;
#10190 = DIRECTION ( 'NONE',  ( 0.000000000000000000, 0.000000000000000000, 1.000000000000000000 ) ) ;
#10191 = DIRECTION ( 'NONE',  ( -0.8917411990616683770, 0.4525457257516171672, 0.000000000000000000 ) ) ;
#10192 = AXIS2_PLACEMENT_3D ( 'NONE', #8427, #7027, #5323 ) ;
#10193 = ORIENTED_EDGE ( 'NONE', *, *, #4510, .F. ) ;
#10194 = CARTESIAN_POINT ( 'NONE',  ( 0.9455091451503230271, -0.5129938551276220782, 1.250000000000000000 ) ) ;
#10195 = VERTEX_POINT ( 'NONE', #4930 ) ;
#10196 = FACE_OUTER_BOUND ( 'NONE', #8672, .T. ) ;
#10197 = CARTESIAN_POINT ( 'NONE',  ( 1.600000000000000089, 1.100000000000000089, 0.000000000000000000 ) ) ;
#10198 = AXIS2_PLACEMENT_3D ( 'NONE', #1697, #2464, #8643 ) ;
#10199 = AXIS2_PLACEMENT_3D ( 'NONE', #791, #1684, #7086 ) ;
#10200 = EDGE_CURVE ( 'NONE', #8367, #4298, #5586, .T. ) ;
#10201 = DIRECTION ( 'NONE',  ( -2.055968564160549760E-16, 1.000000000000000000, 0.000000000000000000 ) ) ;
#10202 = CARTESIAN_POINT ( 'NONE',  ( 2.299999999999999822, 1.100000000000000089, 0.000000000000000000 ) ) ;
#10203 = DIRECTION ( 'NONE',  ( 1.000000000000000000, 0.000000000000000000, 0.000000000000000000 ) ) ;
#10204 = ORIENTED_EDGE ( 'NONE', *, *, #2254, .T. ) ;
#10205 = APPLICATION_PROTOCOL_DEFINITION ( 'draft international standard', 'automotive_design', 1998, #9012 ) ;
#10206 = ORIENTED_EDGE ( 'NONE', *, *, #5703, .F. ) ;
#10207 = EDGE_LOOP ( 'NONE', ( #5712, #1524, #9652, #2684, #8683, #10139, #6185, #6384, #8613, #7194, #754, #9048, #5340, #7360, #2500, #8125, #2573, #1928, #8540, #5639, #6713, #3616, #6281, #4377, #1147, #5972 ) ) ;
#10208 = VECTOR ( 'NONE', #1420, 1000.000000000000000 ) ;
#10209 = AXIS2_PLACEMENT_3D ( 'NONE', #9614, #6469, #2383 ) ;
#10210 = CLOSED_SHELL ( 'NONE', ( #3209, #5206, #4765, #4751, #1641, #7573 ) ) ;
#10211 = DIRECTION ( 'NONE',  ( 0.000000000000000000, 0.000000000000000000, -1.000000000000000000 ) ) ;
#10212 = EDGE_CURVE ( 'NONE', #4922, #4174, #4981, .T. ) ;
#10213 = DIRECTION ( 'NONE',  ( -1.982541115402059686E-16, 1.000000000000000000, -1.982541115402064617E-16 ) ) ;
#10214 = CIRCLE ( 'NONE', #8240, 0.2000000000000001221 ) ;
#10215 = AXIS2_PLACEMENT_3D ( 'NONE', #7644, #2905, #7024 ) ;
#10216 = CARTESIAN_POINT ( 'NONE',  ( -1.899999999999999911, -1.350000000000000089, 0.05000000000000000278 ) ) ;
#10217 = CYLINDRICAL_SURFACE ( 'NONE', #1756, 0.05000000000000001665 ) ;
#10218 =( NAMED_UNIT ( * ) SI_UNIT ( $, .STERADIAN. ) SOLID_ANGLE_UNIT ( ) );
#10219 = ORIENTED_EDGE ( 'NONE', *, *, #8757, .F. ) ;
#10220 = DIRECTION ( 'NONE',  ( 1.000000000000000000, 0.000000000000000000, 0.000000000000000000 ) ) ;
#10221 = EDGE_LOOP ( 'NONE', ( #466, #6855, #9505, #3572 ) ) ;
#10222 = FACE_OUTER_BOUND ( 'NONE', #3445, .T. ) ;
#10223 = ORIENTED_EDGE ( 'NONE', *, *, #4640, .T. ) ;
#10224 = EDGE_LOOP ( 'NONE', ( #9509, #5689, #5614, #2727 ) ) ;
#10225 = AXIS2_PLACEMENT_3D ( 'NONE', #9796, #8084, #9852 ) ;
#10226 = CIRCLE ( 'NONE', #6095, 0.2000000000000001221 ) ;
#10227 = EDGE_CURVE ( 'NONE', #8657, #9268, #8404, .T. ) ;
#10228 = VECTOR ( 'NONE', #4867, 1000.000000000000000 ) ;
#10229 = CARTESIAN_POINT ( 'NONE',  ( -0.3222667766999390282, 0.6049999999999999822, 0.000000000000000000 ) ) ;
#10230 = CARTESIAN_POINT ( 'NONE',  ( -2.100000000000000089, -0.4364045445652709465, 0.000000000000000000 ) ) ;
#10231 = DIRECTION ( 'NONE',  ( -1.000000000000000000, 0.000000000000000000, 0.000000000000000000 ) ) ;
#10232 = CARTESIAN_POINT ( 'NONE',  ( -0.8000000000000000444, 1.399999999999999911, 1.199999999999999956 ) ) ;
#10233 = LINE ( 'NONE', #8669, #2007 ) ;
#10234 = CARTESIAN_POINT ( 'NONE',  ( 0.8000000000000000444, -0.5999999999999999778, 1.250000000000000000 ) ) ;
#10235 = EDGE_CURVE ( 'NONE', #2904, #5718, #1790, .T. ) ;
#10236 = NEXT_ASSEMBLY_USAGE_OCCURRENCE ( 'NAUO1', ' ', ' ', #2113, #1675, $ ) ;
#10237 = NEXT_ASSEMBLY_USAGE_OCCURRENCE ( 'NAUO2', ' ', ' ', #1675, #8664, $ ) ;
#10238 = NEXT_ASSEMBLY_USAGE_OCCURRENCE ( 'NAUO3', ' ', ' ', #1675, #3170, $ ) ;
#10239 = NEXT_ASSEMBLY_USAGE_OCCURRENCE ( 'NAUO4', ' ', ' ', #1675, #5630, $ ) ;
#10240 = NEXT_ASSEMBLY_USAGE_OCCURRENCE ( 'NAUO5', ' ', ' ', #1675, #2857, $ ) ;
ENDSEC;
END-ISO-10303-21;
