ISO-10303-21;
HEADER;
FILE_DESCRIPTION (( 'STEP AP214' ),
    '1' );
FILE_NAME ('S22B-PHDSS.STEP',
    '2010-06-21T03:54:13',
    ( '9g-mnaganawa' ),
    ( 'ÇäÇìÇîÅ|ÇèÇÖÇÉ' ),
    'SwSTEP 2.0',
    'SolidWorks 2005235',
    '' );
FILE_SCHEMA (( 'AUTOMOTIVE_DESIGN' ));
ENDSEC;

DATA;
#1 = EDGE_CURVE ( 'NONE', #2, #5, #9516, .T. ) ;
#2 = VERTEX_POINT ( 'NONE', #9512 ) ;
#3 = ORIENTED_EDGE ( 'NONE', *, *, #6360, .F. ) ;
#4 = ORIENTED_EDGE ( 'NONE', *, *, #1, .F. ) ;
#5 = VERTEX_POINT ( 'NONE', #9511 ) ;
#6 = ORIENTED_EDGE ( 'NONE', *, *, #6480, .F. ) ;
#7 = EDGE_LOOP ( 'NONE', ( #3, #6, #13569, #10 ) ) ;
#8 = EDGE_CURVE ( 'NONE', #6513, #6549, #9509, .T. ) ;
#9 = EDGE_LOOP ( 'NONE', ( #13532, #13530, #13529, #13528 ) ) ;
#10 = ORIENTED_EDGE ( 'NONE', *, *, #6854, .F. ) ;
#11 = ORIENTED_EDGE ( 'NONE', *, *, #6976, .F. ) ;
#12 = ORIENTED_EDGE ( 'NONE', *, *, #17, .F. ) ;
#13 = ADVANCED_FACE ( 'NONE', ( #9505 ), #9544, .F. ) ;
#14 = ORIENTED_EDGE ( 'NONE', *, *, #13552, .F. ) ;
#15 = EDGE_LOOP ( 'NONE', ( #12, #14, #6991, #6992 ) ) ;
#16 = ORIENTED_EDGE ( 'NONE', *, *, #1, .T. ) ;
#17 = EDGE_CURVE ( 'NONE', #13551, #13538, #9539, .T. ) ;
#18 = EDGE_CURVE ( 'NONE', #5, #13551, #9535, .T. ) ;
#19 = ORIENTED_EDGE ( 'NONE', *, *, #18, .F. ) ;
#20 = ADVANCED_FACE ( 'NONE', ( #9531 ), #9530, .T. ) ;
#21 = VERTEX_POINT ( 'NONE', #9525 ) ;
#22 = CLOSED_SHELL ( 'NONE', ( #1359, #6373, #6462, #1129, #2117, #6591, #6444, #6847, #6880, #6785, #6438, #113, #7220, #7234, #6469, #7236, #7754, #5424, #7654, #7628, #3187, #7666, #7690, #7672, #7675, #7723, #7751, #7681, #7661, #7707, #7686, #7744, #7717, #7611, #7697, #6491, #7827, #7807, #7734, #7778, #7781, #7793, #6826, #6759, #7837, #6895, #7788, #7820, #7724, #7771, #8602, #8716, #9231, #7031, #13488, #6696, #7895, #7892, #8215, #8471, #8606, #9043, #9170, #9440, #8664, #8787, #9122, #9227, #178, #13536, #8006, #176, #6483, #8535, #5871, #13525, #7854, #8018, #8037, #8146, #8352, #8647, #9103, #12429, #6692, #8401, #9239, #140, #5062, #8097, #8106, #8409, #8458, #8538, #8362, #8932, #8163, #9410, #7105, #132, #8078, #8980, #9031, #9301, #7168, #13412, #6504, #8420, #8735, #6705, #7904, #7097, #6383, #6559, #8920, #9339, #7093, #6396, #13431, #13554, #8202, #8335, #8674, #8923, #8992, #9131, #9350, #9429, #13568, #7968, #8205, #8805, #9368, #9481, #7157, #243, #8775, #8880, #9187, #8624, #9434, #13531, #6999, #8689, #8729, #8885, #9006, #9126, #7981, #8054, #8168, #9061, #9330, #6547, #7935, #8431, #8558, #8613, #8892, #9199, #6658, #6654, #7848, #7988, #8175, #8756, #8819, #9388, #7119, #8616, #9313, #199, #9072, #9181, #9271, #7046, #1920, #6568, #7998, #8046, #8442, #9451, #6825, #8187, #8493, #8746, #8942, #8300, #9080, #9192, #9380, #7058, #13253, #229, #13516, #7865, #8371, #8414, #8504, #6677, #6844, #8101, #214, #7876, #8117, #8311, #8933, #7039, #7191, #4041, #1621, #13518, #6546, #8568, #7181, #204, #8448, #8293, #8874, #8962, #9209, #6432, #6669, #7858, #8239, #8248, #8764, #9320, #7025, #7188, #13489, #20, #1133, #907, #8582, #8723, #9273, #7139, #7146, #7074, #6413, #6410, #13496, #13484, #13468, #13457, #7879, #7953, #8258, #8250, #8268, #8446, #8510, #8523, #8643, #9021, #9028, #9038, #9152, #9461, #9468, #7065, #8704, #8826, #8837, #8844, #9159, #9288, #6774, #13, #8013, #6807, #8571, #6506, #6990, #6968, #7942, #8075, #8003, #8127, #8389, #8711, #9140, #183, #162, #147, #8329, #9279, #6788, #6497, #6405, #8134, #8194, #8396, #8970, #8963, #8902, #9335, #9346, #9407, #8630, #9395, #6519, #6986, #8690, #8833, #8947, #9086, #7922, #8060, #8121, #9257, #8376, #8516, #9146, #6430, #7813, #7125, #161, #7071, #6829, #8317 ) ) ;
#23 = VERTEX_POINT ( 'NONE', #9524 ) ;
#24 = VERTEX_POINT ( 'NONE', #9523 ) ;
#25 = ORIENTED_EDGE ( 'NONE', *, *, #30, .T. ) ;
#26 = ORIENTED_EDGE ( 'NONE', *, *, #27, .T. ) ;
#27 = EDGE_CURVE ( 'NONE', #21, #33, #9522, .T. ) ;
#28 = EDGE_CURVE ( 'NONE', #23, #24, #9576, .T. ) ;
#29 = ORIENTED_EDGE ( 'NONE', *, *, #28, .T. ) ;
#30 = EDGE_CURVE ( 'NONE', #36, #6977, #9572, .T. ) ;
#31 = ORIENTED_EDGE ( 'NONE', *, *, #32, .T. ) ;
#32 = EDGE_CURVE ( 'NONE', #33, #7294, #9568, .T. ) ;
#33 = VERTEX_POINT ( 'NONE', #9564 ) ;
#34 = EDGE_LOOP ( 'NONE', ( #29, #39, #25, #7001 ) ) ;
#35 = EDGE_CURVE ( 'NONE', #24, #36, #9563, .T. ) ;
#36 = VERTEX_POINT ( 'NONE', #9559 ) ;
#37 = EDGE_CURVE ( 'NONE', #45, #38, #9558, .T. ) ;
#38 = VERTEX_POINT ( 'NONE', #9554 ) ;
#39 = ORIENTED_EDGE ( 'NONE', *, *, #35, .T. ) ;
#40 = ORIENTED_EDGE ( 'NONE', *, *, #37, .T. ) ;
#41 = EDGE_CURVE ( 'NONE', #43, #45, #9553, .T. ) ;
#42 = VERTEX_POINT ( 'NONE', #9549 ) ;
#43 = VERTEX_POINT ( 'NONE', #9548 ) ;
#44 = ORIENTED_EDGE ( 'NONE', *, *, #41, .T. ) ;
#45 = VERTEX_POINT ( 'NONE', #9547 ) ;
#46 = ORIENTED_EDGE ( 'NONE', *, *, #47, .T. ) ;
#47 = EDGE_CURVE ( 'NONE', #42, #43, #9546, .T. ) ;
#48 = EDGE_LOOP ( 'NONE', ( #46, #44, #40, #9455 ) ) ;
#49 = EDGE_LOOP ( 'NONE', ( #6966, #6963, #4342, #4428 ) ) ;
#50 = EDGE_CURVE ( 'NONE', #54, #6978, #9605, .T. ) ;
#51 = VERTEX_POINT ( 'NONE', #9601 ) ;
#52 = ORIENTED_EDGE ( 'NONE', *, *, #53, .T. ) ;
#53 = EDGE_CURVE ( 'NONE', #51, #54, #9600, .T. ) ;
#54 = VERTEX_POINT ( 'NONE', #9596 ) ;
#55 = ORIENTED_EDGE ( 'NONE', *, *, #50, .T. ) ;
#56 = EDGE_CURVE ( 'NONE', #6979, #51, #9595, .T. ) ;
#57 = VERTEX_POINT ( 'NONE', #9591 ) ;
#58 = EDGE_CURVE ( 'NONE', #57, #62, #9590, .T. ) ;
#59 = ORIENTED_EDGE ( 'NONE', *, *, #60, .F. ) ;
#60 = EDGE_CURVE ( 'NONE', #116, #6578, #9586, .T. ) ;
#61 = ORIENTED_EDGE ( 'NONE', *, *, #58, .F. ) ;
#62 = VERTEX_POINT ( 'NONE', #9582 ) ;
#63 = ORIENTED_EDGE ( 'NONE', *, *, #64, .F. ) ;
#64 = EDGE_CURVE ( 'NONE', #62, #65, #9581, .T. ) ;
#65 = VERTEX_POINT ( 'NONE', #9577 ) ;
#66 = ORIENTED_EDGE ( 'NONE', *, *, #67, .F. ) ;
#67 = EDGE_CURVE ( 'NONE', #65, #68, #9639, .T. ) ;
#68 = VERTEX_POINT ( 'NONE', #9635 ) ;
#69 = VERTEX_POINT ( 'NONE', #9634 ) ;
#70 = EDGE_CURVE ( 'NONE', #6637, #6616, #9633, .T. ) ;
#71 = EDGE_CURVE ( 'NONE', #69, #68, #9629, .T. ) ;
#72 = ORIENTED_EDGE ( 'NONE', *, *, #71, .T. ) ;
#73 = ORIENTED_EDGE ( 'NONE', *, *, #70, .F. ) ;
#74 = VERTEX_POINT ( 'NONE', #9625 ) ;
#75 = ORIENTED_EDGE ( 'NONE', *, *, #77, .F. ) ;
#76 = EDGE_CURVE ( 'NONE', #74, #82, #9624, .T. ) ;
#77 = EDGE_CURVE ( 'NONE', #80, #74, #9620, .T. ) ;
#78 = EDGE_CURVE ( 'NONE', #81, #80, #9616, .T. ) ;
#79 = ORIENTED_EDGE ( 'NONE', *, *, #78, .F. ) ;
#80 = VERTEX_POINT ( 'NONE', #9612 ) ;
#81 = VERTEX_POINT ( 'NONE', #9611 ) ;
#82 = VERTEX_POINT ( 'NONE', #9610 ) ;
#83 = ORIENTED_EDGE ( 'NONE', *, *, #76, .F. ) ;
#84 = ORIENTED_EDGE ( 'NONE', *, *, #89, .F. ) ;
#85 = VERTEX_POINT ( 'NONE', #9609 ) ;
#86 = ORIENTED_EDGE ( 'NONE', *, *, #6956, .T. ) ;
#87 = EDGE_CURVE ( 'NONE', #6757, #6947, #9673, .T. ) ;
#88 = ORIENTED_EDGE ( 'NONE', *, *, #90, .F. ) ;
#89 = EDGE_CURVE ( 'NONE', #82, #85, #9669, .T. ) ;
#90 = EDGE_CURVE ( 'NONE', #85, #57, #9665, .T. ) ;
#91 = ORIENTED_EDGE ( 'NONE', *, *, #6942, .F. ) ;
#92 = ORIENTED_EDGE ( 'NONE', *, *, #87, .T. ) ;
#93 = ORIENTED_EDGE ( 'NONE', *, *, #94, .F. ) ;
#94 = EDGE_CURVE ( 'NONE', #6958, #97, #9660, .T. ) ;
#95 = ORIENTED_EDGE ( 'NONE', *, *, #96, .F. ) ;
#96 = EDGE_CURVE ( 'NONE', #97, #98, #9656, .T. ) ;
#97 = VERTEX_POINT ( 'NONE', #9652 ) ;
#98 = VERTEX_POINT ( 'NONE', #9651 ) ;
#99 = ORIENTED_EDGE ( 'NONE', *, *, #101, .F. ) ;
#100 = VERTEX_POINT ( 'NONE', #9650 ) ;
#101 = EDGE_CURVE ( 'NONE', #98, #81, #9649, .T. ) ;
#102 = VERTEX_POINT ( 'NONE', #9645 ) ;
#103 = VERTEX_POINT ( 'NONE', #9644 ) ;
#104 = VERTEX_POINT ( 'NONE', #9643 ) ;
#105 = ORIENTED_EDGE ( 'NONE', *, *, #106, .F. ) ;
#106 = EDGE_CURVE ( 'NONE', #102, #104, #9642, .T. ) ;
#107 = ORIENTED_EDGE ( 'NONE', *, *, #110, .F. ) ;
#108 = ORIENTED_EDGE ( 'NONE', *, *, #109, .F. ) ;
#109 = EDGE_CURVE ( 'NONE', #104, #103, #9703, .T. ) ;
#110 = EDGE_CURVE ( 'NONE', #103, #6904, #9699, .T. ) ;
#111 = ORIENTED_EDGE ( 'NONE', *, *, #6901, .F. ) ;
#112 = EDGE_LOOP ( 'NONE', ( #111, #107, #108, #105, #2213, #2092, #1594, #1724, #1374, #13508, #2544, #2574, #2529, #2184, #2206, #4384, #4038, #3800, #3867, #3496 ) ) ;
#113 = ADVANCED_FACE ( 'NONE', ( #9695 ), #9694, .F. ) ;
#114 = ORIENTED_EDGE ( 'NONE', *, *, #6644, .F. ) ;
#115 = LINE ( 'NONE', #6404, #4740 ) ;
#116 = VERTEX_POINT ( 'NONE', #9689 ) ;
#117 = EDGE_CURVE ( 'NONE', #118, #124, #9688, .T. ) ;
#118 = VERTEX_POINT ( 'NONE', #9684 ) ;
#119 = ORIENTED_EDGE ( 'NONE', *, *, #120, .F. ) ;
#120 = EDGE_CURVE ( 'NONE', #7337, #222, #9683, .T. ) ;
#121 = ORIENTED_EDGE ( 'NONE', *, *, #7405, .T. ) ;
#122 = ORIENTED_EDGE ( 'NONE', *, *, #117, .F. ) ;
#123 = EDGE_CURVE ( 'NONE', #124, #127, #9679, .T. ) ;
#124 = VERTEX_POINT ( 'NONE', #9675 ) ;
#125 = ORIENTED_EDGE ( 'NONE', *, *, #123, .F. ) ;
#126 = ORIENTED_EDGE ( 'NONE', *, *, #128, .T. ) ;
#127 = VERTEX_POINT ( 'NONE', #9674 ) ;
#128 = EDGE_CURVE ( 'NONE', #129, #127, #9735, .T. ) ;
#129 = VERTEX_POINT ( 'NONE', #9731 ) ;
#130 = ORIENTED_EDGE ( 'NONE', *, *, #7241, .F. ) ;
#131 = EDGE_LOOP ( 'NONE', ( #130, #6742, #6740, #189, #185, #177 ) ) ;
#132 = ADVANCED_FACE ( 'NONE', ( #9730 ), #9714, .T. ) ;
#133 = ORIENTED_EDGE ( 'NONE', *, *, #141, .T. ) ;
#134 = ORIENTED_EDGE ( 'NONE', *, *, #137, .F. ) ;
#135 = PRESENTATION_STYLE_ASSIGNMENT (( #180 ) ) ;
#136 = ORIENTED_EDGE ( 'NONE', *, *, #7268, .F. ) ;
#137 = EDGE_CURVE ( 'NONE', #129, #7266, #9709, .T. ) ;
#138 = ORIENTED_EDGE ( 'NONE', *, *, #13452, .F. ) ;
#139 = ORIENTED_EDGE ( 'NONE', *, *, #13423, .F. ) ;
#140 = ADVANCED_FACE ( 'NONE', ( #9761 ), #9745, .T. ) ;
#141 = EDGE_CURVE ( 'NONE', #118, #142, #9740, .T. ) ;
#142 = VERTEX_POINT ( 'NONE', #9736 ) ;
#143 = ORIENTED_EDGE ( 'NONE', *, *, #144, .T. ) ;
#144 = EDGE_CURVE ( 'NONE', #142, #7271, #9791, .T. ) ;
#145 = ORIENTED_EDGE ( 'NONE', *, *, #156, .T. ) ;
#146 = VERTEX_POINT ( 'NONE', #9787 ) ;
#147 = ADVANCED_FACE ( 'NONE', ( #9786 ), #9770, .F. ) ;
#148 = EDGE_LOOP ( 'NONE', ( #150, #192, #186, #188 ) ) ;
#149 = ORIENTED_EDGE ( 'NONE', *, *, #175, .F. ) ;
#150 = ORIENTED_EDGE ( 'NONE', *, *, #153, .F. ) ;
#151 = ORIENTED_EDGE ( 'NONE', *, *, #155, .F. ) ;
#152 = ORIENTED_EDGE ( 'NONE', *, *, #7239, .F. ) ;
#153 = EDGE_CURVE ( 'NONE', #13428, #13413, #9765, .T. ) ;
#154 = ORIENTED_EDGE ( 'NONE', *, *, #156, .F. ) ;
#155 = EDGE_CURVE ( 'NONE', #13424, #13428, #9820, .T. ) ;
#156 = EDGE_CURVE ( 'NONE', #146, #13424, #9816, .T. ) ;
#157 = ORIENTED_EDGE ( 'NONE', *, *, #158, .T. ) ;
#158 = EDGE_CURVE ( 'NONE', #146, #7245, #9811, .T. ) ;
#159 = ORIENTED_EDGE ( 'NONE', *, *, #165, .T. ) ;
#160 = ORIENTED_EDGE ( 'NONE', *, *, #12052, .T. ) ;
#161 = ADVANCED_FACE ( 'NONE', ( #9807 ), #9847, .T. ) ;
#162 = ADVANCED_FACE ( 'NONE', ( #9842 ), #9827, .F. ) ;
#163 = EDGE_LOOP ( 'NONE', ( #164, #215, #216, #206 ) ) ;
#164 = ORIENTED_EDGE ( 'NONE', *, *, #168, .T. ) ;
#165 = EDGE_CURVE ( 'NONE', #13419, #13424, #9822, .T. ) ;
#166 = EDGE_LOOP ( 'NONE', ( #167, #139, #138, #145 ) ) ;
#167 = ORIENTED_EDGE ( 'NONE', *, *, #165, .F. ) ;
#168 = EDGE_CURVE ( 'NONE', #221, #222, #9876, .T. ) ;
#169 = ORIENTED_EDGE ( 'NONE', *, *, #153, .T. ) ;
#170 = EDGE_LOOP ( 'NONE', ( #152, #149, #133, #143 ) ) ;
#171 = ORIENTED_EDGE ( 'NONE', *, *, #13421, .T. ) ;
#172 = ORIENTED_EDGE ( 'NONE', *, *, #155, .T. ) ;
#173 = EDGE_LOOP ( 'NONE', ( #6760, #6755, #6783, #6750 ) ) ;
#174 = ORIENTED_EDGE ( 'NONE', *, *, #175, .T. ) ;
#175 = EDGE_CURVE ( 'NONE', #118, #7269, #9871, .T. ) ;
#176 = ADVANCED_FACE ( 'NONE', ( #9867 ), #9852, .T. ) ;
#177 = ORIENTED_EDGE ( 'NONE', *, *, #179, .T. ) ;
#178 = ADVANCED_FACE ( 'NONE', ( #9906 ), #9891, .T. ) ;
#179 = EDGE_CURVE ( 'NONE', #182, #7265, #9886, .T. ) ;
#180 = SURFACE_STYLE_USAGE ( .BOTH. , #2340 ) ;
#181 = EDGE_LOOP ( 'NONE', ( #172, #169, #171, #159 ) ) ;
#182 = VERTEX_POINT ( 'NONE', #9882 ) ;
#183 = ADVANCED_FACE ( 'NONE', ( #9881 ), #9922, .T. ) ;
#184 = EDGE_CURVE ( 'NONE', #182, #187, #9917, .T. ) ;
#185 = ORIENTED_EDGE ( 'NONE', *, *, #184, .F. ) ;
#186 = ORIENTED_EDGE ( 'NONE', *, *, #13449, .F. ) ;
#187 = VERTEX_POINT ( 'NONE', #9913 ) ;
#188 = ORIENTED_EDGE ( 'NONE', *, *, #13417, .T. ) ;
#189 = ORIENTED_EDGE ( 'NONE', *, *, #190, .F. ) ;
#190 = EDGE_CURVE ( 'NONE', #187, #191, #9912, .T. ) ;
#191 = VERTEX_POINT ( 'NONE', #9965 ) ;
#192 = ORIENTED_EDGE ( 'NONE', *, *, #13427, .F. ) ;
#193 = EDGE_CURVE ( 'NONE', #142, #191, #9963, .T. ) ;
#194 = EDGE_LOOP ( 'NONE', ( #201, #195, #225, #226 ) ) ;
#195 = ORIENTED_EDGE ( 'NONE', *, *, #7339, .T. ) ;
#196 = ORIENTED_EDGE ( 'NONE', *, *, #6566, .T. ) ;
#197 = ORIENTED_EDGE ( 'NONE', *, *, #233, .T. ) ;
#198 = ORIENTED_EDGE ( 'NONE', *, *, #217, .F. ) ;
#199 = ADVANCED_FACE ( 'NONE', ( #9959 ), #9944, .T. ) ;
#200 = EDGE_LOOP ( 'NONE', ( #196, #236, #239, #235 ) ) ;
#201 = ORIENTED_EDGE ( 'NONE', *, *, #203, .F. ) ;
#202 = ORIENTED_EDGE ( 'NONE', *, *, #6449, .T. ) ;
#203 = EDGE_CURVE ( 'NONE', #7340, #209, #9989, .T. ) ;
#204 = ADVANCED_FACE ( 'NONE', ( #9985 ), #9970, .T. ) ;
#205 = EDGE_CURVE ( 'NONE', #7178, #7176, #10019, .T. ) ;
#206 = ORIENTED_EDGE ( 'NONE', *, *, #207, .T. ) ;
#207 = EDGE_CURVE ( 'NONE', #209, #221, #10015, .T. ) ;
#208 = VERTEX_POINT ( 'NONE', #10011 ) ;
#209 = VERTEX_POINT ( 'NONE', #10010 ) ;
#210 = EDGE_LOOP ( 'NONE', ( #202, #2280, #2303, #2372 ) ) ;
#211 = VERTEX_POINT ( 'NONE', #10009 ) ;
#212 = DIRECTION ( 'NONE',  ( -6.982966722218764100E-015, 3.491483361109382100E-015, -1.000000000000000000 ) ) ;
#213 = VERTEX_POINT ( 'NONE', #10008 ) ;
#214 = ADVANCED_FACE ( 'NONE', ( #10007 ), #9991, .T. ) ;
#215 = ORIENTED_EDGE ( 'NONE', *, *, #217, .T. ) ;
#216 = ORIENTED_EDGE ( 'NONE', *, *, #218, .T. ) ;
#217 = EDGE_CURVE ( 'NONE', #222, #213, #10049, .T. ) ;
#218 = EDGE_CURVE ( 'NONE', #213, #209, #10045, .T. ) ;
#219 = VERTEX_POINT ( 'NONE', #10041 ) ;
#220 = EDGE_LOOP ( 'NONE', ( #119, #121, #197, #198 ) ) ;
#221 = VERTEX_POINT ( 'NONE', #10040 ) ;
#222 = VERTEX_POINT ( 'NONE', #10039 ) ;
#223 = EDGE_LOOP ( 'NONE', ( #136, #134, #126, #125, #122, #174 ) ) ;
#224 = ORIENTED_EDGE ( 'NONE', *, *, #7403, .T. ) ;
#225 = ORIENTED_EDGE ( 'NONE', *, *, #227, .T. ) ;
#226 = ORIENTED_EDGE ( 'NONE', *, *, #207, .F. ) ;
#227 = EDGE_CURVE ( 'NONE', #7336, #221, #10037, .T. ) ;
#228 = ORIENTED_EDGE ( 'NONE', *, *, #203, .T. ) ;
#229 = ADVANCED_FACE ( 'NONE', ( #10033 ), #10083, .T. ) ;
#230 = ORIENTED_EDGE ( 'NONE', *, *, #218, .F. ) ;
#231 = EDGE_LOOP ( 'NONE', ( #232, #224, #228, #230 ) ) ;
#232 = ORIENTED_EDGE ( 'NONE', *, *, #233, .F. ) ;
#233 = EDGE_CURVE ( 'NONE', #7342, #213, #10078, .T. ) ;
#234 = EDGE_CURVE ( 'NONE', #6711, #6394, #10074, .T. ) ;
#235 = ORIENTED_EDGE ( 'NONE', *, *, #237, .F. ) ;
#236 = ORIENTED_EDGE ( 'NONE', *, *, #234, .T. ) ;
#237 = EDGE_CURVE ( 'NONE', #6715, #5191, #10069, .T. ) ;
#238 = ORIENTED_EDGE ( 'NONE', *, *, #168, .F. ) ;
#239 = ORIENTED_EDGE ( 'NONE', *, *, #6393, .T. ) ;
#240 = ORIENTED_EDGE ( 'NONE', *, *, #120, .T. ) ;
#241 = ORIENTED_EDGE ( 'NONE', *, *, #227, .F. ) ;
#242 = ORIENTED_EDGE ( 'NONE', *, *, #7335, .T. ) ;
#243 = ADVANCED_FACE ( 'NONE', ( #10065 ), #10113, .T. ) ;
#244 = EDGE_LOOP ( 'NONE', ( #241, #242, #240, #238 ) ) ;
#245 = ORIENTED_EDGE ( 'NONE', *, *, #6950, .F. ) ;
#246 = ORIENTED_EDGE ( 'NONE', *, *, #5856, .T. ) ;
#247 = ORIENTED_EDGE ( 'NONE', *, *, #237, .T. ) ;
#248 = EDGE_LOOP ( 'NONE', ( #6488, #6489, #6494, #6495 ) ) ;
#249 = DIRECTION ( 'NONE',  ( -2.344910317526904900E-029, -1.000000000000000000, -3.358043093726550800E-015 ) ) ;
#250 = DIRECTION ( 'NONE',  ( -6.982966722218764100E-015, 3.358043093726550800E-015, -1.000000000000000000 ) ) ;
#251 = CARTESIAN_POINT ( 'NONE',  ( -8.499999999999980500, 5.000999999999990600, 2.750000000000072400 ) ) ;
#252 = AXIS2_PLACEMENT_3D ( 'NONE', #251, #250, #249 ) ;
#253 = PLANE ( 'NONE',  #252 ) ;
#254 = FACE_OUTER_BOUND ( 'NONE', #7789, .T. ) ;
#255 = DIRECTION ( 'NONE',  ( -2.344910317526904900E-029, -1.000000000000000000, -3.358043093726550800E-015 ) ) ;
#256 = VECTOR ( 'NONE', #255, 1000.000000000000000 ) ;
#257 = CARTESIAN_POINT ( 'NONE',  ( -8.499999999999980500, 5.000999999999990600, 2.750000000000072400 ) ) ;
#258 = LINE ( 'NONE', #257, #256 ) ;
#259 = DIRECTION ( 'NONE',  ( 2.438091212180733500E-029, 1.000000000000000000, 3.491483361109382100E-015 ) ) ;
#260 = DIRECTION ( 'NONE',  ( 1.000000000000000000, 0.0000000000000000000, -6.982966722218764100E-015 ) ) ;
#261 = CARTESIAN_POINT ( 'NONE',  ( -8.499999999999980500, 5.000999999999990600, 2.750000000000072400 ) ) ;
#262 = AXIS2_PLACEMENT_3D ( 'NONE', #261, #260, #259 ) ;
#263 = PLANE ( 'NONE',  #262 ) ;
#264 = FACE_OUTER_BOUND ( 'NONE', #7782, .T. ) ;
#265 = DIRECTION ( 'NONE',  ( -2.344910317526904900E-029, -1.000000000000000000, -3.358043093726550800E-015 ) ) ;
#266 = VECTOR ( 'NONE', #265, 1000.000000000000000 ) ;
#267 = CARTESIAN_POINT ( 'NONE',  ( -8.499999999999985800, 5.000999999999993200, 2.050000000000072200 ) ) ;
#268 = LINE ( 'NONE', #267, #266 ) ;
#269 = DIRECTION ( 'NONE',  ( -2.344910317526904900E-029, -1.000000000000000000, -3.358043093726550800E-015 ) ) ;
#270 = DIRECTION ( 'NONE',  ( -6.982966722218764100E-015, 3.358043093726550800E-015, -1.000000000000000000 ) ) ;
#271 = CARTESIAN_POINT ( 'NONE',  ( 8.500000000000012400, 5.000999999999993200, 2.049999999999953200 ) ) ;
#272 = AXIS2_PLACEMENT_3D ( 'NONE', #271, #270, #269 ) ;
#273 = PLANE ( 'NONE',  #272 ) ;
#274 = FACE_OUTER_BOUND ( 'NONE', #7831, .T. ) ;
#275 = DIRECTION ( 'NONE',  ( -2.344910317526904900E-029, -1.000000000000000000, -3.358043093726550800E-015 ) ) ;
#276 = VECTOR ( 'NONE', #275, 1000.000000000000000 ) ;
#277 = CARTESIAN_POINT ( 'NONE',  ( 8.500000000000012400, 5.000999999999993200, 2.049999999999953200 ) ) ;
#278 = LINE ( 'NONE', #277, #276 ) ;
#279 =( NAMED_UNIT ( * ) PLANE_ANGLE_UNIT ( ) SI_UNIT ( $, .RADIAN. ) );
#280 =( LENGTH_UNIT ( ) NAMED_UNIT ( * ) SI_UNIT ( .MILLI., .METRE. ) );
#281 = MECHANICAL_DESIGN_GEOMETRIC_PRESENTATION_REPRESENTATION (  '', ( #283 ), #340 ) ;
#282 = PRESENTATION_LAYER_ASSIGNMENT (  '', '', ( #283 ) ) ;
#283 = STYLED_ITEM ( 'NONE', ( #284 ), #7813 ) ;
#284 = PRESENTATION_STYLE_ASSIGNMENT (( #285 ) ) ;
#285 = SURFACE_STYLE_USAGE ( .BOTH. , #286 ) ;
#286 = SURFACE_SIDE_STYLE ('',( #287 ) ) ;
#287 = SURFACE_STYLE_FILL_AREA ( #288 ) ;
#288 = FILL_AREA_STYLE ('',( #295 ) ) ;
#289 = COLOUR_RGB ( '',0.7529411764705882200, 0.7529411764705882200, 0.7529411764705882200 ) ;
#290 = FACE_OUTER_BOUND ( 'NONE', #7814, .T. ) ;
#291 = DIRECTION ( 'NONE',  ( -2.438091212180733500E-029, -1.000000000000000000, -3.491483361109382100E-015 ) ) ;
#292 = DIRECTION ( 'NONE',  ( -1.000000000000000000, 0.0000000000000000000, 6.982966722218764100E-015 ) ) ;
#293 = CARTESIAN_POINT ( 'NONE',  ( -10.79999999999996300, 5.000999999999983500, 4.750000000000087900 ) ) ;
#294 = AXIS2_PLACEMENT_3D ( 'NONE', #293, #292, #291 ) ;
#295 = FILL_AREA_STYLE_COLOUR ( '', #289 ) ;
#296 = PLANE ( 'NONE',  #294 ) ;
#297 = FACE_OUTER_BOUND ( 'NONE', #7808, .T. ) ;
#298 = DIRECTION ( 'NONE',  ( 6.982966722218764100E-015, -3.398218658099876300E-015, 1.000000000000000000 ) ) ;
#299 = VECTOR ( 'NONE', #298, 1000.000000000000000 ) ;
#300 = CARTESIAN_POINT ( 'NONE',  ( 9.749999999999976900, 1.250000000000011300, -2.957106781186617600 ) ) ;
#301 = LINE ( 'NONE', #300, #299 ) ;
#302 = DIRECTION ( 'NONE',  ( -2.344910317526904900E-029, -1.000000000000000000, -3.358043093726550800E-015 ) ) ;
#303 = VECTOR ( 'NONE', #302, 1000.000000000000000 ) ;
#304 = CARTESIAN_POINT ( 'NONE',  ( -9.999999999999984000, 5.000999999999993200, 2.050000000000082400 ) ) ;
#305 = LINE ( 'NONE', #304, #303 ) ;
#306 = DIRECTION ( 'NONE',  ( -2.438091212180733500E-029, -1.000000000000000000, -3.491483361109382100E-015 ) ) ;
#307 = DIRECTION ( 'NONE',  ( -1.000000000000000000, 0.0000000000000000000, 6.982966722218764100E-015 ) ) ;
#308 = CARTESIAN_POINT ( 'NONE',  ( -9.999999999999973400, 5.000999999999987900, 3.450000000000082800 ) ) ;
#309 = AXIS2_PLACEMENT_3D ( 'NONE', #308, #307, #306 ) ;
#310 = PLANE ( 'NONE',  #309 ) ;
#311 = FACE_OUTER_BOUND ( 'NONE', #7794, .T. ) ;
#312 = DIRECTION ( 'NONE',  ( -2.344910317526904900E-029, -1.000000000000000000, -3.358043093726550800E-015 ) ) ;
#313 = VECTOR ( 'NONE', #312, 1000.000000000000000 ) ;
#314 = CARTESIAN_POINT ( 'NONE',  ( -9.999999999999973400, 5.000999999999987900, 3.450000000000082800 ) ) ;
#315 = LINE ( 'NONE', #314, #313 ) ;
#316 = VECTOR ( 'NONE', #376, 1000.000000000000000 ) ;
#317 = CARTESIAN_POINT ( 'NONE',  ( 10.80000000000002600, 5.000999999999987900, 3.449999999999937600 ) ) ;
#318 = LINE ( 'NONE', #317, #316 ) ;
#319 = DIRECTION ( 'NONE',  ( -2.344910317526904900E-029, -1.000000000000000000, -3.358043093726550800E-015 ) ) ;
#320 = DIRECTION ( 'NONE',  ( -6.982966722218764100E-015, 3.358043093726550800E-015, -1.000000000000000000 ) ) ;
#321 = CARTESIAN_POINT ( 'NONE',  ( 10.00000000000002300, 5.000999999999987900, 3.449999999999943300 ) ) ;
#322 = AXIS2_PLACEMENT_3D ( 'NONE', #321, #320, #319 ) ;
#323 = PLANE ( 'NONE',  #322 ) ;
#324 = FACE_OUTER_BOUND ( 'NONE', #7821, .T. ) ;
#325 = DIRECTION ( 'NONE',  ( -2.344910317526904900E-029, -1.000000000000000000, -3.358043093726550800E-015 ) ) ;
#326 = VECTOR ( 'NONE', #325, 1000.000000000000000 ) ;
#327 = CARTESIAN_POINT ( 'NONE',  ( 10.00000000000002300, 5.000999999999987900, 3.449999999999943300 ) ) ;
#328 = LINE ( 'NONE', #327, #326 ) ;
#329 = CARTESIAN_POINT ( 'NONE',  ( 10.25000000000001800, 1.749999999999992700, 2.649999999999930600 ) ) ;
#330 = CARTESIAN_POINT ( 'NONE',  ( 10.25000000000001800, 1.249999999999992200, 2.649999999999928900 ) ) ;
#331 = DIRECTION ( 'NONE',  ( 2.438091212180733500E-029, 1.000000000000000000, 3.491483361109382100E-015 ) ) ;
#332 = VECTOR ( 'NONE', #331, 1000.000000000000000 ) ;
#333 = CARTESIAN_POINT ( 'NONE',  ( 10.25000000000001800, 1.249999999999992200, 2.649999999999928900 ) ) ;
#334 = LINE ( 'NONE', #333, #332 ) ;
#335 = DIRECTION ( 'NONE',  ( -2.438091212180733500E-029, -1.000000000000000000, -3.491483361109382100E-015 ) ) ;
#336 = DIRECTION ( 'NONE',  ( -6.982966722218764100E-015, 3.491483361109382100E-015, -1.000000000000000000 ) ) ;
#337 = CARTESIAN_POINT ( 'NONE',  ( 10.25000000000001800, 1.749999999999992700, 2.649999999999930600 ) ) ;
#338 = AXIS2_PLACEMENT_3D ( 'NONE', #337, #336, #335 ) ;
#339 = PLANE ( 'NONE',  #338 ) ;
#340 =( GEOMETRIC_REPRESENTATION_CONTEXT ( 3 ) GLOBAL_UNCERTAINTY_ASSIGNED_CONTEXT ( ( #341 ) ) GLOBAL_UNIT_ASSIGNED_CONTEXT ( ( #280, #279, #342 ) ) REPRESENTATION_CONTEXT ( 'NONE', 'WORKASPACE' ) );
#341 = UNCERTAINTY_MEASURE_WITH_UNIT (LENGTH_MEASURE( 1.000000000000000100E-005 ), #280, 'distance_accuracy_value', 'NONE');
#342 =( NAMED_UNIT ( * ) SI_UNIT ( $, .STERADIAN. ) SOLID_ANGLE_UNIT ( ) );
#343 = COLOUR_RGB ( '',0.7529411764705882200, 0.7529411764705882200, 0.7529411764705882200 ) ;
#344 = FACE_OUTER_BOUND ( 'NONE', #7849, .T. ) ;
#345 = FILL_AREA_STYLE_COLOUR ( '', #343 ) ;
#346 = DIRECTION ( 'NONE',  ( 6.982966722218764100E-015, -3.398218658099876300E-015, 1.000000000000000000 ) ) ;
#347 = VECTOR ( 'NONE', #346, 1000.000000000000000 ) ;
#348 = CARTESIAN_POINT ( 'NONE',  ( 10.24999999999997900, 1.750000000000011800, -2.957106781186619400 ) ) ;
#349 = LINE ( 'NONE', #348, #347 ) ;
#350 = FILL_AREA_STYLE ('',( #345 ) ) ;
#351 = DIRECTION ( 'NONE',  ( 6.982966722218764100E-015, -3.398218658099876300E-015, 1.000000000000000000 ) ) ;
#352 = VECTOR ( 'NONE', #351, 1000.000000000000000 ) ;
#353 = CARTESIAN_POINT ( 'NONE',  ( 10.24999999999997900, 1.750000000000011800, -2.957106781186619400 ) ) ;
#354 = LINE ( 'NONE', #353, #352 ) ;
#355 = CARTESIAN_POINT ( 'NONE',  ( 10.24999999999998200, 1.750000000000010000, -2.500000000000071500 ) ) ;
#356 = DIRECTION ( 'NONE',  ( -2.438091212180733500E-029, -1.000000000000000000, -3.491483361109382100E-015 ) ) ;
#357 = VECTOR ( 'NONE', #356, 1000.000000000000000 ) ;
#358 = CARTESIAN_POINT ( 'NONE',  ( 10.24999999999998200, 1.750000000000010000, -2.500000000000071500 ) ) ;
#359 = LINE ( 'NONE', #358, #357 ) ;
#360 = DIRECTION ( 'NONE',  ( 2.438091212180733500E-029, 1.000000000000000000, 3.491483361109382100E-015 ) ) ;
#361 = DIRECTION ( 'NONE',  ( 1.000000000000000000, 0.0000000000000000000, -6.982966722218764100E-015 ) ) ;
#362 = CARTESIAN_POINT ( 'NONE',  ( 10.00000000000002300, 5.000999999999987900, 3.449999999999943300 ) ) ;
#363 = AXIS2_PLACEMENT_3D ( 'NONE', #362, #361, #360 ) ;
#364 = PLANE ( 'NONE',  #363 ) ;
#365 = FACE_OUTER_BOUND ( 'NONE', #7762, .T. ) ;
#366 = DIRECTION ( 'NONE',  ( -2.344910317526904900E-029, -1.000000000000000000, -3.358043093726550800E-015 ) ) ;
#367 = VECTOR ( 'NONE', #366, 1000.000000000000000 ) ;
#368 = CARTESIAN_POINT ( 'NONE',  ( 10.00000000000001200, 5.000999999999993200, 2.049999999999943000 ) ) ;
#369 = LINE ( 'NONE', #368, #367 ) ;
#370 = DIRECTION ( 'NONE',  ( 2.438091212180733500E-029, 1.000000000000000000, 3.491483361109382100E-015 ) ) ;
#371 = DIRECTION ( 'NONE',  ( 1.000000000000000000, 0.0000000000000000000, -6.982966722218764100E-015 ) ) ;
#372 = CARTESIAN_POINT ( 'NONE',  ( 10.80000000000003300, 5.000999999999983500, 4.749999999999937800 ) ) ;
#373 = AXIS2_PLACEMENT_3D ( 'NONE', #372, #371, #370 ) ;
#374 = PLANE ( 'NONE',  #373 ) ;
#375 = FACE_OUTER_BOUND ( 'NONE', #7828, .T. ) ;
#376 = DIRECTION ( 'NONE',  ( -2.344910317526904900E-029, -1.000000000000000000, -3.358043093726550800E-015 ) ) ;
#377 =( LENGTH_UNIT ( ) NAMED_UNIT ( * ) SI_UNIT ( .MILLI., .METRE. ) );
#378 = MECHANICAL_DESIGN_GEOMETRIC_PRESENTATION_REPRESENTATION (  '', ( #380 ), #429 ) ;
#379 = PRESENTATION_LAYER_ASSIGNMENT (  '', '', ( #380 ) ) ;
#380 = STYLED_ITEM ( 'NONE', ( #381 ), #7854 ) ;
#381 = PRESENTATION_STYLE_ASSIGNMENT (( #382 ) ) ;
#382 = SURFACE_STYLE_USAGE ( .BOTH. , #383 ) ;
#383 = SURFACE_SIDE_STYLE ('',( #384 ) ) ;
#384 = SURFACE_STYLE_FILL_AREA ( #385 ) ;
#385 = FILL_AREA_STYLE ('',( #392 ) ) ;
#386 = COLOUR_RGB ( '',0.7529411764705882200, 0.7529411764705882200, 0.7529411764705882200 ) ;
#387 = FACE_OUTER_BOUND ( 'NONE', #7855, .T. ) ;
#388 = DIRECTION ( 'NONE',  ( 2.438091212180733500E-029, 1.000000000000000000, 3.491483361109382100E-015 ) ) ;
#389 = DIRECTION ( 'NONE',  ( 1.000000000000000000, 0.0000000000000000000, -6.982966722218764100E-015 ) ) ;
#390 = CARTESIAN_POINT ( 'NONE',  ( 10.24999999999997900, 1.250000000000011300, -2.957106781186621200 ) ) ;
#391 = AXIS2_PLACEMENT_3D ( 'NONE', #390, #389, #388 ) ;
#392 = FILL_AREA_STYLE_COLOUR ( '', #386 ) ;
#393 = PLANE ( 'NONE',  #391 ) ;
#394 =( GEOMETRIC_REPRESENTATION_CONTEXT ( 3 ) GLOBAL_UNCERTAINTY_ASSIGNED_CONTEXT ( ( #395 ) ) GLOBAL_UNIT_ASSIGNED_CONTEXT ( ( #398, #397, #396 ) ) REPRESENTATION_CONTEXT ( 'NONE', 'WORKASPACE' ) );
#395 = UNCERTAINTY_MEASURE_WITH_UNIT (LENGTH_MEASURE( 1.000000000000000100E-005 ), #398, 'distance_accuracy_value', 'NONE');
#396 =( NAMED_UNIT ( * ) SI_UNIT ( $, .STERADIAN. ) SOLID_ANGLE_UNIT ( ) );
#397 =( NAMED_UNIT ( * ) PLANE_ANGLE_UNIT ( ) SI_UNIT ( $, .RADIAN. ) );
#398 =( LENGTH_UNIT ( ) NAMED_UNIT ( * ) SI_UNIT ( .MILLI., .METRE. ) );
#399 = MECHANICAL_DESIGN_GEOMETRIC_PRESENTATION_REPRESENTATION (  '', ( #401 ), #394 ) ;
#400 = PRESENTATION_LAYER_ASSIGNMENT (  '', '', ( #401 ) ) ;
#401 = STYLED_ITEM ( 'NONE', ( #402 ), #7848 ) ;
#402 = PRESENTATION_STYLE_ASSIGNMENT (( #403 ) ) ;
#403 = SURFACE_STYLE_USAGE ( .BOTH. , #404 ) ;
#404 = SURFACE_SIDE_STYLE ('',( #405 ) ) ;
#405 = SURFACE_STYLE_FILL_AREA ( #350 ) ;
#406 =( NAMED_UNIT ( * ) SI_UNIT ( $, .STERADIAN. ) SOLID_ANGLE_UNIT ( ) );
#407 =( NAMED_UNIT ( * ) PLANE_ANGLE_UNIT ( ) SI_UNIT ( $, .RADIAN. ) );
#408 =( LENGTH_UNIT ( ) NAMED_UNIT ( * ) SI_UNIT ( .MILLI., .METRE. ) );
#409 = MECHANICAL_DESIGN_GEOMETRIC_PRESENTATION_REPRESENTATION (  '', ( #411 ), #457 ) ;
#410 = PRESENTATION_LAYER_ASSIGNMENT (  '', '', ( #411 ) ) ;
#411 = STYLED_ITEM ( 'NONE', ( #412 ), #7858 ) ;
#412 = PRESENTATION_STYLE_ASSIGNMENT (( #413 ) ) ;
#413 = SURFACE_STYLE_USAGE ( .BOTH. , #414 ) ;
#414 = SURFACE_SIDE_STYLE ('',( #415 ) ) ;
#415 = SURFACE_STYLE_FILL_AREA ( #416 ) ;
#416 = FILL_AREA_STYLE ('',( #423 ) ) ;
#417 = COLOUR_RGB ( '',0.7529411764705882200, 0.7529411764705882200, 0.7529411764705882200 ) ;
#418 = FACE_OUTER_BOUND ( 'NONE', #7859, .T. ) ;
#419 = DIRECTION ( 'NONE',  ( 6.982966722218764100E-015, -3.398218658099876300E-015, 1.000000000000000000 ) ) ;
#420 = VECTOR ( 'NONE', #419, 1000.000000000000000 ) ;
#421 = CARTESIAN_POINT ( 'NONE',  ( 10.24999999999997900, 1.250000000000011300, -2.957106781186621200 ) ) ;
#422 = LINE ( 'NONE', #421, #420 ) ;
#423 = FILL_AREA_STYLE_COLOUR ( '', #417 ) ;
#424 = DIRECTION ( 'NONE',  ( 2.438091212180733500E-029, 1.000000000000000000, 3.491483361109382100E-015 ) ) ;
#425 = DIRECTION ( 'NONE',  ( 1.000000000000000000, 0.0000000000000000000, -6.982966722218764100E-015 ) ) ;
#426 = CARTESIAN_POINT ( 'NONE',  ( 10.24999999999997900, 1.250000000000011300, -2.957106781186621200 ) ) ;
#427 = AXIS2_PLACEMENT_3D ( 'NONE', #426, #425, #424 ) ;
#428 = PLANE ( 'NONE',  #427 ) ;
#429 =( GEOMETRIC_REPRESENTATION_CONTEXT ( 3 ) GLOBAL_UNCERTAINTY_ASSIGNED_CONTEXT ( ( #430 ) ) GLOBAL_UNIT_ASSIGNED_CONTEXT ( ( #377, #432, #431 ) ) REPRESENTATION_CONTEXT ( 'NONE', 'WORKASPACE' ) );
#430 = UNCERTAINTY_MEASURE_WITH_UNIT (LENGTH_MEASURE( 1.000000000000000100E-005 ), #377, 'distance_accuracy_value', 'NONE');
#431 =( NAMED_UNIT ( * ) SI_UNIT ( $, .STERADIAN. ) SOLID_ANGLE_UNIT ( ) );
#432 =( NAMED_UNIT ( * ) PLANE_ANGLE_UNIT ( ) SI_UNIT ( $, .RADIAN. ) );
#433 = UNCERTAINTY_MEASURE_WITH_UNIT (LENGTH_MEASURE( 1.000000000000000100E-005 ), #436, 'distance_accuracy_value', 'NONE');
#434 =( NAMED_UNIT ( * ) SI_UNIT ( $, .STERADIAN. ) SOLID_ANGLE_UNIT ( ) );
#435 =( NAMED_UNIT ( * ) PLANE_ANGLE_UNIT ( ) SI_UNIT ( $, .RADIAN. ) );
#436 =( LENGTH_UNIT ( ) NAMED_UNIT ( * ) SI_UNIT ( .MILLI., .METRE. ) );
#437 = MECHANICAL_DESIGN_GEOMETRIC_PRESENTATION_REPRESENTATION (  '', ( #439 ), #491 ) ;
#438 = PRESENTATION_LAYER_ASSIGNMENT (  '', '', ( #439 ) ) ;
#439 = STYLED_ITEM ( 'NONE', ( #440 ), #7865 ) ;
#440 = PRESENTATION_STYLE_ASSIGNMENT (( #441 ) ) ;
#441 = SURFACE_STYLE_USAGE ( .BOTH. , #442 ) ;
#442 = SURFACE_SIDE_STYLE ('',( #443 ) ) ;
#443 = SURFACE_STYLE_FILL_AREA ( #444 ) ;
#444 = FILL_AREA_STYLE ('',( #451 ) ) ;
#445 = COLOUR_RGB ( '',0.7529411764705882200, 0.7529411764705882200, 0.7529411764705882200 ) ;
#446 = FACE_OUTER_BOUND ( 'NONE', #7866, .T. ) ;
#447 = DIRECTION ( 'NONE',  ( 6.982966722218764100E-015, -3.398218658099876300E-015, 1.000000000000000000 ) ) ;
#448 = VECTOR ( 'NONE', #447, 1000.000000000000000 ) ;
#449 = CARTESIAN_POINT ( 'NONE',  ( 9.749999999999976900, 1.750000000000011800, -2.957106781186615900 ) ) ;
#450 = LINE ( 'NONE', #449, #448 ) ;
#451 = FILL_AREA_STYLE_COLOUR ( '', #445 ) ;
#452 = DIRECTION ( 'NONE',  ( -2.438091212180733500E-029, -1.000000000000000000, -3.491483361109382100E-015 ) ) ;
#453 = DIRECTION ( 'NONE',  ( -1.000000000000000000, 0.0000000000000000000, 6.982966722218764100E-015 ) ) ;
#454 = CARTESIAN_POINT ( 'NONE',  ( 9.749999999999976900, 1.250000000000011300, -2.957106781186617600 ) ) ;
#455 = AXIS2_PLACEMENT_3D ( 'NONE', #454, #453, #452 ) ;
#456 = PLANE ( 'NONE',  #455 ) ;
#457 =( GEOMETRIC_REPRESENTATION_CONTEXT ( 3 ) GLOBAL_UNCERTAINTY_ASSIGNED_CONTEXT ( ( #458 ) ) GLOBAL_UNIT_ASSIGNED_CONTEXT ( ( #408, #407, #406 ) ) REPRESENTATION_CONTEXT ( 'NONE', 'WORKASPACE' ) );
#458 = UNCERTAINTY_MEASURE_WITH_UNIT (LENGTH_MEASURE( 1.000000000000000100E-005 ), #408, 'distance_accuracy_value', 'NONE');
#459 =( NAMED_UNIT ( * ) PLANE_ANGLE_UNIT ( ) SI_UNIT ( $, .RADIAN. ) );
#460 =( LENGTH_UNIT ( ) NAMED_UNIT ( * ) SI_UNIT ( .MILLI., .METRE. ) );
#461 = MECHANICAL_DESIGN_GEOMETRIC_PRESENTATION_REPRESENTATION (  '', ( #463 ), #513 ) ;
#462 = PRESENTATION_LAYER_ASSIGNMENT (  '', '', ( #463 ) ) ;
#463 = STYLED_ITEM ( 'NONE', ( #464 ), #7876 ) ;
#464 = PRESENTATION_STYLE_ASSIGNMENT (( #465 ) ) ;
#465 = SURFACE_STYLE_USAGE ( .BOTH. , #466 ) ;
#466 = SURFACE_SIDE_STYLE ('',( #467 ) ) ;
#467 = SURFACE_STYLE_FILL_AREA ( #468 ) ;
#468 = FILL_AREA_STYLE ('',( #475 ) ) ;
#469 = COLOUR_RGB ( '',0.7529411764705882200, 0.7529411764705882200, 0.7529411764705882200 ) ;
#470 = FACE_OUTER_BOUND ( 'NONE', #7800, .T. ) ;
#471 = DIRECTION ( 'NONE',  ( 1.000000000000000000, 0.0000000000000000000, -6.982966722218764100E-015 ) ) ;
#472 = VECTOR ( 'NONE', #471, 1000.000000000000000 ) ;
#473 = CARTESIAN_POINT ( 'NONE',  ( 9.750000000000017800, 1.249999999999992200, 2.649999999999932400 ) ) ;
#474 = LINE ( 'NONE', #473, #472 ) ;
#475 = FILL_AREA_STYLE_COLOUR ( '', #469 ) ;
#476 = CARTESIAN_POINT ( 'NONE',  ( 9.750000000000017800, 1.249999999999992200, 2.649999999999932400 ) ) ;
#477 = DIRECTION ( 'NONE',  ( -2.438091212180733500E-029, -1.000000000000000000, -3.491483361109382100E-015 ) ) ;
#478 = VECTOR ( 'NONE', #477, 1000.000000000000000 ) ;
#479 = CARTESIAN_POINT ( 'NONE',  ( 9.750000000000017800, 1.249999999999992200, 2.649999999999932400 ) ) ;
#480 = LINE ( 'NONE', #479, #478 ) ;
#481 = CARTESIAN_POINT ( 'NONE',  ( 9.750000000000017800, 1.749999999999992700, 2.649999999999934200 ) ) ;
#482 = DIRECTION ( 'NONE',  ( -1.000000000000000000, 0.0000000000000000000, 6.982966722218764100E-015 ) ) ;
#483 = VECTOR ( 'NONE', #482, 1000.000000000000000 ) ;
#484 = CARTESIAN_POINT ( 'NONE',  ( 9.750000000000017800, 1.749999999999992700, 2.649999999999934200 ) ) ;
#485 = LINE ( 'NONE', #484, #483 ) ;
#486 = DIRECTION ( 'NONE',  ( -6.982966722218764100E-015, 3.398218658099876300E-015, -1.000000000000000000 ) ) ;
#487 = DIRECTION ( 'NONE',  ( 2.372964780433434200E-029, 1.000000000000000000, 3.398218658099876300E-015 ) ) ;
#488 = CARTESIAN_POINT ( 'NONE',  ( 9.749999999999976900, 1.750000000000011800, -2.957106781186615900 ) ) ;
#489 = AXIS2_PLACEMENT_3D ( 'NONE', #488, #487, #486 ) ;
#490 = PLANE ( 'NONE',  #489 ) ;
#491 =( GEOMETRIC_REPRESENTATION_CONTEXT ( 3 ) GLOBAL_UNCERTAINTY_ASSIGNED_CONTEXT ( ( #433 ) ) GLOBAL_UNIT_ASSIGNED_CONTEXT ( ( #436, #435, #434 ) ) REPRESENTATION_CONTEXT ( 'NONE', 'WORKASPACE' ) );
#492 =( GEOMETRIC_REPRESENTATION_CONTEXT ( 3 ) GLOBAL_UNCERTAINTY_ASSIGNED_CONTEXT ( ( #493 ) ) GLOBAL_UNIT_ASSIGNED_CONTEXT ( ( #496, #495, #494 ) ) REPRESENTATION_CONTEXT ( 'NONE', 'WORKASPACE' ) );
#493 = UNCERTAINTY_MEASURE_WITH_UNIT (LENGTH_MEASURE( 1.000000000000000100E-005 ), #496, 'distance_accuracy_value', 'NONE');
#494 =( NAMED_UNIT ( * ) SI_UNIT ( $, .STERADIAN. ) SOLID_ANGLE_UNIT ( ) );
#495 =( NAMED_UNIT ( * ) PLANE_ANGLE_UNIT ( ) SI_UNIT ( $, .RADIAN. ) );
#496 =( LENGTH_UNIT ( ) NAMED_UNIT ( * ) SI_UNIT ( .MILLI., .METRE. ) );
#497 = MECHANICAL_DESIGN_GEOMETRIC_PRESENTATION_REPRESENTATION (  '', ( #499 ), #492 ) ;
#498 = PRESENTATION_LAYER_ASSIGNMENT (  '', '', ( #499 ) ) ;
#499 = STYLED_ITEM ( 'NONE', ( #500 ), #7879 ) ;
#500 = PRESENTATION_STYLE_ASSIGNMENT (( #501 ) ) ;
#501 = SURFACE_STYLE_USAGE ( .BOTH. , #502 ) ;
#502 = SURFACE_SIDE_STYLE ('',( #503 ) ) ;
#503 = SURFACE_STYLE_FILL_AREA ( #504 ) ;
#504 = FILL_AREA_STYLE ('',( #511 ) ) ;
#505 = COLOUR_RGB ( '',0.7529411764705882200, 0.7529411764705882200, 0.7529411764705882200 ) ;
#506 = FACE_OUTER_BOUND ( 'NONE', #7880, .T. ) ;
#507 = DIRECTION ( 'NONE',  ( 6.982966722218764100E-015, -3.398218658099876300E-015, 1.000000000000000000 ) ) ;
#508 = DIRECTION ( 'NONE',  ( -2.372964780433434200E-029, -1.000000000000000000, -3.398218658099876300E-015 ) ) ;
#509 = CARTESIAN_POINT ( 'NONE',  ( 9.749999999999976900, 1.250000000000011300, -2.957106781186617600 ) ) ;
#510 = AXIS2_PLACEMENT_3D ( 'NONE', #509, #508, #507 ) ;
#511 = FILL_AREA_STYLE_COLOUR ( '', #505 ) ;
#512 = PLANE ( 'NONE',  #510 ) ;
#513 =( GEOMETRIC_REPRESENTATION_CONTEXT ( 3 ) GLOBAL_UNCERTAINTY_ASSIGNED_CONTEXT ( ( #515 ) ) GLOBAL_UNIT_ASSIGNED_CONTEXT ( ( #460, #459, #12860 ) ) REPRESENTATION_CONTEXT ( 'NONE', 'WORKASPACE' ) );
#514 = EDGE_LOOP ( 'NONE', ( #4684, #11765, #11438, #10745 ) ) ;
#515 = UNCERTAINTY_MEASURE_WITH_UNIT (LENGTH_MEASURE( 1.000000000000000100E-005 ), #460, 'distance_accuracy_value', 'NONE');
#516 =( LENGTH_UNIT ( ) NAMED_UNIT ( * ) SI_UNIT ( .MILLI., .METRE. ) );
#517 = MECHANICAL_DESIGN_GEOMETRIC_PRESENTATION_REPRESENTATION (  '', ( #519 ), #572 ) ;
#518 = PRESENTATION_LAYER_ASSIGNMENT (  '', '', ( #519 ) ) ;
#519 = STYLED_ITEM ( 'NONE', ( #520 ), #7892 ) ;
#520 = PRESENTATION_STYLE_ASSIGNMENT (( #521 ) ) ;
#521 = SURFACE_STYLE_USAGE ( .BOTH. , #522 ) ;
#522 = SURFACE_SIDE_STYLE ('',( #523 ) ) ;
#523 = SURFACE_STYLE_FILL_AREA ( #524 ) ;
#524 = FILL_AREA_STYLE ('',( #531 ) ) ;
#525 = COLOUR_RGB ( '',0.7529411764705882200, 0.7529411764705882200, 0.7529411764705882200 ) ;
#526 = FACE_OUTER_BOUND ( 'NONE', #7893, .T. ) ;
#527 = DIRECTION ( 'NONE',  ( 6.982966722218764100E-015, -3.398218658099876300E-015, 1.000000000000000000 ) ) ;
#528 = VECTOR ( 'NONE', #527, 1000.000000000000000 ) ;
#529 = CARTESIAN_POINT ( 'NONE',  ( 9.749999999999976900, 1.250000000000011300, -2.957106781186617600 ) ) ;
#530 = LINE ( 'NONE', #529, #528 ) ;
#531 = FILL_AREA_STYLE_COLOUR ( '', #525 ) ;
#532 = CARTESIAN_POINT ( 'NONE',  ( 9.749999999999984000, 1.250000000000007800, -2.000000000000068800 ) ) ;
#533 = DIRECTION ( 'NONE',  ( -2.438091212180733500E-029, -1.000000000000000000, -3.491483361109382100E-015 ) ) ;
#534 = VECTOR ( 'NONE', #533, 1000.000000000000000 ) ;
#535 = CARTESIAN_POINT ( 'NONE',  ( 9.749999999999984000, 1.250000000000007800, -2.000000000000068800 ) ) ;
#536 = LINE ( 'NONE', #535, #534 ) ;
#537 = CARTESIAN_POINT ( 'NONE',  ( 9.749999999999984000, -2.999999999999993300, -2.000000000000084400 ) ) ;
#538 = DIRECTION ( 'NONE',  ( -6.982966722218764100E-015, 3.491483361109382100E-015, -1.000000000000000000 ) ) ;
#539 = VECTOR ( 'NONE', #538, 1000.000000000000000 ) ;
#540 = CARTESIAN_POINT ( 'NONE',  ( 9.749999999999980500, -2.999999999999993300, -2.478553390593357900 ) ) ;
#541 = LINE ( 'NONE', #540, #539 ) ;
#542 = CARTESIAN_POINT ( 'NONE',  ( 9.749999999999980500, -2.999999999999991600, -2.500000000000084800 ) ) ;
#543 = DIRECTION ( 'NONE',  ( -2.438091212180733500E-029, -1.000000000000000000, -3.491483361109382100E-015 ) ) ;
#544 = VECTOR ( 'NONE', #543, 1000.000000000000000 ) ;
#545 = CARTESIAN_POINT ( 'NONE',  ( 9.749999999999980500, 1.750000000000010000, -2.500000000000067500 ) ) ;
#546 = LINE ( 'NONE', #545, #544 ) ;
#547 = DIRECTION ( 'NONE',  ( 2.438091212180733500E-029, 1.000000000000000000, 3.491483361109382100E-015 ) ) ;
#548 = DIRECTION ( 'NONE',  ( 6.982966722218764100E-015, -3.491483361109382100E-015, 1.000000000000000000 ) ) ;
#549 = CARTESIAN_POINT ( 'NONE',  ( 9.749999999999980500, 1.750000000000010000, -2.500000000000067500 ) ) ;
#550 = AXIS2_PLACEMENT_3D ( 'NONE', #549, #548, #547 ) ;
#551 = PLANE ( 'NONE',  #550 ) ;
#552 = UNCERTAINTY_MEASURE_WITH_UNIT (LENGTH_MEASURE( 1.000000000000000100E-005 ), #555, 'distance_accuracy_value', 'NONE');
#553 =( NAMED_UNIT ( * ) SI_UNIT ( $, .STERADIAN. ) SOLID_ANGLE_UNIT ( ) );
#554 =( NAMED_UNIT ( * ) PLANE_ANGLE_UNIT ( ) SI_UNIT ( $, .RADIAN. ) );
#555 =( LENGTH_UNIT ( ) NAMED_UNIT ( * ) SI_UNIT ( .MILLI., .METRE. ) );
#556 = MECHANICAL_DESIGN_GEOMETRIC_PRESENTATION_REPRESENTATION (  '', ( #558 ), #605 ) ;
#557 = PRESENTATION_LAYER_ASSIGNMENT (  '', '', ( #558 ) ) ;
#558 = STYLED_ITEM ( 'NONE', ( #559 ), #7895 ) ;
#559 = PRESENTATION_STYLE_ASSIGNMENT (( #560 ) ) ;
#560 = SURFACE_STYLE_USAGE ( .BOTH. , #561 ) ;
#561 = SURFACE_SIDE_STYLE ('',( #562 ) ) ;
#562 = SURFACE_STYLE_FILL_AREA ( #563 ) ;
#563 = FILL_AREA_STYLE ('',( #570 ) ) ;
#564 = COLOUR_RGB ( '',0.7529411764705882200, 0.7529411764705882200, 0.7529411764705882200 ) ;
#565 = FACE_OUTER_BOUND ( 'NONE', #7896, .T. ) ;
#566 = DIRECTION ( 'NONE',  ( 6.982966722218764100E-015, -3.398218658099876300E-015, 1.000000000000000000 ) ) ;
#567 = DIRECTION ( 'NONE',  ( -2.372964780433434200E-029, -1.000000000000000000, -3.398218658099876300E-015 ) ) ;
#568 = CARTESIAN_POINT ( 'NONE',  ( 9.749999999999976900, 1.250000000000011300, -2.957106781186617600 ) ) ;
#569 = AXIS2_PLACEMENT_3D ( 'NONE', #568, #567, #566 ) ;
#570 = FILL_AREA_STYLE_COLOUR ( '', #564 ) ;
#571 = PLANE ( 'NONE',  #569 ) ;
#572 =( GEOMETRIC_REPRESENTATION_CONTEXT ( 3 ) GLOBAL_UNCERTAINTY_ASSIGNED_CONTEXT ( ( #573 ) ) GLOBAL_UNIT_ASSIGNED_CONTEXT ( ( #516, #575, #574 ) ) REPRESENTATION_CONTEXT ( 'NONE', 'WORKASPACE' ) );
#573 = UNCERTAINTY_MEASURE_WITH_UNIT (LENGTH_MEASURE( 1.000000000000000100E-005 ), #516, 'distance_accuracy_value', 'NONE');
#574 =( NAMED_UNIT ( * ) SI_UNIT ( $, .STERADIAN. ) SOLID_ANGLE_UNIT ( ) );
#575 =( NAMED_UNIT ( * ) PLANE_ANGLE_UNIT ( ) SI_UNIT ( $, .RADIAN. ) );
#576 = UNCERTAINTY_MEASURE_WITH_UNIT (LENGTH_MEASURE( 1.000000000000000100E-005 ), #579, 'distance_accuracy_value', 'NONE');
#577 =( NAMED_UNIT ( * ) SI_UNIT ( $, .STERADIAN. ) SOLID_ANGLE_UNIT ( ) );
#578 =( NAMED_UNIT ( * ) PLANE_ANGLE_UNIT ( ) SI_UNIT ( $, .RADIAN. ) );
#579 =( LENGTH_UNIT ( ) NAMED_UNIT ( * ) SI_UNIT ( .MILLI., .METRE. ) );
#580 = MECHANICAL_DESIGN_GEOMETRIC_PRESENTATION_REPRESENTATION (  '', ( #582 ), #639 ) ;
#581 = PRESENTATION_LAYER_ASSIGNMENT (  '', '', ( #582 ) ) ;
#582 = STYLED_ITEM ( 'NONE', ( #583 ), #7904 ) ;
#583 = PRESENTATION_STYLE_ASSIGNMENT (( #584 ) ) ;
#584 = SURFACE_STYLE_USAGE ( .BOTH. , #585 ) ;
#585 = SURFACE_SIDE_STYLE ('',( #586 ) ) ;
#586 = SURFACE_STYLE_FILL_AREA ( #587 ) ;
#587 = FILL_AREA_STYLE ('',( #594 ) ) ;
#588 = COLOUR_RGB ( '',0.7529411764705882200, 0.7529411764705882200, 0.7529411764705882200 ) ;
#589 = FACE_OUTER_BOUND ( 'NONE', #7905, .T. ) ;
#590 = DIRECTION ( 'NONE',  ( 6.982966722218764100E-015, -3.398218658099876300E-015, 1.000000000000000000 ) ) ;
#591 = VECTOR ( 'NONE', #590, 1000.000000000000000 ) ;
#592 = CARTESIAN_POINT ( 'NONE',  ( 9.749999999999976900, 1.750000000000011800, -2.957106781186615900 ) ) ;
#593 = LINE ( 'NONE', #592, #591 ) ;
#594 = FILL_AREA_STYLE_COLOUR ( '', #588 ) ;
#595 = CARTESIAN_POINT ( 'NONE',  ( 9.749999999999980500, 1.750000000000010000, -2.500000000000067500 ) ) ;
#596 = DIRECTION ( 'NONE',  ( -1.000000000000000000, 0.0000000000000000000, 6.982966722218764100E-015 ) ) ;
#597 = VECTOR ( 'NONE', #596, 1000.000000000000000 ) ;
#598 = CARTESIAN_POINT ( 'NONE',  ( 9.749999999999980500, 1.750000000000010000, -2.500000000000067500 ) ) ;
#599 = LINE ( 'NONE', #598, #597 ) ;
#600 = DIRECTION ( 'NONE',  ( -6.982966722218764100E-015, 3.398218658099876300E-015, -1.000000000000000000 ) ) ;
#601 = DIRECTION ( 'NONE',  ( 2.372964780433434200E-029, 1.000000000000000000, 3.398218658099876300E-015 ) ) ;
#602 = CARTESIAN_POINT ( 'NONE',  ( 9.749999999999976900, 1.750000000000011800, -2.957106781186615900 ) ) ;
#603 = AXIS2_PLACEMENT_3D ( 'NONE', #602, #601, #600 ) ;
#604 = PLANE ( 'NONE',  #603 ) ;
#605 =( GEOMETRIC_REPRESENTATION_CONTEXT ( 3 ) GLOBAL_UNCERTAINTY_ASSIGNED_CONTEXT ( ( #552 ) ) GLOBAL_UNIT_ASSIGNED_CONTEXT ( ( #555, #554, #553 ) ) REPRESENTATION_CONTEXT ( 'NONE', 'WORKASPACE' ) );
#606 = PRESENTATION_LAYER_ASSIGNMENT (  '', '', ( #607 ) ) ;
#607 = STYLED_ITEM ( 'NONE', ( #608 ), #7922 ) ;
#608 = PRESENTATION_STYLE_ASSIGNMENT (( #609 ) ) ;
#609 = SURFACE_STYLE_USAGE ( .BOTH. , #610 ) ;
#610 = SURFACE_SIDE_STYLE ('',( #611 ) ) ;
#611 = SURFACE_STYLE_FILL_AREA ( #612 ) ;
#612 = FILL_AREA_STYLE ('',( #619 ) ) ;
#613 = COLOUR_RGB ( '',0.7529411764705882200, 0.7529411764705882200, 0.7529411764705882200 ) ;
#614 = FACE_OUTER_BOUND ( 'NONE', #7948, .T. ) ;
#615 = DIRECTION ( 'NONE',  ( 6.982966722218764100E-015, -3.491483361109382100E-015, 1.000000000000000000 ) ) ;
#616 = VECTOR ( 'NONE', #615, 1000.000000000000000 ) ;
#617 = CARTESIAN_POINT ( 'NONE',  ( 10.24999999999996400, 3.250000000000017800, -4.957106781186613600 ) ) ;
#618 = LINE ( 'NONE', #617, #616 ) ;
#619 = FILL_AREA_STYLE_COLOUR ( '', #613 ) ;
#620 = DIRECTION ( 'NONE',  ( 6.982966722218764100E-015, -3.491483361109382100E-015, 1.000000000000000000 ) ) ;
#621 = VECTOR ( 'NONE', #620, 1000.000000000000000 ) ;
#622 = CARTESIAN_POINT ( 'NONE',  ( 10.24999999999998200, -2.999999999999993300, -2.478553390593361400 ) ) ;
#623 = LINE ( 'NONE', #622, #621 ) ;
#624 = CARTESIAN_POINT ( 'NONE',  ( 10.24999999999998400, -2.999999999999993300, -2.000000000000087000 ) ) ;
#625 = DIRECTION ( 'NONE',  ( -2.438091212180733500E-029, -1.000000000000000000, -3.491483361109382100E-015 ) ) ;
#626 = VECTOR ( 'NONE', #625, 1000.000000000000000 ) ;
#627 = CARTESIAN_POINT ( 'NONE',  ( 10.24999999999998400, 1.250000000000007800, -2.000000000000072400 ) ) ;
#628 = LINE ( 'NONE', #627, #626 ) ;
#629 = CARTESIAN_POINT ( 'NONE',  ( 10.24999999999998400, 1.250000000000007800, -2.000000000000072400 ) ) ;
#630 = DIRECTION ( 'NONE',  ( 6.982966722218764100E-015, -3.398218658099876300E-015, 1.000000000000000000 ) ) ;
#631 = VECTOR ( 'NONE', #630, 1000.000000000000000 ) ;
#632 = CARTESIAN_POINT ( 'NONE',  ( 10.24999999999997900, 1.250000000000011300, -2.957106781186621200 ) ) ;
#633 = LINE ( 'NONE', #632, #631 ) ;
#634 = DIRECTION ( 'NONE',  ( -2.438091212180733500E-029, -1.000000000000000000, -3.491483361109382100E-015 ) ) ;
#635 = DIRECTION ( 'NONE',  ( -1.000000000000000000, 0.0000000000000000000, 6.982966722218764100E-015 ) ) ;
#636 = CARTESIAN_POINT ( 'NONE',  ( 9.749999999999976900, 1.250000000000011300, -2.957106781186617600 ) ) ;
#637 = AXIS2_PLACEMENT_3D ( 'NONE', #636, #635, #634 ) ;
#638 = PLANE ( 'NONE',  #637 ) ;
#639 =( GEOMETRIC_REPRESENTATION_CONTEXT ( 3 ) GLOBAL_UNCERTAINTY_ASSIGNED_CONTEXT ( ( #576 ) ) GLOBAL_UNIT_ASSIGNED_CONTEXT ( ( #579, #578, #577 ) ) REPRESENTATION_CONTEXT ( 'NONE', 'WORKASPACE' ) );
#640 = CARTESIAN_POINT ( 'NONE',  ( 10.25000000000001800, 3.249999999999990700, 2.649999999999936000 ) ) ;
#641 = DIRECTION ( 'NONE',  ( 1.000000000000000000, 0.0000000000000000000, -6.982966722218764100E-015 ) ) ;
#642 = VECTOR ( 'NONE', #641, 1000.000000000000000 ) ;
#643 = CARTESIAN_POINT ( 'NONE',  ( 9.750000000000017800, 3.249999999999990700, 2.649999999999939500 ) ) ;
#644 = LINE ( 'NONE', #643, #642 ) ;
#645 = CARTESIAN_POINT ( 'NONE',  ( 9.750000000000017800, 3.249999999999990700, 2.649999999999939500 ) ) ;
#646 = CARTESIAN_POINT ( 'NONE',  ( 9.750000000000017800, 3.749999999999991100, 2.649999999999940800 ) ) ;
#647 = DIRECTION ( 'NONE',  ( -2.438091212180733500E-029, -1.000000000000000000, -3.491483361109382100E-015 ) ) ;
#648 = VECTOR ( 'NONE', #647, 1000.000000000000000 ) ;
#649 = CARTESIAN_POINT ( 'NONE',  ( 9.750000000000017800, 3.749999999999991100, 2.649999999999940800 ) ) ;
#650 = LINE ( 'NONE', #649, #648 ) ;
#651 = DIRECTION ( 'NONE',  ( 2.438091212180733500E-029, 1.000000000000000000, 3.491483361109382100E-015 ) ) ;
#652 = DIRECTION ( 'NONE',  ( 6.982966722218764100E-015, -3.491483361109382100E-015, 1.000000000000000000 ) ) ;
#653 = CARTESIAN_POINT ( 'NONE',  ( 9.750000000000017800, 3.249999999999990700, 2.649999999999939500 ) ) ;
#654 = AXIS2_PLACEMENT_3D ( 'NONE', #653, #652, #651 ) ;
#655 = PLANE ( 'NONE',  #654 ) ;
#656 =( GEOMETRIC_REPRESENTATION_CONTEXT ( 3 ) GLOBAL_UNCERTAINTY_ASSIGNED_CONTEXT ( ( #657 ) ) GLOBAL_UNIT_ASSIGNED_CONTEXT ( ( #660, #659, #658 ) ) REPRESENTATION_CONTEXT ( 'NONE', 'WORKASPACE' ) );
#657 = UNCERTAINTY_MEASURE_WITH_UNIT (LENGTH_MEASURE( 1.000000000000000100E-005 ), #660, 'distance_accuracy_value', 'NONE');
#658 =( NAMED_UNIT ( * ) SI_UNIT ( $, .STERADIAN. ) SOLID_ANGLE_UNIT ( ) );
#659 =( NAMED_UNIT ( * ) PLANE_ANGLE_UNIT ( ) SI_UNIT ( $, .RADIAN. ) );
#660 =( LENGTH_UNIT ( ) NAMED_UNIT ( * ) SI_UNIT ( .MILLI., .METRE. ) );
#661 = MECHANICAL_DESIGN_GEOMETRIC_PRESENTATION_REPRESENTATION (  '', ( #607 ), #656 ) ;
#662 = AXIS2_PLACEMENT_3D ( 'NONE', #720, #719, #718 ) ;
#663 = PLANE ( 'NONE',  #662 ) ;
#664 =( GEOMETRIC_REPRESENTATION_CONTEXT ( 3 ) GLOBAL_UNCERTAINTY_ASSIGNED_CONTEXT ( ( #665 ) ) GLOBAL_UNIT_ASSIGNED_CONTEXT ( ( #669, #668, #666 ) ) REPRESENTATION_CONTEXT ( 'NONE', 'WORKASPACE' ) );
#665 = UNCERTAINTY_MEASURE_WITH_UNIT (LENGTH_MEASURE( 1.000000000000000100E-005 ), #669, 'distance_accuracy_value', 'NONE');
#666 =( NAMED_UNIT ( * ) SI_UNIT ( $, .STERADIAN. ) SOLID_ANGLE_UNIT ( ) );
#667 = VERTEX_POINT ( 'NONE', #10107 ) ;
#668 =( NAMED_UNIT ( * ) PLANE_ANGLE_UNIT ( ) SI_UNIT ( $, .RADIAN. ) );
#669 =( LENGTH_UNIT ( ) NAMED_UNIT ( * ) SI_UNIT ( .MILLI., .METRE. ) );
#670 = MECHANICAL_DESIGN_GEOMETRIC_PRESENTATION_REPRESENTATION (  '', ( #672 ), #664 ) ;
#671 = PRESENTATION_LAYER_ASSIGNMENT (  '', '', ( #672 ) ) ;
#672 = STYLED_ITEM ( 'NONE', ( #673 ), #7935 ) ;
#673 = PRESENTATION_STYLE_ASSIGNMENT (( #674 ) ) ;
#674 = SURFACE_STYLE_USAGE ( .BOTH. , #675 ) ;
#675 = SURFACE_SIDE_STYLE ('',( #676 ) ) ;
#676 = SURFACE_STYLE_FILL_AREA ( #677 ) ;
#677 = FILL_AREA_STYLE ('',( #684 ) ) ;
#678 = COLOUR_RGB ( '',0.7529411764705882200, 0.7529411764705882200, 0.7529411764705882200 ) ;
#679 = FACE_OUTER_BOUND ( 'NONE', #7936, .T. ) ;
#680 = DIRECTION ( 'NONE',  ( -1.000000000000000000, 0.0000000000000000000, 6.982966722218764100E-015 ) ) ;
#681 = VECTOR ( 'NONE', #680, 1000.000000000000000 ) ;
#682 = CARTESIAN_POINT ( 'NONE',  ( 9.750000000000017800, 3.749999999999991100, 2.649999999999940800 ) ) ;
#683 = LINE ( 'NONE', #682, #681 ) ;
#684 = FILL_AREA_STYLE_COLOUR ( '', #678 ) ;
#685 = CARTESIAN_POINT ( 'NONE',  ( 10.25000000000001600, 3.749999999999991100, 2.649999999999937700 ) ) ;
#686 = DIRECTION ( 'NONE',  ( -3.469446951953586600E-015, 1.000000000000000000, 3.491483361109406100E-015 ) ) ;
#687 = VECTOR ( 'NONE', #686, 1000.000000000000000 ) ;
#688 = CARTESIAN_POINT ( 'NONE',  ( 10.25000000000001600, 3.749999999999991100, 2.649999999999937700 ) ) ;
#689 = LINE ( 'NONE', #688, #687 ) ;
#690 = VECTOR ( 'NONE', #927, 1000.000000000000000 ) ;
#691 = DIRECTION ( 'NONE',  ( 1.000000000000000000, 0.0000000000000000000, -6.982966722218764100E-015 ) ) ;
#692 = DIRECTION ( 'NONE',  ( -2.438091212180733500E-029, -1.000000000000000000, -3.491483361109382100E-015 ) ) ;
#693 = CARTESIAN_POINT ( 'NONE',  ( 9.999999999999982200, -2.999999999999993300, -2.250000000000086200 ) ) ;
#694 = AXIS2_PLACEMENT_3D ( 'NONE', #693, #692, #691 ) ;
#695 = CARTESIAN_POINT ( 'NONE',  ( 8.249999999999978700, 1.750000000000011800, -2.957106781186605600 ) ) ;
#696 = PLANE ( 'NONE',  #694 ) ;
#697 = EDGE_LOOP ( 'NONE', ( #2376, #2158, #6473, #6464, #6443 ) ) ;
#698 =( GEOMETRIC_REPRESENTATION_CONTEXT ( 3 ) GLOBAL_UNCERTAINTY_ASSIGNED_CONTEXT ( ( #699 ) ) GLOBAL_UNIT_ASSIGNED_CONTEXT ( ( #702, #701, #700 ) ) REPRESENTATION_CONTEXT ( 'NONE', 'WORKASPACE' ) );
#699 = UNCERTAINTY_MEASURE_WITH_UNIT (LENGTH_MEASURE( 1.000000000000000100E-005 ), #702, 'distance_accuracy_value', 'NONE');
#700 =( NAMED_UNIT ( * ) SI_UNIT ( $, .STERADIAN. ) SOLID_ANGLE_UNIT ( ) );
#701 =( NAMED_UNIT ( * ) PLANE_ANGLE_UNIT ( ) SI_UNIT ( $, .RADIAN. ) );
#702 =( LENGTH_UNIT ( ) NAMED_UNIT ( * ) SI_UNIT ( .MILLI., .METRE. ) );
#703 = MECHANICAL_DESIGN_GEOMETRIC_PRESENTATION_REPRESENTATION (  '', ( #705 ), #698 ) ;
#704 = PRESENTATION_LAYER_ASSIGNMENT (  '', '', ( #705 ) ) ;
#705 = STYLED_ITEM ( 'NONE', ( #706 ), #7942 ) ;
#706 = PRESENTATION_STYLE_ASSIGNMENT (( #707 ) ) ;
#707 = SURFACE_STYLE_USAGE ( .BOTH. , #708 ) ;
#708 = SURFACE_SIDE_STYLE ('',( #709 ) ) ;
#709 = SURFACE_STYLE_FILL_AREA ( #710 ) ;
#710 = FILL_AREA_STYLE ('',( #717 ) ) ;
#711 = COLOUR_RGB ( '',0.7529411764705882200, 0.7529411764705882200, 0.7529411764705882200 ) ;
#712 = FACE_OUTER_BOUND ( 'NONE', #7943, .T. ) ;
#713 = DIRECTION ( 'NONE',  ( 1.000000000000000000, 0.0000000000000000000, -6.982966722218764100E-015 ) ) ;
#714 = VECTOR ( 'NONE', #713, 1000.000000000000000 ) ;
#715 = CARTESIAN_POINT ( 'NONE',  ( 9.749999999999980500, -2.999999999999991600, -2.500000000000084800 ) ) ;
#716 = LINE ( 'NONE', #715, #714 ) ;
#717 = FILL_AREA_STYLE_COLOUR ( '', #711 ) ;
#718 = DIRECTION ( 'NONE',  ( -1.000000000000000000, 0.0000000000000000000, 6.982966722218764100E-015 ) ) ;
#719 = DIRECTION ( 'NONE',  ( 2.438091212180733500E-029, 1.000000000000000000, 3.491483361109382100E-015 ) ) ;
#720 = CARTESIAN_POINT ( 'NONE',  ( 9.749999999999962700, 3.750000000000018200, -4.957106781186607400 ) ) ;
#721 = CARTESIAN_POINT ( 'NONE',  ( 9.749999999999984000, -2.999999999999993300, -2.000000000000084400 ) ) ;
#722 = LINE ( 'NONE', #721, #776 ) ;
#723 = DIRECTION ( 'NONE',  ( -2.438091212180733500E-029, -1.000000000000000000, -3.491483361109382100E-015 ) ) ;
#724 = DIRECTION ( 'NONE',  ( -6.982966722218764100E-015, 3.491483361109382100E-015, -1.000000000000000000 ) ) ;
#725 = CARTESIAN_POINT ( 'NONE',  ( 9.749999999999984000, 1.250000000000007800, -2.000000000000069300 ) ) ;
#726 = AXIS2_PLACEMENT_3D ( 'NONE', #725, #724, #723 ) ;
#727 = PLANE ( 'NONE',  #726 ) ;
#728 =( GEOMETRIC_REPRESENTATION_CONTEXT ( 3 ) GLOBAL_UNCERTAINTY_ASSIGNED_CONTEXT ( ( #729 ) ) GLOBAL_UNIT_ASSIGNED_CONTEXT ( ( #732, #731, #730 ) ) REPRESENTATION_CONTEXT ( 'NONE', 'WORKASPACE' ) );
#729 = UNCERTAINTY_MEASURE_WITH_UNIT (LENGTH_MEASURE( 1.000000000000000100E-005 ), #732, 'distance_accuracy_value', 'NONE');
#730 =( NAMED_UNIT ( * ) SI_UNIT ( $, .STERADIAN. ) SOLID_ANGLE_UNIT ( ) );
#731 =( NAMED_UNIT ( * ) PLANE_ANGLE_UNIT ( ) SI_UNIT ( $, .RADIAN. ) );
#732 =( LENGTH_UNIT ( ) NAMED_UNIT ( * ) SI_UNIT ( .MILLI., .METRE. ) );
#733 = MECHANICAL_DESIGN_GEOMETRIC_PRESENTATION_REPRESENTATION (  '', ( #735 ), #728 ) ;
#734 = PRESENTATION_LAYER_ASSIGNMENT (  '', '', ( #735 ) ) ;
#735 = STYLED_ITEM ( 'NONE', ( #736 ), #7953 ) ;
#736 = PRESENTATION_STYLE_ASSIGNMENT (( #737 ) ) ;
#737 = SURFACE_STYLE_USAGE ( .BOTH. , #738 ) ;
#738 = SURFACE_SIDE_STYLE ('',( #739 ) ) ;
#739 = SURFACE_STYLE_FILL_AREA ( #740 ) ;
#740 = FILL_AREA_STYLE ('',( #747 ) ) ;
#741 = COLOUR_RGB ( '',0.7529411764705882200, 0.7529411764705882200, 0.7529411764705882200 ) ;
#742 = FACE_OUTER_BOUND ( 'NONE', #7954, .T. ) ;
#743 = DIRECTION ( 'NONE',  ( 1.000000000000000000, 0.0000000000000000000, -6.982966722218764100E-015 ) ) ;
#744 = VECTOR ( 'NONE', #743, 1000.000000000000000 ) ;
#745 = CARTESIAN_POINT ( 'NONE',  ( 9.749999999999984000, 1.250000000000007800, -2.000000000000069300 ) ) ;
#746 = LINE ( 'NONE', #745, #744 ) ;
#747 = FILL_AREA_STYLE_COLOUR ( '', #741 ) ;
#748 = LINE ( 'NONE', #807, #806 ) ;
#749 = DIRECTION ( 'NONE',  ( -2.438091212180733500E-029, -1.000000000000000000, -3.491483361109382100E-015 ) ) ;
#750 = DIRECTION ( 'NONE',  ( -1.000000000000000000, 0.0000000000000000000, 6.982966722218764100E-015 ) ) ;
#751 = CARTESIAN_POINT ( 'NONE',  ( 9.749999999999962700, 3.750000000000018200, -4.957106781186607400 ) ) ;
#752 = AXIS2_PLACEMENT_3D ( 'NONE', #751, #750, #749 ) ;
#753 = PLANE ( 'NONE',  #752 ) ;
#754 =( GEOMETRIC_REPRESENTATION_CONTEXT ( 3 ) GLOBAL_UNCERTAINTY_ASSIGNED_CONTEXT ( ( #755 ) ) GLOBAL_UNIT_ASSIGNED_CONTEXT ( ( #758, #757, #756 ) ) REPRESENTATION_CONTEXT ( 'NONE', 'WORKASPACE' ) );
#755 = UNCERTAINTY_MEASURE_WITH_UNIT (LENGTH_MEASURE( 1.000000000000000100E-005 ), #758, 'distance_accuracy_value', 'NONE');
#756 =( NAMED_UNIT ( * ) SI_UNIT ( $, .STERADIAN. ) SOLID_ANGLE_UNIT ( ) );
#757 =( NAMED_UNIT ( * ) PLANE_ANGLE_UNIT ( ) SI_UNIT ( $, .RADIAN. ) );
#758 =( LENGTH_UNIT ( ) NAMED_UNIT ( * ) SI_UNIT ( .MILLI., .METRE. ) );
#759 = MECHANICAL_DESIGN_GEOMETRIC_PRESENTATION_REPRESENTATION (  '', ( #761 ), #754 ) ;
#760 = PRESENTATION_LAYER_ASSIGNMENT (  '', '', ( #761 ) ) ;
#761 = STYLED_ITEM ( 'NONE', ( #762 ), #7968 ) ;
#762 = PRESENTATION_STYLE_ASSIGNMENT (( #763 ) ) ;
#763 = SURFACE_STYLE_USAGE ( .BOTH. , #764 ) ;
#764 = SURFACE_SIDE_STYLE ('',( #765 ) ) ;
#765 = SURFACE_STYLE_FILL_AREA ( #766 ) ;
#766 = FILL_AREA_STYLE ('',( #767 ) ) ;
#767 = FILL_AREA_STYLE_COLOUR ( '', #768 ) ;
#768 = COLOUR_RGB ( '',0.7529411764705882200, 0.7529411764705882200, 0.7529411764705882200 ) ;
#769 = FACE_OUTER_BOUND ( 'NONE', #7969, .T. ) ;
#770 = CARTESIAN_POINT ( 'NONE',  ( 10.24999999999997200, 3.250000000000014200, -4.000000000000063900 ) ) ;
#771 = DIRECTION ( 'NONE',  ( 1.000000000000000000, 0.0000000000000000000, -6.982966722218764100E-015 ) ) ;
#772 = VECTOR ( 'NONE', #771, 1000.000000000000000 ) ;
#773 = CARTESIAN_POINT ( 'NONE',  ( 9.749999999999969800, 3.250000000000014200, -4.000000000000059500 ) ) ;
#774 = LINE ( 'NONE', #773, #772 ) ;
#775 = DIRECTION ( 'NONE',  ( -1.000000000000000000, 0.0000000000000000000, 6.982966722218764100E-015 ) ) ;
#776 = VECTOR ( 'NONE', #775, 1000.000000000000000 ) ;
#777 =( GEOMETRIC_REPRESENTATION_CONTEXT ( 3 ) GLOBAL_UNCERTAINTY_ASSIGNED_CONTEXT ( ( #778 ) ) GLOBAL_UNIT_ASSIGNED_CONTEXT ( ( #782, #781, #780 ) ) REPRESENTATION_CONTEXT ( 'NONE', 'WORKASPACE' ) );
#778 = UNCERTAINTY_MEASURE_WITH_UNIT (LENGTH_MEASURE( 1.000000000000000100E-005 ), #782, 'distance_accuracy_value', 'NONE');
#779 = ORIENTED_EDGE ( 'NONE', *, *, #13456, .T. ) ;
#780 =( NAMED_UNIT ( * ) SI_UNIT ( $, .STERADIAN. ) SOLID_ANGLE_UNIT ( ) );
#781 =( NAMED_UNIT ( * ) PLANE_ANGLE_UNIT ( ) SI_UNIT ( $, .RADIAN. ) );
#782 =( LENGTH_UNIT ( ) NAMED_UNIT ( * ) SI_UNIT ( .MILLI., .METRE. ) );
#783 = MECHANICAL_DESIGN_GEOMETRIC_PRESENTATION_REPRESENTATION (  '', ( #785 ), #777 ) ;
#784 = PRESENTATION_LAYER_ASSIGNMENT (  '', '', ( #785 ) ) ;
#785 = STYLED_ITEM ( 'NONE', ( #786 ), #7981 ) ;
#786 = PRESENTATION_STYLE_ASSIGNMENT (( #787 ) ) ;
#787 = SURFACE_STYLE_USAGE ( .BOTH. , #788 ) ;
#788 = SURFACE_SIDE_STYLE ('',( #789 ) ) ;
#789 = SURFACE_STYLE_FILL_AREA ( #790 ) ;
#790 = FILL_AREA_STYLE ('',( #791 ) ) ;
#791 = FILL_AREA_STYLE_COLOUR ( '', #792 ) ;
#792 = COLOUR_RGB ( '',0.7529411764705882200, 0.7529411764705882200, 0.7529411764705882200 ) ;
#793 = FACE_OUTER_BOUND ( 'NONE', #7982, .T. ) ;
#794 = CARTESIAN_POINT ( 'NONE',  ( 9.749999999999969800, -2.999999999999986200, -4.000000000000081700 ) ) ;
#795 = DIRECTION ( 'NONE',  ( -6.982966722218764100E-015, 3.491483361109382100E-015, -1.000000000000000000 ) ) ;
#796 = VECTOR ( 'NONE', #795, 1000.000000000000000 ) ;
#797 = CARTESIAN_POINT ( 'NONE',  ( 9.749999999999964500, -2.999999999999984500, -4.728553390593356600 ) ) ;
#798 = LINE ( 'NONE', #797, #796 ) ;
#799 = CARTESIAN_POINT ( 'NONE',  ( 9.749999999999966200, -2.999999999999984500, -4.500000000000081700 ) ) ;
#800 = DIRECTION ( 'NONE',  ( -2.438091212180733800E-029, -1.000000000000000000, -3.491483361109382500E-015 ) ) ;
#801 = VECTOR ( 'NONE', #800, 1000.000000000000000 ) ;
#802 = CARTESIAN_POINT ( 'NONE',  ( 9.749999999999966200, 3.750000000000016400, -4.500000000000058600 ) ) ;
#803 = LINE ( 'NONE', #802, #801 ) ;
#804 = CARTESIAN_POINT ( 'NONE',  ( 9.749999999999966200, 3.750000000000016400, -4.500000000000058600 ) ) ;
#805 = DIRECTION ( 'NONE',  ( 6.982966722218764100E-015, -3.491483361109382100E-015, 1.000000000000000000 ) ) ;
#806 = VECTOR ( 'NONE', #805, 1000.000000000000000 ) ;
#807 = CARTESIAN_POINT ( 'NONE',  ( 9.749999999999962700, 3.750000000000018200, -4.957106781186607400 ) ) ;
#808 = AXIS2_PLACEMENT_3D ( 'NONE', #861, #860, #859 ) ;
#809 = PLANE ( 'NONE',  #808 ) ;
#810 =( GEOMETRIC_REPRESENTATION_CONTEXT ( 3 ) GLOBAL_UNCERTAINTY_ASSIGNED_CONTEXT ( ( #811 ) ) GLOBAL_UNIT_ASSIGNED_CONTEXT ( ( #814, #813, #812 ) ) REPRESENTATION_CONTEXT ( 'NONE', 'WORKASPACE' ) );
#811 = UNCERTAINTY_MEASURE_WITH_UNIT (LENGTH_MEASURE( 1.000000000000000100E-005 ), #814, 'distance_accuracy_value', 'NONE');
#812 =( NAMED_UNIT ( * ) SI_UNIT ( $, .STERADIAN. ) SOLID_ANGLE_UNIT ( ) );
#813 =( NAMED_UNIT ( * ) PLANE_ANGLE_UNIT ( ) SI_UNIT ( $, .RADIAN. ) );
#814 =( LENGTH_UNIT ( ) NAMED_UNIT ( * ) SI_UNIT ( .MILLI., .METRE. ) );
#815 = MECHANICAL_DESIGN_GEOMETRIC_PRESENTATION_REPRESENTATION (  '', ( #817 ), #810 ) ;
#816 = PRESENTATION_LAYER_ASSIGNMENT (  '', '', ( #817 ) ) ;
#817 = STYLED_ITEM ( 'NONE', ( #818 ), #7988 ) ;
#818 = PRESENTATION_STYLE_ASSIGNMENT (( #819 ) ) ;
#819 = SURFACE_STYLE_USAGE ( .BOTH. , #820 ) ;
#820 = SURFACE_SIDE_STYLE ('',( #821 ) ) ;
#821 = SURFACE_STYLE_FILL_AREA ( #822 ) ;
#822 = FILL_AREA_STYLE ('',( #829 ) ) ;
#823 = COLOUR_RGB ( '',0.7529411764705882200, 0.7529411764705882200, 0.7529411764705882200 ) ;
#824 = FACE_OUTER_BOUND ( 'NONE', #7989, .T. ) ;
#825 = DIRECTION ( 'NONE',  ( 6.982966722218764100E-015, -3.491483361109382100E-015, 1.000000000000000000 ) ) ;
#826 = VECTOR ( 'NONE', #825, 1000.000000000000000 ) ;
#827 = CARTESIAN_POINT ( 'NONE',  ( 9.749999999999962700, 3.250000000000017800, -4.957106781186609200 ) ) ;
#828 = LINE ( 'NONE', #827, #826 ) ;
#829 = FILL_AREA_STYLE_COLOUR ( '', #823 ) ;
#830 = DIRECTION ( 'NONE',  ( 1.000000000000000000, 0.0000000000000000000, -6.982966722218764100E-015 ) ) ;
#831 = DIRECTION ( 'NONE',  ( -2.438091212180733500E-029, -1.000000000000000000, -3.491483361109382100E-015 ) ) ;
#832 = CARTESIAN_POINT ( 'NONE',  ( 9.749999999999962700, 3.250000000000017800, -4.957106781186609200 ) ) ;
#833 = AXIS2_PLACEMENT_3D ( 'NONE', #832, #831, #830 ) ;
#834 = PLANE ( 'NONE',  #833 ) ;
#835 =( GEOMETRIC_REPRESENTATION_CONTEXT ( 3 ) GLOBAL_UNCERTAINTY_ASSIGNED_CONTEXT ( ( #836 ) ) GLOBAL_UNIT_ASSIGNED_CONTEXT ( ( #839, #838, #837 ) ) REPRESENTATION_CONTEXT ( 'NONE', 'WORKASPACE' ) );
#836 = UNCERTAINTY_MEASURE_WITH_UNIT (LENGTH_MEASURE( 1.000000000000000100E-005 ), #839, 'distance_accuracy_value', 'NONE');
#837 =( NAMED_UNIT ( * ) SI_UNIT ( $, .STERADIAN. ) SOLID_ANGLE_UNIT ( ) );
#838 =( NAMED_UNIT ( * ) PLANE_ANGLE_UNIT ( ) SI_UNIT ( $, .RADIAN. ) );
#839 =( LENGTH_UNIT ( ) NAMED_UNIT ( * ) SI_UNIT ( .MILLI., .METRE. ) );
#840 = MECHANICAL_DESIGN_GEOMETRIC_PRESENTATION_REPRESENTATION (  '', ( #842 ), #835 ) ;
#841 = PRESENTATION_LAYER_ASSIGNMENT (  '', '', ( #842 ) ) ;
#842 = STYLED_ITEM ( 'NONE', ( #843 ), #7998 ) ;
#843 = PRESENTATION_STYLE_ASSIGNMENT (( #844 ) ) ;
#844 = SURFACE_STYLE_USAGE ( .BOTH. , #845 ) ;
#845 = SURFACE_SIDE_STYLE ('',( #846 ) ) ;
#846 = SURFACE_STYLE_FILL_AREA ( #847 ) ;
#847 = FILL_AREA_STYLE ('',( #854 ) ) ;
#848 = COLOUR_RGB ( '',0.7529411764705882200, 0.7529411764705882200, 0.7529411764705882200 ) ;
#849 = FACE_OUTER_BOUND ( 'NONE', #7917, .T. ) ;
#850 = DIRECTION ( 'NONE',  ( 6.982966722218764100E-015, -3.491483361109382100E-015, 1.000000000000000000 ) ) ;
#851 = VECTOR ( 'NONE', #850, 1000.000000000000000 ) ;
#852 = CARTESIAN_POINT ( 'NONE',  ( 9.749999999999962700, 3.750000000000018200, -4.957106781186607400 ) ) ;
#853 = LINE ( 'NONE', #852, #851 ) ;
#854 = FILL_AREA_STYLE_COLOUR ( '', #848 ) ;
#855 = DIRECTION ( 'NONE',  ( 6.982966722218764100E-015, -3.491483361109382100E-015, 1.000000000000000000 ) ) ;
#856 = VECTOR ( 'NONE', #855, 1000.000000000000000 ) ;
#857 = CARTESIAN_POINT ( 'NONE',  ( 10.24999999999996300, 3.750000000000018200, -4.957106781186611900 ) ) ;
#858 = LINE ( 'NONE', #857, #856 ) ;
#859 = DIRECTION ( 'NONE',  ( -2.438091212180733500E-029, -1.000000000000000000, -3.491483361109382100E-015 ) ) ;
#860 = DIRECTION ( 'NONE',  ( -1.000000000000000000, 0.0000000000000000000, 6.982966722218764100E-015 ) ) ;
#861 = CARTESIAN_POINT ( 'NONE',  ( 9.749999999999962700, 3.750000000000018200, -4.957106781186607400 ) ) ;
#862 = DIRECTION ( 'NONE',  ( 1.000000000000000000, 0.0000000000000000000, -6.982966722218764100E-015 ) ) ;
#863 = DIRECTION ( 'NONE',  ( -2.438091212180733500E-029, -1.000000000000000000, -3.491483361109382100E-015 ) ) ;
#864 = CARTESIAN_POINT ( 'NONE',  ( 9.999999999999969800, -2.999999999999986200, -4.250000000000084400 ) ) ;
#865 = AXIS2_PLACEMENT_3D ( 'NONE', #864, #863, #862 ) ;
#866 = PLANE ( 'NONE',  #865 ) ;
#867 =( GEOMETRIC_REPRESENTATION_CONTEXT ( 3 ) GLOBAL_UNCERTAINTY_ASSIGNED_CONTEXT ( ( #868 ) ) GLOBAL_UNIT_ASSIGNED_CONTEXT ( ( #871, #870, #869 ) ) REPRESENTATION_CONTEXT ( 'NONE', 'WORKASPACE' ) );
#868 = UNCERTAINTY_MEASURE_WITH_UNIT (LENGTH_MEASURE( 1.000000000000000100E-005 ), #871, 'distance_accuracy_value', 'NONE');
#869 =( NAMED_UNIT ( * ) SI_UNIT ( $, .STERADIAN. ) SOLID_ANGLE_UNIT ( ) );
#870 =( NAMED_UNIT ( * ) PLANE_ANGLE_UNIT ( ) SI_UNIT ( $, .RADIAN. ) );
#871 =( LENGTH_UNIT ( ) NAMED_UNIT ( * ) SI_UNIT ( .MILLI., .METRE. ) );
#872 = MECHANICAL_DESIGN_GEOMETRIC_PRESENTATION_REPRESENTATION (  '', ( #874 ), #867 ) ;
#873 = PRESENTATION_LAYER_ASSIGNMENT (  '', '', ( #874 ) ) ;
#874 = STYLED_ITEM ( 'NONE', ( #875 ), #8003 ) ;
#875 = PRESENTATION_STYLE_ASSIGNMENT (( #876 ) ) ;
#876 = SURFACE_STYLE_USAGE ( .BOTH. , #877 ) ;
#877 = SURFACE_SIDE_STYLE ('',( #878 ) ) ;
#878 = SURFACE_STYLE_FILL_AREA ( #879 ) ;
#879 = FILL_AREA_STYLE ('',( #886 ) ) ;
#880 = COLOUR_RGB ( '',0.7529411764705882200, 0.7529411764705882200, 0.7529411764705882200 ) ;
#881 = FACE_OUTER_BOUND ( 'NONE', #8004, .T. ) ;
#882 = DIRECTION ( 'NONE',  ( -1.000000000000000000, 0.0000000000000000000, 6.982966722218764100E-015 ) ) ;
#883 = VECTOR ( 'NONE', #882, 1000.000000000000000 ) ;
#884 = CARTESIAN_POINT ( 'NONE',  ( 9.749999999999969800, -2.999999999999986200, -4.000000000000081700 ) ) ;
#885 = LINE ( 'NONE', #884, #883 ) ;
#886 = FILL_AREA_STYLE_COLOUR ( '', #880 ) ;
#887 = DIRECTION ( 'NONE',  ( -3.469446951953586600E-015, 1.000000000000000000, 3.491483361109406100E-015 ) ) ;
#888 = DIRECTION ( 'NONE',  ( 1.000000000000000000, 3.469446951953611000E-015, -6.982966722218752300E-015 ) ) ;
#889 = CARTESIAN_POINT ( 'NONE',  ( 10.24999999999996300, 3.750000000000018200, -4.957106781186611900 ) ) ;
#890 = AXIS2_PLACEMENT_3D ( 'NONE', #889, #888, #887 ) ;
#891 = PLANE ( 'NONE',  #890 ) ;
#892 = DIRECTION ( 'NONE',  ( -1.000000000000000000, 0.0000000000000000000, 6.982966722218764100E-015 ) ) ;
#893 = VECTOR ( 'NONE', #892, 1000.000000000000000 ) ;
#894 = CARTESIAN_POINT ( 'NONE',  ( 9.749999999999966200, 3.750000000000016400, -4.500000000000058600 ) ) ;
#895 = LINE ( 'NONE', #894, #893 ) ;
#896 = FILL_AREA_STYLE_COLOUR ( '', #950 ) ;
#897 = DIRECTION ( 'NONE',  ( -1.000000000000000000, 0.0000000000000000000, 6.982966722218764100E-015 ) ) ;
#898 = DIRECTION ( 'NONE',  ( 2.438091212180733500E-029, 1.000000000000000000, 3.491483361109382100E-015 ) ) ;
#899 = CARTESIAN_POINT ( 'NONE',  ( 9.749999999999962700, 3.750000000000018200, -4.957106781186607400 ) ) ;
#900 = AXIS2_PLACEMENT_3D ( 'NONE', #899, #898, #897 ) ;
#901 = PLANE ( 'NONE',  #900 ) ;
#902 =( GEOMETRIC_REPRESENTATION_CONTEXT ( 3 ) GLOBAL_UNCERTAINTY_ASSIGNED_CONTEXT ( ( #903 ) ) GLOBAL_UNIT_ASSIGNED_CONTEXT ( ( #906, #905, #904 ) ) REPRESENTATION_CONTEXT ( 'NONE', 'WORKASPACE' ) );
#903 = UNCERTAINTY_MEASURE_WITH_UNIT (LENGTH_MEASURE( 1.000000000000000100E-005 ), #906, 'distance_accuracy_value', 'NONE');
#904 =( NAMED_UNIT ( * ) SI_UNIT ( $, .STERADIAN. ) SOLID_ANGLE_UNIT ( ) );
#905 =( NAMED_UNIT ( * ) PLANE_ANGLE_UNIT ( ) SI_UNIT ( $, .RADIAN. ) );
#906 =( LENGTH_UNIT ( ) NAMED_UNIT ( * ) SI_UNIT ( .MILLI., .METRE. ) );
#907 = ADVANCED_FACE ( 'NONE', ( #10106 ), #10105, .F. ) ;
#908 = MECHANICAL_DESIGN_GEOMETRIC_PRESENTATION_REPRESENTATION (  '', ( #910 ), #902 ) ;
#909 = PRESENTATION_LAYER_ASSIGNMENT (  '', '', ( #910 ) ) ;
#910 = STYLED_ITEM ( 'NONE', ( #911 ), #8006 ) ;
#911 = PRESENTATION_STYLE_ASSIGNMENT (( #912 ) ) ;
#912 = SURFACE_STYLE_USAGE ( .BOTH. , #913 ) ;
#913 = SURFACE_SIDE_STYLE ('',( #914 ) ) ;
#914 = SURFACE_STYLE_FILL_AREA ( #915 ) ;
#915 = FILL_AREA_STYLE ('',( #922 ) ) ;
#916 = COLOUR_RGB ( '',0.7529411764705882200, 0.7529411764705882200, 0.7529411764705882200 ) ;
#917 = FACE_OUTER_BOUND ( 'NONE', #8007, .T. ) ;
#918 = DIRECTION ( 'NONE',  ( 6.982966722218764100E-015, -3.491483361109382100E-015, 1.000000000000000000 ) ) ;
#919 = VECTOR ( 'NONE', #918, 1000.000000000000000 ) ;
#920 = CARTESIAN_POINT ( 'NONE',  ( 10.24999999999996300, 3.750000000000018200, -4.957106781186611900 ) ) ;
#921 = LINE ( 'NONE', #920, #919 ) ;
#922 = FILL_AREA_STYLE_COLOUR ( '', #916 ) ;
#923 = DIRECTION ( 'NONE',  ( 6.982966722218764100E-015, -3.491483361109382100E-015, 1.000000000000000000 ) ) ;
#924 = VECTOR ( 'NONE', #923, 1000.000000000000000 ) ;
#925 = CARTESIAN_POINT ( 'NONE',  ( 10.24999999999996400, 3.250000000000017800, -4.957106781186613600 ) ) ;
#926 = LINE ( 'NONE', #925, #924 ) ;
#927 = DIRECTION ( 'NONE',  ( 6.982966722218764100E-015, -3.398218658099876300E-015, 1.000000000000000000 ) ) ;
#928 = DIRECTION ( 'NONE',  ( 1.000000000000000000, 0.0000000000000000000, -6.982966722218764100E-015 ) ) ;
#929 = VECTOR ( 'NONE', #928, 1000.000000000000000 ) ;
#930 = CARTESIAN_POINT ( 'NONE',  ( 9.749999999999966200, -2.999999999999984500, -4.500000000000081700 ) ) ;
#931 = LINE ( 'NONE', #930, #929 ) ;
#932 = DIRECTION ( 'NONE',  ( 2.438091212180733500E-029, 1.000000000000000000, 3.491483361109382100E-015 ) ) ;
#933 = DIRECTION ( 'NONE',  ( 6.982966722218764100E-015, -3.491483361109382100E-015, 1.000000000000000000 ) ) ;
#934 = CARTESIAN_POINT ( 'NONE',  ( 9.749999999999966200, 3.750000000000016400, -4.500000000000058600 ) ) ;
#935 = AXIS2_PLACEMENT_3D ( 'NONE', #934, #933, #932 ) ;
#936 = PLANE ( 'NONE',  #935 ) ;
#937 =( GEOMETRIC_REPRESENTATION_CONTEXT ( 3 ) GLOBAL_UNCERTAINTY_ASSIGNED_CONTEXT ( ( #938 ) ) GLOBAL_UNIT_ASSIGNED_CONTEXT ( ( #941, #940, #939 ) ) REPRESENTATION_CONTEXT ( 'NONE', 'WORKASPACE' ) );
#938 = UNCERTAINTY_MEASURE_WITH_UNIT (LENGTH_MEASURE( 1.000000000000000100E-005 ), #941, 'distance_accuracy_value', 'NONE');
#939 =( NAMED_UNIT ( * ) SI_UNIT ( $, .STERADIAN. ) SOLID_ANGLE_UNIT ( ) );
#940 =( NAMED_UNIT ( * ) PLANE_ANGLE_UNIT ( ) SI_UNIT ( $, .RADIAN. ) );
#941 =( LENGTH_UNIT ( ) NAMED_UNIT ( * ) SI_UNIT ( .MILLI., .METRE. ) );
#942 = MECHANICAL_DESIGN_GEOMETRIC_PRESENTATION_REPRESENTATION (  '', ( #944 ), #937 ) ;
#943 = PRESENTATION_LAYER_ASSIGNMENT (  '', '', ( #944 ) ) ;
#944 = STYLED_ITEM ( 'NONE', ( #945 ), #8013 ) ;
#945 = PRESENTATION_STYLE_ASSIGNMENT (( #946 ) ) ;
#946 = SURFACE_STYLE_USAGE ( .BOTH. , #947 ) ;
#947 = SURFACE_SIDE_STYLE ('',( #948 ) ) ;
#948 = SURFACE_STYLE_FILL_AREA ( #949 ) ;
#949 = FILL_AREA_STYLE ('',( #896 ) ) ;
#950 = COLOUR_RGB ( '',0.7529411764705882200, 0.7529411764705882200, 0.7529411764705882200 ) ;
#951 = FACE_OUTER_BOUND ( 'NONE', #8014, .T. ) ;
#952 = LINE ( 'NONE', #1013, #1012 ) ;
#953 = DIRECTION ( 'NONE',  ( -2.438091212180733800E-029, -1.000000000000000000, -3.491483361109382500E-015 ) ) ;
#954 = VECTOR ( 'NONE', #953, 1000.000000000000000 ) ;
#955 = CARTESIAN_POINT ( 'NONE',  ( 10.24999999999997200, 3.250000000000014200, -4.000000000000063900 ) ) ;
#956 = LINE ( 'NONE', #955, #954 ) ;
#957 = DIRECTION ( 'NONE',  ( -3.469446951953586600E-015, 1.000000000000000000, 3.491483361109406100E-015 ) ) ;
#958 = DIRECTION ( 'NONE',  ( 1.000000000000000000, 3.469446951953611000E-015, -6.982966722218752300E-015 ) ) ;
#959 = CARTESIAN_POINT ( 'NONE',  ( 10.24999999999996300, 3.750000000000018200, -4.957106781186611900 ) ) ;
#960 = AXIS2_PLACEMENT_3D ( 'NONE', #959, #958, #957 ) ;
#961 = PLANE ( 'NONE',  #960 ) ;
#962 =( GEOMETRIC_REPRESENTATION_CONTEXT ( 3 ) GLOBAL_UNCERTAINTY_ASSIGNED_CONTEXT ( ( #963 ) ) GLOBAL_UNIT_ASSIGNED_CONTEXT ( ( #967, #965, #964 ) ) REPRESENTATION_CONTEXT ( 'NONE', 'WORKASPACE' ) );
#963 = UNCERTAINTY_MEASURE_WITH_UNIT (LENGTH_MEASURE( 1.000000000000000100E-005 ), #967, 'distance_accuracy_value', 'NONE');
#964 =( NAMED_UNIT ( * ) SI_UNIT ( $, .STERADIAN. ) SOLID_ANGLE_UNIT ( ) );
#965 =( NAMED_UNIT ( * ) PLANE_ANGLE_UNIT ( ) SI_UNIT ( $, .RADIAN. ) );
#966 = EDGE_LOOP ( 'NONE', ( #1040, #1120, #1156, #1137 ) ) ;
#967 =( LENGTH_UNIT ( ) NAMED_UNIT ( * ) SI_UNIT ( .MILLI., .METRE. ) );
#968 = MECHANICAL_DESIGN_GEOMETRIC_PRESENTATION_REPRESENTATION (  '', ( #970 ), #962 ) ;
#969 = PRESENTATION_LAYER_ASSIGNMENT (  '', '', ( #970 ) ) ;
#970 = STYLED_ITEM ( 'NONE', ( #971 ), #8018 ) ;
#971 = PRESENTATION_STYLE_ASSIGNMENT (( #972 ) ) ;
#972 = SURFACE_STYLE_USAGE ( .BOTH. , #973 ) ;
#973 = SURFACE_SIDE_STYLE ('',( #974 ) ) ;
#974 = SURFACE_STYLE_FILL_AREA ( #975 ) ;
#975 = FILL_AREA_STYLE ('',( #976 ) ) ;
#976 = FILL_AREA_STYLE_COLOUR ( '', #977 ) ;
#977 = COLOUR_RGB ( '',0.7529411764705882200, 0.7529411764705882200, 0.7529411764705882200 ) ;
#978 = FACE_OUTER_BOUND ( 'NONE', #7965, .T. ) ;
#979 =( LENGTH_UNIT ( ) NAMED_UNIT ( * ) SI_UNIT ( .MILLI., .METRE. ) );
#980 = MECHANICAL_DESIGN_GEOMETRIC_PRESENTATION_REPRESENTATION (  '', ( #982 ), #1039 ) ;
#981 = PRESENTATION_LAYER_ASSIGNMENT (  '', '', ( #982 ) ) ;
#982 = STYLED_ITEM ( 'NONE', ( #983 ), #8037 ) ;
#983 = PRESENTATION_STYLE_ASSIGNMENT (( #984 ) ) ;
#984 = SURFACE_STYLE_USAGE ( .BOTH. , #985 ) ;
#985 = SURFACE_SIDE_STYLE ('',( #986 ) ) ;
#986 = SURFACE_STYLE_FILL_AREA ( #987 ) ;
#987 = FILL_AREA_STYLE ('',( #994 ) ) ;
#988 = COLOUR_RGB ( '',0.7529411764705882200, 0.7529411764705882200, 0.7529411764705882200 ) ;
#989 = FACE_OUTER_BOUND ( 'NONE', #8038, .T. ) ;
#990 = DIRECTION ( 'NONE',  ( 6.982966722218764100E-015, -3.491483361109382100E-015, 1.000000000000000000 ) ) ;
#991 = VECTOR ( 'NONE', #990, 1000.000000000000000 ) ;
#992 = CARTESIAN_POINT ( 'NONE',  ( 9.749999999999962700, 3.250000000000017800, -4.957106781186609200 ) ) ;
#993 = LINE ( 'NONE', #992, #991 ) ;
#994 = FILL_AREA_STYLE_COLOUR ( '', #988 ) ;
#995 = CARTESIAN_POINT ( 'NONE',  ( 9.749999999999969800, 3.250000000000014200, -4.000000000000059500 ) ) ;
#996 = DIRECTION ( 'NONE',  ( -2.438091212180733800E-029, -1.000000000000000000, -3.491483361109382500E-015 ) ) ;
#997 = VECTOR ( 'NONE', #996, 1000.000000000000000 ) ;
#998 = CARTESIAN_POINT ( 'NONE',  ( 9.749999999999969800, 3.250000000000014200, -4.000000000000059500 ) ) ;
#999 = LINE ( 'NONE', #998, #997 ) ;
#1000 = CARTESIAN_POINT ( 'NONE',  ( 10.24999999999996600, 3.750000000000016400, -4.500000000000063100 ) ) ;
#1001 = DIRECTION ( 'NONE',  ( -2.438091212180733800E-029, -1.000000000000000000, -3.491483361109382500E-015 ) ) ;
#1002 = VECTOR ( 'NONE', #1001, 1000.000000000000000 ) ;
#1003 = CARTESIAN_POINT ( 'NONE',  ( 10.24999999999996600, 3.750000000000016400, -4.500000000000063100 ) ) ;
#1004 = LINE ( 'NONE', #1003, #1002 ) ;
#1005 = CARTESIAN_POINT ( 'NONE',  ( 10.24999999999996600, -2.999999999999984500, -4.500000000000086200 ) ) ;
#1006 = DIRECTION ( 'NONE',  ( 1.045241367417237500E-014, -3.491483361109382100E-015, 1.000000000000000000 ) ) ;
#1007 = VECTOR ( 'NONE', #1006, 1000.000000000000000 ) ;
#1008 = CARTESIAN_POINT ( 'NONE',  ( 10.24999999999996400, -2.999999999999984500, -4.728553390593360100 ) ) ;
#1009 = LINE ( 'NONE', #1008, #1007 ) ;
#1010 = CARTESIAN_POINT ( 'NONE',  ( 10.24999999999997200, -2.999999999999984500, -4.000000000000086200 ) ) ;
#1011 = DIRECTION ( 'NONE',  ( 2.438091212180733500E-029, 1.000000000000000000, 3.491483361109382100E-015 ) ) ;
#1012 = VECTOR ( 'NONE', #1011, 1000.000000000000000 ) ;
#1013 = CARTESIAN_POINT ( 'NONE',  ( 2.249999999999986200, 5.000000000000005300, -1.750000000000000700 ) ) ;
#1014 =( LENGTH_UNIT ( ) NAMED_UNIT ( * ) SI_UNIT ( .MILLI., .METRE. ) );
#1015 = MECHANICAL_DESIGN_GEOMETRIC_PRESENTATION_REPRESENTATION (  '', ( #1017 ), #1069 ) ;
#1016 = PRESENTATION_LAYER_ASSIGNMENT (  '', '', ( #1017 ) ) ;
#1017 = STYLED_ITEM ( 'NONE', ( #1018 ), #8046 ) ;
#1018 = PRESENTATION_STYLE_ASSIGNMENT (( #1019 ) ) ;
#1019 = SURFACE_STYLE_USAGE ( .BOTH. , #1020 ) ;
#1020 = SURFACE_SIDE_STYLE ('',( #1021 ) ) ;
#1021 = SURFACE_STYLE_FILL_AREA ( #1022 ) ;
#1022 = FILL_AREA_STYLE ('',( #1029 ) ) ;
#1023 = COLOUR_RGB ( '',0.7529411764705882200, 0.7529411764705882200, 0.7529411764705882200 ) ;
#1024 = FACE_OUTER_BOUND ( 'NONE', #8047, .T. ) ;
#1025 = DIRECTION ( 'NONE',  ( 1.000000000000000000, 0.0000000000000000000, -6.982966722218764100E-015 ) ) ;
#1026 = VECTOR ( 'NONE', #1025, 1000.000000000000000 ) ;
#1027 = CARTESIAN_POINT ( 'NONE',  ( 7.750000000000016000, 1.249999999999992200, 2.649999999999946200 ) ) ;
#1028 = LINE ( 'NONE', #1027, #1026 ) ;
#1029 = FILL_AREA_STYLE_COLOUR ( '', #1023 ) ;
#1030 = DIRECTION ( 'NONE',  ( 6.982966722218764100E-015, -3.398218658099876300E-015, 1.000000000000000000 ) ) ;
#1031 = VECTOR ( 'NONE', #1030, 1000.000000000000000 ) ;
#1032 = CARTESIAN_POINT ( 'NONE',  ( 8.249999999999978700, 1.750000000000011800, -2.957106781186605600 ) ) ;
#1033 = LINE ( 'NONE', #1032, #1031 ) ;
#1034 = DIRECTION ( 'NONE',  ( 1.000000000000000000, 0.0000000000000000000, -6.982966722218764100E-015 ) ) ;
#1035 = DIRECTION ( 'NONE',  ( -2.438091212180733500E-029, -1.000000000000000000, -3.491483361109382100E-015 ) ) ;
#1036 = CARTESIAN_POINT ( 'NONE',  ( 9.749999999999962700, 3.250000000000017800, -4.957106781186609200 ) ) ;
#1037 = AXIS2_PLACEMENT_3D ( 'NONE', #1036, #1035, #1034 ) ;
#1038 = PLANE ( 'NONE',  #1037 ) ;
#1039 =( GEOMETRIC_REPRESENTATION_CONTEXT ( 3 ) GLOBAL_UNCERTAINTY_ASSIGNED_CONTEXT ( ( #1041 ) ) GLOBAL_UNIT_ASSIGNED_CONTEXT ( ( #979, #1043, #1042 ) ) REPRESENTATION_CONTEXT ( 'NONE', 'WORKASPACE' ) );
#1040 = ORIENTED_EDGE ( 'NONE', *, *, #6621, .T. ) ;
#1041 = UNCERTAINTY_MEASURE_WITH_UNIT (LENGTH_MEASURE( 1.000000000000000100E-005 ), #979, 'distance_accuracy_value', 'NONE');
#1042 =( NAMED_UNIT ( * ) SI_UNIT ( $, .STERADIAN. ) SOLID_ANGLE_UNIT ( ) );
#1043 =( NAMED_UNIT ( * ) PLANE_ANGLE_UNIT ( ) SI_UNIT ( $, .RADIAN. ) );
#1044 =( LENGTH_UNIT ( ) NAMED_UNIT ( * ) SI_UNIT ( .MILLI., .METRE. ) );
#1045 = MECHANICAL_DESIGN_GEOMETRIC_PRESENTATION_REPRESENTATION (  '', ( #1047 ), #1093 ) ;
#1046 = PRESENTATION_LAYER_ASSIGNMENT (  '', '', ( #1047 ) ) ;
#1047 = STYLED_ITEM ( 'NONE', ( #1048 ), #8054 ) ;
#1048 = PRESENTATION_STYLE_ASSIGNMENT (( #1049 ) ) ;
#1049 = SURFACE_STYLE_USAGE ( .BOTH. , #1050 ) ;
#1050 = SURFACE_SIDE_STYLE ('',( #1051 ) ) ;
#1051 = SURFACE_STYLE_FILL_AREA ( #1052 ) ;
#1052 = FILL_AREA_STYLE ('',( #1059 ) ) ;
#1053 = COLOUR_RGB ( '',0.7529411764705882200, 0.7529411764705882200, 0.7529411764705882200 ) ;
#1054 = FACE_OUTER_BOUND ( 'NONE', #8055, .T. ) ;
#1055 = DIRECTION ( 'NONE',  ( 6.982966722218764100E-015, -3.398218658099876300E-015, 1.000000000000000000 ) ) ;
#1056 = VECTOR ( 'NONE', #1055, 1000.000000000000000 ) ;
#1057 = CARTESIAN_POINT ( 'NONE',  ( 8.249999999999978700, 1.250000000000011300, -2.957106781186607400 ) ) ;
#1058 = LINE ( 'NONE', #1057, #1056 ) ;
#1059 = FILL_AREA_STYLE_COLOUR ( '', #1053 ) ;
#1060 = DIRECTION ( 'NONE',  ( 6.982966722218764100E-015, -3.398218658099876300E-015, 1.000000000000000000 ) ) ;
#1061 = VECTOR ( 'NONE', #1060, 1000.000000000000000 ) ;
#1062 = CARTESIAN_POINT ( 'NONE',  ( 7.749999999999977800, 1.250000000000011300, -2.957106781186603900 ) ) ;
#1063 = LINE ( 'NONE', #1062, #1061 ) ;
#1064 = DIRECTION ( 'NONE',  ( 6.982966722218764100E-015, -3.398218658099876300E-015, 1.000000000000000000 ) ) ;
#1065 = DIRECTION ( 'NONE',  ( -2.372964780433434200E-029, -1.000000000000000000, -3.398218658099876300E-015 ) ) ;
#1066 = CARTESIAN_POINT ( 'NONE',  ( 7.749999999999977800, 1.250000000000011300, -2.957106781186603900 ) ) ;
#1067 = AXIS2_PLACEMENT_3D ( 'NONE', #1066, #1065, #1064 ) ;
#1068 = PLANE ( 'NONE',  #1067 ) ;
#1069 =( GEOMETRIC_REPRESENTATION_CONTEXT ( 3 ) GLOBAL_UNCERTAINTY_ASSIGNED_CONTEXT ( ( #1070 ) ) GLOBAL_UNIT_ASSIGNED_CONTEXT ( ( #1014, #1072, #1071 ) ) REPRESENTATION_CONTEXT ( 'NONE', 'WORKASPACE' ) );
#1070 = UNCERTAINTY_MEASURE_WITH_UNIT (LENGTH_MEASURE( 1.000000000000000100E-005 ), #1014, 'distance_accuracy_value', 'NONE');
#1071 =( NAMED_UNIT ( * ) SI_UNIT ( $, .STERADIAN. ) SOLID_ANGLE_UNIT ( ) );
#1072 =( NAMED_UNIT ( * ) PLANE_ANGLE_UNIT ( ) SI_UNIT ( $, .RADIAN. ) );
#1073 = UNCERTAINTY_MEASURE_WITH_UNIT (LENGTH_MEASURE( 1.000000000000000100E-005 ), #1076, 'distance_accuracy_value', 'NONE');
#1074 =( NAMED_UNIT ( * ) SI_UNIT ( $, .STERADIAN. ) SOLID_ANGLE_UNIT ( ) );
#1075 =( NAMED_UNIT ( * ) PLANE_ANGLE_UNIT ( ) SI_UNIT ( $, .RADIAN. ) );
#1076 =( LENGTH_UNIT ( ) NAMED_UNIT ( * ) SI_UNIT ( .MILLI., .METRE. ) );
#1077 = MECHANICAL_DESIGN_GEOMETRIC_PRESENTATION_REPRESENTATION (  '', ( #1079 ), #1132 ) ;
#1078 = PRESENTATION_LAYER_ASSIGNMENT (  '', '', ( #1079 ) ) ;
#1079 = STYLED_ITEM ( 'NONE', ( #1080 ), #8060 ) ;
#1080 = PRESENTATION_STYLE_ASSIGNMENT (( #1081 ) ) ;
#1081 = SURFACE_STYLE_USAGE ( .BOTH. , #1082 ) ;
#1082 = SURFACE_SIDE_STYLE ('',( #1083 ) ) ;
#1083 = SURFACE_STYLE_FILL_AREA ( #1084 ) ;
#1084 = FILL_AREA_STYLE ('',( #1091 ) ) ;
#1085 = COLOUR_RGB ( '',0.7529411764705882200, 0.7529411764705882200, 0.7529411764705882200 ) ;
#1086 = FACE_OUTER_BOUND ( 'NONE', #8061, .T. ) ;
#1087 = DIRECTION ( 'NONE',  ( -2.438091212180733500E-029, -1.000000000000000000, -3.491483361109382100E-015 ) ) ;
#1088 = DIRECTION ( 'NONE',  ( -1.000000000000000000, 0.0000000000000000000, 6.982966722218764100E-015 ) ) ;
#1089 = CARTESIAN_POINT ( 'NONE',  ( 7.749999999999977800, 1.250000000000011300, -2.957106781186603900 ) ) ;
#1090 = AXIS2_PLACEMENT_3D ( 'NONE', #1089, #1088, #1087 ) ;
#1091 = FILL_AREA_STYLE_COLOUR ( '', #1085 ) ;
#1092 = PLANE ( 'NONE',  #1090 ) ;
#1093 =( GEOMETRIC_REPRESENTATION_CONTEXT ( 3 ) GLOBAL_UNCERTAINTY_ASSIGNED_CONTEXT ( ( #1094 ) ) GLOBAL_UNIT_ASSIGNED_CONTEXT ( ( #1044, #1096, #1095 ) ) REPRESENTATION_CONTEXT ( 'NONE', 'WORKASPACE' ) );
#1094 = UNCERTAINTY_MEASURE_WITH_UNIT (LENGTH_MEASURE( 1.000000000000000100E-005 ), #1044, 'distance_accuracy_value', 'NONE');
#1095 =( NAMED_UNIT ( * ) SI_UNIT ( $, .STERADIAN. ) SOLID_ANGLE_UNIT ( ) );
#1096 =( NAMED_UNIT ( * ) PLANE_ANGLE_UNIT ( ) SI_UNIT ( $, .RADIAN. ) );
#1097 =( LENGTH_UNIT ( ) NAMED_UNIT ( * ) SI_UNIT ( .MILLI., .METRE. ) );
#1098 = MECHANICAL_DESIGN_GEOMETRIC_PRESENTATION_REPRESENTATION (  '', ( #1100 ), #1155 ) ;
#1099 = PRESENTATION_LAYER_ASSIGNMENT (  '', '', ( #1100 ) ) ;
#1100 = STYLED_ITEM ( 'NONE', ( #1101 ), #8075 ) ;
#1101 = PRESENTATION_STYLE_ASSIGNMENT (( #1102 ) ) ;
#1102 = SURFACE_STYLE_USAGE ( .BOTH. , #1103 ) ;
#1103 = SURFACE_SIDE_STYLE ('',( #1104 ) ) ;
#1104 = SURFACE_STYLE_FILL_AREA ( #1105 ) ;
#1105 = FILL_AREA_STYLE ('',( #1106 ) ) ;
#1106 = FILL_AREA_STYLE_COLOUR ( '', #1107 ) ;
#1107 = COLOUR_RGB ( '',0.7529411764705882200, 0.7529411764705882200, 0.7529411764705882200 ) ;
#1108 = FACE_OUTER_BOUND ( 'NONE', #8076, .T. ) ;
#1109 = CARTESIAN_POINT ( 'NONE',  ( 7.750000000000016000, 1.249999999999992200, 2.649999999999946200 ) ) ;
#1110 = DIRECTION ( 'NONE',  ( -2.438091212180733500E-029, -1.000000000000000000, -3.491483361109382100E-015 ) ) ;
#1111 = VECTOR ( 'NONE', #1110, 1000.000000000000000 ) ;
#1112 = CARTESIAN_POINT ( 'NONE',  ( 7.750000000000016000, 1.249999999999992200, 2.649999999999946200 ) ) ;
#1113 = LINE ( 'NONE', #1112, #1111 ) ;
#1114 = CARTESIAN_POINT ( 'NONE',  ( 7.750000000000016000, 1.749999999999992700, 2.649999999999948000 ) ) ;
#1115 = DIRECTION ( 'NONE',  ( -1.000000000000000000, 0.0000000000000000000, 6.982966722218764100E-015 ) ) ;
#1116 = VECTOR ( 'NONE', #1115, 1000.000000000000000 ) ;
#1117 = CARTESIAN_POINT ( 'NONE',  ( 7.750000000000016000, 1.749999999999992700, 2.649999999999948000 ) ) ;
#1118 = LINE ( 'NONE', #1117, #1116 ) ;
#1119 = CARTESIAN_POINT ( 'NONE',  ( 8.250000000000017800, 1.749999999999992700, 2.649999999999944400 ) ) ;
#1120 = ORIENTED_EDGE ( 'NONE', *, *, #5570, .T. ) ;
#1121 = CARTESIAN_POINT ( 'NONE',  ( 8.250000000000017800, 1.249999999999992200, 2.649999999999942600 ) ) ;
#1122 = DIRECTION ( 'NONE',  ( 2.438091212180733500E-029, 1.000000000000000000, 3.491483361109382100E-015 ) ) ;
#1123 = VECTOR ( 'NONE', #1122, 1000.000000000000000 ) ;
#1124 = CARTESIAN_POINT ( 'NONE',  ( 8.250000000000017800, 1.249999999999992200, 2.649999999999942600 ) ) ;
#1125 = LINE ( 'NONE', #1124, #1123 ) ;
#1126 = DIRECTION ( 'NONE',  ( -2.438091212180733500E-029, -1.000000000000000000, -3.491483361109382100E-015 ) ) ;
#1127 = DIRECTION ( 'NONE',  ( -6.982966722218764100E-015, 3.491483361109382100E-015, -1.000000000000000000 ) ) ;
#1129 = ADVANCED_FACE ( 'NONE', ( #10104 ), #10099, .F. ) ;
#1128 = CARTESIAN_POINT ( 'NONE',  ( 8.250000000000017800, 1.749999999999992700, 2.649999999999944400 ) ) ;
#1130 = AXIS2_PLACEMENT_3D ( 'NONE', #1128, #1127, #1126 ) ;
#1131 = PLANE ( 'NONE',  #1130 ) ;
#1132 =( GEOMETRIC_REPRESENTATION_CONTEXT ( 3 ) GLOBAL_UNCERTAINTY_ASSIGNED_CONTEXT ( ( #1073 ) ) GLOBAL_UNIT_ASSIGNED_CONTEXT ( ( #1076, #1075, #1074 ) ) REPRESENTATION_CONTEXT ( 'NONE', 'WORKASPACE' ) );
#1133 = ADVANCED_FACE ( 'NONE', ( #10094 ), #10093, .F. ) ;
#1134 = UNCERTAINTY_MEASURE_WITH_UNIT (LENGTH_MEASURE( 1.000000000000000100E-005 ), #1138, 'distance_accuracy_value', 'NONE');
#1135 =( NAMED_UNIT ( * ) SI_UNIT ( $, .STERADIAN. ) SOLID_ANGLE_UNIT ( ) );
#1137 = ORIENTED_EDGE ( 'NONE', *, *, #234, .F. ) ;
#1136 =( NAMED_UNIT ( * ) PLANE_ANGLE_UNIT ( ) SI_UNIT ( $, .RADIAN. ) );
#1138 =( LENGTH_UNIT ( ) NAMED_UNIT ( * ) SI_UNIT ( .MILLI., .METRE. ) );
#1139 = MECHANICAL_DESIGN_GEOMETRIC_PRESENTATION_REPRESENTATION (  '', ( #1141 ), #1186 ) ;
#1140 = PRESENTATION_LAYER_ASSIGNMENT (  '', '', ( #1141 ) ) ;
#1141 = STYLED_ITEM ( 'NONE', ( #1142 ), #8078 ) ;
#1142 = PRESENTATION_STYLE_ASSIGNMENT (( #1143 ) ) ;
#1143 = SURFACE_STYLE_USAGE ( .BOTH. , #1144 ) ;
#1144 = SURFACE_SIDE_STYLE ('',( #1145 ) ) ;
#1145 = SURFACE_STYLE_FILL_AREA ( #1146 ) ;
#1146 = FILL_AREA_STYLE ('',( #1153 ) ) ;
#1147 = COLOUR_RGB ( '',0.7529411764705882200, 0.7529411764705882200, 0.7529411764705882200 ) ;
#1148 = FACE_OUTER_BOUND ( 'NONE', #8079, .T. ) ;
#1149 = DIRECTION ( 'NONE',  ( -2.438091212180733500E-029, -1.000000000000000000, -3.491483361109382100E-015 ) ) ;
#1150 = DIRECTION ( 'NONE',  ( -6.982966722218764100E-015, 3.491483361109382100E-015, -1.000000000000000000 ) ) ;
#1151 = CARTESIAN_POINT ( 'NONE',  ( 9.749999999999969800, 3.250000000000014200, -4.000000000000059500 ) ) ;
#1152 = AXIS2_PLACEMENT_3D ( 'NONE', #1151, #1150, #1149 ) ;
#1153 = FILL_AREA_STYLE_COLOUR ( '', #1147 ) ;
#1154 = PLANE ( 'NONE',  #1152 ) ;
#1155 =( GEOMETRIC_REPRESENTATION_CONTEXT ( 3 ) GLOBAL_UNCERTAINTY_ASSIGNED_CONTEXT ( ( #1157 ) ) GLOBAL_UNIT_ASSIGNED_CONTEXT ( ( #1097, #1159, #1158 ) ) REPRESENTATION_CONTEXT ( 'NONE', 'WORKASPACE' ) );
#1156 = ORIENTED_EDGE ( 'NONE', *, *, #6388, .T. ) ;
#1157 = UNCERTAINTY_MEASURE_WITH_UNIT (LENGTH_MEASURE( 1.000000000000000100E-005 ), #1097, 'distance_accuracy_value', 'NONE');
#1158 =( NAMED_UNIT ( * ) SI_UNIT ( $, .STERADIAN. ) SOLID_ANGLE_UNIT ( ) );
#1159 =( NAMED_UNIT ( * ) PLANE_ANGLE_UNIT ( ) SI_UNIT ( $, .RADIAN. ) );
#1160 = LINE ( 'NONE', #695, #690 ) ;
#1161 = CARTESIAN_POINT ( 'NONE',  ( 8.249999999999980500, 1.750000000000010000, -2.500000000000057700 ) ) ;
#1162 = DIRECTION ( 'NONE',  ( -2.438091212180733500E-029, -1.000000000000000000, -3.491483361109382100E-015 ) ) ;
#1163 = VECTOR ( 'NONE', #1162, 1000.000000000000000 ) ;
#1164 = CARTESIAN_POINT ( 'NONE',  ( 8.249999999999980500, 1.750000000000010000, -2.500000000000057700 ) ) ;
#1165 = LINE ( 'NONE', #1164, #1163 ) ;
#1166 = CARTESIAN_POINT ( 'NONE',  ( 8.249999999999980500, -2.999999999999991600, -2.500000000000074200 ) ) ;
#1167 = DIRECTION ( 'NONE',  ( 6.982966722218764100E-015, -3.491483361109382100E-015, 1.000000000000000000 ) ) ;
#1168 = VECTOR ( 'NONE', #1167, 1000.000000000000000 ) ;
#1169 = CARTESIAN_POINT ( 'NONE',  ( 8.249999999999980500, -2.999999999999993300, -2.478553390593347700 ) ) ;
#1170 = LINE ( 'NONE', #1169, #1168 ) ;
#1171 = CARTESIAN_POINT ( 'NONE',  ( 8.249999999999984000, -2.999999999999993300, -2.000000000000073300 ) ) ;
#1172 = DIRECTION ( 'NONE',  ( -2.438091212180733500E-029, -1.000000000000000000, -3.491483361109382100E-015 ) ) ;
#1173 = VECTOR ( 'NONE', #1172, 1000.000000000000000 ) ;
#1174 = CARTESIAN_POINT ( 'NONE',  ( 8.249999999999984000, 1.250000000000007800, -2.000000000000058600 ) ) ;
#1175 = LINE ( 'NONE', #1174, #1173 ) ;
#1176 = CARTESIAN_POINT ( 'NONE',  ( 7.749999999999980500, -2.999999999999991600, -2.500000000000070600 ) ) ;
#1177 = DIRECTION ( 'NONE',  ( -2.438091212180733500E-029, -1.000000000000000000, -3.491483361109382100E-015 ) ) ;
#1178 = VECTOR ( 'NONE', #1177, 1000.000000000000000 ) ;
#1179 = CARTESIAN_POINT ( 'NONE',  ( 7.749999999999980500, 1.750000000000010000, -2.500000000000053700 ) ) ;
#1180 = LINE ( 'NONE', #1179, #1178 ) ;
#1181 = DIRECTION ( 'NONE',  ( -2.438091212180733500E-029, -1.000000000000000000, -3.491483361109382100E-015 ) ) ;
#1182 = DIRECTION ( 'NONE',  ( -1.000000000000000000, 0.0000000000000000000, 6.982966722218764100E-015 ) ) ;
#1183 = CARTESIAN_POINT ( 'NONE',  ( 7.749999999999977800, 1.250000000000011300, -2.957106781186603900 ) ) ;
#1184 = AXIS2_PLACEMENT_3D ( 'NONE', #1183, #1182, #1181 ) ;
#1185 = PLANE ( 'NONE',  #1184 ) ;
#1186 =( GEOMETRIC_REPRESENTATION_CONTEXT ( 3 ) GLOBAL_UNCERTAINTY_ASSIGNED_CONTEXT ( ( #1134 ) ) GLOBAL_UNIT_ASSIGNED_CONTEXT ( ( #1138, #1136, #1135 ) ) REPRESENTATION_CONTEXT ( 'NONE', 'WORKASPACE' ) );
#1187 =( LENGTH_UNIT ( ) NAMED_UNIT ( * ) SI_UNIT ( .MILLI., .METRE. ) );
#1188 = MECHANICAL_DESIGN_GEOMETRIC_PRESENTATION_REPRESENTATION (  '', ( #1190 ), #1241 ) ;
#1189 = PRESENTATION_LAYER_ASSIGNMENT (  '', '', ( #1190 ) ) ;
#1190 = STYLED_ITEM ( 'NONE', ( #1191 ), #8101 ) ;
#1191 = PRESENTATION_STYLE_ASSIGNMENT (( #1192 ) ) ;
#1192 = SURFACE_STYLE_USAGE ( .BOTH. , #1193 ) ;
#1193 = SURFACE_SIDE_STYLE ('',( #1194 ) ) ;
#1194 = SURFACE_STYLE_FILL_AREA ( #1195 ) ;
#1195 = FILL_AREA_STYLE ('',( #1202 ) ) ;
#1196 = COLOUR_RGB ( '',0.7529411764705882200, 0.7529411764705882200, 0.7529411764705882200 ) ;
#1197 = FACE_OUTER_BOUND ( 'NONE', #8043, .T. ) ;
#1198 = DIRECTION ( 'NONE',  ( -6.982966722218764100E-015, 3.398218658099876300E-015, -1.000000000000000000 ) ) ;
#1199 = DIRECTION ( 'NONE',  ( 2.372964780433434200E-029, 1.000000000000000000, 3.398218658099876300E-015 ) ) ;
#1200 = CARTESIAN_POINT ( 'NONE',  ( 7.749999999999977800, 1.750000000000011800, -2.957106781186602100 ) ) ;
#1201 = AXIS2_PLACEMENT_3D ( 'NONE', #1200, #1199, #1198 ) ;
#1202 = FILL_AREA_STYLE_COLOUR ( '', #1196 ) ;
#1203 = PLANE ( 'NONE',  #1201 ) ;
#1204 =( GEOMETRIC_REPRESENTATION_CONTEXT ( 3 ) GLOBAL_UNCERTAINTY_ASSIGNED_CONTEXT ( ( #1205 ) ) GLOBAL_UNIT_ASSIGNED_CONTEXT ( ( #1208, #1207, #1206 ) ) REPRESENTATION_CONTEXT ( 'NONE', 'WORKASPACE' ) );
#1205 = UNCERTAINTY_MEASURE_WITH_UNIT (LENGTH_MEASURE( 1.000000000000000100E-005 ), #1208, 'distance_accuracy_value', 'NONE');
#1206 =( NAMED_UNIT ( * ) SI_UNIT ( $, .STERADIAN. ) SOLID_ANGLE_UNIT ( ) );
#1207 =( NAMED_UNIT ( * ) PLANE_ANGLE_UNIT ( ) SI_UNIT ( $, .RADIAN. ) );
#1208 =( LENGTH_UNIT ( ) NAMED_UNIT ( * ) SI_UNIT ( .MILLI., .METRE. ) );
#1209 = MECHANICAL_DESIGN_GEOMETRIC_PRESENTATION_REPRESENTATION (  '', ( #1211 ), #1204 ) ;
#1210 = PRESENTATION_LAYER_ASSIGNMENT (  '', '', ( #1211 ) ) ;
#1211 = STYLED_ITEM ( 'NONE', ( #1212 ), #8097 ) ;
#1212 = PRESENTATION_STYLE_ASSIGNMENT (( #1213 ) ) ;
#1213 = SURFACE_STYLE_USAGE ( .BOTH. , #1214 ) ;
#1214 = SURFACE_SIDE_STYLE ('',( #1215 ) ) ;
#1215 = SURFACE_STYLE_FILL_AREA ( #1216 ) ;
#1216 = FILL_AREA_STYLE ('',( #1217 ) ) ;
#1217 = FILL_AREA_STYLE_COLOUR ( '', #1218 ) ;
#1218 = COLOUR_RGB ( '',0.7529411764705882200, 0.7529411764705882200, 0.7529411764705882200 ) ;
#1219 = FACE_OUTER_BOUND ( 'NONE', #8098, .T. ) ;
#1220 = UNCERTAINTY_MEASURE_WITH_UNIT (LENGTH_MEASURE( 1.000000000000000100E-005 ), #1224, 'distance_accuracy_value', 'NONE');
#1221 = ORIENTED_EDGE ( 'NONE', *, *, #1473, .F. ) ;
#1222 =( NAMED_UNIT ( * ) SI_UNIT ( $, .STERADIAN. ) SOLID_ANGLE_UNIT ( ) );
#1223 =( NAMED_UNIT ( * ) PLANE_ANGLE_UNIT ( ) SI_UNIT ( $, .RADIAN. ) );
#1224 =( LENGTH_UNIT ( ) NAMED_UNIT ( * ) SI_UNIT ( .MILLI., .METRE. ) );
#1225 = MECHANICAL_DESIGN_GEOMETRIC_PRESENTATION_REPRESENTATION (  '', ( #1227 ), #1274 ) ;
#1226 = PRESENTATION_LAYER_ASSIGNMENT (  '', '', ( #1227 ) ) ;
#1227 = STYLED_ITEM ( 'NONE', ( #1228 ), #8106 ) ;
#1228 = PRESENTATION_STYLE_ASSIGNMENT (( #1229 ) ) ;
#1229 = SURFACE_STYLE_USAGE ( .BOTH. , #1230 ) ;
#1230 = SURFACE_SIDE_STYLE ('',( #1231 ) ) ;
#1231 = SURFACE_STYLE_FILL_AREA ( #1232 ) ;
#1232 = FILL_AREA_STYLE ('',( #1239 ) ) ;
#1233 = COLOUR_RGB ( '',0.7529411764705882200, 0.7529411764705882200, 0.7529411764705882200 ) ;
#1234 = FACE_OUTER_BOUND ( 'NONE', #8107, .T. ) ;
#1235 = DIRECTION ( 'NONE',  ( 2.438091212180733500E-029, 1.000000000000000000, 3.491483361109382100E-015 ) ) ;
#1236 = DIRECTION ( 'NONE',  ( 1.000000000000000000, 0.0000000000000000000, -6.982966722218764100E-015 ) ) ;
#1237 = CARTESIAN_POINT ( 'NONE',  ( 8.249999999999978700, 1.250000000000011300, -2.957106781186607400 ) ) ;
#1238 = AXIS2_PLACEMENT_3D ( 'NONE', #1237, #1236, #1235 ) ;
#1239 = FILL_AREA_STYLE_COLOUR ( '', #1233 ) ;
#1240 = PLANE ( 'NONE',  #1238 ) ;
#1241 =( GEOMETRIC_REPRESENTATION_CONTEXT ( 3 ) GLOBAL_UNCERTAINTY_ASSIGNED_CONTEXT ( ( #1242 ) ) GLOBAL_UNIT_ASSIGNED_CONTEXT ( ( #1187, #1244, #1243 ) ) REPRESENTATION_CONTEXT ( 'NONE', 'WORKASPACE' ) );
#1242 = UNCERTAINTY_MEASURE_WITH_UNIT (LENGTH_MEASURE( 1.000000000000000100E-005 ), #1187, 'distance_accuracy_value', 'NONE');
#1243 =( NAMED_UNIT ( * ) SI_UNIT ( $, .STERADIAN. ) SOLID_ANGLE_UNIT ( ) );
#1244 =( NAMED_UNIT ( * ) PLANE_ANGLE_UNIT ( ) SI_UNIT ( $, .RADIAN. ) );
#1245 =( NAMED_UNIT ( * ) SI_UNIT ( $, .STERADIAN. ) SOLID_ANGLE_UNIT ( ) );
#1246 =( NAMED_UNIT ( * ) PLANE_ANGLE_UNIT ( ) SI_UNIT ( $, .RADIAN. ) );
#1247 =( LENGTH_UNIT ( ) NAMED_UNIT ( * ) SI_UNIT ( .MILLI., .METRE. ) );
#1248 = MECHANICAL_DESIGN_GEOMETRIC_PRESENTATION_REPRESENTATION (  '', ( #1250 ), #1297 ) ;
#1249 = PRESENTATION_LAYER_ASSIGNMENT (  '', '', ( #1250 ) ) ;
#1250 = STYLED_ITEM ( 'NONE', ( #1251 ), #8117 ) ;
#1251 = PRESENTATION_STYLE_ASSIGNMENT (( #1252 ) ) ;
#1252 = SURFACE_STYLE_USAGE ( .BOTH. , #1253 ) ;
#1253 = SURFACE_SIDE_STYLE ('',( #1254 ) ) ;
#1254 = SURFACE_STYLE_FILL_AREA ( #1255 ) ;
#1255 = FILL_AREA_STYLE ('',( #1262 ) ) ;
#1256 = COLOUR_RGB ( '',0.7529411764705882200, 0.7529411764705882200, 0.7529411764705882200 ) ;
#1257 = FACE_OUTER_BOUND ( 'NONE', #8118, .T. ) ;
#1258 = DIRECTION ( 'NONE',  ( 6.982966722218764100E-015, -3.398218658099876300E-015, 1.000000000000000000 ) ) ;
#1259 = VECTOR ( 'NONE', #1258, 1000.000000000000000 ) ;
#1260 = CARTESIAN_POINT ( 'NONE',  ( 7.749999999999977800, 1.750000000000011800, -2.957106781186602100 ) ) ;
#1261 = LINE ( 'NONE', #1260, #1259 ) ;
#1262 = FILL_AREA_STYLE_COLOUR ( '', #1256 ) ;
#1263 = ORIENTED_EDGE ( 'NONE', *, *, #6446, .T. ) ;
#1264 = CARTESIAN_POINT ( 'NONE',  ( 8.249999999999984000, 1.250000000000007800, -2.000000000000058600 ) ) ;
#1265 = DIRECTION ( 'NONE',  ( 6.982966722218764100E-015, -3.398218658099876300E-015, 1.000000000000000000 ) ) ;
#1266 = VECTOR ( 'NONE', #1265, 1000.000000000000000 ) ;
#1267 = CARTESIAN_POINT ( 'NONE',  ( 8.249999999999978700, 1.250000000000011300, -2.957106781186607400 ) ) ;
#1268 = LINE ( 'NONE', #1267, #1266 ) ;
#1269 = DIRECTION ( 'NONE',  ( 2.438091212180733500E-029, 1.000000000000000000, 3.491483361109382100E-015 ) ) ;
#1270 = DIRECTION ( 'NONE',  ( 1.000000000000000000, 0.0000000000000000000, -6.982966722218764100E-015 ) ) ;
#1271 = CARTESIAN_POINT ( 'NONE',  ( 8.249999999999978700, 1.250000000000011300, -2.957106781186607400 ) ) ;
#1272 = AXIS2_PLACEMENT_3D ( 'NONE', #1271, #1270, #1269 ) ;
#1273 = PLANE ( 'NONE',  #1272 ) ;
#1274 =( GEOMETRIC_REPRESENTATION_CONTEXT ( 3 ) GLOBAL_UNCERTAINTY_ASSIGNED_CONTEXT ( ( #1220 ) ) GLOBAL_UNIT_ASSIGNED_CONTEXT ( ( #1224, #1223, #1222 ) ) REPRESENTATION_CONTEXT ( 'NONE', 'WORKASPACE' ) );
#1275 = ORIENTED_EDGE ( 'NONE', *, *, #6772, .F. ) ;
#1276 =( GEOMETRIC_REPRESENTATION_CONTEXT ( 3 ) GLOBAL_UNCERTAINTY_ASSIGNED_CONTEXT ( ( #1277 ) ) GLOBAL_UNIT_ASSIGNED_CONTEXT ( ( #1280, #1279, #1278 ) ) REPRESENTATION_CONTEXT ( 'NONE', 'WORKASPACE' ) );
#1277 = UNCERTAINTY_MEASURE_WITH_UNIT (LENGTH_MEASURE( 1.000000000000000100E-005 ), #1280, 'distance_accuracy_value', 'NONE');
#1278 =( NAMED_UNIT ( * ) SI_UNIT ( $, .STERADIAN. ) SOLID_ANGLE_UNIT ( ) );
#1279 =( NAMED_UNIT ( * ) PLANE_ANGLE_UNIT ( ) SI_UNIT ( $, .RADIAN. ) );
#1280 =( LENGTH_UNIT ( ) NAMED_UNIT ( * ) SI_UNIT ( .MILLI., .METRE. ) );
#1281 = MECHANICAL_DESIGN_GEOMETRIC_PRESENTATION_REPRESENTATION (  '', ( #1283 ), #1276 ) ;
#1282 = PRESENTATION_LAYER_ASSIGNMENT (  '', '', ( #1283 ) ) ;
#1283 = STYLED_ITEM ( 'NONE', ( #1284 ), #8121 ) ;
#1284 = PRESENTATION_STYLE_ASSIGNMENT (( #1285 ) ) ;
#1285 = SURFACE_STYLE_USAGE ( .BOTH. , #1286 ) ;
#1286 = SURFACE_SIDE_STYLE ('',( #1287 ) ) ;
#1287 = SURFACE_STYLE_FILL_AREA ( #1288 ) ;
#1288 = FILL_AREA_STYLE ('',( #1295 ) ) ;
#1289 = COLOUR_RGB ( '',0.7529411764705882200, 0.7529411764705882200, 0.7529411764705882200 ) ;
#1290 = FACE_OUTER_BOUND ( 'NONE', #8122, .T. ) ;
#1291 = DIRECTION ( 'NONE',  ( -6.982966722218764100E-015, 3.398218658099876300E-015, -1.000000000000000000 ) ) ;
#1292 = DIRECTION ( 'NONE',  ( 2.372964780433434200E-029, 1.000000000000000000, 3.398218658099876300E-015 ) ) ;
#1293 = CARTESIAN_POINT ( 'NONE',  ( 7.749999999999977800, 1.750000000000011800, -2.957106781186602100 ) ) ;
#1294 = AXIS2_PLACEMENT_3D ( 'NONE', #1293, #1292, #1291 ) ;
#1295 = FILL_AREA_STYLE_COLOUR ( '', #1289 ) ;
#1296 = PLANE ( 'NONE',  #1294 ) ;
#1297 =( GEOMETRIC_REPRESENTATION_CONTEXT ( 3 ) GLOBAL_UNCERTAINTY_ASSIGNED_CONTEXT ( ( #1298 ) ) GLOBAL_UNIT_ASSIGNED_CONTEXT ( ( #1247, #1246, #1245 ) ) REPRESENTATION_CONTEXT ( 'NONE', 'WORKASPACE' ) );
#1298 = UNCERTAINTY_MEASURE_WITH_UNIT (LENGTH_MEASURE( 1.000000000000000100E-005 ), #1247, 'distance_accuracy_value', 'NONE');
#1299 = PLANE ( 'NONE',  #1355 ) ;
#1300 = CARTESIAN_POINT ( 'NONE',  ( 7.749999999999984000, 1.250000000000007800, -2.000000000000055500 ) ) ;
#1301 =( GEOMETRIC_REPRESENTATION_CONTEXT ( 3 ) GLOBAL_UNCERTAINTY_ASSIGNED_CONTEXT ( ( #1302 ) ) GLOBAL_UNIT_ASSIGNED_CONTEXT ( ( #1305, #1304, #1303 ) ) REPRESENTATION_CONTEXT ( 'NONE', 'WORKASPACE' ) );
#1302 = UNCERTAINTY_MEASURE_WITH_UNIT (LENGTH_MEASURE( 1.000000000000000100E-005 ), #1305, 'distance_accuracy_value', 'NONE');
#1303 =( NAMED_UNIT ( * ) SI_UNIT ( $, .STERADIAN. ) SOLID_ANGLE_UNIT ( ) );
#1304 =( NAMED_UNIT ( * ) PLANE_ANGLE_UNIT ( ) SI_UNIT ( $, .RADIAN. ) );
#1305 =( LENGTH_UNIT ( ) NAMED_UNIT ( * ) SI_UNIT ( .MILLI., .METRE. ) );
#1306 = MECHANICAL_DESIGN_GEOMETRIC_PRESENTATION_REPRESENTATION (  '', ( #1308 ), #1301 ) ;
#1307 = PRESENTATION_LAYER_ASSIGNMENT (  '', '', ( #1308 ) ) ;
#1308 = STYLED_ITEM ( 'NONE', ( #1309 ), #8127 ) ;
#1309 = PRESENTATION_STYLE_ASSIGNMENT (( #1310 ) ) ;
#1310 = SURFACE_STYLE_USAGE ( .BOTH. , #1311 ) ;
#1311 = SURFACE_SIDE_STYLE ('',( #1312 ) ) ;
#1312 = SURFACE_STYLE_FILL_AREA ( #1313 ) ;
#1313 = FILL_AREA_STYLE ('',( #1314 ) ) ;
#1314 = FILL_AREA_STYLE_COLOUR ( '', #1315 ) ;
#1315 = COLOUR_RGB ( '',0.7529411764705882200, 0.7529411764705882200, 0.7529411764705882200 ) ;
#1316 = FACE_OUTER_BOUND ( 'NONE', #8128, .T. ) ;
#1317 = CARTESIAN_POINT ( 'NONE',  ( 6.250000000000016900, 1.249999999999992200, 2.649999999999956800 ) ) ;
#1318 = DIRECTION ( 'NONE',  ( 2.438091212180733500E-029, 1.000000000000000000, 3.491483361109382100E-015 ) ) ;
#1319 = VECTOR ( 'NONE', #1318, 1000.000000000000000 ) ;
#1320 = CARTESIAN_POINT ( 'NONE',  ( 6.250000000000016900, 1.249999999999992200, 2.649999999999956800 ) ) ;
#1321 = LINE ( 'NONE', #1320, #1319 ) ;
#1322 = DIRECTION ( 'NONE',  ( -2.438091212180733500E-029, -1.000000000000000000, -3.491483361109382100E-015 ) ) ;
#1323 = DIRECTION ( 'NONE',  ( -6.982966722218764100E-015, 3.491483361109382100E-015, -1.000000000000000000 ) ) ;
#1324 = CARTESIAN_POINT ( 'NONE',  ( 6.250000000000016900, 1.749999999999992700, 2.649999999999958200 ) ) ;
#1325 = AXIS2_PLACEMENT_3D ( 'NONE', #1324, #1323, #1322 ) ;
#1326 = PLANE ( 'NONE',  #1325 ) ;
#1327 = LINE ( 'NONE', #1389, #1388 ) ;
#1328 = DIRECTION ( 'NONE',  ( 2.438091212180733500E-029, 1.000000000000000000, 3.491483361109382100E-015 ) ) ;
#1329 = DIRECTION ( 'NONE',  ( 6.982966722218764100E-015, -3.491483361109382100E-015, 1.000000000000000000 ) ) ;
#1330 = CARTESIAN_POINT ( 'NONE',  ( 7.749999999999980500, 1.750000000000010000, -2.500000000000053700 ) ) ;
#1331 = AXIS2_PLACEMENT_3D ( 'NONE', #1330, #1329, #1328 ) ;
#1332 = PLANE ( 'NONE',  #1331 ) ;
#1333 =( GEOMETRIC_REPRESENTATION_CONTEXT ( 3 ) GLOBAL_UNCERTAINTY_ASSIGNED_CONTEXT ( ( #1334 ) ) GLOBAL_UNIT_ASSIGNED_CONTEXT ( ( #1337, #1336, #1335 ) ) REPRESENTATION_CONTEXT ( 'NONE', 'WORKASPACE' ) );
#1334 = UNCERTAINTY_MEASURE_WITH_UNIT (LENGTH_MEASURE( 1.000000000000000100E-005 ), #1337, 'distance_accuracy_value', 'NONE');
#1335 =( NAMED_UNIT ( * ) SI_UNIT ( $, .STERADIAN. ) SOLID_ANGLE_UNIT ( ) );
#1336 =( NAMED_UNIT ( * ) PLANE_ANGLE_UNIT ( ) SI_UNIT ( $, .RADIAN. ) );
#1337 =( LENGTH_UNIT ( ) NAMED_UNIT ( * ) SI_UNIT ( .MILLI., .METRE. ) );
#1338 = MECHANICAL_DESIGN_GEOMETRIC_PRESENTATION_REPRESENTATION (  '', ( #1340 ), #1333 ) ;
#1339 = PRESENTATION_LAYER_ASSIGNMENT (  '', '', ( #1340 ) ) ;
#1340 = STYLED_ITEM ( 'NONE', ( #1341 ), #8134 ) ;
#1341 = PRESENTATION_STYLE_ASSIGNMENT (( #1342 ) ) ;
#1342 = SURFACE_STYLE_USAGE ( .BOTH. , #1343 ) ;
#1343 = SURFACE_SIDE_STYLE ('',( #1344 ) ) ;
#1344 = SURFACE_STYLE_FILL_AREA ( #1345 ) ;
#1345 = FILL_AREA_STYLE ('',( #1352 ) ) ;
#1346 = COLOUR_RGB ( '',0.7529411764705882200, 0.7529411764705882200, 0.7529411764705882200 ) ;
#1347 = FACE_OUTER_BOUND ( 'NONE', #8135, .T. ) ;
#1348 = DIRECTION ( 'NONE',  ( -1.000000000000000000, 0.0000000000000000000, 6.982966722218764100E-015 ) ) ;
#1349 = VECTOR ( 'NONE', #1348, 1000.000000000000000 ) ;
#1350 = CARTESIAN_POINT ( 'NONE',  ( 7.749999999999984000, -2.999999999999993300, -2.000000000000070200 ) ) ;
#1351 = LINE ( 'NONE', #1350, #1349 ) ;
#1352 = FILL_AREA_STYLE_COLOUR ( '', #1346 ) ;
#1353 = DIRECTION ( 'NONE',  ( -2.438091212180733500E-029, -1.000000000000000000, -3.491483361109382100E-015 ) ) ;
#1354 = DIRECTION ( 'NONE',  ( -6.982966722218764100E-015, 3.491483361109382100E-015, -1.000000000000000000 ) ) ;
#1355 = AXIS2_PLACEMENT_3D ( 'NONE', #1300, #1354, #1353 ) ;
#1356 = UNCERTAINTY_MEASURE_WITH_UNIT (LENGTH_MEASURE( 1.000000000000000100E-005 ), #1360, 'distance_accuracy_value', 'NONE');
#1357 =( NAMED_UNIT ( * ) SI_UNIT ( $, .STERADIAN. ) SOLID_ANGLE_UNIT ( ) );
#1358 =( NAMED_UNIT ( * ) PLANE_ANGLE_UNIT ( ) SI_UNIT ( $, .RADIAN. ) );
#1359 = ADVANCED_FACE ( 'NONE', ( #10088 ), #10087, .F. ) ;
#1360 =( LENGTH_UNIT ( ) NAMED_UNIT ( * ) SI_UNIT ( .MILLI., .METRE. ) );
#1361 = MECHANICAL_DESIGN_GEOMETRIC_PRESENTATION_REPRESENTATION (  '', ( #1363 ), #1421 ) ;
#1362 = PRESENTATION_LAYER_ASSIGNMENT (  '', '', ( #1363 ) ) ;
#1363 = STYLED_ITEM ( 'NONE', ( #1364 ), #8146 ) ;
#1364 = PRESENTATION_STYLE_ASSIGNMENT (( #1365 ) ) ;
#1365 = SURFACE_STYLE_USAGE ( .BOTH. , #1366 ) ;
#1366 = SURFACE_SIDE_STYLE ('',( #1367 ) ) ;
#1367 = SURFACE_STYLE_FILL_AREA ( #1368 ) ;
#1368 = FILL_AREA_STYLE ('',( #1376 ) ) ;
#1369 = COLOUR_RGB ( '',0.7529411764705882200, 0.7529411764705882200, 0.7529411764705882200 ) ;
#1370 = FACE_OUTER_BOUND ( 'NONE', #8147, .T. ) ;
#1371 = DIRECTION ( 'NONE',  ( 6.982966722218764100E-015, -3.398218658099876300E-015, 1.000000000000000000 ) ) ;
#1372 = VECTOR ( 'NONE', #1371, 1000.000000000000000 ) ;
#1373 = CARTESIAN_POINT ( 'NONE',  ( 7.749999999999977800, 1.250000000000011300, -2.957106781186603900 ) ) ;
#1374 = ORIENTED_EDGE ( 'NONE', *, *, #13509, .F. ) ;
#1375 = LINE ( 'NONE', #1373, #1372 ) ;
#1376 = FILL_AREA_STYLE_COLOUR ( '', #1369 ) ;
#1377 = CARTESIAN_POINT ( 'NONE',  ( 7.749999999999984000, 1.250000000000007800, -2.000000000000055100 ) ) ;
#1378 = DIRECTION ( 'NONE',  ( -2.438091212180733500E-029, -1.000000000000000000, -3.491483361109382100E-015 ) ) ;
#1379 = VECTOR ( 'NONE', #1378, 1000.000000000000000 ) ;
#1380 = CARTESIAN_POINT ( 'NONE',  ( 7.749999999999984000, 1.250000000000007800, -2.000000000000055100 ) ) ;
#1381 = LINE ( 'NONE', #1380, #1379 ) ;
#1382 = CARTESIAN_POINT ( 'NONE',  ( 7.749999999999984000, -2.999999999999993300, -2.000000000000070200 ) ) ;
#1383 = DIRECTION ( 'NONE',  ( -6.982966722218764100E-015, 3.491483361109382100E-015, -1.000000000000000000 ) ) ;
#1384 = VECTOR ( 'NONE', #1383, 1000.000000000000000 ) ;
#1385 = CARTESIAN_POINT ( 'NONE',  ( 7.749999999999980500, -2.999999999999993300, -2.478553390593344100 ) ) ;
#1386 = LINE ( 'NONE', #1385, #1384 ) ;
#1387 = DIRECTION ( 'NONE',  ( 1.000000000000000000, 0.0000000000000000000, -6.982966722218764100E-015 ) ) ;
#1388 = VECTOR ( 'NONE', #1387, 1000.000000000000000 ) ;
#1389 = CARTESIAN_POINT ( 'NONE',  ( 7.749999999999980500, -2.999999999999991600, -2.500000000000070600 ) ) ;
#1390 =( NAMED_UNIT ( * ) PLANE_ANGLE_UNIT ( ) SI_UNIT ( $, .RADIAN. ) );
#1391 =( LENGTH_UNIT ( ) NAMED_UNIT ( * ) SI_UNIT ( .MILLI., .METRE. ) );
#1392 = MECHANICAL_DESIGN_GEOMETRIC_PRESENTATION_REPRESENTATION (  '', ( #1394 ), #1447 ) ;
#1393 = PRESENTATION_LAYER_ASSIGNMENT (  '', '', ( #1394 ) ) ;
#1394 = STYLED_ITEM ( 'NONE', ( #1395 ), #8163 ) ;
#1395 = PRESENTATION_STYLE_ASSIGNMENT (( #1396 ) ) ;
#1396 = SURFACE_STYLE_USAGE ( .BOTH. , #1397 ) ;
#1397 = SURFACE_SIDE_STYLE ('',( #1398 ) ) ;
#1398 = SURFACE_STYLE_FILL_AREA ( #1399 ) ;
#1399 = FILL_AREA_STYLE ('',( #1406 ) ) ;
#1400 = COLOUR_RGB ( '',0.7529411764705882200, 0.7529411764705882200, 0.7529411764705882200 ) ;
#1401 = FACE_OUTER_BOUND ( 'NONE', #8164, .T. ) ;
#1402 = DIRECTION ( 'NONE',  ( 6.982966722218764100E-015, -3.398218658099876300E-015, 1.000000000000000000 ) ) ;
#1403 = VECTOR ( 'NONE', #1402, 1000.000000000000000 ) ;
#1404 = CARTESIAN_POINT ( 'NONE',  ( 7.749999999999977800, 1.750000000000011800, -2.957106781186602100 ) ) ;
#1405 = LINE ( 'NONE', #1404, #1403 ) ;
#1406 = FILL_AREA_STYLE_COLOUR ( '', #1400 ) ;
#1407 = CARTESIAN_POINT ( 'NONE',  ( 7.749999999999980500, 1.750000000000010000, -2.500000000000053700 ) ) ;
#1408 = DIRECTION ( 'NONE',  ( -1.000000000000000000, 0.0000000000000000000, 6.982966722218764100E-015 ) ) ;
#1409 = VECTOR ( 'NONE', #1408, 1000.000000000000000 ) ;
#1410 = CARTESIAN_POINT ( 'NONE',  ( 7.749999999999980500, 1.750000000000010000, -2.500000000000053700 ) ) ;
#1411 = LINE ( 'NONE', #1410, #1409 ) ;
#1412 = DIRECTION ( 'NONE',  ( 1.000000000000000000, 0.0000000000000000000, -6.982966722218764100E-015 ) ) ;
#1413 = VECTOR ( 'NONE', #1412, 1000.000000000000000 ) ;
#1414 = CARTESIAN_POINT ( 'NONE',  ( 7.749999999999984000, 1.250000000000007800, -2.000000000000055500 ) ) ;
#1415 = LINE ( 'NONE', #1414, #1413 ) ;
#1416 = DIRECTION ( 'NONE',  ( 6.982966722218764100E-015, -3.398218658099876300E-015, 1.000000000000000000 ) ) ;
#1417 = DIRECTION ( 'NONE',  ( -2.372964780433434200E-029, -1.000000000000000000, -3.398218658099876300E-015 ) ) ;
#1418 = CARTESIAN_POINT ( 'NONE',  ( 7.749999999999977800, 1.250000000000011300, -2.957106781186603900 ) ) ;
#1419 = AXIS2_PLACEMENT_3D ( 'NONE', #1418, #1417, #1416 ) ;
#1420 = PLANE ( 'NONE',  #1419 ) ;
#1421 =( GEOMETRIC_REPRESENTATION_CONTEXT ( 3 ) GLOBAL_UNCERTAINTY_ASSIGNED_CONTEXT ( ( #1356 ) ) GLOBAL_UNIT_ASSIGNED_CONTEXT ( ( #1360, #1358, #1357 ) ) REPRESENTATION_CONTEXT ( 'NONE', 'WORKASPACE' ) );
#1422 = UNCERTAINTY_MEASURE_WITH_UNIT (LENGTH_MEASURE( 1.000000000000000100E-005 ), #1425, 'distance_accuracy_value', 'NONE');
#1423 =( NAMED_UNIT ( * ) SI_UNIT ( $, .STERADIAN. ) SOLID_ANGLE_UNIT ( ) );
#1424 =( NAMED_UNIT ( * ) PLANE_ANGLE_UNIT ( ) SI_UNIT ( $, .RADIAN. ) );
#1425 =( LENGTH_UNIT ( ) NAMED_UNIT ( * ) SI_UNIT ( .MILLI., .METRE. ) );
#1426 = MECHANICAL_DESIGN_GEOMETRIC_PRESENTATION_REPRESENTATION (  '', ( #1428 ), #1477 ) ;
#1427 = PRESENTATION_LAYER_ASSIGNMENT (  '', '', ( #1428 ) ) ;
#1428 = STYLED_ITEM ( 'NONE', ( #1429 ), #8168 ) ;
#1429 = PRESENTATION_STYLE_ASSIGNMENT (( #1430 ) ) ;
#1430 = SURFACE_STYLE_USAGE ( .BOTH. , #1431 ) ;
#1431 = SURFACE_SIDE_STYLE ('',( #1432 ) ) ;
#1432 = SURFACE_STYLE_FILL_AREA ( #1433 ) ;
#1433 = FILL_AREA_STYLE ('',( #1440 ) ) ;
#1434 = COLOUR_RGB ( '',0.7529411764705882200, 0.7529411764705882200, 0.7529411764705882200 ) ;
#1435 = FACE_OUTER_BOUND ( 'NONE', #8169, .T. ) ;
#1436 = DIRECTION ( 'NONE',  ( 6.982966722218764100E-015, -3.398218658099876300E-015, 1.000000000000000000 ) ) ;
#1437 = VECTOR ( 'NONE', #1436, 1000.000000000000000 ) ;
#1438 = CARTESIAN_POINT ( 'NONE',  ( 6.249999999999977800, 1.250000000000011300, -2.957106781186593200 ) ) ;
#1439 = LINE ( 'NONE', #1438, #1437 ) ;
#1440 = FILL_AREA_STYLE_COLOUR ( '', #1434 ) ;
#1441 = EDGE_CURVE ( 'NONE', #7359, #6819, #10140, .T. ) ;
#1442 = DIRECTION ( 'NONE',  ( 2.438091212180733500E-029, 1.000000000000000000, 3.491483361109382100E-015 ) ) ;
#1443 = DIRECTION ( 'NONE',  ( 1.000000000000000000, 0.0000000000000000000, -6.982966722218764100E-015 ) ) ;
#1444 = CARTESIAN_POINT ( 'NONE',  ( 6.249999999999977800, 1.250000000000011300, -2.957106781186593200 ) ) ;
#1445 = AXIS2_PLACEMENT_3D ( 'NONE', #1444, #1443, #1442 ) ;
#1446 = PLANE ( 'NONE',  #1445 ) ;
#1447 =( GEOMETRIC_REPRESENTATION_CONTEXT ( 3 ) GLOBAL_UNCERTAINTY_ASSIGNED_CONTEXT ( ( #1448 ) ) GLOBAL_UNIT_ASSIGNED_CONTEXT ( ( #1391, #1390, #1449 ) ) REPRESENTATION_CONTEXT ( 'NONE', 'WORKASPACE' ) );
#1448 = UNCERTAINTY_MEASURE_WITH_UNIT (LENGTH_MEASURE( 1.000000000000000100E-005 ), #1391, 'distance_accuracy_value', 'NONE');
#1449 =( NAMED_UNIT ( * ) SI_UNIT ( $, .STERADIAN. ) SOLID_ANGLE_UNIT ( ) );
#1450 = ORIENTED_EDGE ( 'NONE', *, *, #1441, .F. ) ;
#1451 = UNCERTAINTY_MEASURE_WITH_UNIT (LENGTH_MEASURE( 1.000000000000000100E-005 ), #1455, 'distance_accuracy_value', 'NONE');
#1452 =( NAMED_UNIT ( * ) SI_UNIT ( $, .STERADIAN. ) SOLID_ANGLE_UNIT ( ) );
#1453 =( NAMED_UNIT ( * ) PLANE_ANGLE_UNIT ( ) SI_UNIT ( $, .RADIAN. ) );
#1454 = ORIENTED_EDGE ( 'NONE', *, *, #7358, .T. ) ;
#1455 =( LENGTH_UNIT ( ) NAMED_UNIT ( * ) SI_UNIT ( .MILLI., .METRE. ) );
#1456 = MECHANICAL_DESIGN_GEOMETRIC_PRESENTATION_REPRESENTATION (  '', ( #1458 ), #1511 ) ;
#1457 = PRESENTATION_LAYER_ASSIGNMENT (  '', '', ( #1458 ) ) ;
#1458 = STYLED_ITEM ( 'NONE', ( #1459 ), #8175 ) ;
#1459 = PRESENTATION_STYLE_ASSIGNMENT (( #1460 ) ) ;
#1460 = SURFACE_STYLE_USAGE ( .BOTH. , #1461 ) ;
#1461 = SURFACE_SIDE_STYLE ('',( #1462 ) ) ;
#1462 = SURFACE_STYLE_FILL_AREA ( #1463 ) ;
#1463 = FILL_AREA_STYLE ('',( #1470 ) ) ;
#1464 = COLOUR_RGB ( '',0.7529411764705882200, 0.7529411764705882200, 0.7529411764705882200 ) ;
#1465 = FACE_OUTER_BOUND ( 'NONE', #8176, .T. ) ;
#1466 = DIRECTION ( 'NONE',  ( 6.982966722218764100E-015, -3.398218658099876300E-015, 1.000000000000000000 ) ) ;
#1467 = VECTOR ( 'NONE', #1466, 1000.000000000000000 ) ;
#1468 = CARTESIAN_POINT ( 'NONE',  ( 5.749999999999976900, 1.750000000000011800, -2.957106781186588300 ) ) ;
#1469 = LINE ( 'NONE', #1468, #1467 ) ;
#1470 = FILL_AREA_STYLE_COLOUR ( '', #1464 ) ;
#1471 = DIRECTION ( 'NONE',  ( -2.438091212180733500E-029, -1.000000000000000000, -3.491483361109382100E-015 ) ) ;
#1472 = DIRECTION ( 'NONE',  ( -1.000000000000000000, 0.0000000000000000000, 6.982966722218764100E-015 ) ) ;
#1473 = EDGE_CURVE ( 'NONE', #7355, #6821, #10135, .T. ) ;
#1474 = CARTESIAN_POINT ( 'NONE',  ( 5.749999999999976900, 1.250000000000011300, -2.957106781186590100 ) ) ;
#1475 = AXIS2_PLACEMENT_3D ( 'NONE', #1474, #1472, #1471 ) ;
#1476 = PLANE ( 'NONE',  #1475 ) ;
#1477 =( GEOMETRIC_REPRESENTATION_CONTEXT ( 3 ) GLOBAL_UNCERTAINTY_ASSIGNED_CONTEXT ( ( #1422 ) ) GLOBAL_UNIT_ASSIGNED_CONTEXT ( ( #1425, #1424, #1423 ) ) REPRESENTATION_CONTEXT ( 'NONE', 'WORKASPACE' ) );
#1478 =( NAMED_UNIT ( * ) PLANE_ANGLE_UNIT ( ) SI_UNIT ( $, .RADIAN. ) );
#1479 =( LENGTH_UNIT ( ) NAMED_UNIT ( * ) SI_UNIT ( .MILLI., .METRE. ) );
#1480 = MECHANICAL_DESIGN_GEOMETRIC_PRESENTATION_REPRESENTATION (  '', ( #1482 ), #1535 ) ;
#1481 = PRESENTATION_LAYER_ASSIGNMENT (  '', '', ( #1482 ) ) ;
#1482 = STYLED_ITEM ( 'NONE', ( #1483 ), #8187 ) ;
#1483 = PRESENTATION_STYLE_ASSIGNMENT (( #1484 ) ) ;
#1484 = SURFACE_STYLE_USAGE ( .BOTH. , #1485 ) ;
#1485 = SURFACE_SIDE_STYLE ('',( #1486 ) ) ;
#1486 = SURFACE_STYLE_FILL_AREA ( #1487 ) ;
#1487 = FILL_AREA_STYLE ('',( #1494 ) ) ;
#1488 = COLOUR_RGB ( '',0.7529411764705882200, 0.7529411764705882200, 0.7529411764705882200 ) ;
#1489 = FACE_OUTER_BOUND ( 'NONE', #8188, .T. ) ;
#1490 = DIRECTION ( 'NONE',  ( 1.000000000000000000, 0.0000000000000000000, -6.982966722218764100E-015 ) ) ;
#1491 = VECTOR ( 'NONE', #1490, 1000.000000000000000 ) ;
#1492 = CARTESIAN_POINT ( 'NONE',  ( 5.750000000000016000, 1.249999999999992200, 2.649999999999959900 ) ) ;
#1493 = LINE ( 'NONE', #1492, #1491 ) ;
#1494 = FILL_AREA_STYLE_COLOUR ( '', #1488 ) ;
#1495 = CARTESIAN_POINT ( 'NONE',  ( 5.750000000000016000, 1.249999999999992200, 2.649999999999959900 ) ) ;
#1496 = DIRECTION ( 'NONE',  ( -2.438091212180733500E-029, -1.000000000000000000, -3.491483361109382100E-015 ) ) ;
#1497 = VECTOR ( 'NONE', #1496, 1000.000000000000000 ) ;
#1498 = CARTESIAN_POINT ( 'NONE',  ( 5.750000000000016000, 1.249999999999992200, 2.649999999999959900 ) ) ;
#1499 = LINE ( 'NONE', #1498, #1497 ) ;
#1500 = CARTESIAN_POINT ( 'NONE',  ( 5.750000000000016000, 1.749999999999992700, 2.649999999999961700 ) ) ;
#1501 = DIRECTION ( 'NONE',  ( -1.000000000000000000, 0.0000000000000000000, 6.982966722218764100E-015 ) ) ;
#1502 = VECTOR ( 'NONE', #1501, 1000.000000000000000 ) ;
#1503 = CARTESIAN_POINT ( 'NONE',  ( 5.750000000000016000, 1.749999999999992700, 2.649999999999961700 ) ) ;
#1504 = LINE ( 'NONE', #1503, #1502 ) ;
#1505 = CARTESIAN_POINT ( 'NONE',  ( 6.250000000000016900, 1.749999999999992700, 2.649999999999958200 ) ) ;
#1506 = DIRECTION ( 'NONE',  ( -6.982966722218764100E-015, 3.398218658099876300E-015, -1.000000000000000000 ) ) ;
#1507 = DIRECTION ( 'NONE',  ( 2.372964780433434200E-029, 1.000000000000000000, 3.398218658099876300E-015 ) ) ;
#1508 = CARTESIAN_POINT ( 'NONE',  ( 5.749999999999976900, 1.750000000000011800, -2.957106781186588300 ) ) ;
#1509 = AXIS2_PLACEMENT_3D ( 'NONE', #1508, #1507, #1506 ) ;
#1510 = PLANE ( 'NONE',  #1509 ) ;
#1511 =( GEOMETRIC_REPRESENTATION_CONTEXT ( 3 ) GLOBAL_UNCERTAINTY_ASSIGNED_CONTEXT ( ( #1451 ) ) GLOBAL_UNIT_ASSIGNED_CONTEXT ( ( #1455, #1453, #1452 ) ) REPRESENTATION_CONTEXT ( 'NONE', 'WORKASPACE' ) );
#1512 =( NAMED_UNIT ( * ) SI_UNIT ( $, .STERADIAN. ) SOLID_ANGLE_UNIT ( ) );
#1513 =( NAMED_UNIT ( * ) PLANE_ANGLE_UNIT ( ) SI_UNIT ( $, .RADIAN. ) );
#1514 =( LENGTH_UNIT ( ) NAMED_UNIT ( * ) SI_UNIT ( .MILLI., .METRE. ) );
#1515 = MECHANICAL_DESIGN_GEOMETRIC_PRESENTATION_REPRESENTATION (  '', ( #1517 ), #1565 ) ;
#1516 = PRESENTATION_LAYER_ASSIGNMENT (  '', '', ( #1517 ) ) ;
#1517 = STYLED_ITEM ( 'NONE', ( #1518 ), #8194 ) ;
#1518 = PRESENTATION_STYLE_ASSIGNMENT (( #1519 ) ) ;
#1519 = SURFACE_STYLE_USAGE ( .BOTH. , #1520 ) ;
#1520 = SURFACE_SIDE_STYLE ('',( #1521 ) ) ;
#1521 = SURFACE_STYLE_FILL_AREA ( #1522 ) ;
#1522 = FILL_AREA_STYLE ('',( #1529 ) ) ;
#1523 = COLOUR_RGB ( '',0.7529411764705882200, 0.7529411764705882200, 0.7529411764705882200 ) ;
#1524 = FACE_OUTER_BOUND ( 'NONE', #8195, .T. ) ;
#1525 = DIRECTION ( 'NONE',  ( 6.982966722218764100E-015, -3.398218658099876300E-015, 1.000000000000000000 ) ) ;
#1526 = VECTOR ( 'NONE', #1525, 1000.000000000000000 ) ;
#1527 = CARTESIAN_POINT ( 'NONE',  ( 5.749999999999976900, 1.250000000000011300, -2.957106781186590100 ) ) ;
#1528 = LINE ( 'NONE', #1527, #1526 ) ;
#1529 = FILL_AREA_STYLE_COLOUR ( '', #1523 ) ;
#1530 = DIRECTION ( 'NONE',  ( 6.982966722218764100E-015, -3.398218658099876300E-015, 1.000000000000000000 ) ) ;
#1531 = DIRECTION ( 'NONE',  ( -2.372964780433434200E-029, -1.000000000000000000, -3.398218658099876300E-015 ) ) ;
#1532 = CARTESIAN_POINT ( 'NONE',  ( 5.749999999999976900, 1.250000000000011300, -2.957106781186590100 ) ) ;
#1533 = AXIS2_PLACEMENT_3D ( 'NONE', #1532, #1531, #1530 ) ;
#1534 = PLANE ( 'NONE',  #1533 ) ;
#1535 =( GEOMETRIC_REPRESENTATION_CONTEXT ( 3 ) GLOBAL_UNCERTAINTY_ASSIGNED_CONTEXT ( ( #1536 ) ) GLOBAL_UNIT_ASSIGNED_CONTEXT ( ( #1479, #1478, #1537 ) ) REPRESENTATION_CONTEXT ( 'NONE', 'WORKASPACE' ) );
#1536 = UNCERTAINTY_MEASURE_WITH_UNIT (LENGTH_MEASURE( 1.000000000000000100E-005 ), #1479, 'distance_accuracy_value', 'NONE');
#1537 =( NAMED_UNIT ( * ) SI_UNIT ( $, .STERADIAN. ) SOLID_ANGLE_UNIT ( ) );
#1538 =( NAMED_UNIT ( * ) PLANE_ANGLE_UNIT ( ) SI_UNIT ( $, .RADIAN. ) );
#1539 =( LENGTH_UNIT ( ) NAMED_UNIT ( * ) SI_UNIT ( .MILLI., .METRE. ) );
#1540 = MECHANICAL_DESIGN_GEOMETRIC_PRESENTATION_REPRESENTATION (  '', ( #1542 ), #1587 ) ;
#1541 = PRESENTATION_LAYER_ASSIGNMENT (  '', '', ( #1542 ) ) ;
#1542 = STYLED_ITEM ( 'NONE', ( #1543 ), #8202 ) ;
#1543 = PRESENTATION_STYLE_ASSIGNMENT (( #1544 ) ) ;
#1544 = SURFACE_STYLE_USAGE ( .BOTH. , #1545 ) ;
#1545 = SURFACE_SIDE_STYLE ('',( #1546 ) ) ;
#1546 = SURFACE_STYLE_FILL_AREA ( #1547 ) ;
#1547 = FILL_AREA_STYLE ('',( #1554 ) ) ;
#1548 = COLOUR_RGB ( '',0.7529411764705882200, 0.7529411764705882200, 0.7529411764705882200 ) ;
#1549 = FACE_OUTER_BOUND ( 'NONE', #8203, .T. ) ;
#1550 = DIRECTION ( 'NONE',  ( 6.982966722218764100E-015, -3.398218658099876300E-015, 1.000000000000000000 ) ) ;
#1551 = VECTOR ( 'NONE', #1550, 1000.000000000000000 ) ;
#1552 = CARTESIAN_POINT ( 'NONE',  ( 5.749999999999976900, 1.250000000000011300, -2.957106781186590100 ) ) ;
#1553 = LINE ( 'NONE', #1552, #1551 ) ;
#1554 = FILL_AREA_STYLE_COLOUR ( '', #1548 ) ;
#1555 = CARTESIAN_POINT ( 'NONE',  ( 5.749999999999984000, 1.250000000000007800, -2.000000000000041300 ) ) ;
#1556 = DIRECTION ( 'NONE',  ( -2.438091212180733500E-029, -1.000000000000000000, -3.491483361109382100E-015 ) ) ;
#1557 = VECTOR ( 'NONE', #1556, 1000.000000000000000 ) ;
#1558 = CARTESIAN_POINT ( 'NONE',  ( 5.749999999999984000, 1.250000000000007800, -2.000000000000041300 ) ) ;
#1559 = LINE ( 'NONE', #1558, #1557 ) ;
#1560 = DIRECTION ( 'NONE',  ( 1.000000000000000000, 0.0000000000000000000, -6.982966722218764100E-015 ) ) ;
#1561 = DIRECTION ( 'NONE',  ( -2.438091212180733500E-029, -1.000000000000000000, -3.491483361109382100E-015 ) ) ;
#1562 = CARTESIAN_POINT ( 'NONE',  ( 7.999999999999983100, -2.999999999999993300, -2.250000000000072400 ) ) ;
#1563 = AXIS2_PLACEMENT_3D ( 'NONE', #1562, #1561, #1560 ) ;
#1564 = PLANE ( 'NONE',  #1563 ) ;
#1565 =( GEOMETRIC_REPRESENTATION_CONTEXT ( 3 ) GLOBAL_UNCERTAINTY_ASSIGNED_CONTEXT ( ( #1566 ) ) GLOBAL_UNIT_ASSIGNED_CONTEXT ( ( #1514, #1513, #1512 ) ) REPRESENTATION_CONTEXT ( 'NONE', 'WORKASPACE' ) );
#1566 = UNCERTAINTY_MEASURE_WITH_UNIT (LENGTH_MEASURE( 1.000000000000000100E-005 ), #1514, 'distance_accuracy_value', 'NONE');
#1567 = UNCERTAINTY_MEASURE_WITH_UNIT (LENGTH_MEASURE( 1.000000000000000100E-005 ), #1570, 'distance_accuracy_value', 'NONE');
#1568 =( NAMED_UNIT ( * ) SI_UNIT ( $, .STERADIAN. ) SOLID_ANGLE_UNIT ( ) );
#1569 =( NAMED_UNIT ( * ) PLANE_ANGLE_UNIT ( ) SI_UNIT ( $, .RADIAN. ) );
#1570 =( LENGTH_UNIT ( ) NAMED_UNIT ( * ) SI_UNIT ( .MILLI., .METRE. ) );
#1571 = MECHANICAL_DESIGN_GEOMETRIC_PRESENTATION_REPRESENTATION (  '', ( #1573 ), #1620 ) ;
#1572 = PRESENTATION_LAYER_ASSIGNMENT (  '', '', ( #1573 ) ) ;
#1573 = STYLED_ITEM ( 'NONE', ( #1574 ), #8205 ) ;
#1574 = PRESENTATION_STYLE_ASSIGNMENT (( #1575 ) ) ;
#1575 = SURFACE_STYLE_USAGE ( .BOTH. , #1576 ) ;
#1576 = SURFACE_SIDE_STYLE ('',( #1577 ) ) ;
#1577 = SURFACE_STYLE_FILL_AREA ( #1578 ) ;
#1578 = FILL_AREA_STYLE ('',( #1585 ) ) ;
#1579 = COLOUR_RGB ( '',0.7529411764705882200, 0.7529411764705882200, 0.7529411764705882200 ) ;
#1580 = FACE_OUTER_BOUND ( 'NONE', #8206, .T. ) ;
#1581 = DIRECTION ( 'NONE',  ( 6.982966722218764100E-015, -3.398218658099876300E-015, 1.000000000000000000 ) ) ;
#1582 = DIRECTION ( 'NONE',  ( -2.372964780433434200E-029, -1.000000000000000000, -3.398218658099876300E-015 ) ) ;
#1583 = CARTESIAN_POINT ( 'NONE',  ( 5.749999999999976900, 1.250000000000011300, -2.957106781186590100 ) ) ;
#1584 = AXIS2_PLACEMENT_3D ( 'NONE', #1583, #1582, #1581 ) ;
#1585 = FILL_AREA_STYLE_COLOUR ( '', #1579 ) ;
#1586 = PLANE ( 'NONE',  #1584 ) ;
#1587 =( GEOMETRIC_REPRESENTATION_CONTEXT ( 3 ) GLOBAL_UNCERTAINTY_ASSIGNED_CONTEXT ( ( #1588 ) ) GLOBAL_UNIT_ASSIGNED_CONTEXT ( ( #1539, #1538, #1589 ) ) REPRESENTATION_CONTEXT ( 'NONE', 'WORKASPACE' ) );
#1588 = UNCERTAINTY_MEASURE_WITH_UNIT (LENGTH_MEASURE( 1.000000000000000100E-005 ), #1539, 'distance_accuracy_value', 'NONE');
#1589 =( NAMED_UNIT ( * ) SI_UNIT ( $, .STERADIAN. ) SOLID_ANGLE_UNIT ( ) );
#1590 = UNCERTAINTY_MEASURE_WITH_UNIT (LENGTH_MEASURE( 1.000000000000000100E-005 ), #1593, 'distance_accuracy_value', 'NONE');
#1591 =( NAMED_UNIT ( * ) SI_UNIT ( $, .STERADIAN. ) SOLID_ANGLE_UNIT ( ) );
#1592 =( NAMED_UNIT ( * ) PLANE_ANGLE_UNIT ( ) SI_UNIT ( $, .RADIAN. ) );
#1593 =( LENGTH_UNIT ( ) NAMED_UNIT ( * ) SI_UNIT ( .MILLI., .METRE. ) );
#1594 = ORIENTED_EDGE ( 'NONE', *, *, #1659, .F. ) ;
#1595 = MECHANICAL_DESIGN_GEOMETRIC_PRESENTATION_REPRESENTATION (  '', ( #1597 ), #1652 ) ;
#1596 = PRESENTATION_LAYER_ASSIGNMENT (  '', '', ( #1597 ) ) ;
#1597 = STYLED_ITEM ( 'NONE', ( #1598 ), #8215 ) ;
#1598 = PRESENTATION_STYLE_ASSIGNMENT (( #1599 ) ) ;
#1599 = SURFACE_STYLE_USAGE ( .BOTH. , #1600 ) ;
#1600 = SURFACE_SIDE_STYLE ('',( #1601 ) ) ;
#1601 = SURFACE_STYLE_FILL_AREA ( #1602 ) ;
#1602 = FILL_AREA_STYLE ('',( #1609 ) ) ;
#1603 = COLOUR_RGB ( '',0.7529411764705882200, 0.7529411764705882200, 0.7529411764705882200 ) ;
#1604 = FACE_OUTER_BOUND ( 'NONE', #8216, .T. ) ;
#1605 = DIRECTION ( 'NONE',  ( 6.982966722218764100E-015, -3.398218658099876300E-015, 1.000000000000000000 ) ) ;
#1606 = VECTOR ( 'NONE', #1605, 1000.000000000000000 ) ;
#1607 = CARTESIAN_POINT ( 'NONE',  ( 5.749999999999976900, 1.750000000000011800, -2.957106781186588300 ) ) ;
#1608 = LINE ( 'NONE', #1607, #1606 ) ;
#1609 = FILL_AREA_STYLE_COLOUR ( '', #1603 ) ;
#1610 = CARTESIAN_POINT ( 'NONE',  ( 5.749999999999980500, 1.750000000000010000, -2.500000000000040000 ) ) ;
#1611 = DIRECTION ( 'NONE',  ( -1.000000000000000000, 0.0000000000000000000, 6.982966722218764100E-015 ) ) ;
#1612 = VECTOR ( 'NONE', #1611, 1000.000000000000000 ) ;
#1613 = CARTESIAN_POINT ( 'NONE',  ( 5.749999999999980500, 1.750000000000010000, -2.500000000000040000 ) ) ;
#1614 = LINE ( 'NONE', #1613, #1612 ) ;
#1615 = DIRECTION ( 'NONE',  ( -6.982966722218764100E-015, 3.398218658099876300E-015, -1.000000000000000000 ) ) ;
#1616 = DIRECTION ( 'NONE',  ( 2.372964780433434200E-029, 1.000000000000000000, 3.398218658099876300E-015 ) ) ;
#1617 = CARTESIAN_POINT ( 'NONE',  ( 5.749999999999976900, 1.750000000000011800, -2.957106781186588300 ) ) ;
#1618 = AXIS2_PLACEMENT_3D ( 'NONE', #1617, #1616, #1615 ) ;
#1619 = PLANE ( 'NONE',  #1618 ) ;
#1620 =( GEOMETRIC_REPRESENTATION_CONTEXT ( 3 ) GLOBAL_UNCERTAINTY_ASSIGNED_CONTEXT ( ( #1567 ) ) GLOBAL_UNIT_ASSIGNED_CONTEXT ( ( #1570, #1569, #1568 ) ) REPRESENTATION_CONTEXT ( 'NONE', 'WORKASPACE' ) );
#1621 = ADVANCED_FACE ( 'NONE', ( #10131 ), #10177, .T. ) ;
#1622 = DIRECTION ( 'NONE',  ( 6.982966722218764100E-015, -3.398218658099876300E-015, 1.000000000000000000 ) ) ;
#1623 = VECTOR ( 'NONE', #1622, 1000.000000000000000 ) ;
#1624 = CARTESIAN_POINT ( 'NONE',  ( 6.249999999999977800, 1.750000000000011800, -2.957106781186591900 ) ) ;
#1625 = LINE ( 'NONE', #1624, #1623 ) ;
#1626 = CARTESIAN_POINT ( 'NONE',  ( 6.249999999999981300, 1.750000000000010000, -2.500000000000044000 ) ) ;
#1627 = DIRECTION ( 'NONE',  ( -2.438091212180733500E-029, -1.000000000000000000, -3.491483361109382100E-015 ) ) ;
#1628 = VECTOR ( 'NONE', #1627, 1000.000000000000000 ) ;
#1629 = CARTESIAN_POINT ( 'NONE',  ( 6.249999999999981300, 1.750000000000010000, -2.500000000000044000 ) ) ;
#1630 = LINE ( 'NONE', #1629, #1628 ) ;
#1631 = CARTESIAN_POINT ( 'NONE',  ( 6.249999999999981300, -2.999999999999991600, -2.500000000000060400 ) ) ;
#1632 = DIRECTION ( 'NONE',  ( 6.982966722218764100E-015, -3.491483361109382100E-015, 1.000000000000000000 ) ) ;
#1633 = VECTOR ( 'NONE', #1632, 1000.000000000000000 ) ;
#1634 = CARTESIAN_POINT ( 'NONE',  ( 6.249999999999981300, -2.999999999999993300, -2.478553390593333900 ) ) ;
#1635 = LINE ( 'NONE', #1634, #1633 ) ;
#1636 = CARTESIAN_POINT ( 'NONE',  ( 6.249999999999984900, -2.999999999999993300, -2.000000000000059500 ) ) ;
#1637 = DIRECTION ( 'NONE',  ( -2.438091212180733500E-029, -1.000000000000000000, -3.491483361109382100E-015 ) ) ;
#1638 = VECTOR ( 'NONE', #1637, 1000.000000000000000 ) ;
#1639 = CARTESIAN_POINT ( 'NONE',  ( 6.249999999999984900, 1.250000000000007800, -2.000000000000044900 ) ) ;
#1640 = LINE ( 'NONE', #1639, #1638 ) ;
#1641 = CARTESIAN_POINT ( 'NONE',  ( 6.249999999999984900, 1.250000000000007800, -2.000000000000044900 ) ) ;
#1642 = DIRECTION ( 'NONE',  ( 6.982966722218764100E-015, -3.398218658099876300E-015, 1.000000000000000000 ) ) ;
#1643 = VECTOR ( 'NONE', #1642, 1000.000000000000000 ) ;
#1644 = VERTEX_POINT ( 'NONE', #10172 ) ;
#1645 = CARTESIAN_POINT ( 'NONE',  ( 6.249999999999977800, 1.250000000000011300, -2.957106781186593200 ) ) ;
#1646 = LINE ( 'NONE', #1645, #1643 ) ;
#1647 = DIRECTION ( 'NONE',  ( -2.438091212180733500E-029, -1.000000000000000000, -3.491483361109382100E-015 ) ) ;
#1648 = DIRECTION ( 'NONE',  ( -1.000000000000000000, 0.0000000000000000000, 6.982966722218764100E-015 ) ) ;
#1649 = CARTESIAN_POINT ( 'NONE',  ( 5.749999999999976900, 1.250000000000011300, -2.957106781186590100 ) ) ;
#1650 = AXIS2_PLACEMENT_3D ( 'NONE', #1649, #1648, #1647 ) ;
#1651 = PLANE ( 'NONE',  #1650 ) ;
#1652 =( GEOMETRIC_REPRESENTATION_CONTEXT ( 3 ) GLOBAL_UNCERTAINTY_ASSIGNED_CONTEXT ( ( #1590 ) ) GLOBAL_UNIT_ASSIGNED_CONTEXT ( ( #1593, #1592, #1591 ) ) REPRESENTATION_CONTEXT ( 'NONE', 'WORKASPACE' ) );
#1653 = ORIENTED_EDGE ( 'NONE', *, *, #1473, .T. ) ;
#1654 = DIRECTION ( 'NONE',  ( 2.438091212180733500E-029, 1.000000000000000000, 3.491483361109382100E-015 ) ) ;
#1655 = DIRECTION ( 'NONE',  ( 1.000000000000000000, 0.0000000000000000000, -6.982966722218764100E-015 ) ) ;
#1656 = CARTESIAN_POINT ( 'NONE',  ( 6.249999999999977800, 1.250000000000011300, -2.957106781186593200 ) ) ;
#1657 = AXIS2_PLACEMENT_3D ( 'NONE', #1656, #1655, #1654 ) ;
#1658 = PLANE ( 'NONE',  #1657 ) ;
#1659 = EDGE_CURVE ( 'NONE', #1737, #2065, #10171, .T. ) ;
#1660 =( GEOMETRIC_REPRESENTATION_CONTEXT ( 3 ) GLOBAL_UNCERTAINTY_ASSIGNED_CONTEXT ( ( #1661 ) ) GLOBAL_UNIT_ASSIGNED_CONTEXT ( ( #1664, #1663, #1662 ) ) REPRESENTATION_CONTEXT ( 'NONE', 'WORKASPACE' ) );
#1661 = UNCERTAINTY_MEASURE_WITH_UNIT (LENGTH_MEASURE( 1.000000000000000100E-005 ), #1664, 'distance_accuracy_value', 'NONE');
#1662 =( NAMED_UNIT ( * ) SI_UNIT ( $, .STERADIAN. ) SOLID_ANGLE_UNIT ( ) );
#1663 =( NAMED_UNIT ( * ) PLANE_ANGLE_UNIT ( ) SI_UNIT ( $, .RADIAN. ) );
#1664 =( LENGTH_UNIT ( ) NAMED_UNIT ( * ) SI_UNIT ( .MILLI., .METRE. ) );
#1665 = EDGE_LOOP ( 'NONE', ( #1668, #1792, #1263, #1275 ) ) ;
#1666 = MECHANICAL_DESIGN_GEOMETRIC_PRESENTATION_REPRESENTATION (  '', ( #1669 ), #1660 ) ;
#1667 = PRESENTATION_LAYER_ASSIGNMENT (  '', '', ( #1669 ) ) ;
#1668 = ORIENTED_EDGE ( 'NONE', *, *, #6723, .T. ) ;
#1669 = STYLED_ITEM ( 'NONE', ( #1670 ), #8239 ) ;
#1670 = PRESENTATION_STYLE_ASSIGNMENT (( #1671 ) ) ;
#1671 = SURFACE_STYLE_USAGE ( .BOTH. , #1672 ) ;
#1672 = SURFACE_SIDE_STYLE ('',( #1673 ) ) ;
#1673 = SURFACE_STYLE_FILL_AREA ( #1674 ) ;
#1674 = FILL_AREA_STYLE ('',( #1682 ) ) ;
#1676 = EDGE_CURVE ( 'NONE', #6455, #6421, #10167, .T. ) ;
#1675 = COLOUR_RGB ( '',0.7529411764705882200, 0.7529411764705882200, 0.7529411764705882200 ) ;
#1677 = FACE_OUTER_BOUND ( 'NONE', #8158, .T. ) ;
#1678 = DIRECTION ( 'NONE',  ( 6.982966722218764100E-015, -3.398218658099876300E-015, 1.000000000000000000 ) ) ;
#1679 = VECTOR ( 'NONE', #1678, 1000.000000000000000 ) ;
#1680 = CARTESIAN_POINT ( 'NONE',  ( 6.249999999999977800, 1.750000000000011800, -2.957106781186591900 ) ) ;
#1681 = LINE ( 'NONE', #1680, #1679 ) ;
#1682 = FILL_AREA_STYLE_COLOUR ( '', #1675 ) ;
#1683 = PLANE ( 'NONE',  #1743 ) ;
#1684 =( GEOMETRIC_REPRESENTATION_CONTEXT ( 3 ) GLOBAL_UNCERTAINTY_ASSIGNED_CONTEXT ( ( #1685 ) ) GLOBAL_UNIT_ASSIGNED_CONTEXT ( ( #1688, #1687, #1686 ) ) REPRESENTATION_CONTEXT ( 'NONE', 'WORKASPACE' ) );
#1685 = UNCERTAINTY_MEASURE_WITH_UNIT (LENGTH_MEASURE( 1.000000000000000100E-005 ), #1688, 'distance_accuracy_value', 'NONE');
#1686 =( NAMED_UNIT ( * ) SI_UNIT ( $, .STERADIAN. ) SOLID_ANGLE_UNIT ( ) );
#1687 =( NAMED_UNIT ( * ) PLANE_ANGLE_UNIT ( ) SI_UNIT ( $, .RADIAN. ) );
#1688 =( LENGTH_UNIT ( ) NAMED_UNIT ( * ) SI_UNIT ( .MILLI., .METRE. ) );
#1689 = MECHANICAL_DESIGN_GEOMETRIC_PRESENTATION_REPRESENTATION (  '', ( #1691 ), #1684 ) ;
#1690 = PRESENTATION_LAYER_ASSIGNMENT (  '', '', ( #1691 ) ) ;
#1691 = STYLED_ITEM ( 'NONE', ( #1692 ), #8248 ) ;
#1692 = PRESENTATION_STYLE_ASSIGNMENT (( #1693 ) ) ;
#1693 = SURFACE_STYLE_USAGE ( .BOTH. , #1694 ) ;
#1694 = SURFACE_SIDE_STYLE ('',( #1695 ) ) ;
#1695 = SURFACE_STYLE_FILL_AREA ( #1696 ) ;
#1696 = FILL_AREA_STYLE ('',( #1703 ) ) ;
#1697 = COLOUR_RGB ( '',0.7529411764705882200, 0.7529411764705882200, 0.7529411764705882200 ) ;
#1698 = FACE_OUTER_BOUND ( 'NONE', #8249, .T. ) ;
#1699 = DIRECTION ( 'NONE',  ( 1.000000000000000000, 0.0000000000000000000, -6.982966722218764100E-015 ) ) ;
#1700 = VECTOR ( 'NONE', #1699, 1000.000000000000000 ) ;
#1701 = CARTESIAN_POINT ( 'NONE',  ( 3.750000000000016900, 1.249999999999992200, 2.649999999999974600 ) ) ;
#1702 = LINE ( 'NONE', #1701, #1700 ) ;
#1703 = FILL_AREA_STYLE_COLOUR ( '', #1697 ) ;
#1704 = CARTESIAN_POINT ( 'NONE',  ( 3.750000000000016900, 1.249999999999992200, 2.649999999999974600 ) ) ;
#1705 = DIRECTION ( 'NONE',  ( -2.438091212180733500E-029, -1.000000000000000000, -3.491483361109382100E-015 ) ) ;
#1706 = VECTOR ( 'NONE', #1705, 1000.000000000000000 ) ;
#1707 = CARTESIAN_POINT ( 'NONE',  ( 3.750000000000016900, 1.249999999999992200, 2.649999999999974600 ) ) ;
#1708 = LINE ( 'NONE', #1707, #1706 ) ;
#1709 = CARTESIAN_POINT ( 'NONE',  ( 3.750000000000016900, 1.749999999999992700, 2.649999999999976400 ) ) ;
#1710 = DIRECTION ( 'NONE',  ( -1.000000000000000000, 0.0000000000000000000, 6.982966722218764100E-015 ) ) ;
#1711 = VECTOR ( 'NONE', #1710, 1000.000000000000000 ) ;
#1712 = CARTESIAN_POINT ( 'NONE',  ( 3.750000000000016900, 1.749999999999992700, 2.649999999999976400 ) ) ;
#1713 = LINE ( 'NONE', #1712, #1711 ) ;
#1714 = VECTOR ( 'NONE', #1777, 1000.000000000000000 ) ;
#1715 = CARTESIAN_POINT ( 'NONE',  ( 5.749999999999980500, -2.999999999999991600, -2.500000000000056800 ) ) ;
#1716 = LINE ( 'NONE', #1715, #1714 ) ;
#1717 = FILL_AREA_STYLE_COLOUR ( '', #1775 ) ;
#1718 = DIRECTION ( 'NONE',  ( 2.438091212180733500E-029, 1.000000000000000000, 3.491483361109382100E-015 ) ) ;
#1719 = DIRECTION ( 'NONE',  ( 6.982966722218764100E-015, -3.491483361109382100E-015, 1.000000000000000000 ) ) ;
#1720 = CARTESIAN_POINT ( 'NONE',  ( 5.749999999999980500, 1.750000000000010000, -2.500000000000040000 ) ) ;
#1721 = AXIS2_PLACEMENT_3D ( 'NONE', #1720, #1719, #1718 ) ;
#1722 = PLANE ( 'NONE',  #1721 ) ;
#1723 =( GEOMETRIC_REPRESENTATION_CONTEXT ( 3 ) GLOBAL_UNCERTAINTY_ASSIGNED_CONTEXT ( ( #1725 ) ) GLOBAL_UNIT_ASSIGNED_CONTEXT ( ( #1728, #1727, #1726 ) ) REPRESENTATION_CONTEXT ( 'NONE', 'WORKASPACE' ) );
#1724 = ORIENTED_EDGE ( 'NONE', *, *, #1826, .F. ) ;
#1725 = UNCERTAINTY_MEASURE_WITH_UNIT (LENGTH_MEASURE( 1.000000000000000100E-005 ), #1728, 'distance_accuracy_value', 'NONE');
#1726 =( NAMED_UNIT ( * ) SI_UNIT ( $, .STERADIAN. ) SOLID_ANGLE_UNIT ( ) );
#1727 =( NAMED_UNIT ( * ) PLANE_ANGLE_UNIT ( ) SI_UNIT ( $, .RADIAN. ) );
#1728 =( LENGTH_UNIT ( ) NAMED_UNIT ( * ) SI_UNIT ( .MILLI., .METRE. ) );
#1729 = MECHANICAL_DESIGN_GEOMETRIC_PRESENTATION_REPRESENTATION (  '', ( #1731 ), #1723 ) ;
#1730 = PRESENTATION_LAYER_ASSIGNMENT (  '', '', ( #1731 ) ) ;
#1731 = STYLED_ITEM ( 'NONE', ( #1732 ), #8250 ) ;
#1732 = PRESENTATION_STYLE_ASSIGNMENT (( #1733 ) ) ;
#1733 = SURFACE_STYLE_USAGE ( .BOTH. , #1734 ) ;
#1734 = SURFACE_SIDE_STYLE ('',( #1735 ) ) ;
#1735 = SURFACE_STYLE_FILL_AREA ( #1736 ) ;
#1736 = FILL_AREA_STYLE ('',( #1744 ) ) ;
#1737 = VERTEX_POINT ( 'NONE', #10163 ) ;
#1738 = COLOUR_RGB ( '',0.7529411764705882200, 0.7529411764705882200, 0.7529411764705882200 ) ;
#1739 = FACE_OUTER_BOUND ( 'NONE', #8251, .T. ) ;
#1740 = DIRECTION ( 'NONE',  ( 6.982966722218764100E-015, -3.398218658099876300E-015, 1.000000000000000000 ) ) ;
#1741 = DIRECTION ( 'NONE',  ( -2.372964780433434200E-029, -1.000000000000000000, -3.398218658099876300E-015 ) ) ;
#1742 = CARTESIAN_POINT ( 'NONE',  ( 3.749999999999977400, 1.250000000000011300, -2.957106781186575400 ) ) ;
#1743 = AXIS2_PLACEMENT_3D ( 'NONE', #1742, #1741, #1740 ) ;
#1744 = FILL_AREA_STYLE_COLOUR ( '', #1738 ) ;
#1745 = PRESENTATION_STYLE_ASSIGNMENT (( #1746 ) ) ;
#1746 = SURFACE_STYLE_USAGE ( .BOTH. , #1747 ) ;
#1747 = SURFACE_SIDE_STYLE ('',( #1748 ) ) ;
#1748 = SURFACE_STYLE_FILL_AREA ( #1749 ) ;
#1749 = FILL_AREA_STYLE ('',( #1756 ) ) ;
#1750 = COLOUR_RGB ( '',0.7529411764705882200, 0.7529411764705882200, 0.7529411764705882200 ) ;
#1751 = FACE_OUTER_BOUND ( 'NONE', #8269, .T. ) ;
#1752 = DIRECTION ( 'NONE',  ( 1.000000000000000000, 0.0000000000000000000, -6.982966722218764100E-015 ) ) ;
#1753 = VECTOR ( 'NONE', #1752, 1000.000000000000000 ) ;
#1754 = CARTESIAN_POINT ( 'NONE',  ( 5.749999999999984000, 1.250000000000007800, -2.000000000000041700 ) ) ;
#1755 = LINE ( 'NONE', #1754, #1753 ) ;
#1756 = FILL_AREA_STYLE_COLOUR ( '', #1750 ) ;
#1757 = DIRECTION ( 'NONE',  ( 1.000000000000000000, 0.0000000000000000000, -6.982966722218764100E-015 ) ) ;
#1758 = DIRECTION ( 'NONE',  ( -2.438091212180733500E-029, -1.000000000000000000, -3.491483361109382100E-015 ) ) ;
#1759 = CARTESIAN_POINT ( 'NONE',  ( 5.999999999999983100, -2.999999999999993300, -2.250000000000058200 ) ) ;
#1760 = AXIS2_PLACEMENT_3D ( 'NONE', #1759, #1758, #1757 ) ;
#1761 = PLANE ( 'NONE',  #1760 ) ;
#1762 =( GEOMETRIC_REPRESENTATION_CONTEXT ( 3 ) GLOBAL_UNCERTAINTY_ASSIGNED_CONTEXT ( ( #1763 ) ) GLOBAL_UNIT_ASSIGNED_CONTEXT ( ( #1766, #1765, #1764 ) ) REPRESENTATION_CONTEXT ( 'NONE', 'WORKASPACE' ) );
#1763 = UNCERTAINTY_MEASURE_WITH_UNIT (LENGTH_MEASURE( 1.000000000000000100E-005 ), #1766, 'distance_accuracy_value', 'NONE');
#1764 =( NAMED_UNIT ( * ) SI_UNIT ( $, .STERADIAN. ) SOLID_ANGLE_UNIT ( ) );
#1765 =( NAMED_UNIT ( * ) PLANE_ANGLE_UNIT ( ) SI_UNIT ( $, .RADIAN. ) );
#1766 =( LENGTH_UNIT ( ) NAMED_UNIT ( * ) SI_UNIT ( .MILLI., .METRE. ) );
#1767 = MECHANICAL_DESIGN_GEOMETRIC_PRESENTATION_REPRESENTATION (  '', ( #1769 ), #1762 ) ;
#1768 = PRESENTATION_LAYER_ASSIGNMENT (  '', '', ( #1769 ) ) ;
#1769 = STYLED_ITEM ( 'NONE', ( #1770 ), #8258 ) ;
#1770 = PRESENTATION_STYLE_ASSIGNMENT (( #1771 ) ) ;
#1771 = SURFACE_STYLE_USAGE ( .BOTH. , #1772 ) ;
#1772 = SURFACE_SIDE_STYLE ('',( #1773 ) ) ;
#1773 = SURFACE_STYLE_FILL_AREA ( #1774 ) ;
#1774 = FILL_AREA_STYLE ('',( #1717 ) ) ;
#1775 = COLOUR_RGB ( '',0.7529411764705882200, 0.7529411764705882200, 0.7529411764705882200 ) ;
#1776 = FACE_OUTER_BOUND ( 'NONE', #8259, .T. ) ;
#1777 = DIRECTION ( 'NONE',  ( 1.000000000000000000, 0.0000000000000000000, -6.982966722218764100E-015 ) ) ;
#1778 = CARTESIAN_POINT ( 'NONE',  ( 5.749999999999980500, -2.999999999999991600, -2.500000000000056800 ) ) ;
#1779 = DIRECTION ( 'NONE',  ( -2.438091212180733500E-029, -1.000000000000000000, -3.491483361109382100E-015 ) ) ;
#1780 = VECTOR ( 'NONE', #1779, 1000.000000000000000 ) ;
#1781 = CARTESIAN_POINT ( 'NONE',  ( 5.749999999999980500, 1.750000000000010000, -2.500000000000040000 ) ) ;
#1782 = LINE ( 'NONE', #1781, #1780 ) ;
#1783 = DIRECTION ( 'NONE',  ( -1.000000000000000000, 0.0000000000000000000, 6.982966722218764100E-015 ) ) ;
#1784 = VECTOR ( 'NONE', #1783, 1000.000000000000000 ) ;
#1785 = CARTESIAN_POINT ( 'NONE',  ( 5.749999999999984000, -2.999999999999993300, -2.000000000000056400 ) ) ;
#1786 = LINE ( 'NONE', #1785, #1784 ) ;
#1787 = DIRECTION ( 'NONE',  ( -2.438091212180733500E-029, -1.000000000000000000, -3.491483361109382100E-015 ) ) ;
#1788 = DIRECTION ( 'NONE',  ( -6.982966722218764100E-015, 3.491483361109382100E-015, -1.000000000000000000 ) ) ;
#1789 = CARTESIAN_POINT ( 'NONE',  ( 5.749999999999984000, 1.250000000000007800, -2.000000000000041700 ) ) ;
#1790 = AXIS2_PLACEMENT_3D ( 'NONE', #1789, #1788, #1787 ) ;
#1791 = PLANE ( 'NONE',  #1790 ) ;
#1792 = ORIENTED_EDGE ( 'NONE', *, *, #1676, .T. ) ;
#1793 =( GEOMETRIC_REPRESENTATION_CONTEXT ( 3 ) GLOBAL_UNCERTAINTY_ASSIGNED_CONTEXT ( ( #1794 ) ) GLOBAL_UNIT_ASSIGNED_CONTEXT ( ( #1797, #1796, #1795 ) ) REPRESENTATION_CONTEXT ( 'NONE', 'WORKASPACE' ) );
#1794 = UNCERTAINTY_MEASURE_WITH_UNIT (LENGTH_MEASURE( 1.000000000000000100E-005 ), #1797, 'distance_accuracy_value', 'NONE');
#1795 =( NAMED_UNIT ( * ) SI_UNIT ( $, .STERADIAN. ) SOLID_ANGLE_UNIT ( ) );
#1796 =( NAMED_UNIT ( * ) PLANE_ANGLE_UNIT ( ) SI_UNIT ( $, .RADIAN. ) );
#1797 =( LENGTH_UNIT ( ) NAMED_UNIT ( * ) SI_UNIT ( .MILLI., .METRE. ) );
#1798 = MECHANICAL_DESIGN_GEOMETRIC_PRESENTATION_REPRESENTATION (  '', ( #1800 ), #1793 ) ;
#1799 = PRESENTATION_LAYER_ASSIGNMENT (  '', '', ( #1800 ) ) ;
#1800 = STYLED_ITEM ( 'NONE', ( #1745 ), #8268 ) ;
#1801 =( NAMED_UNIT ( * ) SI_UNIT ( $, .STERADIAN. ) SOLID_ANGLE_UNIT ( ) );
#1802 =( NAMED_UNIT ( * ) PLANE_ANGLE_UNIT ( ) SI_UNIT ( $, .RADIAN. ) );
#1803 =( LENGTH_UNIT ( ) NAMED_UNIT ( * ) SI_UNIT ( .MILLI., .METRE. ) );
#1804 = MECHANICAL_DESIGN_GEOMETRIC_PRESENTATION_REPRESENTATION (  '', ( #1806 ), #1861 ) ;
#1805 = PRESENTATION_LAYER_ASSIGNMENT (  '', '', ( #1806 ) ) ;
#1806 = STYLED_ITEM ( 'NONE', ( #1807 ), #8293 ) ;
#1807 = PRESENTATION_STYLE_ASSIGNMENT (( #1808 ) ) ;
#1808 = SURFACE_STYLE_USAGE ( .BOTH. , #1809 ) ;
#1809 = SURFACE_SIDE_STYLE ('',( #1810 ) ) ;
#1810 = SURFACE_STYLE_FILL_AREA ( #1811 ) ;
#1811 = FILL_AREA_STYLE ('',( #1812 ) ) ;
#1812 = FILL_AREA_STYLE_COLOUR ( '', #1813 ) ;
#1813 = COLOUR_RGB ( '',0.7529411764705882200, 0.7529411764705882200, 0.7529411764705882200 ) ;
#1814 = FACE_OUTER_BOUND ( 'NONE', #8294, .T. ) ;
#1815 = CARTESIAN_POINT ( 'NONE',  ( 4.249999999999981300, -2.999999999999991600, -2.500000000000046200 ) ) ;
#1816 = DIRECTION ( 'NONE',  ( 6.982966722218764100E-015, -3.491483361109382100E-015, 1.000000000000000000 ) ) ;
#1817 = VECTOR ( 'NONE', #1816, 1000.000000000000000 ) ;
#1818 = CARTESIAN_POINT ( 'NONE',  ( 4.249999999999981300, -2.999999999999993300, -2.478553390593319700 ) ) ;
#1819 = LINE ( 'NONE', #1818, #1817 ) ;
#1820 = CARTESIAN_POINT ( 'NONE',  ( 4.249999999999984900, -2.999999999999993300, -2.000000000000045300 ) ) ;
#1821 = DIRECTION ( 'NONE',  ( -2.438091212180733500E-029, -1.000000000000000000, -3.491483361109382100E-015 ) ) ;
#1822 = VECTOR ( 'NONE', #1821, 1000.000000000000000 ) ;
#1824 = EDGE_LOOP ( 'NONE', ( #1221, #5096, #5147, #4959 ) ) ;
#1823 = CARTESIAN_POINT ( 'NONE',  ( 4.249999999999984900, 1.250000000000007800, -2.000000000000030200 ) ) ;
#1825 = LINE ( 'NONE', #1823, #1822 ) ;
#1826 = EDGE_CURVE ( 'NONE', #1644, #1737, #10161, .T. ) ;
#1827 = CARTESIAN_POINT ( 'NONE',  ( 4.249999999999984900, 1.250000000000007800, -2.000000000000030200 ) ) ;
#1828 = DIRECTION ( 'NONE',  ( 6.982966722218764100E-015, -3.398218658099876300E-015, 1.000000000000000000 ) ) ;
#1829 = VECTOR ( 'NONE', #1828, 1000.000000000000000 ) ;
#1830 = CARTESIAN_POINT ( 'NONE',  ( 4.249999999999977800, 1.250000000000011300, -2.957106781186579000 ) ) ;
#1831 = LINE ( 'NONE', #1830, #1829 ) ;
#1832 = CARTESIAN_POINT ( 'NONE',  ( 5.749999999999984000, -2.999999999999993300, -2.000000000000056400 ) ) ;
#1833 = DIRECTION ( 'NONE',  ( -6.982966722218764100E-015, 3.491483361109382100E-015, -1.000000000000000000 ) ) ;
#1834 = VECTOR ( 'NONE', #1833, 1000.000000000000000 ) ;
#1835 = CARTESIAN_POINT ( 'NONE',  ( 5.749999999999980500, -2.999999999999993300, -2.478553390593330400 ) ) ;
#1836 = LINE ( 'NONE', #1835, #1834 ) ;
#1837 = UNCERTAINTY_MEASURE_WITH_UNIT (LENGTH_MEASURE( 1.000000000000000100E-005 ), #1840, 'distance_accuracy_value', 'NONE');
#1838 =( NAMED_UNIT ( * ) SI_UNIT ( $, .STERADIAN. ) SOLID_ANGLE_UNIT ( ) );
#1839 =( NAMED_UNIT ( * ) PLANE_ANGLE_UNIT ( ) SI_UNIT ( $, .RADIAN. ) );
#1840 =( LENGTH_UNIT ( ) NAMED_UNIT ( * ) SI_UNIT ( .MILLI., .METRE. ) );
#1841 = MECHANICAL_DESIGN_GEOMETRIC_PRESENTATION_REPRESENTATION (  '', ( #1843 ), #1892 ) ;
#1842 = PRESENTATION_LAYER_ASSIGNMENT (  '', '', ( #1843 ) ) ;
#1843 = STYLED_ITEM ( 'NONE', ( #1844 ), #8300 ) ;
#1844 = PRESENTATION_STYLE_ASSIGNMENT (( #1845 ) ) ;
#1845 = SURFACE_STYLE_USAGE ( .BOTH. , #1846 ) ;
#1846 = SURFACE_SIDE_STYLE ('',( #1847 ) ) ;
#1847 = SURFACE_STYLE_FILL_AREA ( #1848 ) ;
#1848 = FILL_AREA_STYLE ('',( #1855 ) ) ;
#1849 = COLOUR_RGB ( '',0.7529411764705882200, 0.7529411764705882200, 0.7529411764705882200 ) ;
#1850 = FACE_OUTER_BOUND ( 'NONE', #8302, .T. ) ;
#1851 = DIRECTION ( 'NONE',  ( 6.982966722218764100E-015, -3.398218658099876300E-015, 1.000000000000000000 ) ) ;
#1852 = VECTOR ( 'NONE', #1851, 1000.000000000000000 ) ;
#1853 = CARTESIAN_POINT ( 'NONE',  ( 4.249999999999977800, 1.750000000000011800, -2.957106781186577200 ) ) ;
#1854 = LINE ( 'NONE', #1853, #1852 ) ;
#1855 = FILL_AREA_STYLE_COLOUR ( '', #1849 ) ;
#1856 = DIRECTION ( 'NONE',  ( -6.982966722218764100E-015, 3.398218658099876300E-015, -1.000000000000000000 ) ) ;
#1857 = DIRECTION ( 'NONE',  ( 2.372964780433434200E-029, 1.000000000000000000, 3.398218658099876300E-015 ) ) ;
#1858 = CARTESIAN_POINT ( 'NONE',  ( 3.749999999999977400, 1.750000000000011800, -2.957106781186574100 ) ) ;
#1859 = AXIS2_PLACEMENT_3D ( 'NONE', #1858, #1857, #1856 ) ;
#1860 = PLANE ( 'NONE',  #1859 ) ;
#1861 =( GEOMETRIC_REPRESENTATION_CONTEXT ( 3 ) GLOBAL_UNCERTAINTY_ASSIGNED_CONTEXT ( ( #1862 ) ) GLOBAL_UNIT_ASSIGNED_CONTEXT ( ( #1803, #1802, #1801 ) ) REPRESENTATION_CONTEXT ( 'NONE', 'WORKASPACE' ) );
#1862 = UNCERTAINTY_MEASURE_WITH_UNIT (LENGTH_MEASURE( 1.000000000000000100E-005 ), #1803, 'distance_accuracy_value', 'NONE');
#1863 = UNCERTAINTY_MEASURE_WITH_UNIT (LENGTH_MEASURE( 1.000000000000000100E-005 ), #1866, 'distance_accuracy_value', 'NONE');
#1864 =( NAMED_UNIT ( * ) SI_UNIT ( $, .STERADIAN. ) SOLID_ANGLE_UNIT ( ) );
#1865 =( NAMED_UNIT ( * ) PLANE_ANGLE_UNIT ( ) SI_UNIT ( $, .RADIAN. ) );
#1866 =( LENGTH_UNIT ( ) NAMED_UNIT ( * ) SI_UNIT ( .MILLI., .METRE. ) );
#1867 = MECHANICAL_DESIGN_GEOMETRIC_PRESENTATION_REPRESENTATION (  '', ( #1869 ), #1919 ) ;
#1868 = PRESENTATION_LAYER_ASSIGNMENT (  '', '', ( #1869 ) ) ;
#1869 = STYLED_ITEM ( 'NONE', ( #1870 ), #8311 ) ;
#1870 = PRESENTATION_STYLE_ASSIGNMENT (( #1871 ) ) ;
#1871 = SURFACE_STYLE_USAGE ( .BOTH. , #1872 ) ;
#1872 = SURFACE_SIDE_STYLE ('',( #1873 ) ) ;
#1873 = SURFACE_STYLE_FILL_AREA ( #1874 ) ;
#1874 = FILL_AREA_STYLE ('',( #1882 ) ) ;
#1875 = COLOUR_RGB ( '',0.7529411764705882200, 0.7529411764705882200, 0.7529411764705882200 ) ;
#1876 = FACE_OUTER_BOUND ( 'NONE', #8312, .T. ) ;
#1877 = DIRECTION ( 'NONE',  ( 6.982966722218764100E-015, -3.398218658099876300E-015, 1.000000000000000000 ) ) ;
#1878 = EDGE_LOOP ( 'NONE', ( #8869, #8871, #8872, #8873 ) ) ;
#1879 = VECTOR ( 'NONE', #1877, 1000.000000000000000 ) ;
#1880 = CARTESIAN_POINT ( 'NONE',  ( 4.249999999999977800, 1.250000000000011300, -2.957106781186579000 ) ) ;
#1881 = LINE ( 'NONE', #1880, #1879 ) ;
#1882 = FILL_AREA_STYLE_COLOUR ( '', #1875 ) ;
#1883 = DIRECTION ( 'NONE',  ( 6.982966722218764100E-015, -3.398218658099876300E-015, 1.000000000000000000 ) ) ;
#1884 = VECTOR ( 'NONE', #1883, 1000.000000000000000 ) ;
#1885 = CARTESIAN_POINT ( 'NONE',  ( 3.749999999999977400, 1.250000000000011300, -2.957106781186575400 ) ) ;
#1886 = LINE ( 'NONE', #1885, #1884 ) ;
#1887 = DIRECTION ( 'NONE',  ( 2.438091212180733500E-029, 1.000000000000000000, 3.491483361109382100E-015 ) ) ;
#1888 = DIRECTION ( 'NONE',  ( 1.000000000000000000, 0.0000000000000000000, -6.982966722218764100E-015 ) ) ;
#1889 = CARTESIAN_POINT ( 'NONE',  ( 4.249999999999977800, 1.250000000000011300, -2.957106781186579000 ) ) ;
#1890 = AXIS2_PLACEMENT_3D ( 'NONE', #1889, #1888, #1887 ) ;
#1891 = PLANE ( 'NONE',  #1890 ) ;
#1892 =( GEOMETRIC_REPRESENTATION_CONTEXT ( 3 ) GLOBAL_UNCERTAINTY_ASSIGNED_CONTEXT ( ( #1837 ) ) GLOBAL_UNIT_ASSIGNED_CONTEXT ( ( #1840, #1839, #1838 ) ) REPRESENTATION_CONTEXT ( 'NONE', 'WORKASPACE' ) );
#1893 = PLANE ( 'NONE',  #1949 ) ;
#1894 =( GEOMETRIC_REPRESENTATION_CONTEXT ( 3 ) GLOBAL_UNCERTAINTY_ASSIGNED_CONTEXT ( ( #1895 ) ) GLOBAL_UNIT_ASSIGNED_CONTEXT ( ( #1898, #1897, #1896 ) ) REPRESENTATION_CONTEXT ( 'NONE', 'WORKASPACE' ) );
#1895 = UNCERTAINTY_MEASURE_WITH_UNIT (LENGTH_MEASURE( 1.000000000000000100E-005 ), #1898, 'distance_accuracy_value', 'NONE');
#1896 =( NAMED_UNIT ( * ) SI_UNIT ( $, .STERADIAN. ) SOLID_ANGLE_UNIT ( ) );
#1897 =( NAMED_UNIT ( * ) PLANE_ANGLE_UNIT ( ) SI_UNIT ( $, .RADIAN. ) );
#1898 =( LENGTH_UNIT ( ) NAMED_UNIT ( * ) SI_UNIT ( .MILLI., .METRE. ) );
#1899 = MECHANICAL_DESIGN_GEOMETRIC_PRESENTATION_REPRESENTATION (  '', ( #1901 ), #1894 ) ;
#1900 = PRESENTATION_LAYER_ASSIGNMENT (  '', '', ( #1901 ) ) ;
#1901 = STYLED_ITEM ( 'NONE', ( #1902 ), #8317 ) ;
#1902 = PRESENTATION_STYLE_ASSIGNMENT (( #1903 ) ) ;
#1903 = SURFACE_STYLE_USAGE ( .BOTH. , #1904 ) ;
#1904 = SURFACE_SIDE_STYLE ('',( #1905 ) ) ;
#1905 = SURFACE_STYLE_FILL_AREA ( #1906 ) ;
#1906 = FILL_AREA_STYLE ('',( #1913 ) ) ;
#1907 = COLOUR_RGB ( '',0.7529411764705882200, 0.7529411764705882200, 0.7529411764705882200 ) ;
#1908 = FACE_OUTER_BOUND ( 'NONE', #8318, .T. ) ;
#1909 = DIRECTION ( 'NONE',  ( 6.982966722218764100E-015, -3.398218658099876300E-015, 1.000000000000000000 ) ) ;
#1910 = VECTOR ( 'NONE', #1909, 1000.000000000000000 ) ;
#1911 = CARTESIAN_POINT ( 'NONE',  ( 3.749999999999977400, 1.750000000000011800, -2.957106781186574100 ) ) ;
#1912 = LINE ( 'NONE', #1911, #1910 ) ;
#1913 = FILL_AREA_STYLE_COLOUR ( '', #1907 ) ;
#1914 = DIRECTION ( 'NONE',  ( -2.438091212180733500E-029, -1.000000000000000000, -3.491483361109382100E-015 ) ) ;
#1915 = DIRECTION ( 'NONE',  ( -1.000000000000000000, 0.0000000000000000000, 6.982966722218764100E-015 ) ) ;
#1916 = CARTESIAN_POINT ( 'NONE',  ( 3.749999999999977400, 1.250000000000011300, -2.957106781186575400 ) ) ;
#1917 = AXIS2_PLACEMENT_3D ( 'NONE', #1916, #1915, #1914 ) ;
#1918 = PLANE ( 'NONE',  #1917 ) ;
#1919 =( GEOMETRIC_REPRESENTATION_CONTEXT ( 3 ) GLOBAL_UNCERTAINTY_ASSIGNED_CONTEXT ( ( #1863 ) ) GLOBAL_UNIT_ASSIGNED_CONTEXT ( ( #1866, #1865, #1864 ) ) REPRESENTATION_CONTEXT ( 'NONE', 'WORKASPACE' ) );
#1920 = ADVANCED_FACE ( 'NONE', ( #10157 ), #10202, .T. ) ;
#1921 = UNCERTAINTY_MEASURE_WITH_UNIT (LENGTH_MEASURE( 1.000000000000000100E-005 ), #1924, 'distance_accuracy_value', 'NONE');
#1922 =( NAMED_UNIT ( * ) SI_UNIT ( $, .STERADIAN. ) SOLID_ANGLE_UNIT ( ) );
#1923 =( NAMED_UNIT ( * ) PLANE_ANGLE_UNIT ( ) SI_UNIT ( $, .RADIAN. ) );
#1924 =( LENGTH_UNIT ( ) NAMED_UNIT ( * ) SI_UNIT ( .MILLI., .METRE. ) );
#1925 = MECHANICAL_DESIGN_GEOMETRIC_PRESENTATION_REPRESENTATION (  '', ( #1927 ), #1979 ) ;
#1926 = PRESENTATION_LAYER_ASSIGNMENT (  '', '', ( #1927 ) ) ;
#1927 = STYLED_ITEM ( 'NONE', ( #1928 ), #8329 ) ;
#1928 = PRESENTATION_STYLE_ASSIGNMENT (( #1929 ) ) ;
#1929 = SURFACE_STYLE_USAGE ( .BOTH. , #1930 ) ;
#1930 = SURFACE_SIDE_STYLE ('',( #1931 ) ) ;
#1931 = SURFACE_STYLE_FILL_AREA ( #1932 ) ;
#1932 = FILL_AREA_STYLE ('',( #1939 ) ) ;
#1933 = COLOUR_RGB ( '',0.7529411764705882200, 0.7529411764705882200, 0.7529411764705882200 ) ;
#1934 = FACE_OUTER_BOUND ( 'NONE', #8330, .T. ) ;
#1935 = DIRECTION ( 'NONE',  ( 1.000000000000000000, 0.0000000000000000000, -6.982966722218764100E-015 ) ) ;
#1936 = VECTOR ( 'NONE', #1935, 1000.000000000000000 ) ;
#1937 = CARTESIAN_POINT ( 'NONE',  ( 3.749999999999984500, 1.250000000000007800, -2.000000000000027500 ) ) ;
#1938 = LINE ( 'NONE', #1937, #1936 ) ;
#1939 = FILL_AREA_STYLE_COLOUR ( '', #1933 ) ;
#1940 = CARTESIAN_POINT ( 'NONE',  ( 4.250000000000016900, 1.749999999999992700, 2.649999999999972800 ) ) ;
#1941 = CARTESIAN_POINT ( 'NONE',  ( 4.250000000000016900, 1.249999999999992200, 2.649999999999971000 ) ) ;
#1942 = DIRECTION ( 'NONE',  ( 2.438091212180733500E-029, 1.000000000000000000, 3.491483361109382100E-015 ) ) ;
#1943 = VECTOR ( 'NONE', #1942, 1000.000000000000000 ) ;
#1944 = CARTESIAN_POINT ( 'NONE',  ( 4.250000000000016900, 1.249999999999992200, 2.649999999999971000 ) ) ;
#1945 = LINE ( 'NONE', #1944, #1943 ) ;
#1946 = DIRECTION ( 'NONE',  ( -2.438091212180733500E-029, -1.000000000000000000, -3.491483361109382100E-015 ) ) ;
#1947 = DIRECTION ( 'NONE',  ( -6.982966722218764100E-015, 3.491483361109382100E-015, -1.000000000000000000 ) ) ;
#1948 = CARTESIAN_POINT ( 'NONE',  ( 4.250000000000016900, 1.749999999999992700, 2.649999999999972800 ) ) ;
#1949 = AXIS2_PLACEMENT_3D ( 'NONE', #1948, #1947, #1946 ) ;
#1950 = UNCERTAINTY_MEASURE_WITH_UNIT (LENGTH_MEASURE( 1.000000000000000100E-005 ), #1953, 'distance_accuracy_value', 'NONE');
#1951 =( NAMED_UNIT ( * ) SI_UNIT ( $, .STERADIAN. ) SOLID_ANGLE_UNIT ( ) );
#1952 =( NAMED_UNIT ( * ) PLANE_ANGLE_UNIT ( ) SI_UNIT ( $, .RADIAN. ) );
#1953 =( LENGTH_UNIT ( ) NAMED_UNIT ( * ) SI_UNIT ( .MILLI., .METRE. ) );
#1954 = MECHANICAL_DESIGN_GEOMETRIC_PRESENTATION_REPRESENTATION (  '', ( #1956 ), #2010 ) ;
#1955 = PRESENTATION_LAYER_ASSIGNMENT (  '', '', ( #1956 ) ) ;
#1956 = STYLED_ITEM ( 'NONE', ( #1957 ), #8335 ) ;
#1957 = PRESENTATION_STYLE_ASSIGNMENT (( #1958 ) ) ;
#1958 = SURFACE_STYLE_USAGE ( .BOTH. , #1959 ) ;
#1959 = SURFACE_SIDE_STYLE ('',( #1960 ) ) ;
#1960 = SURFACE_STYLE_FILL_AREA ( #1961 ) ;
#1961 = FILL_AREA_STYLE ('',( #1968 ) ) ;
#1962 = COLOUR_RGB ( '',0.7529411764705882200, 0.7529411764705882200, 0.7529411764705882200 ) ;
#1963 = FACE_OUTER_BOUND ( 'NONE', #8359, .T. ) ;
#1964 = DIRECTION ( 'NONE',  ( 6.982966722218764100E-015, -3.398218658099876300E-015, 1.000000000000000000 ) ) ;
#1965 = VECTOR ( 'NONE', #1964, 1000.000000000000000 ) ;
#1966 = CARTESIAN_POINT ( 'NONE',  ( 3.749999999999977400, 1.750000000000011800, -2.957106781186574100 ) ) ;
#1967 = LINE ( 'NONE', #1966, #1965 ) ;
#1968 = FILL_AREA_STYLE_COLOUR ( '', #1962 ) ;
#1969 = DIRECTION ( 'NONE',  ( -1.000000000000000000, 0.0000000000000000000, 6.982966722218764100E-015 ) ) ;
#1970 = VECTOR ( 'NONE', #1969, 1000.000000000000000 ) ;
#1971 = CARTESIAN_POINT ( 'NONE',  ( 3.749999999999984500, -2.999999999999993300, -2.000000000000042200 ) ) ;
#1972 = LINE ( 'NONE', #1971, #1970 ) ;
#1973 = DIRECTION ( 'NONE',  ( -2.438091212180733500E-029, -1.000000000000000000, -3.491483361109382100E-015 ) ) ;
#1974 = DIRECTION ( 'NONE',  ( -2.438091212180733500E-029, -1.000000000000000000, -3.491483361109382100E-015 ) ) ;
#1975 = DIRECTION ( 'NONE',  ( -6.982966722218764100E-015, 3.491483361109382100E-015, -1.000000000000000000 ) ) ;
#1976 = CARTESIAN_POINT ( 'NONE',  ( 3.749999999999984500, 1.250000000000007800, -2.000000000000027500 ) ) ;
#1977 = AXIS2_PLACEMENT_3D ( 'NONE', #1976, #1975, #1974 ) ;
#1978 = PLANE ( 'NONE',  #1977 ) ;
#1979 =( GEOMETRIC_REPRESENTATION_CONTEXT ( 3 ) GLOBAL_UNCERTAINTY_ASSIGNED_CONTEXT ( ( #1921 ) ) GLOBAL_UNIT_ASSIGNED_CONTEXT ( ( #1924, #1923, #1922 ) ) REPRESENTATION_CONTEXT ( 'NONE', 'WORKASPACE' ) );
#1980 = DIRECTION ( 'NONE',  ( 6.982966722218764100E-015, -3.398218658099876300E-015, 1.000000000000000000 ) ) ;
#1981 = VECTOR ( 'NONE', #1980, 1000.000000000000000 ) ;
#1982 = CARTESIAN_POINT ( 'NONE',  ( 4.249999999999977800, 1.750000000000011800, -2.957106781186577200 ) ) ;
#1983 = LINE ( 'NONE', #1982, #1981 ) ;
#1984 = FILL_AREA_STYLE_COLOUR ( '', #2041 ) ;
#1985 = CARTESIAN_POINT ( 'NONE',  ( 4.249999999999981300, 1.750000000000010000, -2.500000000000029800 ) ) ;
#1986 = DIRECTION ( 'NONE',  ( -2.438091212180733500E-029, -1.000000000000000000, -3.491483361109382100E-015 ) ) ;
#1987 = VECTOR ( 'NONE', #1986, 1000.000000000000000 ) ;
#1988 = CARTESIAN_POINT ( 'NONE',  ( 4.249999999999981300, 1.750000000000010000, -2.500000000000029800 ) ) ;
#1989 = LINE ( 'NONE', #1988, #1987 ) ;
#1990 = CARTESIAN_POINT ( 'NONE',  ( 3.749999999999984500, 1.250000000000007800, -2.000000000000027100 ) ) ;
#1991 = DIRECTION ( 'NONE',  ( -2.438091212180733500E-029, -1.000000000000000000, -3.491483361109382100E-015 ) ) ;
#1992 = VECTOR ( 'NONE', #1991, 1000.000000000000000 ) ;
#1993 = CARTESIAN_POINT ( 'NONE',  ( 3.749999999999984500, 1.250000000000007800, -2.000000000000027100 ) ) ;
#1994 = LINE ( 'NONE', #1993, #1992 ) ;
#1995 = CARTESIAN_POINT ( 'NONE',  ( 3.749999999999984500, -2.999999999999993300, -2.000000000000042200 ) ) ;
#1996 = DIRECTION ( 'NONE',  ( -6.982966722218764100E-015, 3.491483361109382100E-015, -1.000000000000000000 ) ) ;
#1997 = VECTOR ( 'NONE', #1996, 1000.000000000000000 ) ;
#1998 = CARTESIAN_POINT ( 'NONE',  ( 3.749999999999980900, -2.999999999999993300, -2.478553390593316100 ) ) ;
#1999 = LINE ( 'NONE', #1998, #1997 ) ;
#2000 = CARTESIAN_POINT ( 'NONE',  ( 3.749999999999980900, -2.999999999999991600, -2.500000000000042600 ) ) ;
#2001 = DIRECTION ( 'NONE',  ( -2.438091212180733500E-029, -1.000000000000000000, -3.491483361109382100E-015 ) ) ;
#2002 = VECTOR ( 'NONE', #2001, 1000.000000000000000 ) ;
#2003 = CARTESIAN_POINT ( 'NONE',  ( 3.749999999999980900, 1.750000000000010000, -2.500000000000025800 ) ) ;
#2004 = LINE ( 'NONE', #2003, #2002 ) ;
#2005 = DIRECTION ( 'NONE',  ( -2.438091212180733500E-029, -1.000000000000000000, -3.491483361109382100E-015 ) ) ;
#2006 = DIRECTION ( 'NONE',  ( -1.000000000000000000, 0.0000000000000000000, 6.982966722218764100E-015 ) ) ;
#2007 = CARTESIAN_POINT ( 'NONE',  ( 3.749999999999977400, 1.250000000000011300, -2.957106781186575400 ) ) ;
#2008 = AXIS2_PLACEMENT_3D ( 'NONE', #2007, #2006, #2005 ) ;
#2009 = PLANE ( 'NONE',  #2008 ) ;
#2010 =( GEOMETRIC_REPRESENTATION_CONTEXT ( 3 ) GLOBAL_UNCERTAINTY_ASSIGNED_CONTEXT ( ( #1950 ) ) GLOBAL_UNIT_ASSIGNED_CONTEXT ( ( #1953, #1952, #1951 ) ) REPRESENTATION_CONTEXT ( 'NONE', 'WORKASPACE' ) );
#2011 = SURFACE_STYLE_USAGE ( .BOTH. , #2012 ) ;
#2012 = SURFACE_SIDE_STYLE ('',( #2013 ) ) ;
#2013 = SURFACE_STYLE_FILL_AREA ( #2014 ) ;
#2014 = FILL_AREA_STYLE ('',( #2015 ) ) ;
#2015 = FILL_AREA_STYLE_COLOUR ( '', #2016 ) ;
#2016 = COLOUR_RGB ( '',0.7529411764705882200, 0.7529411764705882200, 0.7529411764705882200 ) ;
#2017 = FACE_OUTER_BOUND ( 'NONE', #8363, .T. ) ;
#2018 = CARTESIAN_POINT ( 'NONE',  ( 3.749999999999980900, 1.750000000000010000, -2.500000000000025800 ) ) ;
#2019 = DIRECTION ( 'NONE',  ( -1.000000000000000000, 0.0000000000000000000, 6.982966722218764100E-015 ) ) ;
#2020 = VECTOR ( 'NONE', #2019, 1000.000000000000000 ) ;
#2021 = CARTESIAN_POINT ( 'NONE',  ( 3.749999999999980900, 1.750000000000010000, -2.500000000000025800 ) ) ;
#2022 = LINE ( 'NONE', #2021, #2020 ) ;
#2023 = DIRECTION ( 'NONE',  ( -6.982966722218764100E-015, 3.398218658099876300E-015, -1.000000000000000000 ) ) ;
#2024 = DIRECTION ( 'NONE',  ( 2.372964780433434200E-029, 1.000000000000000000, 3.398218658099876300E-015 ) ) ;
#2025 = CARTESIAN_POINT ( 'NONE',  ( 3.749999999999977400, 1.750000000000011800, -2.957106781186574100 ) ) ;
#2026 = AXIS2_PLACEMENT_3D ( 'NONE', #2025, #2024, #2023 ) ;
#2027 = PLANE ( 'NONE',  #2026 ) ;
#2028 =( GEOMETRIC_REPRESENTATION_CONTEXT ( 3 ) GLOBAL_UNCERTAINTY_ASSIGNED_CONTEXT ( ( #2029 ) ) GLOBAL_UNIT_ASSIGNED_CONTEXT ( ( #2032, #2031, #2030 ) ) REPRESENTATION_CONTEXT ( 'NONE', 'WORKASPACE' ) );
#2029 = UNCERTAINTY_MEASURE_WITH_UNIT (LENGTH_MEASURE( 1.000000000000000100E-005 ), #2032, 'distance_accuracy_value', 'NONE');
#2030 =( NAMED_UNIT ( * ) SI_UNIT ( $, .STERADIAN. ) SOLID_ANGLE_UNIT ( ) );
#2031 =( NAMED_UNIT ( * ) PLANE_ANGLE_UNIT ( ) SI_UNIT ( $, .RADIAN. ) );
#2032 =( LENGTH_UNIT ( ) NAMED_UNIT ( * ) SI_UNIT ( .MILLI., .METRE. ) );
#2033 = MECHANICAL_DESIGN_GEOMETRIC_PRESENTATION_REPRESENTATION (  '', ( #2035 ), #2028 ) ;
#2034 = PRESENTATION_LAYER_ASSIGNMENT (  '', '', ( #2035 ) ) ;
#2035 = STYLED_ITEM ( 'NONE', ( #2036 ), #8352 ) ;
#2036 = PRESENTATION_STYLE_ASSIGNMENT (( #2037 ) ) ;
#2037 = SURFACE_STYLE_USAGE ( .BOTH. , #2038 ) ;
#2038 = SURFACE_SIDE_STYLE ('',( #2039 ) ) ;
#2039 = SURFACE_STYLE_FILL_AREA ( #2040 ) ;
#2040 = FILL_AREA_STYLE ('',( #1984 ) ) ;
#2041 = COLOUR_RGB ( '',0.7529411764705882200, 0.7529411764705882200, 0.7529411764705882200 ) ;
#2042 = FACE_OUTER_BOUND ( 'NONE', #8353, .T. ) ;
#2043 = COLOUR_RGB ( '',0.7529411764705882200, 0.7529411764705882200, 0.7529411764705882200 ) ;
#2044 = FACE_OUTER_BOUND ( 'NONE', #8372, .T. ) ;
#2045 = SURFACE_STYLE_USAGE ( .BOTH. , #2046 ) ;
#2046 = SURFACE_SIDE_STYLE ('',( #2047 ) ) ;
#2047 = SURFACE_STYLE_FILL_AREA ( #2048 ) ;
#2048 = FILL_AREA_STYLE ('',( #2053 ) ) ;
#2049 = DIRECTION ( 'NONE',  ( 6.982966722218764100E-015, -3.398218658099876300E-015, 1.000000000000000000 ) ) ;
#2050 = VECTOR ( 'NONE', #2049, 1000.000000000000000 ) ;
#2051 = CARTESIAN_POINT ( 'NONE',  ( 2.249999999999977800, 1.250000000000011300, -2.957106781186565200 ) ) ;
#2052 = LINE ( 'NONE', #2051, #2050 ) ;
#2053 = FILL_AREA_STYLE_COLOUR ( '', #2043 ) ;
#2054 = DIRECTION ( 'NONE',  ( 6.982966722218764100E-015, -3.398218658099876300E-015, 1.000000000000000000 ) ) ;
#2055 = VECTOR ( 'NONE', #2054, 1000.000000000000000 ) ;
#2056 = CARTESIAN_POINT ( 'NONE',  ( 1.749999999999977600, 1.250000000000011300, -2.957106781186561700 ) ) ;
#2057 = LINE ( 'NONE', #2056, #2055 ) ;
#2058 = DIRECTION ( 'NONE',  ( 2.438091212180733500E-029, 1.000000000000000000, 3.491483361109382100E-015 ) ) ;
#2059 = DIRECTION ( 'NONE',  ( 1.000000000000000000, 0.0000000000000000000, -6.982966722218764100E-015 ) ) ;
#2060 = CARTESIAN_POINT ( 'NONE',  ( 4.249999999999977800, 1.250000000000011300, -2.957106781186579000 ) ) ;
#2061 = AXIS2_PLACEMENT_3D ( 'NONE', #2060, #2059, #2058 ) ;
#2062 = PLANE ( 'NONE',  #2061 ) ;
#2063 =( GEOMETRIC_REPRESENTATION_CONTEXT ( 3 ) GLOBAL_UNCERTAINTY_ASSIGNED_CONTEXT ( ( #2064 ) ) GLOBAL_UNIT_ASSIGNED_CONTEXT ( ( #2068, #2067, #2066 ) ) REPRESENTATION_CONTEXT ( 'NONE', 'WORKASPACE' ) );
#2064 = UNCERTAINTY_MEASURE_WITH_UNIT (LENGTH_MEASURE( 1.000000000000000100E-005 ), #2068, 'distance_accuracy_value', 'NONE');
#2065 = VERTEX_POINT ( 'NONE', #10197 ) ;
#2066 =( NAMED_UNIT ( * ) SI_UNIT ( $, .STERADIAN. ) SOLID_ANGLE_UNIT ( ) );
#2067 =( NAMED_UNIT ( * ) PLANE_ANGLE_UNIT ( ) SI_UNIT ( $, .RADIAN. ) );
#2068 =( LENGTH_UNIT ( ) NAMED_UNIT ( * ) SI_UNIT ( .MILLI., .METRE. ) );
#2069 = MECHANICAL_DESIGN_GEOMETRIC_PRESENTATION_REPRESENTATION (  '', ( #2071 ), #2063 ) ;
#2070 = PRESENTATION_LAYER_ASSIGNMENT (  '', '', ( #2071 ) ) ;
#2071 = STYLED_ITEM ( 'NONE', ( #2072 ), #8362 ) ;
#2072 = PRESENTATION_STYLE_ASSIGNMENT (( #2011 ) ) ;
#2073 =( NAMED_UNIT ( * ) PLANE_ANGLE_UNIT ( ) SI_UNIT ( $, .RADIAN. ) );
#2074 =( LENGTH_UNIT ( ) NAMED_UNIT ( * ) SI_UNIT ( .MILLI., .METRE. ) );
#2075 = MECHANICAL_DESIGN_GEOMETRIC_PRESENTATION_REPRESENTATION (  '', ( #2077 ), #2132 ) ;
#2076 = PRESENTATION_LAYER_ASSIGNMENT (  '', '', ( #2077 ) ) ;
#2077 = STYLED_ITEM ( 'NONE', ( #2078 ), #8376 ) ;
#2078 = PRESENTATION_STYLE_ASSIGNMENT (( #2079 ) ) ;
#2079 = SURFACE_STYLE_USAGE ( .BOTH. , #2080 ) ;
#2080 = SURFACE_SIDE_STYLE ('',( #2081 ) ) ;
#2081 = SURFACE_STYLE_FILL_AREA ( #2082 ) ;
#2082 = FILL_AREA_STYLE ('',( #2091 ) ) ;
#2083 = COLOUR_RGB ( '',0.7529411764705882200, 0.7529411764705882200, 0.7529411764705882200 ) ;
#2084 = FACE_OUTER_BOUND ( 'NONE', #8377, .T. ) ;
#2085 = DIRECTION ( 'NONE',  ( -2.438091212180733500E-029, -1.000000000000000000, -3.491483361109382100E-015 ) ) ;
#2086 = EDGE_CURVE ( 'NONE', #100, #102, #10196, .T. ) ;
#2087 = DIRECTION ( 'NONE',  ( -1.000000000000000000, 0.0000000000000000000, 6.982966722218764100E-015 ) ) ;
#2088 = CARTESIAN_POINT ( 'NONE',  ( 1.749999999999977600, 1.250000000000011300, -2.957106781186561700 ) ) ;
#2089 = AXIS2_PLACEMENT_3D ( 'NONE', #2088, #2087, #2085 ) ;
#2090 = EDGE_CURVE ( 'NONE', #2065, #100, #10192, .T. ) ;
#2091 = FILL_AREA_STYLE_COLOUR ( '', #2083 ) ;
#2092 = ORIENTED_EDGE ( 'NONE', *, *, #2090, .F. ) ;
#2093 = PLANE ( 'NONE',  #2089 ) ;
#2094 =( GEOMETRIC_REPRESENTATION_CONTEXT ( 3 ) GLOBAL_UNCERTAINTY_ASSIGNED_CONTEXT ( ( #2095 ) ) GLOBAL_UNIT_ASSIGNED_CONTEXT ( ( #2098, #2097, #2096 ) ) REPRESENTATION_CONTEXT ( 'NONE', 'WORKASPACE' ) );
#2095 = UNCERTAINTY_MEASURE_WITH_UNIT (LENGTH_MEASURE( 1.000000000000000100E-005 ), #2098, 'distance_accuracy_value', 'NONE');
#2096 =( NAMED_UNIT ( * ) SI_UNIT ( $, .STERADIAN. ) SOLID_ANGLE_UNIT ( ) );
#2097 =( NAMED_UNIT ( * ) PLANE_ANGLE_UNIT ( ) SI_UNIT ( $, .RADIAN. ) );
#2098 =( LENGTH_UNIT ( ) NAMED_UNIT ( * ) SI_UNIT ( .MILLI., .METRE. ) );
#2099 = MECHANICAL_DESIGN_GEOMETRIC_PRESENTATION_REPRESENTATION (  '', ( #2101 ), #2094 ) ;
#2100 = PRESENTATION_LAYER_ASSIGNMENT (  '', '', ( #2101 ) ) ;
#2101 = STYLED_ITEM ( 'NONE', ( #2102 ), #8371 ) ;
#2102 = PRESENTATION_STYLE_ASSIGNMENT (( #2045 ) ) ;
#2103 =( LENGTH_UNIT ( ) NAMED_UNIT ( * ) SI_UNIT ( .MILLI., .METRE. ) );
#2104 = MECHANICAL_DESIGN_GEOMETRIC_PRESENTATION_REPRESENTATION (  '', ( #2106 ), #2157 ) ;
#2105 = PRESENTATION_LAYER_ASSIGNMENT (  '', '', ( #2106 ) ) ;
#2106 = STYLED_ITEM ( 'NONE', ( #2107 ), #8389 ) ;
#2107 = PRESENTATION_STYLE_ASSIGNMENT (( #2108 ) ) ;
#2108 = SURFACE_STYLE_USAGE ( .BOTH. , #2109 ) ;
#2109 = SURFACE_SIDE_STYLE ('',( #2110 ) ) ;
#2110 = SURFACE_STYLE_FILL_AREA ( #2111 ) ;
#2111 = FILL_AREA_STYLE ('',( #2112 ) ) ;
#2112 = FILL_AREA_STYLE_COLOUR ( '', #2113 ) ;
#2113 = COLOUR_RGB ( '',0.7529411764705882200, 0.7529411764705882200, 0.7529411764705882200 ) ;
#2114 = FACE_OUTER_BOUND ( 'NONE', #8390, .T. ) ;
#2115 = CARTESIAN_POINT ( 'NONE',  ( 1.750000000000016400, 1.749999999999992700, 2.649999999999990100 ) ) ;
#2116 = DIRECTION ( 'NONE',  ( -1.000000000000000000, 0.0000000000000000000, 6.982966722218764100E-015 ) ) ;
#2117 = ADVANCED_FACE ( 'NONE', ( #10188 ), #10187, .F. ) ;
#2118 = VECTOR ( 'NONE', #2116, 1000.000000000000000 ) ;
#2119 = CARTESIAN_POINT ( 'NONE',  ( 1.750000000000016400, 1.749999999999992700, 2.649999999999990100 ) ) ;
#2120 = LINE ( 'NONE', #2119, #2118 ) ;
#2121 = CARTESIAN_POINT ( 'NONE',  ( 2.250000000000017300, 1.749999999999992700, 2.649999999999986600 ) ) ;
#2122 = CARTESIAN_POINT ( 'NONE',  ( 2.250000000000017300, 1.249999999999992200, 2.649999999999984800 ) ) ;
#2123 = DIRECTION ( 'NONE',  ( 2.438091212180733500E-029, 1.000000000000000000, 3.491483361109382100E-015 ) ) ;
#2124 = VECTOR ( 'NONE', #2123, 1000.000000000000000 ) ;
#2125 = CARTESIAN_POINT ( 'NONE',  ( 2.250000000000017300, 1.249999999999992200, 2.649999999999984800 ) ) ;
#2126 = LINE ( 'NONE', #2125, #2124 ) ;
#2127 = DIRECTION ( 'NONE',  ( -2.438091212180733500E-029, -1.000000000000000000, -3.491483361109382100E-015 ) ) ;
#2128 = DIRECTION ( 'NONE',  ( -6.982966722218764100E-015, 3.491483361109382100E-015, -1.000000000000000000 ) ) ;
#2129 = CARTESIAN_POINT ( 'NONE',  ( 2.250000000000017300, 1.749999999999992700, 2.649999999999986600 ) ) ;
#2130 = AXIS2_PLACEMENT_3D ( 'NONE', #2129, #2128, #2127 ) ;
#2131 = PLANE ( 'NONE',  #2130 ) ;
#2132 =( GEOMETRIC_REPRESENTATION_CONTEXT ( 3 ) GLOBAL_UNCERTAINTY_ASSIGNED_CONTEXT ( ( #2133 ) ) GLOBAL_UNIT_ASSIGNED_CONTEXT ( ( #2074, #2073, #2134 ) ) REPRESENTATION_CONTEXT ( 'NONE', 'WORKASPACE' ) );
#2133 = UNCERTAINTY_MEASURE_WITH_UNIT (LENGTH_MEASURE( 1.000000000000000100E-005 ), #2074, 'distance_accuracy_value', 'NONE');
#2134 =( NAMED_UNIT ( * ) SI_UNIT ( $, .STERADIAN. ) SOLID_ANGLE_UNIT ( ) );
#2135 =( NAMED_UNIT ( * ) PLANE_ANGLE_UNIT ( ) SI_UNIT ( $, .RADIAN. ) );
#2136 =( LENGTH_UNIT ( ) NAMED_UNIT ( * ) SI_UNIT ( .MILLI., .METRE. ) );
#2137 = MECHANICAL_DESIGN_GEOMETRIC_PRESENTATION_REPRESENTATION (  '', ( #2139 ), #2186 ) ;
#2138 = PRESENTATION_LAYER_ASSIGNMENT (  '', '', ( #2139 ) ) ;
#2139 = STYLED_ITEM ( 'NONE', ( #2140 ), #8396 ) ;
#2140 = PRESENTATION_STYLE_ASSIGNMENT (( #2141 ) ) ;
#2141 = SURFACE_STYLE_USAGE ( .BOTH. , #2142 ) ;
#2142 = SURFACE_SIDE_STYLE ('',( #2143 ) ) ;
#2143 = SURFACE_STYLE_FILL_AREA ( #2144 ) ;
#2144 = FILL_AREA_STYLE ('',( #2151 ) ) ;
#2145 = COLOUR_RGB ( '',0.7529411764705882200, 0.7529411764705882200, 0.7529411764705882200 ) ;
#2146 = FACE_OUTER_BOUND ( 'NONE', #8397, .T. ) ;
#2147 = DIRECTION ( 'NONE',  ( 1.000000000000000000, 0.0000000000000000000, -6.982966722218764100E-015 ) ) ;
#2148 = VECTOR ( 'NONE', #2147, 1000.000000000000000 ) ;
#2149 = CARTESIAN_POINT ( 'NONE',  ( 3.749999999999980900, -2.999999999999991600, -2.500000000000042600 ) ) ;
#2150 = LINE ( 'NONE', #2149, #2148 ) ;
#2151 = FILL_AREA_STYLE_COLOUR ( '', #2145 ) ;
#2152 = DIRECTION ( 'NONE',  ( 2.438091212180733500E-029, 1.000000000000000000, 3.491483361109382100E-015 ) ) ;
#2153 = DIRECTION ( 'NONE',  ( 6.982966722218764100E-015, -3.491483361109382100E-015, 1.000000000000000000 ) ) ;
#2154 = CARTESIAN_POINT ( 'NONE',  ( 3.749999999999980900, 1.750000000000010000, -2.500000000000025800 ) ) ;
#2155 = AXIS2_PLACEMENT_3D ( 'NONE', #2154, #2153, #2152 ) ;
#2156 = PLANE ( 'NONE',  #2155 ) ;
#2157 =( GEOMETRIC_REPRESENTATION_CONTEXT ( 3 ) GLOBAL_UNCERTAINTY_ASSIGNED_CONTEXT ( ( #2159 ) ) GLOBAL_UNIT_ASSIGNED_CONTEXT ( ( #2103, #2161, #2160 ) ) REPRESENTATION_CONTEXT ( 'NONE', 'WORKASPACE' ) );
#2158 = ORIENTED_EDGE ( 'NONE', *, *, #2188, .T. ) ;
#2159 = UNCERTAINTY_MEASURE_WITH_UNIT (LENGTH_MEASURE( 1.000000000000000100E-005 ), #2103, 'distance_accuracy_value', 'NONE');
#2160 =( NAMED_UNIT ( * ) SI_UNIT ( $, .STERADIAN. ) SOLID_ANGLE_UNIT ( ) );
#2161 =( NAMED_UNIT ( * ) PLANE_ANGLE_UNIT ( ) SI_UNIT ( $, .RADIAN. ) );
#2162 =( NAMED_UNIT ( * ) SI_UNIT ( $, .STERADIAN. ) SOLID_ANGLE_UNIT ( ) );
#2163 =( NAMED_UNIT ( * ) PLANE_ANGLE_UNIT ( ) SI_UNIT ( $, .RADIAN. ) );
#2164 =( LENGTH_UNIT ( ) NAMED_UNIT ( * ) SI_UNIT ( .MILLI., .METRE. ) );
#2165 = MECHANICAL_DESIGN_GEOMETRIC_PRESENTATION_REPRESENTATION (  '', ( #2167 ), #2220 ) ;
#2166 = PRESENTATION_LAYER_ASSIGNMENT (  '', '', ( #2167 ) ) ;
#2167 = STYLED_ITEM ( 'NONE', ( #2168 ), #8401 ) ;
#2168 = PRESENTATION_STYLE_ASSIGNMENT (( #2169 ) ) ;
#2169 = SURFACE_STYLE_USAGE ( .BOTH. , #2170 ) ;
#2170 = SURFACE_SIDE_STYLE ('',( #2171 ) ) ;
#2171 = SURFACE_STYLE_FILL_AREA ( #2172 ) ;
#2172 = FILL_AREA_STYLE ('',( #2179 ) ) ;
#2173 = COLOUR_RGB ( '',0.7529411764705882200, 0.7529411764705882200, 0.7529411764705882200 ) ;
#2174 = FACE_OUTER_BOUND ( 'NONE', #8402, .T. ) ;
#2175 = DIRECTION ( 'NONE',  ( 6.982966722218764100E-015, -3.398218658099876300E-015, 1.000000000000000000 ) ) ;
#2176 = VECTOR ( 'NONE', #2175, 1000.000000000000000 ) ;
#2177 = CARTESIAN_POINT ( 'NONE',  ( 3.749999999999977400, 1.250000000000011300, -2.957106781186575400 ) ) ;
#2178 = LINE ( 'NONE', #2177, #2176 ) ;
#2179 = FILL_AREA_STYLE_COLOUR ( '', #2173 ) ;
#2180 = DIRECTION ( 'NONE',  ( 1.000000000000000000, 0.0000000000000000000, -6.982966722218764100E-015 ) ) ;
#2181 = DIRECTION ( 'NONE',  ( -2.438091212180733500E-029, -1.000000000000000000, -3.491483361109382100E-015 ) ) ;
#2182 = CARTESIAN_POINT ( 'NONE',  ( 3.999999999999982700, -2.999999999999993300, -2.250000000000044000 ) ) ;
#2183 = AXIS2_PLACEMENT_3D ( 'NONE', #2182, #2181, #2180 ) ;
#2184 = ORIENTED_EDGE ( 'NONE', *, *, #2302, .F. ) ;
#2185 = PLANE ( 'NONE',  #2183 ) ;
#2186 =( GEOMETRIC_REPRESENTATION_CONTEXT ( 3 ) GLOBAL_UNCERTAINTY_ASSIGNED_CONTEXT ( ( #2187 ) ) GLOBAL_UNIT_ASSIGNED_CONTEXT ( ( #2136, #2135, #2189 ) ) REPRESENTATION_CONTEXT ( 'NONE', 'WORKASPACE' ) );
#2188 = EDGE_CURVE ( 'NONE', #2349, #2223, #10182, .T. ) ;
#2187 = UNCERTAINTY_MEASURE_WITH_UNIT (LENGTH_MEASURE( 1.000000000000000100E-005 ), #2136, 'distance_accuracy_value', 'NONE');
#2189 =( NAMED_UNIT ( * ) SI_UNIT ( $, .STERADIAN. ) SOLID_ANGLE_UNIT ( ) );
#2190 =( NAMED_UNIT ( * ) PLANE_ANGLE_UNIT ( ) SI_UNIT ( $, .RADIAN. ) );
#2191 =( LENGTH_UNIT ( ) NAMED_UNIT ( * ) SI_UNIT ( .MILLI., .METRE. ) );
#2192 = MECHANICAL_DESIGN_GEOMETRIC_PRESENTATION_REPRESENTATION (  '', ( #2194 ), #2245 ) ;
#2193 = PRESENTATION_LAYER_ASSIGNMENT (  '', '', ( #2194 ) ) ;
#2194 = STYLED_ITEM ( 'NONE', ( #2195 ), #8409 ) ;
#2195 = PRESENTATION_STYLE_ASSIGNMENT (( #2196 ) ) ;
#2196 = SURFACE_STYLE_USAGE ( .BOTH. , #2197 ) ;
#2197 = SURFACE_SIDE_STYLE ('',( #2198 ) ) ;
#2198 = SURFACE_STYLE_FILL_AREA ( #2199 ) ;
#2199 = FILL_AREA_STYLE ('',( #2207 ) ) ;
#2200 = COLOUR_RGB ( '',0.7529411764705882200, 0.7529411764705882200, 0.7529411764705882200 ) ;
#2201 = FACE_OUTER_BOUND ( 'NONE', #8410, .T. ) ;
#2202 = DIRECTION ( 'NONE',  ( 6.982966722218764100E-015, -3.398218658099876300E-015, 1.000000000000000000 ) ) ;
#2203 = VECTOR ( 'NONE', #2202, 1000.000000000000000 ) ;
#2204 = CARTESIAN_POINT ( 'NONE',  ( 2.249999999999977800, 1.750000000000011800, -2.957106781186563400 ) ) ;
#2205 = LINE ( 'NONE', #2204, #2203 ) ;
#2206 = ORIENTED_EDGE ( 'NONE', *, *, #2311, .F. ) ;
#2207 = FILL_AREA_STYLE_COLOUR ( '', #2200 ) ;
#2208 = CARTESIAN_POINT ( 'NONE',  ( 2.249999999999981300, 1.750000000000010000, -2.500000000000015500 ) ) ;
#2209 = DIRECTION ( 'NONE',  ( -2.438091212180733500E-029, -1.000000000000000000, -3.491483361109382100E-015 ) ) ;
#2210 = VECTOR ( 'NONE', #2209, 1000.000000000000000 ) ;
#2211 = CARTESIAN_POINT ( 'NONE',  ( 2.249999999999981300, 1.750000000000010000, -2.500000000000015500 ) ) ;
#2212 = LINE ( 'NONE', #2211, #2210 ) ;
#2213 = ORIENTED_EDGE ( 'NONE', *, *, #2086, .F. ) ;
#2214 = CARTESIAN_POINT ( 'NONE',  ( 2.249999999999981300, -2.999999999999991600, -2.500000000000032000 ) ) ;
#2215 = DIRECTION ( 'NONE',  ( 6.982966722218764100E-015, -3.398218658099876300E-015, 1.000000000000000000 ) ) ;
#2216 = DIRECTION ( 'NONE',  ( -2.372964780433434200E-029, -1.000000000000000000, -3.398218658099876300E-015 ) ) ;
#2217 = CARTESIAN_POINT ( 'NONE',  ( 3.749999999999977400, 1.250000000000011300, -2.957106781186575400 ) ) ;
#2218 = AXIS2_PLACEMENT_3D ( 'NONE', #2217, #2216, #2215 ) ;
#2219 = PLANE ( 'NONE',  #2218 ) ;
#2220 =( GEOMETRIC_REPRESENTATION_CONTEXT ( 3 ) GLOBAL_UNCERTAINTY_ASSIGNED_CONTEXT ( ( #2221 ) ) GLOBAL_UNIT_ASSIGNED_CONTEXT ( ( #2164, #2163, #2162 ) ) REPRESENTATION_CONTEXT ( 'NONE', 'WORKASPACE' ) );
#2221 = UNCERTAINTY_MEASURE_WITH_UNIT (LENGTH_MEASURE( 1.000000000000000100E-005 ), #2164, 'distance_accuracy_value', 'NONE');
#2222 =( GEOMETRIC_REPRESENTATION_CONTEXT ( 3 ) GLOBAL_UNCERTAINTY_ASSIGNED_CONTEXT ( ( #2224 ) ) GLOBAL_UNIT_ASSIGNED_CONTEXT ( ( #2227, #2226, #2225 ) ) REPRESENTATION_CONTEXT ( 'NONE', 'WORKASPACE' ) );
#2223 = VERTEX_POINT ( 'NONE', #10178 ) ;
#2224 = UNCERTAINTY_MEASURE_WITH_UNIT (LENGTH_MEASURE( 1.000000000000000100E-005 ), #2227, 'distance_accuracy_value', 'NONE');
#2225 =( NAMED_UNIT ( * ) SI_UNIT ( $, .STERADIAN. ) SOLID_ANGLE_UNIT ( ) );
#2226 =( NAMED_UNIT ( * ) PLANE_ANGLE_UNIT ( ) SI_UNIT ( $, .RADIAN. ) );
#2227 =( LENGTH_UNIT ( ) NAMED_UNIT ( * ) SI_UNIT ( .MILLI., .METRE. ) );
#2228 = MECHANICAL_DESIGN_GEOMETRIC_PRESENTATION_REPRESENTATION (  '', ( #2230 ), #2222 ) ;
#2229 = PRESENTATION_LAYER_ASSIGNMENT (  '', '', ( #2230 ) ) ;
#2230 = STYLED_ITEM ( 'NONE', ( #2231 ), #8414 ) ;
#2231 = PRESENTATION_STYLE_ASSIGNMENT (( #2232 ) ) ;
#2232 = SURFACE_STYLE_USAGE ( .BOTH. , #2234 ) ;
#2233 = EDGE_CURVE ( 'NONE', #2349, #6934, #9943, .T. ) ;
#2234 = SURFACE_SIDE_STYLE ('',( #2235 ) ) ;
#2235 = SURFACE_STYLE_FILL_AREA ( #2236 ) ;
#2236 = FILL_AREA_STYLE ('',( #2243 ) ) ;
#2237 = COLOUR_RGB ( '',0.7529411764705882200, 0.7529411764705882200, 0.7529411764705882200 ) ;
#2238 = FACE_OUTER_BOUND ( 'NONE', #8415, .T. ) ;
#2239 = DIRECTION ( 'NONE',  ( -6.982966722218764100E-015, 3.398218658099876300E-015, -1.000000000000000000 ) ) ;
#2240 = DIRECTION ( 'NONE',  ( 2.372964780433434200E-029, 1.000000000000000000, 3.398218658099876300E-015 ) ) ;
#2241 = CARTESIAN_POINT ( 'NONE',  ( 1.749999999999977600, 1.750000000000011800, -2.957106781186559900 ) ) ;
#2242 = AXIS2_PLACEMENT_3D ( 'NONE', #2241, #2240, #2239 ) ;
#2243 = FILL_AREA_STYLE_COLOUR ( '', #2237 ) ;
#2244 = PLANE ( 'NONE',  #2242 ) ;
#2245 =( GEOMETRIC_REPRESENTATION_CONTEXT ( 3 ) GLOBAL_UNCERTAINTY_ASSIGNED_CONTEXT ( ( #2246 ) ) GLOBAL_UNIT_ASSIGNED_CONTEXT ( ( #2191, #2190, #2247 ) ) REPRESENTATION_CONTEXT ( 'NONE', 'WORKASPACE' ) );
#2246 = UNCERTAINTY_MEASURE_WITH_UNIT (LENGTH_MEASURE( 1.000000000000000100E-005 ), #2191, 'distance_accuracy_value', 'NONE');
#2247 =( NAMED_UNIT ( * ) SI_UNIT ( $, .STERADIAN. ) SOLID_ANGLE_UNIT ( ) );
#2248 = DIRECTION ( 'NONE',  ( 2.438091212180733500E-029, 1.000000000000000000, 3.491483361109382100E-015 ) ) ;
#2249 = DIRECTION ( 'NONE',  ( 1.000000000000000000, 0.0000000000000000000, -6.982966722218764100E-015 ) ) ;
#2250 = CARTESIAN_POINT ( 'NONE',  ( 2.249999999999977800, 1.250000000000011300, -2.957106781186565200 ) ) ;
#2251 = AXIS2_PLACEMENT_3D ( 'NONE', #2250, #2249, #2248 ) ;
#2252 = PLANE ( 'NONE',  #2251 ) ;
#2253 =( GEOMETRIC_REPRESENTATION_CONTEXT ( 3 ) GLOBAL_UNCERTAINTY_ASSIGNED_CONTEXT ( ( #2254 ) ) GLOBAL_UNIT_ASSIGNED_CONTEXT ( ( #2257, #2256, #2255 ) ) REPRESENTATION_CONTEXT ( 'NONE', 'WORKASPACE' ) );
#2254 = UNCERTAINTY_MEASURE_WITH_UNIT (LENGTH_MEASURE( 1.000000000000000100E-005 ), #2257, 'distance_accuracy_value', 'NONE');
#2255 =( NAMED_UNIT ( * ) SI_UNIT ( $, .STERADIAN. ) SOLID_ANGLE_UNIT ( ) );
#2256 =( NAMED_UNIT ( * ) PLANE_ANGLE_UNIT ( ) SI_UNIT ( $, .RADIAN. ) );
#2257 =( LENGTH_UNIT ( ) NAMED_UNIT ( * ) SI_UNIT ( .MILLI., .METRE. ) );
#2258 = MECHANICAL_DESIGN_GEOMETRIC_PRESENTATION_REPRESENTATION (  '', ( #2260 ), #2253 ) ;
#2259 = PRESENTATION_LAYER_ASSIGNMENT (  '', '', ( #2260 ) ) ;
#2260 = STYLED_ITEM ( 'NONE', ( #2261 ), #8420 ) ;
#2261 = PRESENTATION_STYLE_ASSIGNMENT (( #2262 ) ) ;
#2262 = SURFACE_STYLE_USAGE ( .BOTH. , #2263 ) ;
#2263 = SURFACE_SIDE_STYLE ('',( #2264 ) ) ;
#2264 = SURFACE_STYLE_FILL_AREA ( #2265 ) ;
#2265 = FILL_AREA_STYLE ('',( #2272 ) ) ;
#2266 = COLOUR_RGB ( '',0.7529411764705882200, 0.7529411764705882200, 0.7529411764705882200 ) ;
#2267 = FACE_OUTER_BOUND ( 'NONE', #8421, .T. ) ;
#2268 = DIRECTION ( 'NONE',  ( 2.438091212180733500E-029, 1.000000000000000000, 3.491483361109382100E-015 ) ) ;
#2269 = DIRECTION ( 'NONE',  ( 1.000000000000000000, 0.0000000000000000000, -6.982966722218764100E-015 ) ) ;
#2270 = CARTESIAN_POINT ( 'NONE',  ( 2.249999999999977800, 1.250000000000011300, -2.957106781186565200 ) ) ;
#2271 = AXIS2_PLACEMENT_3D ( 'NONE', #2270, #2269, #2268 ) ;
#2272 = FILL_AREA_STYLE_COLOUR ( '', #2266 ) ;
#2273 = PLANE ( 'NONE',  #2271 ) ;
#2274 = DIRECTION ( 'NONE',  ( -6.982966722218764100E-015, 3.398218658099876300E-015, -1.000000000000000000 ) ) ;
#2275 = DIRECTION ( 'NONE',  ( 2.372964780433434200E-029, 1.000000000000000000, 3.398218658099876300E-015 ) ) ;
#2276 = CARTESIAN_POINT ( 'NONE',  ( 1.749999999999977600, 1.750000000000011800, -2.957106781186559900 ) ) ;
#2277 = AXIS2_PLACEMENT_3D ( 'NONE', #2276, #2275, #2274 ) ;
#2278 = PLANE ( 'NONE',  #2277 ) ;
#2279 =( GEOMETRIC_REPRESENTATION_CONTEXT ( 3 ) GLOBAL_UNCERTAINTY_ASSIGNED_CONTEXT ( ( #2283 ) ) GLOBAL_UNIT_ASSIGNED_CONTEXT ( ( #2286, #2285, #2284 ) ) REPRESENTATION_CONTEXT ( 'NONE', 'WORKASPACE' ) );
#2280 = ORIENTED_EDGE ( 'NONE', *, *, #6840, .T. ) ;
#2281 = EDGE_CURVE ( 'NONE', #6450, #6402, #10234, .T. ) ;
#2282 = VERTEX_POINT ( 'NONE', #10230 ) ;
#2283 = UNCERTAINTY_MEASURE_WITH_UNIT (LENGTH_MEASURE( 1.000000000000000100E-005 ), #2286, 'distance_accuracy_value', 'NONE');
#2284 =( NAMED_UNIT ( * ) SI_UNIT ( $, .STERADIAN. ) SOLID_ANGLE_UNIT ( ) );
#2285 =( NAMED_UNIT ( * ) PLANE_ANGLE_UNIT ( ) SI_UNIT ( $, .RADIAN. ) );
#2286 =( LENGTH_UNIT ( ) NAMED_UNIT ( * ) SI_UNIT ( .MILLI., .METRE. ) );
#2287 = MECHANICAL_DESIGN_GEOMETRIC_PRESENTATION_REPRESENTATION (  '', ( #2289 ), #2279 ) ;
#2288 = PRESENTATION_LAYER_ASSIGNMENT (  '', '', ( #2289 ) ) ;
#2289 = STYLED_ITEM ( 'NONE', ( #2290 ), #8431 ) ;
#2290 = PRESENTATION_STYLE_ASSIGNMENT (( #2291 ) ) ;
#2291 = SURFACE_STYLE_USAGE ( .BOTH. , #2292 ) ;
#2292 = SURFACE_SIDE_STYLE ('',( #2293 ) ) ;
#2293 = SURFACE_STYLE_FILL_AREA ( #2294 ) ;
#2294 = FILL_AREA_STYLE ('',( #2301 ) ) ;
#2295 = COLOUR_RGB ( '',0.7529411764705882200, 0.7529411764705882200, 0.7529411764705882200 ) ;
#2296 = FACE_OUTER_BOUND ( 'NONE', #8432, .T. ) ;
#2297 = DIRECTION ( 'NONE',  ( 6.982966722218764100E-015, -3.398218658099876300E-015, 1.000000000000000000 ) ) ;
#2298 = VECTOR ( 'NONE', #2297, 1000.000000000000000 ) ;
#2299 = CARTESIAN_POINT ( 'NONE',  ( 1.749999999999977600, 1.750000000000011800, -2.957106781186559900 ) ) ;
#2300 = LINE ( 'NONE', #2299, #2298 ) ;
#2301 = FILL_AREA_STYLE_COLOUR ( '', #2295 ) ;
#2303 = ORIENTED_EDGE ( 'NONE', *, *, #6465, .T. ) ;
#2302 = EDGE_CURVE ( 'NONE', #2282, #6940, #10229, .T. ) ;
#2304 = CARTESIAN_POINT ( 'NONE',  ( 2.249999999999984500, 1.250000000000007800, -2.000000000000016400 ) ) ;
#2305 = DIRECTION ( 'NONE',  ( 6.982966722218764100E-015, -3.398218658099876300E-015, 1.000000000000000000 ) ) ;
#2306 = VECTOR ( 'NONE', #2305, 1000.000000000000000 ) ;
#2308 = VERTEX_POINT ( 'NONE', #10225 ) ;
#2307 = CARTESIAN_POINT ( 'NONE',  ( 2.249999999999977800, 1.250000000000011300, -2.957106781186565200 ) ) ;
#2309 = LINE ( 'NONE', #2307, #2306 ) ;
#2310 =( GEOMETRIC_REPRESENTATION_CONTEXT ( 3 ) GLOBAL_UNCERTAINTY_ASSIGNED_CONTEXT ( ( #2312 ) ) GLOBAL_UNIT_ASSIGNED_CONTEXT ( ( #2315, #2314, #2313 ) ) REPRESENTATION_CONTEXT ( 'NONE', 'WORKASPACE' ) );
#2311 = EDGE_CURVE ( 'NONE', #2308, #2282, #10224, .T. ) ;
#2312 = UNCERTAINTY_MEASURE_WITH_UNIT (LENGTH_MEASURE( 1.000000000000000100E-005 ), #2315, 'distance_accuracy_value', 'NONE');
#2313 =( NAMED_UNIT ( * ) SI_UNIT ( $, .STERADIAN. ) SOLID_ANGLE_UNIT ( ) );
#2314 =( NAMED_UNIT ( * ) PLANE_ANGLE_UNIT ( ) SI_UNIT ( $, .RADIAN. ) );
#2315 =( LENGTH_UNIT ( ) NAMED_UNIT ( * ) SI_UNIT ( .MILLI., .METRE. ) );
#2316 = MECHANICAL_DESIGN_GEOMETRIC_PRESENTATION_REPRESENTATION (  '', ( #2318 ), #2310 ) ;
#2317 = PRESENTATION_LAYER_ASSIGNMENT (  '', '', ( #2318 ) ) ;
#2318 = STYLED_ITEM ( 'NONE', ( #2319 ), #8442 ) ;
#2319 = PRESENTATION_STYLE_ASSIGNMENT (( #2320 ) ) ;
#2320 = SURFACE_STYLE_USAGE ( .BOTH. , #2321 ) ;
#2321 = SURFACE_SIDE_STYLE ('',( #2322 ) ) ;
#2322 = SURFACE_STYLE_FILL_AREA ( #2323 ) ;
#2323 = FILL_AREA_STYLE ('',( #2330 ) ) ;
#2324 = COLOUR_RGB ( '',0.7529411764705882200, 0.7529411764705882200, 0.7529411764705882200 ) ;
#2325 = FACE_OUTER_BOUND ( 'NONE', #8364, .T. ) ;
#2326 = DIRECTION ( 'NONE',  ( 1.000000000000000000, 0.0000000000000000000, -6.982966722218764100E-015 ) ) ;
#2327 = VECTOR ( 'NONE', #2326, 1000.000000000000000 ) ;
#2328 = CARTESIAN_POINT ( 'NONE',  ( 1.750000000000016400, 1.249999999999992200, 2.649999999999988400 ) ) ;
#2329 = LINE ( 'NONE', #2328, #2327 ) ;
#2330 = FILL_AREA_STYLE_COLOUR ( '', #2324 ) ;
#2331 = CARTESIAN_POINT ( 'NONE',  ( 1.750000000000016400, 1.249999999999992200, 2.649999999999988400 ) ) ;
#2332 = DIRECTION ( 'NONE',  ( -2.438091212180733500E-029, -1.000000000000000000, -3.491483361109382100E-015 ) ) ;
#2333 = VECTOR ( 'NONE', #2332, 1000.000000000000000 ) ;
#2334 = CARTESIAN_POINT ( 'NONE',  ( 1.750000000000016400, 1.249999999999992200, 2.649999999999988400 ) ) ;
#2335 = LINE ( 'NONE', #2334, #2333 ) ;
#2336 = DIRECTION ( 'NONE',  ( 6.982966722218764100E-015, -3.398218658099876300E-015, 1.000000000000000000 ) ) ;
#2337 = VECTOR ( 'NONE', #2336, 1000.000000000000000 ) ;
#2338 = CARTESIAN_POINT ( 'NONE',  ( 2.249999999999977800, 1.750000000000011800, -2.957106781186563400 ) ) ;
#2339 = LINE ( 'NONE', #2338, #2337 ) ;
#2340 = SURFACE_SIDE_STYLE ('',( #2341 ) ) ;
#2341 = SURFACE_STYLE_FILL_AREA ( #2342 ) ;
#2342 = FILL_AREA_STYLE ('',( #2350 ) ) ;
#2343 = COLOUR_RGB ( '',0.7529411764705882200, 0.7529411764705882200, 0.7529411764705882200 ) ;
#2344 = FACE_OUTER_BOUND ( 'NONE', #7363, .T. ) ;
#2345 = DIRECTION ( 'NONE',  ( 2.438091212180733500E-029, 1.000000000000000000, 3.491483361109382100E-015 ) ) ;
#2346 = DIRECTION ( 'NONE',  ( 6.982966722218764100E-015, -3.491483361109382100E-015, 1.000000000000000000 ) ) ;
#2347 = CARTESIAN_POINT ( 'NONE',  ( 1.749999999999980500, 1.750000000000010000, -2.500000000000011500 ) ) ;
#2348 = AXIS2_PLACEMENT_3D ( 'NONE', #2347, #2346, #2345 ) ;
#2349 = VERTEX_POINT ( 'NONE', #10219 ) ;
#2350 = FILL_AREA_STYLE_COLOUR ( '', #2343 ) ;
#2351 = PLANE ( 'NONE',  #2348 ) ;
#2352 =( GEOMETRIC_REPRESENTATION_CONTEXT ( 3 ) GLOBAL_UNCERTAINTY_ASSIGNED_CONTEXT ( ( #2353 ) ) GLOBAL_UNIT_ASSIGNED_CONTEXT ( ( #2356, #2355, #2354 ) ) REPRESENTATION_CONTEXT ( 'NONE', 'WORKASPACE' ) );
#2353 = UNCERTAINTY_MEASURE_WITH_UNIT (LENGTH_MEASURE( 1.000000000000000100E-005 ), #2356, 'distance_accuracy_value', 'NONE');
#2354 =( NAMED_UNIT ( * ) SI_UNIT ( $, .STERADIAN. ) SOLID_ANGLE_UNIT ( ) );
#2355 =( NAMED_UNIT ( * ) PLANE_ANGLE_UNIT ( ) SI_UNIT ( $, .RADIAN. ) );
#2356 =( LENGTH_UNIT ( ) NAMED_UNIT ( * ) SI_UNIT ( .MILLI., .METRE. ) );
#2357 = MECHANICAL_DESIGN_GEOMETRIC_PRESENTATION_REPRESENTATION (  '', ( #2359 ), #2352 ) ;
#2358 = PRESENTATION_LAYER_ASSIGNMENT (  '', '', ( #2359 ) ) ;
#2359 = STYLED_ITEM ( 'NONE', ( #2360 ), #8446 ) ;
#2360 = PRESENTATION_STYLE_ASSIGNMENT (( #2361 ) ) ;
#2361 = SURFACE_STYLE_USAGE ( .BOTH. , #2362 ) ;
#2362 = SURFACE_SIDE_STYLE ('',( #2363 ) ) ;
#2363 = SURFACE_STYLE_FILL_AREA ( #2364 ) ;
#2364 = FILL_AREA_STYLE ('',( #2371 ) ) ;
#2365 = COLOUR_RGB ( '',0.7529411764705882200, 0.7529411764705882200, 0.7529411764705882200 ) ;
#2366 = FACE_OUTER_BOUND ( 'NONE', #8447, .T. ) ;
#2367 = DIRECTION ( 'NONE',  ( 6.982966722218764100E-015, -3.398218658099876300E-015, 1.000000000000000000 ) ) ;
#2368 = DIRECTION ( 'NONE',  ( -2.372964780433434200E-029, -1.000000000000000000, -3.398218658099876300E-015 ) ) ;
#2369 = CARTESIAN_POINT ( 'NONE',  ( 1.749999999999977600, 1.250000000000011300, -2.957106781186561700 ) ) ;
#2370 = AXIS2_PLACEMENT_3D ( 'NONE', #2369, #2368, #2367 ) ;
#2371 = FILL_AREA_STYLE_COLOUR ( '', #2365 ) ;
#2372 = ORIENTED_EDGE ( 'NONE', *, *, #2281, .F. ) ;
#2373 = PLANE ( 'NONE',  #2370 ) ;
#2374 = DIRECTION ( 'NONE',  ( -6.982966722218764100E-015, 3.491483361109382100E-015, -1.000000000000000000 ) ) ;
#2375 = VECTOR ( 'NONE', #2374, 1000.000000000000000 ) ;
#2376 = ORIENTED_EDGE ( 'NONE', *, *, #2233, .F. ) ;
#2377 = CARTESIAN_POINT ( 'NONE',  ( 1.749999999999980700, -2.999999999999993300, -2.478553390593302400 ) ) ;
#2378 = LINE ( 'NONE', #2377, #2375 ) ;
#2379 = DIRECTION ( 'NONE',  ( 1.000000000000000000, 0.0000000000000000000, -6.982966722218764100E-015 ) ) ;
#2380 = VECTOR ( 'NONE', #2379, 1000.000000000000000 ) ;
#2381 = CARTESIAN_POINT ( 'NONE',  ( 1.749999999999980500, -2.999999999999991600, -2.500000000000028900 ) ) ;
#2382 = LINE ( 'NONE', #2381, #2380 ) ;
#2384 = EDGE_CURVE ( 'NONE', #6928, #2559, #10218, .T. ) ;
#2383 = DIRECTION ( 'NONE',  ( 1.000000000000000000, 0.0000000000000000000, -6.982966722218764100E-015 ) ) ;
#2385 = DIRECTION ( 'NONE',  ( -2.438091212180733500E-029, -1.000000000000000000, -3.491483361109382100E-015 ) ) ;
#2386 = CARTESIAN_POINT ( 'NONE',  ( -10.25000000000003700, 3.250000000000017800, -4.957106781186469700 ) ) ;
#2387 = AXIS2_PLACEMENT_3D ( 'NONE', #2386, #2385, #2383 ) ;
#2388 = PLANE ( 'NONE',  #2387 ) ;
#2389 =( GEOMETRIC_REPRESENTATION_CONTEXT ( 3 ) GLOBAL_UNCERTAINTY_ASSIGNED_CONTEXT ( ( #2390 ) ) GLOBAL_UNIT_ASSIGNED_CONTEXT ( ( #2393, #2392, #2391 ) ) REPRESENTATION_CONTEXT ( 'NONE', 'WORKASPACE' ) );
#2390 = UNCERTAINTY_MEASURE_WITH_UNIT (LENGTH_MEASURE( 1.000000000000000100E-005 ), #2393, 'distance_accuracy_value', 'NONE');
#2391 =( NAMED_UNIT ( * ) SI_UNIT ( $, .STERADIAN. ) SOLID_ANGLE_UNIT ( ) );
#2392 =( NAMED_UNIT ( * ) PLANE_ANGLE_UNIT ( ) SI_UNIT ( $, .RADIAN. ) );
#2393 =( LENGTH_UNIT ( ) NAMED_UNIT ( * ) SI_UNIT ( .MILLI., .METRE. ) );
#2394 = MECHANICAL_DESIGN_GEOMETRIC_PRESENTATION_REPRESENTATION (  '', ( #2396 ), #2389 ) ;
#2395 = PRESENTATION_LAYER_ASSIGNMENT (  '', '', ( #2396 ) ) ;
#2396 = STYLED_ITEM ( 'NONE', ( #135 ), #8448 ) ;
#2397 = DIRECTION ( 'NONE',  ( 6.982966722218764100E-015, -3.398218658099876300E-015, 1.000000000000000000 ) ) ;
#2398 = DIRECTION ( 'NONE',  ( -2.372964780433434200E-029, -1.000000000000000000, -3.398218658099876300E-015 ) ) ;
#2399 = CARTESIAN_POINT ( 'NONE',  ( 1.749999999999977600, 1.250000000000011300, -2.957106781186561700 ) ) ;
#2400 = AXIS2_PLACEMENT_3D ( 'NONE', #2399, #2398, #2397 ) ;
#2401 = PLANE ( 'NONE',  #2400 ) ;
#2402 =( GEOMETRIC_REPRESENTATION_CONTEXT ( 3 ) GLOBAL_UNCERTAINTY_ASSIGNED_CONTEXT ( ( #2403 ) ) GLOBAL_UNIT_ASSIGNED_CONTEXT ( ( #2406, #2405, #2404 ) ) REPRESENTATION_CONTEXT ( 'NONE', 'WORKASPACE' ) );
#2403 = UNCERTAINTY_MEASURE_WITH_UNIT (LENGTH_MEASURE( 1.000000000000000100E-005 ), #2406, 'distance_accuracy_value', 'NONE');
#2404 =( NAMED_UNIT ( * ) SI_UNIT ( $, .STERADIAN. ) SOLID_ANGLE_UNIT ( ) );
#2405 =( NAMED_UNIT ( * ) PLANE_ANGLE_UNIT ( ) SI_UNIT ( $, .RADIAN. ) );
#2406 =( LENGTH_UNIT ( ) NAMED_UNIT ( * ) SI_UNIT ( .MILLI., .METRE. ) );
#2407 = MECHANICAL_DESIGN_GEOMETRIC_PRESENTATION_REPRESENTATION (  '', ( #2409 ), #2402 ) ;
#2408 = PRESENTATION_LAYER_ASSIGNMENT (  '', '', ( #2409 ) ) ;
#2409 = STYLED_ITEM ( 'NONE', ( #2410 ), #8458 ) ;
#2410 = PRESENTATION_STYLE_ASSIGNMENT (( #2411 ) ) ;
#2411 = SURFACE_STYLE_USAGE ( .BOTH. , #2412 ) ;
#2412 = SURFACE_SIDE_STYLE ('',( #2413 ) ) ;
#2413 = SURFACE_STYLE_FILL_AREA ( #2414 ) ;
#2414 = FILL_AREA_STYLE ('',( #2422 ) ) ;
#2415 = COLOUR_RGB ( '',0.7529411764705882200, 0.7529411764705882200, 0.7529411764705882200 ) ;
#2416 = EDGE_CURVE ( 'NONE', #13502, #13507, #10214, .T. ) ;
#2417 = FACE_OUTER_BOUND ( 'NONE', #8459, .T. ) ;
#2418 = DIRECTION ( 'NONE',  ( 6.982966722218764100E-015, -3.398218658099876300E-015, 1.000000000000000000 ) ) ;
#2419 = VECTOR ( 'NONE', #2418, 1000.000000000000000 ) ;
#2420 = CARTESIAN_POINT ( 'NONE',  ( 1.749999999999977600, 1.250000000000011300, -2.957106781186561700 ) ) ;
#2421 = LINE ( 'NONE', #2420, #2419 ) ;
#2422 = FILL_AREA_STYLE_COLOUR ( '', #2415 ) ;
#2423 = CARTESIAN_POINT ( 'NONE',  ( 1.749999999999984200, 1.250000000000007800, -2.000000000000012900 ) ) ;
#2424 = DIRECTION ( 'NONE',  ( -2.438091212180733500E-029, -1.000000000000000000, -3.491483361109382100E-015 ) ) ;
#2425 = VECTOR ( 'NONE', #2424, 1000.000000000000000 ) ;
#2426 = CARTESIAN_POINT ( 'NONE',  ( 1.749999999999984200, 1.250000000000007800, -2.000000000000012900 ) ) ;
#2427 = LINE ( 'NONE', #2426, #2425 ) ;
#2428 =( GEOMETRIC_REPRESENTATION_CONTEXT ( 3 ) GLOBAL_UNCERTAINTY_ASSIGNED_CONTEXT ( ( #2429 ) ) GLOBAL_UNIT_ASSIGNED_CONTEXT ( ( #2432, #2431, #2430 ) ) REPRESENTATION_CONTEXT ( 'NONE', 'WORKASPACE' ) );
#2429 = UNCERTAINTY_MEASURE_WITH_UNIT (LENGTH_MEASURE( 1.000000000000000100E-005 ), #2432, 'distance_accuracy_value', 'NONE');
#2430 =( NAMED_UNIT ( * ) SI_UNIT ( $, .STERADIAN. ) SOLID_ANGLE_UNIT ( ) );
#2431 =( NAMED_UNIT ( * ) PLANE_ANGLE_UNIT ( ) SI_UNIT ( $, .RADIAN. ) );
#2432 =( LENGTH_UNIT ( ) NAMED_UNIT ( * ) SI_UNIT ( .MILLI., .METRE. ) );
#2433 = MECHANICAL_DESIGN_GEOMETRIC_PRESENTATION_REPRESENTATION (  '', ( #2435 ), #2428 ) ;
#2434 = PRESENTATION_LAYER_ASSIGNMENT (  '', '', ( #2435 ) ) ;
#2435 = STYLED_ITEM ( 'NONE', ( #2436 ), #8471 ) ;
#2436 = PRESENTATION_STYLE_ASSIGNMENT (( #2437 ) ) ;
#2437 = SURFACE_STYLE_USAGE ( .BOTH. , #2438 ) ;
#2438 = SURFACE_SIDE_STYLE ('',( #2439 ) ) ;
#2439 = SURFACE_STYLE_FILL_AREA ( #2440 ) ;
#2440 = FILL_AREA_STYLE ('',( #2447 ) ) ;
#2441 = COLOUR_RGB ( '',0.7529411764705882200, 0.7529411764705882200, 0.7529411764705882200 ) ;
#2442 = FACE_OUTER_BOUND ( 'NONE', #8472, .T. ) ;
#2443 = DIRECTION ( 'NONE',  ( 6.982966722218764100E-015, -3.398218658099876300E-015, 1.000000000000000000 ) ) ;
#2444 = VECTOR ( 'NONE', #2443, 1000.000000000000000 ) ;
#2445 = CARTESIAN_POINT ( 'NONE',  ( 1.749999999999977600, 1.750000000000011800, -2.957106781186559900 ) ) ;
#2446 = LINE ( 'NONE', #2445, #2444 ) ;
#2447 = FILL_AREA_STYLE_COLOUR ( '', #2441 ) ;
#2448 = CARTESIAN_POINT ( 'NONE',  ( 1.749999999999980500, 1.750000000000010000, -2.500000000000011500 ) ) ;
#2449 = DIRECTION ( 'NONE',  ( -1.000000000000000000, 0.0000000000000000000, 6.982966722218764100E-015 ) ) ;
#2450 = VECTOR ( 'NONE', #2449, 1000.000000000000000 ) ;
#2451 = CARTESIAN_POINT ( 'NONE',  ( 1.749999999999980500, 1.750000000000010000, -2.500000000000011500 ) ) ;
#2452 = LINE ( 'NONE', #2451, #2450 ) ;
#2453 = DIRECTION ( 'NONE',  ( 1.000000000000000000, 0.0000000000000000000, -6.982966722218764100E-015 ) ) ;
#2454 = VECTOR ( 'NONE', #2453, 1000.000000000000000 ) ;
#2455 = CARTESIAN_POINT ( 'NONE',  ( 1.749999999999984200, 1.250000000000007800, -2.000000000000013300 ) ) ;
#2456 = LINE ( 'NONE', #2455, #2454 ) ;
#2457 = MECHANICAL_DESIGN_GEOMETRIC_PRESENTATION_REPRESENTATION (  '', ( #2459 ), #2510 ) ;
#2458 = PRESENTATION_LAYER_ASSIGNMENT (  '', '', ( #2459 ) ) ;
#2459 = STYLED_ITEM ( 'NONE', ( #2460 ), #8493 ) ;
#2460 = PRESENTATION_STYLE_ASSIGNMENT (( #2461 ) ) ;
#2461 = SURFACE_STYLE_USAGE ( .BOTH. , #2462 ) ;
#2462 = SURFACE_SIDE_STYLE ('',( #2463 ) ) ;
#2463 = SURFACE_STYLE_FILL_AREA ( #2464 ) ;
#2464 = FILL_AREA_STYLE ('',( #2471 ) ) ;
#2465 = COLOUR_RGB ( '',0.7529411764705882200, 0.7529411764705882200, 0.7529411764705882200 ) ;
#2466 = FACE_OUTER_BOUND ( 'NONE', #8494, .T. ) ;
#2467 = DIRECTION ( 'NONE',  ( 6.982966722218764100E-015, -3.398218658099876300E-015, 1.000000000000000000 ) ) ;
#2468 = VECTOR ( 'NONE', #2467, 1000.000000000000000 ) ;
#2469 = CARTESIAN_POINT ( 'NONE',  ( -0.2500000000000225900, 1.750000000000011800, -2.957106781186546100 ) ) ;
#2470 = LINE ( 'NONE', #2469, #2468 ) ;
#2471 = FILL_AREA_STYLE_COLOUR ( '', #2465 ) ;
#2472 = CARTESIAN_POINT ( 'NONE',  ( -5.749999999999983100, 1.749999999999992700, 2.650000000000042500 ) ) ;
#2473 = DIRECTION ( 'NONE',  ( 6.982966722218764100E-015, -3.491483361109382100E-015, 1.000000000000000000 ) ) ;
#2474 = VECTOR ( 'NONE', #2473, 1000.000000000000000 ) ;
#2475 = CARTESIAN_POINT ( 'NONE',  ( 2.249999999999981300, -2.999999999999993300, -2.478553390593305500 ) ) ;
#2476 = LINE ( 'NONE', #2475, #2474 ) ;
#2477 = CARTESIAN_POINT ( 'NONE',  ( 2.249999999999984500, -2.999999999999993300, -2.000000000000031100 ) ) ;
#2478 = DIRECTION ( 'NONE',  ( -2.438091212180733500E-029, -1.000000000000000000, -3.491483361109382100E-015 ) ) ;
#2479 = VECTOR ( 'NONE', #2478, 1000.000000000000000 ) ;
#2480 = CARTESIAN_POINT ( 'NONE',  ( 2.249999999999984500, 1.250000000000007800, -2.000000000000016400 ) ) ;
#2481 = LINE ( 'NONE', #2480, #2479 ) ;
#2482 = CARTESIAN_POINT ( 'NONE',  ( 1.749999999999984200, -2.999999999999993300, -2.000000000000028400 ) ) ;
#2483 = CARTESIAN_POINT ( 'NONE',  ( 1.749999999999980500, -2.999999999999991600, -2.500000000000028900 ) ) ;
#2484 = DIRECTION ( 'NONE',  ( -2.438091212180733500E-029, -1.000000000000000000, -3.491483361109382100E-015 ) ) ;
#2485 = VECTOR ( 'NONE', #2484, 1000.000000000000000 ) ;
#2486 = CARTESIAN_POINT ( 'NONE',  ( 1.749999999999980500, 1.750000000000010000, -2.500000000000011500 ) ) ;
#2487 = LINE ( 'NONE', #2486, #2485 ) ;
#2488 = DIRECTION ( 'NONE',  ( -2.438091212180733500E-029, -1.000000000000000000, -3.491483361109382100E-015 ) ) ;
#2489 = DIRECTION ( 'NONE',  ( -1.000000000000000000, 0.0000000000000000000, 6.982966722218764100E-015 ) ) ;
#2490 = CARTESIAN_POINT ( 'NONE',  ( 1.749999999999977600, 1.250000000000011300, -2.957106781186561700 ) ) ;
#2491 = AXIS2_PLACEMENT_3D ( 'NONE', #2490, #2489, #2488 ) ;
#2492 = PLANE ( 'NONE',  #2491 ) ;
#2493 = CARTESIAN_POINT ( 'NONE',  ( -0.2499999999999834600, 1.249999999999992200, 2.650000000000002100 ) ) ;
#2494 = DIRECTION ( 'NONE',  ( -2.438091212180733500E-029, -1.000000000000000000, -3.491483361109382100E-015 ) ) ;
#2495 = VECTOR ( 'NONE', #2494, 1000.000000000000000 ) ;
#2496 = CARTESIAN_POINT ( 'NONE',  ( -0.2499999999999834600, 1.249999999999992200, 2.650000000000002100 ) ) ;
#2497 = LINE ( 'NONE', #2496, #2495 ) ;
#2498 = CARTESIAN_POINT ( 'NONE',  ( -0.2499999999999834600, 1.749999999999992700, 2.650000000000003900 ) ) ;
#2499 = DIRECTION ( 'NONE',  ( -1.000000000000000000, 0.0000000000000000000, 6.982966722218764100E-015 ) ) ;
#2500 = VECTOR ( 'NONE', #2499, 1000.000000000000000 ) ;
#2501 = CARTESIAN_POINT ( 'NONE',  ( -0.2499999999999834600, 1.749999999999992700, 2.650000000000003900 ) ) ;
#2502 = LINE ( 'NONE', #2501, #2500 ) ;
#2503 = CARTESIAN_POINT ( 'NONE',  ( 0.2500000000000169900, 1.749999999999992700, 2.650000000000000400 ) ) ;
#2504 = DIRECTION ( 'NONE',  ( -6.982966722218764100E-015, 3.398218658099876300E-015, -1.000000000000000000 ) ) ;
#2505 = DIRECTION ( 'NONE',  ( 2.372964780433434200E-029, 1.000000000000000000, 3.398218658099876300E-015 ) ) ;
#2506 = CARTESIAN_POINT ( 'NONE',  ( -0.2500000000000225900, 1.750000000000011800, -2.957106781186546100 ) ) ;
#2507 = AXIS2_PLACEMENT_3D ( 'NONE', #2506, #2505, #2504 ) ;
#2508 = EDGE_CURVE ( 'NONE', #2559, #13502, #10210, .T. ) ;
#2509 = PLANE ( 'NONE',  #2507 ) ;
#2510 =( GEOMETRIC_REPRESENTATION_CONTEXT ( 3 ) GLOBAL_UNCERTAINTY_ASSIGNED_CONTEXT ( ( #2511 ) ) GLOBAL_UNIT_ASSIGNED_CONTEXT ( ( #2514, #2513, #2512 ) ) REPRESENTATION_CONTEXT ( 'NONE', 'WORKASPACE' ) );
#2511 = UNCERTAINTY_MEASURE_WITH_UNIT (LENGTH_MEASURE( 1.000000000000000100E-005 ), #2514, 'distance_accuracy_value', 'NONE');
#2512 =( NAMED_UNIT ( * ) SI_UNIT ( $, .STERADIAN. ) SOLID_ANGLE_UNIT ( ) );
#2513 =( NAMED_UNIT ( * ) PLANE_ANGLE_UNIT ( ) SI_UNIT ( $, .RADIAN. ) );
#2514 =( LENGTH_UNIT ( ) NAMED_UNIT ( * ) SI_UNIT ( .MILLI., .METRE. ) );
#2515 = FILL_AREA_STYLE_COLOUR ( '', #2516 ) ;
#2516 = COLOUR_RGB ( '',0.7529411764705882200, 0.7529411764705882200, 0.7529411764705882200 ) ;
#2517 = FACE_OUTER_BOUND ( 'NONE', #8511, .T. ) ;
#2518 = DIRECTION ( 'NONE',  ( 6.982966722218764100E-015, -3.398218658099876300E-015, 1.000000000000000000 ) ) ;
#2519 = VECTOR ( 'NONE', #2518, 1000.000000000000000 ) ;
#2520 = CARTESIAN_POINT ( 'NONE',  ( -0.2500000000000225900, 1.250000000000011300, -2.957106781186547900 ) ) ;
#2521 = LINE ( 'NONE', #2520, #2519 ) ;
#2522 = FILL_AREA_STYLE ('',( #2515 ) ) ;
#2523 = DIRECTION ( 'NONE',  ( 6.982966722218764100E-015, -3.398218658099876300E-015, 1.000000000000000000 ) ) ;
#2524 = DIRECTION ( 'NONE',  ( -2.372964780433434200E-029, -1.000000000000000000, -3.398218658099876300E-015 ) ) ;
#2525 = CARTESIAN_POINT ( 'NONE',  ( -0.2500000000000225900, 1.250000000000011300, -2.957106781186547900 ) ) ;
#2526 = AXIS2_PLACEMENT_3D ( 'NONE', #2525, #2524, #2523 ) ;
#2527 = PLANE ( 'NONE',  #2526 ) ;
#2528 =( GEOMETRIC_REPRESENTATION_CONTEXT ( 3 ) GLOBAL_UNCERTAINTY_ASSIGNED_CONTEXT ( ( #2530 ) ) GLOBAL_UNIT_ASSIGNED_CONTEXT ( ( #2533, #2532, #2531 ) ) REPRESENTATION_CONTEXT ( 'NONE', 'WORKASPACE' ) );
#2529 = ORIENTED_EDGE ( 'NONE', *, *, #6933, .F. ) ;
#2530 = UNCERTAINTY_MEASURE_WITH_UNIT (LENGTH_MEASURE( 1.000000000000000100E-005 ), #2533, 'distance_accuracy_value', 'NONE');
#2531 =( NAMED_UNIT ( * ) SI_UNIT ( $, .STERADIAN. ) SOLID_ANGLE_UNIT ( ) );
#2532 =( NAMED_UNIT ( * ) PLANE_ANGLE_UNIT ( ) SI_UNIT ( $, .RADIAN. ) );
#2533 =( LENGTH_UNIT ( ) NAMED_UNIT ( * ) SI_UNIT ( .MILLI., .METRE. ) );
#2534 = MECHANICAL_DESIGN_GEOMETRIC_PRESENTATION_REPRESENTATION (  '', ( #2536 ), #2528 ) ;
#2535 = PRESENTATION_LAYER_ASSIGNMENT (  '', '', ( #2536 ) ) ;
#2536 = STYLED_ITEM ( 'NONE', ( #2537 ), #8504 ) ;
#2537 = PRESENTATION_STYLE_ASSIGNMENT (( #2538 ) ) ;
#2538 = SURFACE_STYLE_USAGE ( .BOTH. , #2539 ) ;
#2539 = SURFACE_SIDE_STYLE ('',( #2540 ) ) ;
#2540 = SURFACE_STYLE_FILL_AREA ( #2541 ) ;
#2541 = FILL_AREA_STYLE ('',( #2549 ) ) ;
#2542 = COLOUR_RGB ( '',0.7529411764705882200, 0.7529411764705882200, 0.7529411764705882200 ) ;
#2544 = ORIENTED_EDGE ( 'NONE', *, *, #2508, .F. ) ;
#2543 = FACE_OUTER_BOUND ( 'NONE', #8505, .T. ) ;
#2545 = DIRECTION ( 'NONE',  ( 1.000000000000000000, 0.0000000000000000000, -6.982966722218764100E-015 ) ) ;
#2546 = VECTOR ( 'NONE', #2545, 1000.000000000000000 ) ;
#2547 = CARTESIAN_POINT ( 'NONE',  ( -0.2499999999999834600, 1.249999999999992200, 2.650000000000002100 ) ) ;
#2548 = LINE ( 'NONE', #2547, #2546 ) ;
#2549 = FILL_AREA_STYLE_COLOUR ( '', #2542 ) ;
#2550 =( LENGTH_UNIT ( ) NAMED_UNIT ( * ) SI_UNIT ( .MILLI., .METRE. ) );
#2551 = MECHANICAL_DESIGN_GEOMETRIC_PRESENTATION_REPRESENTATION (  '', ( #2553 ), #2607 ) ;
#2552 = PRESENTATION_LAYER_ASSIGNMENT (  '', '', ( #2553 ) ) ;
#2553 = STYLED_ITEM ( 'NONE', ( #2554 ), #8516 ) ;
#2554 = PRESENTATION_STYLE_ASSIGNMENT (( #2555 ) ) ;
#2555 = SURFACE_STYLE_USAGE ( .BOTH. , #2556 ) ;
#2556 = SURFACE_SIDE_STYLE ('',( #2557 ) ) ;
#2557 = SURFACE_STYLE_FILL_AREA ( #2558 ) ;
#2558 = FILL_AREA_STYLE ('',( #2566 ) ) ;
#2559 = VERTEX_POINT ( 'NONE', #10206 ) ;
#2560 = COLOUR_RGB ( '',0.7529411764705882200, 0.7529411764705882200, 0.7529411764705882200 ) ;
#2561 = FACE_OUTER_BOUND ( 'NONE', #8517, .T. ) ;
#2562 = DIRECTION ( 'NONE',  ( 1.000000000000000000, 0.0000000000000000000, -6.982966722218764100E-015 ) ) ;
#2563 = DIRECTION ( 'NONE',  ( -2.438091212180733500E-029, -1.000000000000000000, -3.491483361109382100E-015 ) ) ;
#2564 = CARTESIAN_POINT ( 'NONE',  ( 1.999999999999982700, -2.999999999999993300, -2.250000000000030200 ) ) ;
#2565 = AXIS2_PLACEMENT_3D ( 'NONE', #2564, #2563, #2562 ) ;
#2566 = FILL_AREA_STYLE_COLOUR ( '', #2560 ) ;
#2567 = PLANE ( 'NONE',  #2565 ) ;
#2568 =( GEOMETRIC_REPRESENTATION_CONTEXT ( 3 ) GLOBAL_UNCERTAINTY_ASSIGNED_CONTEXT ( ( #2569 ) ) GLOBAL_UNIT_ASSIGNED_CONTEXT ( ( #2572, #2571, #2570 ) ) REPRESENTATION_CONTEXT ( 'NONE', 'WORKASPACE' ) );
#2569 = UNCERTAINTY_MEASURE_WITH_UNIT (LENGTH_MEASURE( 1.000000000000000100E-005 ), #2572, 'distance_accuracy_value', 'NONE');
#2570 =( NAMED_UNIT ( * ) SI_UNIT ( $, .STERADIAN. ) SOLID_ANGLE_UNIT ( ) );
#2571 =( NAMED_UNIT ( * ) PLANE_ANGLE_UNIT ( ) SI_UNIT ( $, .RADIAN. ) );
#2572 =( LENGTH_UNIT ( ) NAMED_UNIT ( * ) SI_UNIT ( .MILLI., .METRE. ) );
#2573 = MECHANICAL_DESIGN_GEOMETRIC_PRESENTATION_REPRESENTATION (  '', ( #2576 ), #2568 ) ;
#2574 = ORIENTED_EDGE ( 'NONE', *, *, #2384, .F. ) ;
#2575 = PRESENTATION_LAYER_ASSIGNMENT (  '', '', ( #2576 ) ) ;
#2576 = STYLED_ITEM ( 'NONE', ( #2577 ), #8510 ) ;
#2577 = PRESENTATION_STYLE_ASSIGNMENT (( #2578 ) ) ;
#2578 = SURFACE_STYLE_USAGE ( .BOTH. , #2579 ) ;
#2579 = SURFACE_SIDE_STYLE ('',( #2580 ) ) ;
#2580 = SURFACE_STYLE_FILL_AREA ( #2522 ) ;
#2581 =( LENGTH_UNIT ( ) NAMED_UNIT ( * ) SI_UNIT ( .MILLI., .METRE. ) );
#2582 = MECHANICAL_DESIGN_GEOMETRIC_PRESENTATION_REPRESENTATION (  '', ( #2584 ), #2632 ) ;
#2583 = PRESENTATION_LAYER_ASSIGNMENT (  '', '', ( #2584 ) ) ;
#2584 = STYLED_ITEM ( 'NONE', ( #2585 ), #8523 ) ;
#2585 = PRESENTATION_STYLE_ASSIGNMENT (( #2586 ) ) ;
#2586 = SURFACE_STYLE_USAGE ( .BOTH. , #2587 ) ;
#2587 = SURFACE_SIDE_STYLE ('',( #2588 ) ) ;
#2588 = SURFACE_STYLE_FILL_AREA ( #2589 ) ;
#2589 = FILL_AREA_STYLE ('',( #2591 ) ) ;
#2590 = COLOUR_RGB ( '',0.7529411764705882200, 0.7529411764705882200, 0.7529411764705882200 ) ;
#2591 = FILL_AREA_STYLE_COLOUR ( '', #2590 ) ;
#2592 = FACE_OUTER_BOUND ( 'NONE', #8464, .T. ) ;
#2593 = CARTESIAN_POINT ( 'NONE',  ( 0.2500000000000169900, 1.249999999999992200, 2.649999999999998600 ) ) ;
#2594 = DIRECTION ( 'NONE',  ( 2.438091212180733500E-029, 1.000000000000000000, 3.491483361109382100E-015 ) ) ;
#2595 = VECTOR ( 'NONE', #2594, 1000.000000000000000 ) ;
#2596 = CARTESIAN_POINT ( 'NONE',  ( 0.2500000000000169900, 1.249999999999992200, 2.649999999999998600 ) ) ;
#2597 = LINE ( 'NONE', #2596, #2595 ) ;
#2598 = DIRECTION ( 'NONE',  ( 6.982966722218764100E-015, -3.491483361109382100E-015, 1.000000000000000000 ) ) ;
#2599 = VECTOR ( 'NONE', #2598, 1000.000000000000000 ) ;
#2600 = CARTESIAN_POINT ( 'NONE',  ( -9.750000000000035500, 3.250000000000017800, -4.957106781186474200 ) ) ;
#2601 = LINE ( 'NONE', #2600, #2599 ) ;
#2602 = DIRECTION ( 'NONE',  ( -2.438091212180733500E-029, -1.000000000000000000, -3.491483361109382100E-015 ) ) ;
#2603 = DIRECTION ( 'NONE',  ( -6.982966722218764100E-015, 3.491483361109382100E-015, -1.000000000000000000 ) ) ;
#2604 = CARTESIAN_POINT ( 'NONE',  ( 0.2500000000000169900, 1.749999999999992700, 2.650000000000000400 ) ) ;
#2605 = AXIS2_PLACEMENT_3D ( 'NONE', #2604, #2603, #2602 ) ;
#2606 = PLANE ( 'NONE',  #2605 ) ;
#2607 =( GEOMETRIC_REPRESENTATION_CONTEXT ( 3 ) GLOBAL_UNCERTAINTY_ASSIGNED_CONTEXT ( ( #2608 ) ) GLOBAL_UNIT_ASSIGNED_CONTEXT ( ( #2550, #2611, #2609 ) ) REPRESENTATION_CONTEXT ( 'NONE', 'WORKASPACE' ) );
#2608 = UNCERTAINTY_MEASURE_WITH_UNIT (LENGTH_MEASURE( 1.000000000000000100E-005 ), #2550, 'distance_accuracy_value', 'NONE');
#2610 = VERTEX_POINT ( 'NONE', #10205 ) ;
#2609 =( NAMED_UNIT ( * ) SI_UNIT ( $, .STERADIAN. ) SOLID_ANGLE_UNIT ( ) );
#2611 =( NAMED_UNIT ( * ) PLANE_ANGLE_UNIT ( ) SI_UNIT ( $, .RADIAN. ) );
#2612 = CARTESIAN_POINT ( 'NONE',  ( -0.2500000000000194300, 1.750000000000010000, -2.499999999999997800 ) ) ;
#2613 = LINE ( 'NONE', #2669, #2668 ) ;
#2614 = FILL_AREA_STYLE_COLOUR ( '', #2665 ) ;
#2615 = DIRECTION ( 'NONE',  ( -1.000000000000000000, 0.0000000000000000000, 6.982966722218764100E-015 ) ) ;
#2616 = VECTOR ( 'NONE', #2615, 1000.000000000000000 ) ;
#2617 = CARTESIAN_POINT ( 'NONE',  ( -0.2500000000000194300, 1.750000000000010000, -2.499999999999997800 ) ) ;
#2618 = LINE ( 'NONE', #2617, #2616 ) ;
#2619 = DIRECTION ( 'NONE',  ( 1.000000000000000000, 0.0000000000000000000, -6.982966722218764100E-015 ) ) ;
#2620 = VECTOR ( 'NONE', #2619, 1000.000000000000000 ) ;
#2621 = CARTESIAN_POINT ( 'NONE',  ( -11.95000000000001200, 1.250000000000006900, -1.749999999999914500 ) ) ;
#2622 = LINE ( 'NONE', #2621, #2620 ) ;
#2623 = DIRECTION ( 'NONE',  ( -1.000000000000000000, 0.0000000000000000000, 6.982966722218764100E-015 ) ) ;
#2624 = VECTOR ( 'NONE', #2623, 1000.000000000000000 ) ;
#2625 = CARTESIAN_POINT ( 'NONE',  ( 1.749999999999984200, -2.999999999999993300, -2.000000000000028400 ) ) ;
#2626 = LINE ( 'NONE', #2625, #2624 ) ;
#2627 = DIRECTION ( 'NONE',  ( -2.438091212180733500E-029, -1.000000000000000000, -3.491483361109382100E-015 ) ) ;
#2628 = DIRECTION ( 'NONE',  ( -6.982966722218764100E-015, 3.491483361109382100E-015, -1.000000000000000000 ) ) ;
#2629 = CARTESIAN_POINT ( 'NONE',  ( 1.749999999999984200, 1.250000000000007800, -2.000000000000013300 ) ) ;
#2630 = AXIS2_PLACEMENT_3D ( 'NONE', #2629, #2628, #2627 ) ;
#2631 = PLANE ( 'NONE',  #2630 ) ;
#2632 =( GEOMETRIC_REPRESENTATION_CONTEXT ( 3 ) GLOBAL_UNCERTAINTY_ASSIGNED_CONTEXT ( ( #2633 ) ) GLOBAL_UNIT_ASSIGNED_CONTEXT ( ( #2581, #2635, #2634 ) ) REPRESENTATION_CONTEXT ( 'NONE', 'WORKASPACE' ) );
#2633 = UNCERTAINTY_MEASURE_WITH_UNIT (LENGTH_MEASURE( 1.000000000000000100E-005 ), #2581, 'distance_accuracy_value', 'NONE');
#2634 =( NAMED_UNIT ( * ) SI_UNIT ( $, .STERADIAN. ) SOLID_ANGLE_UNIT ( ) );
#2635 =( NAMED_UNIT ( * ) PLANE_ANGLE_UNIT ( ) SI_UNIT ( $, .RADIAN. ) );
#2636 = MECHANICAL_DESIGN_GEOMETRIC_PRESENTATION_REPRESENTATION (  '', ( #2638 ), #2687 ) ;
#2637 = PRESENTATION_LAYER_ASSIGNMENT (  '', '', ( #2638 ) ) ;
#2638 = STYLED_ITEM ( 'NONE', ( #2639 ), #8538 ) ;
#2639 = PRESENTATION_STYLE_ASSIGNMENT (( #2640 ) ) ;
#2640 = SURFACE_STYLE_USAGE ( .BOTH. , #2641 ) ;
#2641 = SURFACE_SIDE_STYLE ('',( #2642 ) ) ;
#2642 = SURFACE_STYLE_FILL_AREA ( #2643 ) ;
#2643 = FILL_AREA_STYLE ('',( #2650 ) ) ;
#2644 = COLOUR_RGB ( '',0.7529411764705882200, 0.7529411764705882200, 0.7529411764705882200 ) ;
#2645 = FACE_OUTER_BOUND ( 'NONE', #8539, .T. ) ;
#2646 = DIRECTION ( 'NONE',  ( -2.438091212180733500E-029, -1.000000000000000000, -3.491483361109382100E-015 ) ) ;
#2647 = DIRECTION ( 'NONE',  ( -1.000000000000000000, 0.0000000000000000000, 6.982966722218764100E-015 ) ) ;
#2648 = CARTESIAN_POINT ( 'NONE',  ( -0.2500000000000225900, 1.250000000000011300, -2.957106781186547900 ) ) ;
#2649 = AXIS2_PLACEMENT_3D ( 'NONE', #2648, #2647, #2646 ) ;
#2650 = FILL_AREA_STYLE_COLOUR ( '', #2644 ) ;
#2651 = PLANE ( 'NONE',  #2649 ) ;
#2652 =( GEOMETRIC_REPRESENTATION_CONTEXT ( 3 ) GLOBAL_UNCERTAINTY_ASSIGNED_CONTEXT ( ( #2653 ) ) GLOBAL_UNIT_ASSIGNED_CONTEXT ( ( #2656, #2655, #2654 ) ) REPRESENTATION_CONTEXT ( 'NONE', 'WORKASPACE' ) );
#2653 = UNCERTAINTY_MEASURE_WITH_UNIT (LENGTH_MEASURE( 1.000000000000000100E-005 ), #2656, 'distance_accuracy_value', 'NONE');
#2654 =( NAMED_UNIT ( * ) SI_UNIT ( $, .STERADIAN. ) SOLID_ANGLE_UNIT ( ) );
#2655 =( NAMED_UNIT ( * ) PLANE_ANGLE_UNIT ( ) SI_UNIT ( $, .RADIAN. ) );
#2656 =( LENGTH_UNIT ( ) NAMED_UNIT ( * ) SI_UNIT ( .MILLI., .METRE. ) );
#2657 = MECHANICAL_DESIGN_GEOMETRIC_PRESENTATION_REPRESENTATION (  '', ( #2659 ), #2652 ) ;
#2658 = PRESENTATION_LAYER_ASSIGNMENT (  '', '', ( #2659 ) ) ;
#2659 = STYLED_ITEM ( 'NONE', ( #2660 ), #8535 ) ;
#2660 = PRESENTATION_STYLE_ASSIGNMENT (( #2661 ) ) ;
#2661 = SURFACE_STYLE_USAGE ( .BOTH. , #2662 ) ;
#2662 = SURFACE_SIDE_STYLE ('',( #2663 ) ) ;
#2663 = SURFACE_STYLE_FILL_AREA ( #2664 ) ;
#2664 = FILL_AREA_STYLE ('',( #2614 ) ) ;
#2665 = COLOUR_RGB ( '',0.7529411764705882200, 0.7529411764705882200, 0.7529411764705882200 ) ;
#2666 = FACE_OUTER_BOUND ( 'NONE', #8536, .T. ) ;
#2667 = DIRECTION ( 'NONE',  ( 6.982966722218764100E-015, -3.398218658099876300E-015, 1.000000000000000000 ) ) ;
#2668 = VECTOR ( 'NONE', #2667, 1000.000000000000000 ) ;
#2669 = CARTESIAN_POINT ( 'NONE',  ( -0.2500000000000225900, 1.750000000000011800, -2.957106781186546100 ) ) ;
#2670 = CARTESIAN_POINT ( 'NONE',  ( 0.2499999999999811800, -2.999999999999993300, -2.478553390593291700 ) ) ;
#2671 = LINE ( 'NONE', #2670, #2719 ) ;
#2672 = CARTESIAN_POINT ( 'NONE',  ( 0.2499999999999845100, -2.999999999999993300, -2.000000000000017300 ) ) ;
#2673 = DIRECTION ( 'NONE',  ( -2.438091212180733500E-029, -1.000000000000000000, -3.491483361109382100E-015 ) ) ;
#2674 = VECTOR ( 'NONE', #2673, 1000.000000000000000 ) ;
#2675 = CARTESIAN_POINT ( 'NONE',  ( 0.2499999999999845100, 1.250000000000007800, -2.000000000000002700 ) ) ;
#2676 = LINE ( 'NONE', #2675, #2674 ) ;
#2677 = CARTESIAN_POINT ( 'NONE',  ( 0.2499999999999845100, 1.250000000000007800, -2.000000000000002700 ) ) ;
#2678 = DIRECTION ( 'NONE',  ( 6.982966722218764100E-015, -3.398218658099876300E-015, 1.000000000000000000 ) ) ;
#2679 = VECTOR ( 'NONE', #2678, 1000.000000000000000 ) ;
#2680 = CARTESIAN_POINT ( 'NONE',  ( 0.2499999999999778200, 1.250000000000011300, -2.957106781186551500 ) ) ;
#2681 = LINE ( 'NONE', #2680, #2679 ) ;
#2682 = DIRECTION ( 'NONE',  ( 2.438091212180733500E-029, 1.000000000000000000, 3.491483361109382100E-015 ) ) ;
#2683 = DIRECTION ( 'NONE',  ( 1.000000000000000000, 0.0000000000000000000, -6.982966722218764100E-015 ) ) ;
#2684 = CARTESIAN_POINT ( 'NONE',  ( 0.2499999999999778200, 1.250000000000011300, -2.957106781186551500 ) ) ;
#2685 = AXIS2_PLACEMENT_3D ( 'NONE', #2684, #2683, #2682 ) ;
#2686 = PLANE ( 'NONE',  #2685 ) ;
#2687 =( GEOMETRIC_REPRESENTATION_CONTEXT ( 3 ) GLOBAL_UNCERTAINTY_ASSIGNED_CONTEXT ( ( #2688 ) ) GLOBAL_UNIT_ASSIGNED_CONTEXT ( ( #2691, #2690, #2689 ) ) REPRESENTATION_CONTEXT ( 'NONE', 'WORKASPACE' ) );
#2688 = UNCERTAINTY_MEASURE_WITH_UNIT (LENGTH_MEASURE( 1.000000000000000100E-005 ), #2691, 'distance_accuracy_value', 'NONE');
#2689 =( NAMED_UNIT ( * ) SI_UNIT ( $, .STERADIAN. ) SOLID_ANGLE_UNIT ( ) );
#2690 =( NAMED_UNIT ( * ) PLANE_ANGLE_UNIT ( ) SI_UNIT ( $, .RADIAN. ) );
#2691 =( LENGTH_UNIT ( ) NAMED_UNIT ( * ) SI_UNIT ( .MILLI., .METRE. ) );
#2692 =( GEOMETRIC_REPRESENTATION_CONTEXT ( 3 ) GLOBAL_UNCERTAINTY_ASSIGNED_CONTEXT ( ( #2693 ) ) GLOBAL_UNIT_ASSIGNED_CONTEXT ( ( #2696, #2695, #2694 ) ) REPRESENTATION_CONTEXT ( 'NONE', 'WORKASPACE' ) );
#2693 = UNCERTAINTY_MEASURE_WITH_UNIT (LENGTH_MEASURE( 1.000000000000000100E-005 ), #2696, 'distance_accuracy_value', 'NONE');
#2694 =( NAMED_UNIT ( * ) SI_UNIT ( $, .STERADIAN. ) SOLID_ANGLE_UNIT ( ) );
#2695 =( NAMED_UNIT ( * ) PLANE_ANGLE_UNIT ( ) SI_UNIT ( $, .RADIAN. ) );
#2696 =( LENGTH_UNIT ( ) NAMED_UNIT ( * ) SI_UNIT ( .MILLI., .METRE. ) );
#2697 = MECHANICAL_DESIGN_GEOMETRIC_PRESENTATION_REPRESENTATION (  '', ( #2699 ), #2692 ) ;
#2698 = PRESENTATION_LAYER_ASSIGNMENT (  '', '', ( #2699 ) ) ;
#2699 = STYLED_ITEM ( 'NONE', ( #2700 ), #8558 ) ;
#2700 = PRESENTATION_STYLE_ASSIGNMENT (( #2701 ) ) ;
#2701 = SURFACE_STYLE_USAGE ( .BOTH. , #2702 ) ;
#2702 = SURFACE_SIDE_STYLE ('',( #2703 ) ) ;
#2703 = SURFACE_STYLE_FILL_AREA ( #2704 ) ;
#2704 = FILL_AREA_STYLE ('',( #2711 ) ) ;
#2705 = COLOUR_RGB ( '',0.7529411764705882200, 0.7529411764705882200, 0.7529411764705882200 ) ;
#2706 = FACE_OUTER_BOUND ( 'NONE', #8559, .T. ) ;
#2707 = DIRECTION ( 'NONE',  ( 6.982966722218764100E-015, -3.398218658099876300E-015, 1.000000000000000000 ) ) ;
#2708 = VECTOR ( 'NONE', #2707, 1000.000000000000000 ) ;
#2709 = CARTESIAN_POINT ( 'NONE',  ( 0.2499999999999778200, 1.750000000000011800, -2.957106781186549700 ) ) ;
#2710 = LINE ( 'NONE', #2709, #2708 ) ;
#2711 = FILL_AREA_STYLE_COLOUR ( '', #2705 ) ;
#2712 = CARTESIAN_POINT ( 'NONE',  ( 0.2499999999999810400, 1.750000000000010000, -2.500000000000001800 ) ) ;
#2713 = DIRECTION ( 'NONE',  ( -2.438091212180733500E-029, -1.000000000000000000, -3.491483361109382100E-015 ) ) ;
#2714 = VECTOR ( 'NONE', #2713, 1000.000000000000000 ) ;
#2715 = CARTESIAN_POINT ( 'NONE',  ( 0.2499999999999810400, 1.750000000000010000, -2.500000000000001800 ) ) ;
#2716 = LINE ( 'NONE', #2715, #2714 ) ;
#2717 = CARTESIAN_POINT ( 'NONE',  ( 0.2499999999999809300, -2.999999999999991600, -2.500000000000018200 ) ) ;
#2718 = DIRECTION ( 'NONE',  ( 6.982966722218764100E-015, -3.491483361109382100E-015, 1.000000000000000000 ) ) ;
#2719 = VECTOR ( 'NONE', #2718, 1000.000000000000000 ) ;
#2720 = DIRECTION ( 'NONE',  ( -2.438091212180733500E-029, -1.000000000000000000, -3.491483361109382100E-015 ) ) ;
#2721 = DIRECTION ( 'NONE',  ( -1.000000000000000000, 0.0000000000000000000, 6.982966722218764100E-015 ) ) ;
#2722 = CARTESIAN_POINT ( 'NONE',  ( -0.2500000000000225900, 1.250000000000011300, -2.957106781186547900 ) ) ;
#2723 = AXIS2_PLACEMENT_3D ( 'NONE', #2722, #2721, #2720 ) ;
#2724 = FACE_OUTER_BOUND ( 'NONE', #8572, .T. ) ;
#2725 = PLANE ( 'NONE',  #2723 ) ;
#2726 =( GEOMETRIC_REPRESENTATION_CONTEXT ( 3 ) GLOBAL_UNCERTAINTY_ASSIGNED_CONTEXT ( ( #2727 ) ) GLOBAL_UNIT_ASSIGNED_CONTEXT ( ( #2730, #2729, #2728 ) ) REPRESENTATION_CONTEXT ( 'NONE', 'WORKASPACE' ) );
#2727 = UNCERTAINTY_MEASURE_WITH_UNIT (LENGTH_MEASURE( 1.000000000000000100E-005 ), #2730, 'distance_accuracy_value', 'NONE');
#2728 =( NAMED_UNIT ( * ) SI_UNIT ( $, .STERADIAN. ) SOLID_ANGLE_UNIT ( ) );
#2729 =( NAMED_UNIT ( * ) PLANE_ANGLE_UNIT ( ) SI_UNIT ( $, .RADIAN. ) );
#2730 =( LENGTH_UNIT ( ) NAMED_UNIT ( * ) SI_UNIT ( .MILLI., .METRE. ) );
#2731 = MECHANICAL_DESIGN_GEOMETRIC_PRESENTATION_REPRESENTATION (  '', ( #2733 ), #2726 ) ;
#2732 = PRESENTATION_LAYER_ASSIGNMENT (  '', '', ( #2733 ) ) ;
#2733 = STYLED_ITEM ( 'NONE', ( #2734 ), #8568 ) ;
#2734 = PRESENTATION_STYLE_ASSIGNMENT (( #2735 ) ) ;
#2735 = SURFACE_STYLE_USAGE ( .BOTH. , #2736 ) ;
#2736 = SURFACE_SIDE_STYLE ('',( #2737 ) ) ;
#2737 = SURFACE_STYLE_FILL_AREA ( #2738 ) ;
#2738 = FILL_AREA_STYLE ('',( #2745 ) ) ;
#2739 = COLOUR_RGB ( '',0.7529411764705882200, 0.7529411764705882200, 0.7529411764705882200 ) ;
#2740 = FACE_OUTER_BOUND ( 'NONE', #8487, .T. ) ;
#2741 = DIRECTION ( 'NONE',  ( 6.982966722218764100E-015, -3.398218658099876300E-015, 1.000000000000000000 ) ) ;
#2742 = VECTOR ( 'NONE', #2741, 1000.000000000000000 ) ;
#2743 = CARTESIAN_POINT ( 'NONE',  ( 0.2499999999999778200, 1.250000000000011300, -2.957106781186551500 ) ) ;
#2744 = LINE ( 'NONE', #2743, #2742 ) ;
#2745 = FILL_AREA_STYLE_COLOUR ( '', #2739 ) ;
#2746 = DIRECTION ( 'NONE',  ( 2.438091212180733500E-029, 1.000000000000000000, 3.491483361109382100E-015 ) ) ;
#2747 = DIRECTION ( 'NONE',  ( 1.000000000000000000, 0.0000000000000000000, -6.982966722218764100E-015 ) ) ;
#2748 = CARTESIAN_POINT ( 'NONE',  ( 0.2499999999999778200, 1.250000000000011300, -2.957106781186551500 ) ) ;
#2749 = AXIS2_PLACEMENT_3D ( 'NONE', #2748, #2747, #2746 ) ;
#2750 = PLANE ( 'NONE',  #2749 ) ;
#2751 = SURFACE_STYLE_USAGE ( .BOTH. , #2752 ) ;
#2752 = SURFACE_SIDE_STYLE ('',( #2753 ) ) ;
#2753 = SURFACE_STYLE_FILL_AREA ( #2754 ) ;
#2754 = FILL_AREA_STYLE ('',( #2761 ) ) ;
#2755 = COLOUR_RGB ( '',0.7529411764705882200, 0.7529411764705882200, 0.7529411764705882200 ) ;
#2756 = FACE_OUTER_BOUND ( 'NONE', #8583, .T. ) ;
#2757 = DIRECTION ( 'NONE',  ( 1.000000000000000000, 0.0000000000000000000, -6.982966722218764100E-015 ) ) ;
#2758 = VECTOR ( 'NONE', #2757, 1000.000000000000000 ) ;
#2759 = CARTESIAN_POINT ( 'NONE',  ( -0.2500000000000159300, 1.250000000000007800, -1.999999999999999600 ) ) ;
#2760 = LINE ( 'NONE', #2759, #2758 ) ;
#2761 = FILL_AREA_STYLE_COLOUR ( '', #2755 ) ;
#2762 = DIRECTION ( 'NONE',  ( 1.000000000000000000, 0.0000000000000000000, -6.982966722218764100E-015 ) ) ;
#2763 = DIRECTION ( 'NONE',  ( -2.438091212180733500E-029, -1.000000000000000000, -3.491483361109382100E-015 ) ) ;
#2764 = CARTESIAN_POINT ( 'NONE',  ( -1.744639860096914000E-014, -2.999999999999993300, -2.250000000000016400 ) ) ;
#2765 = AXIS2_PLACEMENT_3D ( 'NONE', #2764, #2763, #2762 ) ;
#2766 = PLANE ( 'NONE',  #2765 ) ;
#2767 =( GEOMETRIC_REPRESENTATION_CONTEXT ( 3 ) GLOBAL_UNCERTAINTY_ASSIGNED_CONTEXT ( ( #2768 ) ) GLOBAL_UNIT_ASSIGNED_CONTEXT ( ( #2771, #2770, #2769 ) ) REPRESENTATION_CONTEXT ( 'NONE', 'WORKASPACE' ) );
#2768 = UNCERTAINTY_MEASURE_WITH_UNIT (LENGTH_MEASURE( 1.000000000000000100E-005 ), #2771, 'distance_accuracy_value', 'NONE');
#2769 =( NAMED_UNIT ( * ) SI_UNIT ( $, .STERADIAN. ) SOLID_ANGLE_UNIT ( ) );
#2770 =( NAMED_UNIT ( * ) PLANE_ANGLE_UNIT ( ) SI_UNIT ( $, .RADIAN. ) );
#2771 =( LENGTH_UNIT ( ) NAMED_UNIT ( * ) SI_UNIT ( .MILLI., .METRE. ) );
#2772 = MECHANICAL_DESIGN_GEOMETRIC_PRESENTATION_REPRESENTATION (  '', ( #2774 ), #2767 ) ;
#2773 = PRESENTATION_LAYER_ASSIGNMENT (  '', '', ( #2774 ) ) ;
#2774 = STYLED_ITEM ( 'NONE', ( #2775 ), #8571 ) ;
#2775 = PRESENTATION_STYLE_ASSIGNMENT (( #2776 ) ) ;
#2776 = SURFACE_STYLE_USAGE ( .BOTH. , #2777 ) ;
#2777 = SURFACE_SIDE_STYLE ('',( #2778 ) ) ;
#2778 = SURFACE_STYLE_FILL_AREA ( #2779 ) ;
#2779 = FILL_AREA_STYLE ('',( #2780 ) ) ;
#2780 = FILL_AREA_STYLE_COLOUR ( '', #2781 ) ;
#2781 = COLOUR_RGB ( '',0.7529411764705882200, 0.7529411764705882200, 0.7529411764705882200 ) ;
#2782 = CARTESIAN_POINT ( 'NONE',  ( -0.2500000000000194300, -2.999999999999991600, -2.500000000000014700 ) ) ;
#2783 = DIRECTION ( 'NONE',  ( -2.438091212180733500E-029, -1.000000000000000000, -3.491483361109382100E-015 ) ) ;
#2784 = VECTOR ( 'NONE', #2783, 1000.000000000000000 ) ;
#2785 = CARTESIAN_POINT ( 'NONE',  ( -0.2500000000000194300, 1.750000000000010000, -2.499999999999997800 ) ) ;
#2786 = LINE ( 'NONE', #2785, #2784 ) ;
#2787 = DIRECTION ( 'NONE',  ( -1.000000000000000000, 0.0000000000000000000, 6.982966722218764100E-015 ) ) ;
#2788 = VECTOR ( 'NONE', #2787, 1000.000000000000000 ) ;
#2789 = CARTESIAN_POINT ( 'NONE',  ( -0.2500000000000159300, -2.999999999999993300, -2.000000000000014200 ) ) ;
#2790 = LINE ( 'NONE', #2789, #2788 ) ;
#2791 = DIRECTION ( 'NONE',  ( -2.438091212180733500E-029, -1.000000000000000000, -3.491483361109382100E-015 ) ) ;
#2792 = DIRECTION ( 'NONE',  ( -6.982966722218764100E-015, 3.491483361109382100E-015, -1.000000000000000000 ) ) ;
#2793 = CARTESIAN_POINT ( 'NONE',  ( -0.2500000000000159300, 1.250000000000007800, -1.999999999999999600 ) ) ;
#2794 = AXIS2_PLACEMENT_3D ( 'NONE', #2793, #2792, #2791 ) ;
#2795 = PLANE ( 'NONE',  #2794 ) ;
#2796 =( GEOMETRIC_REPRESENTATION_CONTEXT ( 3 ) GLOBAL_UNCERTAINTY_ASSIGNED_CONTEXT ( ( #2797 ) ) GLOBAL_UNIT_ASSIGNED_CONTEXT ( ( #2800, #2799, #2798 ) ) REPRESENTATION_CONTEXT ( 'NONE', 'WORKASPACE' ) );
#2797 = UNCERTAINTY_MEASURE_WITH_UNIT (LENGTH_MEASURE( 1.000000000000000100E-005 ), #2800, 'distance_accuracy_value', 'NONE');
#2798 =( NAMED_UNIT ( * ) SI_UNIT ( $, .STERADIAN. ) SOLID_ANGLE_UNIT ( ) );
#2799 =( NAMED_UNIT ( * ) PLANE_ANGLE_UNIT ( ) SI_UNIT ( $, .RADIAN. ) );
#2800 =( LENGTH_UNIT ( ) NAMED_UNIT ( * ) SI_UNIT ( .MILLI., .METRE. ) );
#2801 = MECHANICAL_DESIGN_GEOMETRIC_PRESENTATION_REPRESENTATION (  '', ( #2803 ), #2796 ) ;
#2802 = PRESENTATION_LAYER_ASSIGNMENT (  '', '', ( #2803 ) ) ;
#2803 = STYLED_ITEM ( 'NONE', ( #2804 ), #8582 ) ;
#2804 = PRESENTATION_STYLE_ASSIGNMENT (( #2751 ) ) ;
#2805 =( GEOMETRIC_REPRESENTATION_CONTEXT ( 3 ) GLOBAL_UNCERTAINTY_ASSIGNED_CONTEXT ( ( #2806 ) ) GLOBAL_UNIT_ASSIGNED_CONTEXT ( ( #2809, #2808, #2807 ) ) REPRESENTATION_CONTEXT ( 'NONE', 'WORKASPACE' ) );
#2806 = UNCERTAINTY_MEASURE_WITH_UNIT (LENGTH_MEASURE( 1.000000000000000100E-005 ), #2809, 'distance_accuracy_value', 'NONE');
#2807 =( NAMED_UNIT ( * ) SI_UNIT ( $, .STERADIAN. ) SOLID_ANGLE_UNIT ( ) );
#2808 =( NAMED_UNIT ( * ) PLANE_ANGLE_UNIT ( ) SI_UNIT ( $, .RADIAN. ) );
#2809 =( LENGTH_UNIT ( ) NAMED_UNIT ( * ) SI_UNIT ( .MILLI., .METRE. ) );
#2810 = MECHANICAL_DESIGN_GEOMETRIC_PRESENTATION_REPRESENTATION (  '', ( #2812 ), #2805 ) ;
#2811 = PRESENTATION_LAYER_ASSIGNMENT (  '', '', ( #2812 ) ) ;
#2812 = STYLED_ITEM ( 'NONE', ( #2813 ), #8602 ) ;
#2813 = PRESENTATION_STYLE_ASSIGNMENT (( #2814 ) ) ;
#2814 = SURFACE_STYLE_USAGE ( .BOTH. , #2815 ) ;
#2815 = SURFACE_SIDE_STYLE ('',( #2816 ) ) ;
#2816 = SURFACE_STYLE_FILL_AREA ( #2817 ) ;
#2817 = FILL_AREA_STYLE ('',( #2824 ) ) ;
#2818 = COLOUR_RGB ( '',0.7529411764705882200, 0.7529411764705882200, 0.7529411764705882200 ) ;
#2819 = FACE_OUTER_BOUND ( 'NONE', #8603, .T. ) ;
#2820 = DIRECTION ( 'NONE',  ( 6.982966722218764100E-015, -3.398218658099876300E-015, 1.000000000000000000 ) ) ;
#2821 = VECTOR ( 'NONE', #2820, 1000.000000000000000 ) ;
#2822 = CARTESIAN_POINT ( 'NONE',  ( -0.2500000000000225900, 1.250000000000011300, -2.957106781186547900 ) ) ;
#2823 = LINE ( 'NONE', #2822, #2821 ) ;
#2824 = FILL_AREA_STYLE_COLOUR ( '', #2818 ) ;
#2825 = CARTESIAN_POINT ( 'NONE',  ( -0.2500000000000159300, 1.250000000000007800, -1.999999999999999100 ) ) ;
#2826 = DIRECTION ( 'NONE',  ( -2.438091212180733500E-029, -1.000000000000000000, -3.491483361109382100E-015 ) ) ;
#2827 = VECTOR ( 'NONE', #2826, 1000.000000000000000 ) ;
#2828 = CARTESIAN_POINT ( 'NONE',  ( -0.2500000000000159300, 1.250000000000007800, -1.999999999999999100 ) ) ;
#2829 = LINE ( 'NONE', #2828, #2827 ) ;
#2830 = CARTESIAN_POINT ( 'NONE',  ( -0.2500000000000159300, -2.999999999999993300, -2.000000000000014200 ) ) ;
#2831 = DIRECTION ( 'NONE',  ( -6.982966722218764100E-015, 3.491483361109382100E-015, -1.000000000000000000 ) ) ;
#2832 = VECTOR ( 'NONE', #2831, 1000.000000000000000 ) ;
#2833 = CARTESIAN_POINT ( 'NONE',  ( -0.2500000000000192600, -2.999999999999993300, -2.478553390593288200 ) ) ;
#2834 = LINE ( 'NONE', #2833, #2832 ) ;
#2835 = AXIS2_PLACEMENT_3D ( 'NONE', #2894, #2893, #2892 ) ;
#2836 = PLANE ( 'NONE',  #2835 ) ;
#2837 =( GEOMETRIC_REPRESENTATION_CONTEXT ( 3 ) GLOBAL_UNCERTAINTY_ASSIGNED_CONTEXT ( ( #2838 ) ) GLOBAL_UNIT_ASSIGNED_CONTEXT ( ( #2841, #2840, #2839 ) ) REPRESENTATION_CONTEXT ( 'NONE', 'WORKASPACE' ) );
#2838 = UNCERTAINTY_MEASURE_WITH_UNIT (LENGTH_MEASURE( 1.000000000000000100E-005 ), #2841, 'distance_accuracy_value', 'NONE');
#2839 =( NAMED_UNIT ( * ) SI_UNIT ( $, .STERADIAN. ) SOLID_ANGLE_UNIT ( ) );
#2840 =( NAMED_UNIT ( * ) PLANE_ANGLE_UNIT ( ) SI_UNIT ( $, .RADIAN. ) );
#2841 =( LENGTH_UNIT ( ) NAMED_UNIT ( * ) SI_UNIT ( .MILLI., .METRE. ) );
#2842 = MECHANICAL_DESIGN_GEOMETRIC_PRESENTATION_REPRESENTATION (  '', ( #2844 ), #2837 ) ;
#2843 = PRESENTATION_LAYER_ASSIGNMENT (  '', '', ( #2844 ) ) ;
#2844 = STYLED_ITEM ( 'NONE', ( #2845 ), #8606 ) ;
#2845 = PRESENTATION_STYLE_ASSIGNMENT (( #2846 ) ) ;
#2846 = SURFACE_STYLE_USAGE ( .BOTH. , #2847 ) ;
#2847 = SURFACE_SIDE_STYLE ('',( #2848 ) ) ;
#2848 = SURFACE_STYLE_FILL_AREA ( #2849 ) ;
#2849 = FILL_AREA_STYLE ('',( #2856 ) ) ;
#2850 = COLOUR_RGB ( '',0.7529411764705882200, 0.7529411764705882200, 0.7529411764705882200 ) ;
#2851 = FACE_OUTER_BOUND ( 'NONE', #8526, .T. ) ;
#2852 = DIRECTION ( 'NONE',  ( 6.982966722218764100E-015, -3.398218658099876300E-015, 1.000000000000000000 ) ) ;
#2853 = VECTOR ( 'NONE', #2852, 1000.000000000000000 ) ;
#2854 = CARTESIAN_POINT ( 'NONE',  ( 0.2499999999999778200, 1.750000000000011800, -2.957106781186549700 ) ) ;
#2855 = LINE ( 'NONE', #2854, #2853 ) ;
#2856 = FILL_AREA_STYLE_COLOUR ( '', #2850 ) ;
#2857 = DIRECTION ( 'NONE',  ( 6.982966722218764100E-015, -3.398218658099876300E-015, 1.000000000000000000 ) ) ;
#2858 = DIRECTION ( 'NONE',  ( -2.372964780433434200E-029, -1.000000000000000000, -3.398218658099876300E-015 ) ) ;
#2859 = CARTESIAN_POINT ( 'NONE',  ( -0.2500000000000225900, 1.250000000000011300, -2.957106781186547900 ) ) ;
#2860 = AXIS2_PLACEMENT_3D ( 'NONE', #2859, #2858, #2857 ) ;
#2861 = PLANE ( 'NONE',  #2860 ) ;
#2862 = SURFACE_STYLE_FILL_AREA ( #2863 ) ;
#2863 = FILL_AREA_STYLE ('',( #2870 ) ) ;
#2864 = COLOUR_RGB ( '',0.7529411764705882200, 0.7529411764705882200, 0.7529411764705882200 ) ;
#2865 = FACE_OUTER_BOUND ( 'NONE', #8617, .T. ) ;
#2866 = DIRECTION ( 'NONE',  ( 2.438091212180733500E-029, 1.000000000000000000, 3.491483361109382100E-015 ) ) ;
#2867 = DIRECTION ( 'NONE',  ( 1.000000000000000000, 0.0000000000000000000, -6.982966722218764100E-015 ) ) ;
#2868 = CARTESIAN_POINT ( 'NONE',  ( -1.750000000000022200, 1.250000000000011300, -2.957106781186537700 ) ) ;
#2869 = AXIS2_PLACEMENT_3D ( 'NONE', #2868, #2867, #2866 ) ;
#2870 = FILL_AREA_STYLE_COLOUR ( '', #2864 ) ;
#2871 = PLANE ( 'NONE',  #2869 ) ;
#2872 =( GEOMETRIC_REPRESENTATION_CONTEXT ( 3 ) GLOBAL_UNCERTAINTY_ASSIGNED_CONTEXT ( ( #2873 ) ) GLOBAL_UNIT_ASSIGNED_CONTEXT ( ( #2876, #2875, #2874 ) ) REPRESENTATION_CONTEXT ( 'NONE', 'WORKASPACE' ) );
#2873 = UNCERTAINTY_MEASURE_WITH_UNIT (LENGTH_MEASURE( 1.000000000000000100E-005 ), #2876, 'distance_accuracy_value', 'NONE');
#2874 =( NAMED_UNIT ( * ) SI_UNIT ( $, .STERADIAN. ) SOLID_ANGLE_UNIT ( ) );
#2875 =( NAMED_UNIT ( * ) PLANE_ANGLE_UNIT ( ) SI_UNIT ( $, .RADIAN. ) );
#2876 =( LENGTH_UNIT ( ) NAMED_UNIT ( * ) SI_UNIT ( .MILLI., .METRE. ) );
#2877 = MECHANICAL_DESIGN_GEOMETRIC_PRESENTATION_REPRESENTATION (  '', ( #2879 ), #2872 ) ;
#2878 = PRESENTATION_LAYER_ASSIGNMENT (  '', '', ( #2879 ) ) ;
#2879 = STYLED_ITEM ( 'NONE', ( #2880 ), #8613 ) ;
#2880 = PRESENTATION_STYLE_ASSIGNMENT (( #2881 ) ) ;
#2881 = SURFACE_STYLE_USAGE ( .BOTH. , #2882 ) ;
#2882 = SURFACE_SIDE_STYLE ('',( #2883 ) ) ;
#2883 = SURFACE_STYLE_FILL_AREA ( #2884 ) ;
#2884 = FILL_AREA_STYLE ('',( #2891 ) ) ;
#2885 = COLOUR_RGB ( '',0.7529411764705882200, 0.7529411764705882200, 0.7529411764705882200 ) ;
#2886 = FACE_OUTER_BOUND ( 'NONE', #8614, .T. ) ;
#2887 = DIRECTION ( 'NONE',  ( 6.982966722218764100E-015, -3.398218658099876300E-015, 1.000000000000000000 ) ) ;
#2888 = VECTOR ( 'NONE', #2887, 1000.000000000000000 ) ;
#2889 = CARTESIAN_POINT ( 'NONE',  ( -1.750000000000022200, 1.750000000000011800, -2.957106781186535900 ) ) ;
#2890 = LINE ( 'NONE', #2889, #2888 ) ;
#2891 = FILL_AREA_STYLE_COLOUR ( '', #2885 ) ;
#2892 = DIRECTION ( 'NONE',  ( -6.982966722218764100E-015, 3.398218658099876300E-015, -1.000000000000000000 ) ) ;
#2893 = DIRECTION ( 'NONE',  ( 2.372964780433434200E-029, 1.000000000000000000, 3.398218658099876300E-015 ) ) ;
#2894 = CARTESIAN_POINT ( 'NONE',  ( -0.2500000000000225900, 1.750000000000011800, -2.957106781186546100 ) ) ;
#2895 = SURFACE_STYLE_FILL_AREA ( #2896 ) ;
#2896 = FILL_AREA_STYLE ('',( #2903 ) ) ;
#2897 = COLOUR_RGB ( '',0.7529411764705882200, 0.7529411764705882200, 0.7529411764705882200 ) ;
#2898 = FACE_OUTER_BOUND ( 'NONE', #8625, .T. ) ;
#2899 = DIRECTION ( 'NONE',  ( 6.982966722218764100E-015, -3.398218658099876300E-015, 1.000000000000000000 ) ) ;
#2900 = VECTOR ( 'NONE', #2899, 1000.000000000000000 ) ;
#2901 = CARTESIAN_POINT ( 'NONE',  ( -1.750000000000022200, 1.250000000000011300, -2.957106781186537700 ) ) ;
#2902 = LINE ( 'NONE', #2901, #2900 ) ;
#2903 = FILL_AREA_STYLE_COLOUR ( '', #2897 ) ;
#2904 = DIRECTION ( 'NONE',  ( 6.982966722218764100E-015, -3.398218658099876300E-015, 1.000000000000000000 ) ) ;
#2905 = VECTOR ( 'NONE', #2904, 1000.000000000000000 ) ;
#2906 = CARTESIAN_POINT ( 'NONE',  ( -2.250000000000022600, 1.250000000000011300, -2.957106781186534100 ) ) ;
#2907 = LINE ( 'NONE', #2906, #2905 ) ;
#2908 = DIRECTION ( 'NONE',  ( 6.982966722218764100E-015, -3.398218658099876300E-015, 1.000000000000000000 ) ) ;
#2909 = DIRECTION ( 'NONE',  ( -2.372964780433434200E-029, -1.000000000000000000, -3.398218658099876300E-015 ) ) ;
#2910 = CARTESIAN_POINT ( 'NONE',  ( -2.250000000000022600, 1.250000000000011300, -2.957106781186534100 ) ) ;
#2911 = AXIS2_PLACEMENT_3D ( 'NONE', #2910, #2909, #2908 ) ;
#2912 = PLANE ( 'NONE',  #2911 ) ;
#2913 =( GEOMETRIC_REPRESENTATION_CONTEXT ( 3 ) GLOBAL_UNCERTAINTY_ASSIGNED_CONTEXT ( ( #2914 ) ) GLOBAL_UNIT_ASSIGNED_CONTEXT ( ( #2917, #2916, #2915 ) ) REPRESENTATION_CONTEXT ( 'NONE', 'WORKASPACE' ) );
#2914 = UNCERTAINTY_MEASURE_WITH_UNIT (LENGTH_MEASURE( 1.000000000000000100E-005 ), #2917, 'distance_accuracy_value', 'NONE');
#2915 =( NAMED_UNIT ( * ) SI_UNIT ( $, .STERADIAN. ) SOLID_ANGLE_UNIT ( ) );
#2916 =( NAMED_UNIT ( * ) PLANE_ANGLE_UNIT ( ) SI_UNIT ( $, .RADIAN. ) );
#2917 =( LENGTH_UNIT ( ) NAMED_UNIT ( * ) SI_UNIT ( .MILLI., .METRE. ) );
#2918 = MECHANICAL_DESIGN_GEOMETRIC_PRESENTATION_REPRESENTATION (  '', ( #2920 ), #2913 ) ;
#2919 = PRESENTATION_LAYER_ASSIGNMENT (  '', '', ( #2920 ) ) ;
#2920 = STYLED_ITEM ( 'NONE', ( #2921 ), #8616 ) ;
#2921 = PRESENTATION_STYLE_ASSIGNMENT (( #2922 ) ) ;
#2922 = SURFACE_STYLE_USAGE ( .BOTH. , #2923 ) ;
#2923 = SURFACE_SIDE_STYLE ('',( #2862 ) ) ;
#2924 = MECHANICAL_DESIGN_GEOMETRIC_PRESENTATION_REPRESENTATION (  '', ( #2926 ), #2971 ) ;
#2925 = PRESENTATION_LAYER_ASSIGNMENT (  '', '', ( #2926 ) ) ;
#2926 = STYLED_ITEM ( 'NONE', ( #2927 ), #8630 ) ;
#2927 = PRESENTATION_STYLE_ASSIGNMENT (( #2928 ) ) ;
#2928 = SURFACE_STYLE_USAGE ( .BOTH. , #2929 ) ;
#2929 = SURFACE_SIDE_STYLE ('',( #2930 ) ) ;
#2930 = SURFACE_STYLE_FILL_AREA ( #2931 ) ;
#2931 = FILL_AREA_STYLE ('',( #2938 ) ) ;
#2932 = COLOUR_RGB ( '',0.7529411764705882200, 0.7529411764705882200, 0.7529411764705882200 ) ;
#2933 = FACE_OUTER_BOUND ( 'NONE', #8576, .T. ) ;
#2934 = DIRECTION ( 'NONE',  ( 6.982966722218764100E-015, -3.398218658099876300E-015, 1.000000000000000000 ) ) ;
#2935 = VECTOR ( 'NONE', #2934, 1000.000000000000000 ) ;
#2936 = CARTESIAN_POINT ( 'NONE',  ( -2.250000000000022600, 1.750000000000011800, -2.957106781186532400 ) ) ;
#2937 = LINE ( 'NONE', #2936, #2935 ) ;
#2938 = FILL_AREA_STYLE_COLOUR ( '', #2932 ) ;
#2939 = DIRECTION ( 'NONE',  ( -2.438091212180733500E-029, -1.000000000000000000, -3.491483361109382100E-015 ) ) ;
#2940 = DIRECTION ( 'NONE',  ( -1.000000000000000000, 0.0000000000000000000, 6.982966722218764100E-015 ) ) ;
#2941 = CARTESIAN_POINT ( 'NONE',  ( -2.250000000000022600, 1.250000000000011300, -2.957106781186534100 ) ) ;
#2942 = AXIS2_PLACEMENT_3D ( 'NONE', #2941, #2940, #2939 ) ;
#2943 = PLANE ( 'NONE',  #2942 ) ;
#2944 =( GEOMETRIC_REPRESENTATION_CONTEXT ( 3 ) GLOBAL_UNCERTAINTY_ASSIGNED_CONTEXT ( ( #2945 ) ) GLOBAL_UNIT_ASSIGNED_CONTEXT ( ( #2948, #2947, #2946 ) ) REPRESENTATION_CONTEXT ( 'NONE', 'WORKASPACE' ) );
#2945 = UNCERTAINTY_MEASURE_WITH_UNIT (LENGTH_MEASURE( 1.000000000000000100E-005 ), #2948, 'distance_accuracy_value', 'NONE');
#2946 =( NAMED_UNIT ( * ) SI_UNIT ( $, .STERADIAN. ) SOLID_ANGLE_UNIT ( ) );
#2947 =( NAMED_UNIT ( * ) PLANE_ANGLE_UNIT ( ) SI_UNIT ( $, .RADIAN. ) );
#2948 =( LENGTH_UNIT ( ) NAMED_UNIT ( * ) SI_UNIT ( .MILLI., .METRE. ) );
#2949 = MECHANICAL_DESIGN_GEOMETRIC_PRESENTATION_REPRESENTATION (  '', ( #2951 ), #2944 ) ;
#2950 = PRESENTATION_LAYER_ASSIGNMENT (  '', '', ( #2951 ) ) ;
#2951 = STYLED_ITEM ( 'NONE', ( #2952 ), #8624 ) ;
#2952 = PRESENTATION_STYLE_ASSIGNMENT (( #2953 ) ) ;
#2953 = SURFACE_STYLE_USAGE ( .BOTH. , #2954 ) ;
#2954 = SURFACE_SIDE_STYLE ('',( #2895 ) ) ;
#2955 = CARTESIAN_POINT ( 'NONE',  ( -2.249999999999983600, 1.749999999999992700, 2.650000000000017700 ) ) ;
#2956 = DIRECTION ( 'NONE',  ( -1.000000000000000000, 0.0000000000000000000, 6.982966722218764100E-015 ) ) ;
#2957 = VECTOR ( 'NONE', #2956, 1000.000000000000000 ) ;
#2958 = CARTESIAN_POINT ( 'NONE',  ( -2.249999999999983600, 1.749999999999992700, 2.650000000000017700 ) ) ;
#2959 = LINE ( 'NONE', #2958, #2957 ) ;
#2960 = CARTESIAN_POINT ( 'NONE',  ( -1.749999999999983100, 1.749999999999992700, 2.650000000000014100 ) ) ;
#2961 = CARTESIAN_POINT ( 'NONE',  ( -1.749999999999983100, 1.249999999999992200, 2.650000000000012800 ) ) ;
#2962 = DIRECTION ( 'NONE',  ( 2.438091212180733500E-029, 1.000000000000000000, 3.491483361109382100E-015 ) ) ;
#2963 = VECTOR ( 'NONE', #2962, 1000.000000000000000 ) ;
#2964 = CARTESIAN_POINT ( 'NONE',  ( -1.749999999999983100, 1.249999999999992200, 2.650000000000012800 ) ) ;
#2965 = LINE ( 'NONE', #2964, #2963 ) ;
#2966 = DIRECTION ( 'NONE',  ( -2.438091212180733500E-029, -1.000000000000000000, -3.491483361109382100E-015 ) ) ;
#2967 = DIRECTION ( 'NONE',  ( -6.982966722218764100E-015, 3.491483361109382100E-015, -1.000000000000000000 ) ) ;
#2968 = CARTESIAN_POINT ( 'NONE',  ( -1.749999999999983100, 1.749999999999992700, 2.650000000000014100 ) ) ;
#2969 = AXIS2_PLACEMENT_3D ( 'NONE', #2968, #2967, #2966 ) ;
#2970 = PLANE ( 'NONE',  #2969 ) ;
#2971 =( GEOMETRIC_REPRESENTATION_CONTEXT ( 3 ) GLOBAL_UNCERTAINTY_ASSIGNED_CONTEXT ( ( #2972 ) ) GLOBAL_UNIT_ASSIGNED_CONTEXT ( ( #2975, #2974, #2973 ) ) REPRESENTATION_CONTEXT ( 'NONE', 'WORKASPACE' ) );
#2972 = UNCERTAINTY_MEASURE_WITH_UNIT (LENGTH_MEASURE( 1.000000000000000100E-005 ), #2975, 'distance_accuracy_value', 'NONE');
#2973 =( NAMED_UNIT ( * ) SI_UNIT ( $, .STERADIAN. ) SOLID_ANGLE_UNIT ( ) );
#2974 =( NAMED_UNIT ( * ) PLANE_ANGLE_UNIT ( ) SI_UNIT ( $, .RADIAN. ) );
#2975 =( LENGTH_UNIT ( ) NAMED_UNIT ( * ) SI_UNIT ( .MILLI., .METRE. ) );
#2976 = DIRECTION ( 'NONE',  ( 2.438091212180733500E-029, 1.000000000000000000, 3.491483361109382100E-015 ) ) ;
#2977 = DIRECTION ( 'NONE',  ( 6.982966722218764100E-015, -3.491483361109382100E-015, 1.000000000000000000 ) ) ;
#2978 = CARTESIAN_POINT ( 'NONE',  ( -0.2500000000000194300, 1.750000000000010000, -2.499999999999997800 ) ) ;
#2979 = AXIS2_PLACEMENT_3D ( 'NONE', #2978, #2977, #2976 ) ;
#2980 = PLANE ( 'NONE',  #2979 ) ;
#2981 =( GEOMETRIC_REPRESENTATION_CONTEXT ( 3 ) GLOBAL_UNCERTAINTY_ASSIGNED_CONTEXT ( ( #2982 ) ) GLOBAL_UNIT_ASSIGNED_CONTEXT ( ( #2985, #2984, #2983 ) ) REPRESENTATION_CONTEXT ( 'NONE', 'WORKASPACE' ) );
#2982 = UNCERTAINTY_MEASURE_WITH_UNIT (LENGTH_MEASURE( 1.000000000000000100E-005 ), #2985, 'distance_accuracy_value', 'NONE');
#2983 =( NAMED_UNIT ( * ) SI_UNIT ( $, .STERADIAN. ) SOLID_ANGLE_UNIT ( ) );
#2984 =( NAMED_UNIT ( * ) PLANE_ANGLE_UNIT ( ) SI_UNIT ( $, .RADIAN. ) );
#2985 =( LENGTH_UNIT ( ) NAMED_UNIT ( * ) SI_UNIT ( .MILLI., .METRE. ) );
#2986 = MECHANICAL_DESIGN_GEOMETRIC_PRESENTATION_REPRESENTATION (  '', ( #2988 ), #2981 ) ;
#2987 = PRESENTATION_LAYER_ASSIGNMENT (  '', '', ( #2988 ) ) ;
#2988 = STYLED_ITEM ( 'NONE', ( #2989 ), #8643 ) ;
#2989 = PRESENTATION_STYLE_ASSIGNMENT (( #2990 ) ) ;
#2990 = SURFACE_STYLE_USAGE ( .BOTH. , #2991 ) ;
#2991 = SURFACE_SIDE_STYLE ('',( #2992 ) ) ;
#2992 = SURFACE_STYLE_FILL_AREA ( #2993 ) ;
#2993 = FILL_AREA_STYLE ('',( #3000 ) ) ;
#2994 = COLOUR_RGB ( '',0.7529411764705882200, 0.7529411764705882200, 0.7529411764705882200 ) ;
#2995 = FACE_OUTER_BOUND ( 'NONE', #8589, .T. ) ;
#2996 = DIRECTION ( 'NONE',  ( 1.000000000000000000, 0.0000000000000000000, -6.982966722218764100E-015 ) ) ;
#2997 = VECTOR ( 'NONE', #2996, 1000.000000000000000 ) ;
#2998 = CARTESIAN_POINT ( 'NONE',  ( -2.249999999999983600, 1.249999999999992200, 2.650000000000015900 ) ) ;
#2999 = LINE ( 'NONE', #2998, #2997 ) ;
#3000 = FILL_AREA_STYLE_COLOUR ( '', #2994 ) ;
#3001 = CARTESIAN_POINT ( 'NONE',  ( -2.249999999999983600, 1.249999999999992200, 2.650000000000015900 ) ) ;
#3002 = DIRECTION ( 'NONE',  ( -2.438091212180733500E-029, -1.000000000000000000, -3.491483361109382100E-015 ) ) ;
#3003 = VECTOR ( 'NONE', #3002, 1000.000000000000000 ) ;
#3004 = CARTESIAN_POINT ( 'NONE',  ( -2.249999999999983600, 1.249999999999992200, 2.650000000000015900 ) ) ;
#3005 = LINE ( 'NONE', #3004, #3003 ) ;
#3006 = VECTOR ( 'NONE', #3067, 1000.000000000000000 ) ;
#3007 = CARTESIAN_POINT ( 'NONE',  ( -2.250000000000019500, 1.750000000000010000, -2.499999999999984000 ) ) ;
#3008 = LINE ( 'NONE', #3007, #3006 ) ;
#3009 = DIRECTION ( 'NONE',  ( -2.438091212180733500E-029, -1.000000000000000000, -3.491483361109382100E-015 ) ) ;
#3010 = DIRECTION ( 'NONE',  ( -1.000000000000000000, 0.0000000000000000000, 6.982966722218764100E-015 ) ) ;
#3011 = CARTESIAN_POINT ( 'NONE',  ( -2.250000000000022600, 1.250000000000011300, -2.957106781186534100 ) ) ;
#3012 = AXIS2_PLACEMENT_3D ( 'NONE', #3011, #3010, #3009 ) ;
#3013 = PLANE ( 'NONE',  #3012 ) ;
#3014 =( GEOMETRIC_REPRESENTATION_CONTEXT ( 3 ) GLOBAL_UNCERTAINTY_ASSIGNED_CONTEXT ( ( #3015 ) ) GLOBAL_UNIT_ASSIGNED_CONTEXT ( ( #3018, #3017, #3016 ) ) REPRESENTATION_CONTEXT ( 'NONE', 'WORKASPACE' ) );
#3015 = UNCERTAINTY_MEASURE_WITH_UNIT (LENGTH_MEASURE( 1.000000000000000100E-005 ), #3018, 'distance_accuracy_value', 'NONE');
#3016 =( NAMED_UNIT ( * ) SI_UNIT ( $, .STERADIAN. ) SOLID_ANGLE_UNIT ( ) );
#3017 =( NAMED_UNIT ( * ) PLANE_ANGLE_UNIT ( ) SI_UNIT ( $, .RADIAN. ) );
#3018 =( LENGTH_UNIT ( ) NAMED_UNIT ( * ) SI_UNIT ( .MILLI., .METRE. ) );
#3019 = MECHANICAL_DESIGN_GEOMETRIC_PRESENTATION_REPRESENTATION (  '', ( #3021 ), #3014 ) ;
#3020 = PRESENTATION_LAYER_ASSIGNMENT (  '', '', ( #3021 ) ) ;
#3021 = STYLED_ITEM ( 'NONE', ( #3022 ), #8647 ) ;
#3022 = PRESENTATION_STYLE_ASSIGNMENT (( #3023 ) ) ;
#3023 = SURFACE_STYLE_USAGE ( .BOTH. , #3024 ) ;
#3024 = SURFACE_SIDE_STYLE ('',( #3025 ) ) ;
#3025 = SURFACE_STYLE_FILL_AREA ( #3026 ) ;
#3026 = FILL_AREA_STYLE ('',( #3033 ) ) ;
#3027 = COLOUR_RGB ( '',0.7529411764705882200, 0.7529411764705882200, 0.7529411764705882200 ) ;
#3028 = FACE_OUTER_BOUND ( 'NONE', #8648, .T. ) ;
#3029 = DIRECTION ( 'NONE',  ( 1.000000000000000000, 0.0000000000000000000, -6.982966722218764100E-015 ) ) ;
#3030 = VECTOR ( 'NONE', #3029, 1000.000000000000000 ) ;
#3031 = CARTESIAN_POINT ( 'NONE',  ( -0.2500000000000194300, -2.999999999999991600, -2.500000000000014700 ) ) ;
#3032 = LINE ( 'NONE', #3031, #3030 ) ;
#3033 = FILL_AREA_STYLE_COLOUR ( '', #3027 ) ;
#3034 =( NAMED_UNIT ( * ) SI_UNIT ( $, .STERADIAN. ) SOLID_ANGLE_UNIT ( ) );
#3035 =( NAMED_UNIT ( * ) PLANE_ANGLE_UNIT ( ) SI_UNIT ( $, .RADIAN. ) );
#3036 =( LENGTH_UNIT ( ) NAMED_UNIT ( * ) SI_UNIT ( .MILLI., .METRE. ) );
#3037 = MECHANICAL_DESIGN_GEOMETRIC_PRESENTATION_REPRESENTATION (  '', ( #3039 ), #3095 ) ;
#3038 = PRESENTATION_LAYER_ASSIGNMENT (  '', '', ( #3039 ) ) ;
#3039 = STYLED_ITEM ( 'NONE', ( #3040 ), #8664 ) ;
#3040 = PRESENTATION_STYLE_ASSIGNMENT (( #3041 ) ) ;
#3041 = SURFACE_STYLE_USAGE ( .BOTH. , #3042 ) ;
#3042 = SURFACE_SIDE_STYLE ('',( #3043 ) ) ;
#3043 = SURFACE_STYLE_FILL_AREA ( #3044 ) ;
#3044 = FILL_AREA_STYLE ('',( #3051 ) ) ;
#3045 = COLOUR_RGB ( '',0.7529411764705882200, 0.7529411764705882200, 0.7529411764705882200 ) ;
#3046 = FACE_OUTER_BOUND ( 'NONE', #8665, .T. ) ;
#3047 = DIRECTION ( 'NONE',  ( 6.982966722218764100E-015, -3.398218658099876300E-015, 1.000000000000000000 ) ) ;
#3048 = VECTOR ( 'NONE', #3047, 1000.000000000000000 ) ;
#3049 = CARTESIAN_POINT ( 'NONE',  ( -1.750000000000022200, 1.750000000000011800, -2.957106781186535900 ) ) ;
#3050 = LINE ( 'NONE', #3049, #3048 ) ;
#3051 = FILL_AREA_STYLE_COLOUR ( '', #3045 ) ;
#3052 = CARTESIAN_POINT ( 'NONE',  ( -1.750000000000019100, 1.750000000000010000, -2.499999999999988000 ) ) ;
#3053 = DIRECTION ( 'NONE',  ( -2.438091212180733500E-029, -1.000000000000000000, -3.491483361109382100E-015 ) ) ;
#3054 = VECTOR ( 'NONE', #3053, 1000.000000000000000 ) ;
#3055 = CARTESIAN_POINT ( 'NONE',  ( -1.750000000000019100, 1.750000000000010000, -2.499999999999988000 ) ) ;
#3056 = LINE ( 'NONE', #3055, #3054 ) ;
#3057 = DIRECTION ( 'NONE',  ( -2.438091212180733500E-029, -1.000000000000000000, -3.491483361109382100E-015 ) ) ;
#3058 = VECTOR ( 'NONE', #3057, 1000.000000000000000 ) ;
#3059 = CARTESIAN_POINT ( 'NONE',  ( -2.250000000000016000, 1.250000000000007800, -1.999999999999985300 ) ) ;
#3060 = LINE ( 'NONE', #3059, #3058 ) ;
#3061 = CARTESIAN_POINT ( 'NONE',  ( -2.250000000000016000, -2.999999999999993300, -2.000000000000000400 ) ) ;
#3062 = DIRECTION ( 'NONE',  ( -6.982966722218764100E-015, 3.491483361109382100E-015, -1.000000000000000000 ) ) ;
#3063 = VECTOR ( 'NONE', #3062, 1000.000000000000000 ) ;
#3064 = CARTESIAN_POINT ( 'NONE',  ( -2.250000000000019500, -2.999999999999993300, -2.478553390593274400 ) ) ;
#3065 = LINE ( 'NONE', #3064, #3063 ) ;
#3066 = CARTESIAN_POINT ( 'NONE',  ( -2.250000000000019500, -2.999999999999991600, -2.500000000000000900 ) ) ;
#3067 = DIRECTION ( 'NONE',  ( -2.438091212180733500E-029, -1.000000000000000000, -3.491483361109382100E-015 ) ) ;
#3068 = UNCERTAINTY_MEASURE_WITH_UNIT (LENGTH_MEASURE( 1.000000000000000100E-005 ), #3071, 'distance_accuracy_value', 'NONE');
#3069 =( NAMED_UNIT ( * ) SI_UNIT ( $, .STERADIAN. ) SOLID_ANGLE_UNIT ( ) );
#3070 =( NAMED_UNIT ( * ) PLANE_ANGLE_UNIT ( ) SI_UNIT ( $, .RADIAN. ) );
#3071 =( LENGTH_UNIT ( ) NAMED_UNIT ( * ) SI_UNIT ( .MILLI., .METRE. ) );
#3072 = MECHANICAL_DESIGN_GEOMETRIC_PRESENTATION_REPRESENTATION (  '', ( #3075 ), #3129 ) ;
#3073 = PRESENTATION_LAYER_ASSIGNMENT (  '', '', ( #3075 ) ) ;
#3074 = ORIENTED_EDGE ( 'NONE', *, *, #6813, .F. ) ;
#3075 = STYLED_ITEM ( 'NONE', ( #3076 ), #8674 ) ;
#3076 = PRESENTATION_STYLE_ASSIGNMENT (( #3077 ) ) ;
#3077 = SURFACE_STYLE_USAGE ( .BOTH. , #3078 ) ;
#3078 = SURFACE_SIDE_STYLE ('',( #3079 ) ) ;
#3079 = SURFACE_STYLE_FILL_AREA ( #3080 ) ;
#3080 = FILL_AREA_STYLE ('',( #3081 ) ) ;
#3081 = FILL_AREA_STYLE_COLOUR ( '', #3082 ) ;
#3082 = COLOUR_RGB ( '',0.7529411764705882200, 0.7529411764705882200, 0.7529411764705882200 ) ;
#3083 = FACE_OUTER_BOUND ( 'NONE', #8675, .T. ) ;
#3084 = CARTESIAN_POINT ( 'NONE',  ( -2.250000000000019500, 1.750000000000010000, -2.499999999999984000 ) ) ;
#3085 = DIRECTION ( 'NONE',  ( -1.000000000000000000, 0.0000000000000000000, 6.982966722218764100E-015 ) ) ;
#3086 = VECTOR ( 'NONE', #3085, 1000.000000000000000 ) ;
#3087 = CARTESIAN_POINT ( 'NONE',  ( -2.250000000000019500, 1.750000000000010000, -2.499999999999984000 ) ) ;
#3088 = LINE ( 'NONE', #3087, #3086 ) ;
#3089 = DIRECTION ( 'NONE',  ( -6.982966722218764100E-015, 3.398218658099876300E-015, -1.000000000000000000 ) ) ;
#3090 = DIRECTION ( 'NONE',  ( 2.372964780433434200E-029, 1.000000000000000000, 3.398218658099876300E-015 ) ) ;
#3091 = CARTESIAN_POINT ( 'NONE',  ( -2.250000000000022600, 1.750000000000011800, -2.957106781186532400 ) ) ;
#3092 = AXIS2_PLACEMENT_3D ( 'NONE', #3091, #3090, #3089 ) ;
#3093 = EDGE_CURVE ( 'NONE', #3599, #6848, #10267, .T. ) ;
#3094 = PLANE ( 'NONE',  #3092 ) ;
#3095 =( GEOMETRIC_REPRESENTATION_CONTEXT ( 3 ) GLOBAL_UNCERTAINTY_ASSIGNED_CONTEXT ( ( #3096 ) ) GLOBAL_UNIT_ASSIGNED_CONTEXT ( ( #3036, #3035, #3034 ) ) REPRESENTATION_CONTEXT ( 'NONE', 'WORKASPACE' ) );
#3096 = UNCERTAINTY_MEASURE_WITH_UNIT (LENGTH_MEASURE( 1.000000000000000100E-005 ), #3036, 'distance_accuracy_value', 'NONE');
#3097 = MECHANICAL_DESIGN_GEOMETRIC_PRESENTATION_REPRESENTATION (  '', ( #3099 ), #3150 ) ;
#3098 = PRESENTATION_LAYER_ASSIGNMENT (  '', '', ( #3099 ) ) ;
#3099 = STYLED_ITEM ( 'NONE', ( #3100 ), #8689 ) ;
#3100 = PRESENTATION_STYLE_ASSIGNMENT (( #3101 ) ) ;
#3101 = SURFACE_STYLE_USAGE ( .BOTH. , #3102 ) ;
#3102 = SURFACE_SIDE_STYLE ('',( #3103 ) ) ;
#3103 = SURFACE_STYLE_FILL_AREA ( #3104 ) ;
#3104 = FILL_AREA_STYLE ('',( #3105 ) ) ;
#3105 = FILL_AREA_STYLE_COLOUR ( '', #3106 ) ;
#3106 = COLOUR_RGB ( '',0.7529411764705882200, 0.7529411764705882200, 0.7529411764705882200 ) ;
#3107 = FACE_OUTER_BOUND ( 'NONE', #8607, .T. ) ;
#3108 = CARTESIAN_POINT ( 'NONE',  ( -1.750000000000019100, -2.999999999999991600, -2.500000000000004400 ) ) ;
#3109 = DIRECTION ( 'NONE',  ( 6.982966722218764100E-015, -3.491483361109382100E-015, 1.000000000000000000 ) ) ;
#3110 = VECTOR ( 'NONE', #3109, 1000.000000000000000 ) ;
#3111 = CARTESIAN_POINT ( 'NONE',  ( -1.750000000000018900, -2.999999999999993300, -2.478553390593277900 ) ) ;
#3112 = LINE ( 'NONE', #3111, #3110 ) ;
#3113 = CARTESIAN_POINT ( 'NONE',  ( -0.2500000000000141600, 1.750000000000007300, -1.749999999999994700 ) ) ;
#3114 = CARTESIAN_POINT ( 'NONE',  ( -1.750000000000015500, -2.999999999999993300, -2.000000000000003600 ) ) ;
#3115 = DIRECTION ( 'NONE',  ( -2.438091212180733500E-029, -1.000000000000000000, -3.491483361109382100E-015 ) ) ;
#3116 = VECTOR ( 'NONE', #3115, 1000.000000000000000 ) ;
#3117 = CARTESIAN_POINT ( 'NONE',  ( -1.750000000000015500, 1.250000000000007800, -1.999999999999988700 ) ) ;
#3118 = LINE ( 'NONE', #3117, #3116 ) ;
#3119 = CARTESIAN_POINT ( 'NONE',  ( -1.750000000000015500, 1.250000000000007800, -1.999999999999988700 ) ) ;
#3120 = DIRECTION ( 'NONE',  ( 6.982966722218764100E-015, -3.398218658099876300E-015, 1.000000000000000000 ) ) ;
#3121 = VECTOR ( 'NONE', #3120, 1000.000000000000000 ) ;
#3122 = CARTESIAN_POINT ( 'NONE',  ( -1.750000000000022200, 1.250000000000011300, -2.957106781186537700 ) ) ;
#3123 = LINE ( 'NONE', #3122, #3121 ) ;
#3124 = DIRECTION ( 'NONE',  ( 2.438091212180733500E-029, 1.000000000000000000, 3.491483361109382100E-015 ) ) ;
#3125 = DIRECTION ( 'NONE',  ( 1.000000000000000000, 0.0000000000000000000, -6.982966722218764100E-015 ) ) ;
#3126 = CARTESIAN_POINT ( 'NONE',  ( -1.750000000000022200, 1.250000000000011300, -2.957106781186537700 ) ) ;
#3127 = AXIS2_PLACEMENT_3D ( 'NONE', #3126, #3125, #3124 ) ;
#3128 = PLANE ( 'NONE',  #3127 ) ;
#3129 =( GEOMETRIC_REPRESENTATION_CONTEXT ( 3 ) GLOBAL_UNCERTAINTY_ASSIGNED_CONTEXT ( ( #3068 ) ) GLOBAL_UNIT_ASSIGNED_CONTEXT ( ( #3071, #3070, #3069 ) ) REPRESENTATION_CONTEXT ( 'NONE', 'WORKASPACE' ) );
#3130 =( NAMED_UNIT ( * ) SI_UNIT ( $, .STERADIAN. ) SOLID_ANGLE_UNIT ( ) );
#3131 =( NAMED_UNIT ( * ) PLANE_ANGLE_UNIT ( ) SI_UNIT ( $, .RADIAN. ) );
#3132 =( LENGTH_UNIT ( ) NAMED_UNIT ( * ) SI_UNIT ( .MILLI., .METRE. ) );
#3133 = MECHANICAL_DESIGN_GEOMETRIC_PRESENTATION_REPRESENTATION (  '', ( #3135 ), #3185 ) ;
#3134 = PRESENTATION_LAYER_ASSIGNMENT (  '', '', ( #3135 ) ) ;
#3135 = STYLED_ITEM ( 'NONE', ( #3136 ), #8690 ) ;
#3136 = PRESENTATION_STYLE_ASSIGNMENT (( #3137 ) ) ;
#3137 = SURFACE_STYLE_USAGE ( .BOTH. , #3138 ) ;
#3138 = SURFACE_SIDE_STYLE ('',( #3139 ) ) ;
#3139 = SURFACE_STYLE_FILL_AREA ( #3140 ) ;
#3140 = FILL_AREA_STYLE ('',( #3148 ) ) ;
#3141 = COLOUR_RGB ( '',0.7529411764705882200, 0.7529411764705882200, 0.7529411764705882200 ) ;
#3142 = FACE_OUTER_BOUND ( 'NONE', #8691, .T. ) ;
#3143 = DIRECTION ( 'NONE',  ( -6.982966722218764100E-015, 3.398218658099876300E-015, -1.000000000000000000 ) ) ;
#3144 = DIRECTION ( 'NONE',  ( 2.372964780433434200E-029, 1.000000000000000000, 3.398218658099876300E-015 ) ) ;
#3146 = EDGE_LOOP ( 'NONE', ( #5498, #5562, #5478, #5564, #5622, #5628 ) ) ;
#3145 = CARTESIAN_POINT ( 'NONE',  ( -2.250000000000022600, 1.750000000000011800, -2.957106781186532400 ) ) ;
#3147 = AXIS2_PLACEMENT_3D ( 'NONE', #3145, #3144, #3143 ) ;
#3148 = FILL_AREA_STYLE_COLOUR ( '', #3141 ) ;
#3149 = PLANE ( 'NONE',  #3147 ) ;
#3150 =( GEOMETRIC_REPRESENTATION_CONTEXT ( 3 ) GLOBAL_UNCERTAINTY_ASSIGNED_CONTEXT ( ( #3151 ) ) GLOBAL_UNIT_ASSIGNED_CONTEXT ( ( #3154, #3153, #3152 ) ) REPRESENTATION_CONTEXT ( 'NONE', 'WORKASPACE' ) );
#3151 = UNCERTAINTY_MEASURE_WITH_UNIT (LENGTH_MEASURE( 1.000000000000000100E-005 ), #3154, 'distance_accuracy_value', 'NONE');
#3152 =( NAMED_UNIT ( * ) SI_UNIT ( $, .STERADIAN. ) SOLID_ANGLE_UNIT ( ) );
#3153 =( NAMED_UNIT ( * ) PLANE_ANGLE_UNIT ( ) SI_UNIT ( $, .RADIAN. ) );
#3154 =( LENGTH_UNIT ( ) NAMED_UNIT ( * ) SI_UNIT ( .MILLI., .METRE. ) );
#3155 =( LENGTH_UNIT ( ) NAMED_UNIT ( * ) SI_UNIT ( .MILLI., .METRE. ) );
#3156 = MECHANICAL_DESIGN_GEOMETRIC_PRESENTATION_REPRESENTATION (  '', ( #3158 ), #3211 ) ;
#3157 = PRESENTATION_LAYER_ASSIGNMENT (  '', '', ( #3158 ) ) ;
#3158 = STYLED_ITEM ( 'NONE', ( #3159 ), #8704 ) ;
#3159 = PRESENTATION_STYLE_ASSIGNMENT (( #3160 ) ) ;
#3160 = SURFACE_STYLE_USAGE ( .BOTH. , #3161 ) ;
#3161 = SURFACE_SIDE_STYLE ('',( #3162 ) ) ;
#3162 = SURFACE_STYLE_FILL_AREA ( #3163 ) ;
#3163 = FILL_AREA_STYLE ('',( #3164 ) ) ;
#3164 = FILL_AREA_STYLE_COLOUR ( '', #3165 ) ;
#3165 = COLOUR_RGB ( '',0.7529411764705882200, 0.7529411764705882200, 0.7529411764705882200 ) ;
#3166 = FACE_OUTER_BOUND ( 'NONE', #8705, .T. ) ;
#3167 = CARTESIAN_POINT ( 'NONE',  ( -4.249999999999984000, 1.249999999999992200, 2.650000000000030100 ) ) ;
#3168 = CARTESIAN_POINT ( 'NONE',  ( -4.249999999999984000, 1.749999999999992700, 2.650000000000031900 ) ) ;
#3169 = DIRECTION ( 'NONE',  ( -1.000000000000000000, 0.0000000000000000000, 6.982966722218764100E-015 ) ) ;
#3170 = VECTOR ( 'NONE', #3169, 1000.000000000000000 ) ;
#3171 = CARTESIAN_POINT ( 'NONE',  ( -4.249999999999984000, 1.749999999999992700, 2.650000000000031900 ) ) ;
#3172 = LINE ( 'NONE', #3171, #3170 ) ;
#3173 = CARTESIAN_POINT ( 'NONE',  ( -3.749999999999983100, 1.749999999999992700, 2.650000000000028300 ) ) ;
#3174 = CARTESIAN_POINT ( 'NONE',  ( -3.749999999999983100, 1.249999999999992200, 2.650000000000026600 ) ) ;
#3175 = DIRECTION ( 'NONE',  ( 2.438091212180733500E-029, 1.000000000000000000, 3.491483361109382100E-015 ) ) ;
#3176 = VECTOR ( 'NONE', #3175, 1000.000000000000000 ) ;
#3177 = ORIENTED_EDGE ( 'NONE', *, *, #3243, .T. ) ;
#3178 = CARTESIAN_POINT ( 'NONE',  ( -3.749999999999983100, 1.249999999999992200, 2.650000000000026600 ) ) ;
#3179 = LINE ( 'NONE', #3178, #3176 ) ;
#3180 = DIRECTION ( 'NONE',  ( -2.438091212180733500E-029, -1.000000000000000000, -3.491483361109382100E-015 ) ) ;
#3181 = DIRECTION ( 'NONE',  ( -6.982966722218764100E-015, 3.491483361109382100E-015, -1.000000000000000000 ) ) ;
#3182 = CARTESIAN_POINT ( 'NONE',  ( -3.749999999999983100, 1.749999999999992700, 2.650000000000028300 ) ) ;
#3183 = AXIS2_PLACEMENT_3D ( 'NONE', #3182, #3181, #3180 ) ;
#3184 = PLANE ( 'NONE',  #3183 ) ;
#3185 =( GEOMETRIC_REPRESENTATION_CONTEXT ( 3 ) GLOBAL_UNCERTAINTY_ASSIGNED_CONTEXT ( ( #3186 ) ) GLOBAL_UNIT_ASSIGNED_CONTEXT ( ( #3132, #3131, #3130 ) ) REPRESENTATION_CONTEXT ( 'NONE', 'WORKASPACE' ) );
#3186 = UNCERTAINTY_MEASURE_WITH_UNIT (LENGTH_MEASURE( 1.000000000000000100E-005 ), #3132, 'distance_accuracy_value', 'NONE');
#3187 = ADVANCED_FACE ( 'NONE', ( #10263 ), #10262, .F. ) ;
#3188 =( NAMED_UNIT ( * ) SI_UNIT ( $, .STERADIAN. ) SOLID_ANGLE_UNIT ( ) );
#3189 =( NAMED_UNIT ( * ) PLANE_ANGLE_UNIT ( ) SI_UNIT ( $, .RADIAN. ) );
#3190 =( LENGTH_UNIT ( ) NAMED_UNIT ( * ) SI_UNIT ( .MILLI., .METRE. ) );
#3191 = MECHANICAL_DESIGN_GEOMETRIC_PRESENTATION_REPRESENTATION (  '', ( #3193 ), #3240 ) ;
#3192 = PRESENTATION_LAYER_ASSIGNMENT (  '', '', ( #3193 ) ) ;
#3193 = STYLED_ITEM ( 'NONE', ( #3194 ), #8711 ) ;
#3194 = PRESENTATION_STYLE_ASSIGNMENT (( #3195 ) ) ;
#3195 = SURFACE_STYLE_USAGE ( .BOTH. , #3196 ) ;
#3196 = SURFACE_SIDE_STYLE ('',( #3197 ) ) ;
#3197 = SURFACE_STYLE_FILL_AREA ( #3198 ) ;
#3198 = FILL_AREA_STYLE ('',( #3205 ) ) ;
#3199 = COLOUR_RGB ( '',0.7529411764705882200, 0.7529411764705882200, 0.7529411764705882200 ) ;
#3200 = FACE_OUTER_BOUND ( 'NONE', #8712, .T. ) ;
#3201 = DIRECTION ( 'NONE',  ( 1.000000000000000000, 0.0000000000000000000, -6.982966722218764100E-015 ) ) ;
#3202 = VECTOR ( 'NONE', #3201, 1000.000000000000000 ) ;
#3203 = CARTESIAN_POINT ( 'NONE',  ( -2.250000000000019500, -2.999999999999991600, -2.500000000000000900 ) ) ;
#3204 = LINE ( 'NONE', #3203, #3202 ) ;
#3205 = FILL_AREA_STYLE_COLOUR ( '', #3199 ) ;
#3206 = DIRECTION ( 'NONE',  ( 2.438091212180733500E-029, 1.000000000000000000, 3.491483361109382100E-015 ) ) ;
#3207 = DIRECTION ( 'NONE',  ( 6.982966722218764100E-015, -3.491483361109382100E-015, 1.000000000000000000 ) ) ;
#3208 = CARTESIAN_POINT ( 'NONE',  ( -2.250000000000019500, 1.750000000000010000, -2.499999999999984000 ) ) ;
#3209 = AXIS2_PLACEMENT_3D ( 'NONE', #3208, #3207, #3206 ) ;
#3210 = PLANE ( 'NONE',  #3209 ) ;
#3211 =( GEOMETRIC_REPRESENTATION_CONTEXT ( 3 ) GLOBAL_UNCERTAINTY_ASSIGNED_CONTEXT ( ( #3212 ) ) GLOBAL_UNIT_ASSIGNED_CONTEXT ( ( #3155, #3214, #3213 ) ) REPRESENTATION_CONTEXT ( 'NONE', 'WORKASPACE' ) );
#3212 = UNCERTAINTY_MEASURE_WITH_UNIT (LENGTH_MEASURE( 1.000000000000000100E-005 ), #3155, 'distance_accuracy_value', 'NONE');
#3213 =( NAMED_UNIT ( * ) SI_UNIT ( $, .STERADIAN. ) SOLID_ANGLE_UNIT ( ) );
#3214 =( NAMED_UNIT ( * ) PLANE_ANGLE_UNIT ( ) SI_UNIT ( $, .RADIAN. ) );
#3215 = UNCERTAINTY_MEASURE_WITH_UNIT (LENGTH_MEASURE( 1.000000000000000100E-005 ), #3218, 'distance_accuracy_value', 'NONE');
#3216 =( NAMED_UNIT ( * ) SI_UNIT ( $, .STERADIAN. ) SOLID_ANGLE_UNIT ( ) );
#3217 =( NAMED_UNIT ( * ) PLANE_ANGLE_UNIT ( ) SI_UNIT ( $, .RADIAN. ) );
#3218 =( LENGTH_UNIT ( ) NAMED_UNIT ( * ) SI_UNIT ( .MILLI., .METRE. ) );
#3219 = MECHANICAL_DESIGN_GEOMETRIC_PRESENTATION_REPRESENTATION (  '', ( #3221 ), #3268 ) ;
#3220 = PRESENTATION_LAYER_ASSIGNMENT (  '', '', ( #3221 ) ) ;
#3221 = STYLED_ITEM ( 'NONE', ( #3222 ), #8716 ) ;
#3222 = PRESENTATION_STYLE_ASSIGNMENT (( #3223 ) ) ;
#3223 = SURFACE_STYLE_USAGE ( .BOTH. , #3224 ) ;
#3224 = SURFACE_SIDE_STYLE ('',( #3225 ) ) ;
#3225 = SURFACE_STYLE_FILL_AREA ( #3226 ) ;
#3226 = FILL_AREA_STYLE ('',( #3233 ) ) ;
#3227 = COLOUR_RGB ( '',0.7529411764705882200, 0.7529411764705882200, 0.7529411764705882200 ) ;
#3228 = FACE_OUTER_BOUND ( 'NONE', #8717, .T. ) ;
#3229 = DIRECTION ( 'NONE',  ( 6.982966722218764100E-015, -3.398218658099876300E-015, 1.000000000000000000 ) ) ;
#3230 = VECTOR ( 'NONE', #3229, 1000.000000000000000 ) ;
#3231 = CARTESIAN_POINT ( 'NONE',  ( -2.250000000000022600, 1.250000000000011300, -2.957106781186534100 ) ) ;
#3232 = LINE ( 'NONE', #3231, #3230 ) ;
#3233 = FILL_AREA_STYLE_COLOUR ( '', #3227 ) ;
#3234 = CARTESIAN_POINT ( 'NONE',  ( -2.250000000000016000, 1.250000000000007800, -1.999999999999985300 ) ) ;
#3235 = DIRECTION ( 'NONE',  ( 1.000000000000000000, 0.0000000000000000000, -6.982966722218764100E-015 ) ) ;
#3236 = DIRECTION ( 'NONE',  ( -2.438091212180733500E-029, -1.000000000000000000, -3.491483361109382100E-015 ) ) ;
#3237 = CARTESIAN_POINT ( 'NONE',  ( -2.000000000000017300, -2.999999999999993300, -2.250000000000002200 ) ) ;
#3238 = AXIS2_PLACEMENT_3D ( 'NONE', #3237, #3236, #3235 ) ;
#3239 = PLANE ( 'NONE',  #3238 ) ;
#3240 =( GEOMETRIC_REPRESENTATION_CONTEXT ( 3 ) GLOBAL_UNCERTAINTY_ASSIGNED_CONTEXT ( ( #3241 ) ) GLOBAL_UNIT_ASSIGNED_CONTEXT ( ( #3190, #3189, #3188 ) ) REPRESENTATION_CONTEXT ( 'NONE', 'WORKASPACE' ) );
#3241 = UNCERTAINTY_MEASURE_WITH_UNIT (LENGTH_MEASURE( 1.000000000000000100E-005 ), #3190, 'distance_accuracy_value', 'NONE');
#3242 =( GEOMETRIC_REPRESENTATION_CONTEXT ( 3 ) GLOBAL_UNCERTAINTY_ASSIGNED_CONTEXT ( ( #3244 ) ) GLOBAL_UNIT_ASSIGNED_CONTEXT ( ( #3247, #3246, #3245 ) ) REPRESENTATION_CONTEXT ( 'NONE', 'WORKASPACE' ) );
#3243 = EDGE_CURVE ( 'NONE', #2610, #3718, #10257, .T. ) ;
#3244 = UNCERTAINTY_MEASURE_WITH_UNIT (LENGTH_MEASURE( 1.000000000000000100E-005 ), #3247, 'distance_accuracy_value', 'NONE');
#3245 =( NAMED_UNIT ( * ) SI_UNIT ( $, .STERADIAN. ) SOLID_ANGLE_UNIT ( ) );
#3246 =( NAMED_UNIT ( * ) PLANE_ANGLE_UNIT ( ) SI_UNIT ( $, .RADIAN. ) );
#3247 =( LENGTH_UNIT ( ) NAMED_UNIT ( * ) SI_UNIT ( .MILLI., .METRE. ) );
#3248 = MECHANICAL_DESIGN_GEOMETRIC_PRESENTATION_REPRESENTATION (  '', ( #3250 ), #3242 ) ;
#3249 = PRESENTATION_LAYER_ASSIGNMENT (  '', '', ( #3250 ) ) ;
#3250 = STYLED_ITEM ( 'NONE', ( #3251 ), #8723 ) ;
#3251 = PRESENTATION_STYLE_ASSIGNMENT (( #3252 ) ) ;
#3252 = SURFACE_STYLE_USAGE ( .BOTH. , #3253 ) ;
#3253 = SURFACE_SIDE_STYLE ('',( #3254 ) ) ;
#3254 = SURFACE_STYLE_FILL_AREA ( #3255 ) ;
#3255 = FILL_AREA_STYLE ('',( #3262 ) ) ;
#3256 = COLOUR_RGB ( '',0.7529411764705882200, 0.7529411764705882200, 0.7529411764705882200 ) ;
#3257 = FACE_OUTER_BOUND ( 'NONE', #8724, .T. ) ;
#3258 = DIRECTION ( 'NONE',  ( 1.000000000000000000, 0.0000000000000000000, -6.982966722218764100E-015 ) ) ;
#3259 = VECTOR ( 'NONE', #3258, 1000.000000000000000 ) ;
#3260 = CARTESIAN_POINT ( 'NONE',  ( -2.250000000000016000, 1.250000000000007800, -1.999999999999985800 ) ) ;
#3261 = LINE ( 'NONE', #3260, #3259 ) ;
#3262 = FILL_AREA_STYLE_COLOUR ( '', #3256 ) ;
#3263 = DIRECTION ( 'NONE',  ( 6.982966722218764100E-015, -3.398218658099876300E-015, 1.000000000000000000 ) ) ;
#3264 = DIRECTION ( 'NONE',  ( -2.372964780433434200E-029, -1.000000000000000000, -3.398218658099876300E-015 ) ) ;
#3265 = CARTESIAN_POINT ( 'NONE',  ( -2.250000000000022600, 1.250000000000011300, -2.957106781186534100 ) ) ;
#3266 = AXIS2_PLACEMENT_3D ( 'NONE', #3265, #3264, #3263 ) ;
#3267 = PLANE ( 'NONE',  #3266 ) ;
#3268 =( GEOMETRIC_REPRESENTATION_CONTEXT ( 3 ) GLOBAL_UNCERTAINTY_ASSIGNED_CONTEXT ( ( #3215 ) ) GLOBAL_UNIT_ASSIGNED_CONTEXT ( ( #3218, #3217, #3216 ) ) REPRESENTATION_CONTEXT ( 'NONE', 'WORKASPACE' ) );
#3269 =( GEOMETRIC_REPRESENTATION_CONTEXT ( 3 ) GLOBAL_UNCERTAINTY_ASSIGNED_CONTEXT ( ( #3270 ) ) GLOBAL_UNIT_ASSIGNED_CONTEXT ( ( #3273, #3272, #3271 ) ) REPRESENTATION_CONTEXT ( 'NONE', 'WORKASPACE' ) );
#3270 = UNCERTAINTY_MEASURE_WITH_UNIT (LENGTH_MEASURE( 1.000000000000000100E-005 ), #3273, 'distance_accuracy_value', 'NONE');
#3271 =( NAMED_UNIT ( * ) SI_UNIT ( $, .STERADIAN. ) SOLID_ANGLE_UNIT ( ) );
#3272 =( NAMED_UNIT ( * ) PLANE_ANGLE_UNIT ( ) SI_UNIT ( $, .RADIAN. ) );
#3273 =( LENGTH_UNIT ( ) NAMED_UNIT ( * ) SI_UNIT ( .MILLI., .METRE. ) );
#3274 = MECHANICAL_DESIGN_GEOMETRIC_PRESENTATION_REPRESENTATION (  '', ( #3276 ), #3269 ) ;
#3275 = PRESENTATION_LAYER_ASSIGNMENT (  '', '', ( #3276 ) ) ;
#3276 = STYLED_ITEM ( 'NONE', ( #3277 ), #8729 ) ;
#3277 = PRESENTATION_STYLE_ASSIGNMENT (( #3278 ) ) ;
#3278 = SURFACE_STYLE_USAGE ( .BOTH. , #3279 ) ;
#3279 = SURFACE_SIDE_STYLE ('',( #3280 ) ) ;
#3280 = SURFACE_STYLE_FILL_AREA ( #3281 ) ;
#3281 = FILL_AREA_STYLE ('',( #3288 ) ) ;
#3282 = COLOUR_RGB ( '',0.7529411764705882200, 0.7529411764705882200, 0.7529411764705882200 ) ;
#3283 = FACE_OUTER_BOUND ( 'NONE', #8730, .T. ) ;
#3284 = DIRECTION ( 'NONE',  ( 6.982966722218764100E-015, -3.398218658099876300E-015, 1.000000000000000000 ) ) ;
#3285 = VECTOR ( 'NONE', #3284, 1000.000000000000000 ) ;
#3286 = CARTESIAN_POINT ( 'NONE',  ( -2.250000000000022600, 1.750000000000011800, -2.957106781186532400 ) ) ;
#3287 = LINE ( 'NONE', #3286, #3285 ) ;
#3288 = FILL_AREA_STYLE_COLOUR ( '', #3282 ) ;
#3289 = DIRECTION ( 'NONE',  ( -1.000000000000000000, 0.0000000000000000000, 6.982966722218764100E-015 ) ) ;
#3290 = VECTOR ( 'NONE', #3289, 1000.000000000000000 ) ;
#3291 = CARTESIAN_POINT ( 'NONE',  ( -2.250000000000016000, -2.999999999999993300, -2.000000000000000400 ) ) ;
#3292 = LINE ( 'NONE', #3291, #3290 ) ;
#3293 = DIRECTION ( 'NONE',  ( -2.438091212180733500E-029, -1.000000000000000000, -3.491483361109382100E-015 ) ) ;
#3294 = DIRECTION ( 'NONE',  ( -6.982966722218764100E-015, 3.491483361109382100E-015, -1.000000000000000000 ) ) ;
#3295 = CARTESIAN_POINT ( 'NONE',  ( -2.250000000000016000, 1.250000000000007800, -1.999999999999985800 ) ) ;
#3296 = AXIS2_PLACEMENT_3D ( 'NONE', #3295, #3294, #3293 ) ;
#3297 = PLANE ( 'NONE',  #3296 ) ;
#3298 = LINE ( 'NONE', #3355, #3354 ) ;
#3299 = DIRECTION ( 'NONE',  ( 2.438091212180733500E-029, 1.000000000000000000, 3.491483361109382100E-015 ) ) ;
#3300 = DIRECTION ( 'NONE',  ( 1.000000000000000000, 0.0000000000000000000, -6.982966722218764100E-015 ) ) ;
#3301 = CARTESIAN_POINT ( 'NONE',  ( -3.750000000000022200, 1.250000000000011300, -2.957106781186523500 ) ) ;
#3302 = AXIS2_PLACEMENT_3D ( 'NONE', #3301, #3300, #3299 ) ;
#3303 = PLANE ( 'NONE',  #3302 ) ;
#3304 =( GEOMETRIC_REPRESENTATION_CONTEXT ( 3 ) GLOBAL_UNCERTAINTY_ASSIGNED_CONTEXT ( ( #3305 ) ) GLOBAL_UNIT_ASSIGNED_CONTEXT ( ( #3308, #3307, #3306 ) ) REPRESENTATION_CONTEXT ( 'NONE', 'WORKASPACE' ) );
#3305 = UNCERTAINTY_MEASURE_WITH_UNIT (LENGTH_MEASURE( 1.000000000000000100E-005 ), #3308, 'distance_accuracy_value', 'NONE');
#3306 =( NAMED_UNIT ( * ) SI_UNIT ( $, .STERADIAN. ) SOLID_ANGLE_UNIT ( ) );
#3307 =( NAMED_UNIT ( * ) PLANE_ANGLE_UNIT ( ) SI_UNIT ( $, .RADIAN. ) );
#3308 =( LENGTH_UNIT ( ) NAMED_UNIT ( * ) SI_UNIT ( .MILLI., .METRE. ) );
#3309 = ORIENTED_EDGE ( 'NONE', *, *, #3445, .T. ) ;
#3310 = MECHANICAL_DESIGN_GEOMETRIC_PRESENTATION_REPRESENTATION (  '', ( #3312 ), #3304 ) ;
#3311 = PRESENTATION_LAYER_ASSIGNMENT (  '', '', ( #3312 ) ) ;
#3312 = STYLED_ITEM ( 'NONE', ( #3313 ), #8735 ) ;
#3313 = PRESENTATION_STYLE_ASSIGNMENT (( #3314 ) ) ;
#3314 = SURFACE_STYLE_USAGE ( .BOTH. , #3315 ) ;
#3315 = SURFACE_SIDE_STYLE ('',( #3316 ) ) ;
#3316 = SURFACE_STYLE_FILL_AREA ( #3317 ) ;
#3317 = FILL_AREA_STYLE ('',( #3325 ) ) ;
#3318 = COLOUR_RGB ( '',0.7529411764705882200, 0.7529411764705882200, 0.7529411764705882200 ) ;
#3319 = FACE_OUTER_BOUND ( 'NONE', #8736, .T. ) ;
#3320 = DIRECTION ( 'NONE',  ( 2.438091212180733500E-029, 1.000000000000000000, 3.491483361109382100E-015 ) ) ;
#3321 = DIRECTION ( 'NONE',  ( 1.000000000000000000, 0.0000000000000000000, -6.982966722218764100E-015 ) ) ;
#3322 = CARTESIAN_POINT ( 'NONE',  ( -3.750000000000022200, 1.250000000000011300, -2.957106781186523500 ) ) ;
#3323 = ORIENTED_EDGE ( 'NONE', *, *, #6832, .T. ) ;
#3324 = AXIS2_PLACEMENT_3D ( 'NONE', #3322, #3321, #3320 ) ;
#3325 = FILL_AREA_STYLE_COLOUR ( '', #3318 ) ;
#3326 = PLANE ( 'NONE',  #3324 ) ;
#3327 = DIRECTION ( 'NONE',  ( -6.982966722218764100E-015, 3.398218658099876300E-015, -1.000000000000000000 ) ) ;
#3328 = DIRECTION ( 'NONE',  ( 2.372964780433434200E-029, 1.000000000000000000, 3.398218658099876300E-015 ) ) ;
#3329 = CARTESIAN_POINT ( 'NONE',  ( -4.250000000000023100, 1.750000000000011800, -2.957106781186518600 ) ) ;
#3330 = AXIS2_PLACEMENT_3D ( 'NONE', #3329, #3328, #3327 ) ;
#3331 = PLANE ( 'NONE',  #3330 ) ;
#3332 =( GEOMETRIC_REPRESENTATION_CONTEXT ( 3 ) GLOBAL_UNCERTAINTY_ASSIGNED_CONTEXT ( ( #3333 ) ) GLOBAL_UNIT_ASSIGNED_CONTEXT ( ( #3336, #3335, #3334 ) ) REPRESENTATION_CONTEXT ( 'NONE', 'WORKASPACE' ) );
#3333 = UNCERTAINTY_MEASURE_WITH_UNIT (LENGTH_MEASURE( 1.000000000000000100E-005 ), #3336, 'distance_accuracy_value', 'NONE');
#3334 =( NAMED_UNIT ( * ) SI_UNIT ( $, .STERADIAN. ) SOLID_ANGLE_UNIT ( ) );
#3335 =( NAMED_UNIT ( * ) PLANE_ANGLE_UNIT ( ) SI_UNIT ( $, .RADIAN. ) );
#3336 =( LENGTH_UNIT ( ) NAMED_UNIT ( * ) SI_UNIT ( .MILLI., .METRE. ) );
#3337 = MECHANICAL_DESIGN_GEOMETRIC_PRESENTATION_REPRESENTATION (  '', ( #3339 ), #3332 ) ;
#3338 = PRESENTATION_LAYER_ASSIGNMENT (  '', '', ( #3339 ) ) ;
#3339 = STYLED_ITEM ( 'NONE', ( #3340 ), #8746 ) ;
#3340 = PRESENTATION_STYLE_ASSIGNMENT (( #3341 ) ) ;
#3341 = SURFACE_STYLE_USAGE ( .BOTH. , #3342 ) ;
#3342 = SURFACE_SIDE_STYLE ('',( #3343 ) ) ;
#3343 = SURFACE_STYLE_FILL_AREA ( #3344 ) ;
#3344 = FILL_AREA_STYLE ('',( #3351 ) ) ;
#3345 = COLOUR_RGB ( '',0.7529411764705882200, 0.7529411764705882200, 0.7529411764705882200 ) ;
#3346 = FACE_OUTER_BOUND ( 'NONE', #8747, .T. ) ;
#3347 = DIRECTION ( 'NONE',  ( 6.982966722218764100E-015, -3.398218658099876300E-015, 1.000000000000000000 ) ) ;
#3348 = VECTOR ( 'NONE', #3347, 1000.000000000000000 ) ;
#3349 = CARTESIAN_POINT ( 'NONE',  ( -4.250000000000023100, 1.750000000000011800, -2.957106781186518600 ) ) ;
#3350 = LINE ( 'NONE', #3349, #3348 ) ;
#3351 = FILL_AREA_STYLE_COLOUR ( '', #3345 ) ;
#3352 = CARTESIAN_POINT ( 'NONE',  ( -3.750000000000015500, 1.250000000000007800, -1.999999999999974900 ) ) ;
#3353 = DIRECTION ( 'NONE',  ( 6.982966722218764100E-015, -3.398218658099876300E-015, 1.000000000000000000 ) ) ;
#3354 = VECTOR ( 'NONE', #3353, 1000.000000000000000 ) ;
#3355 = CARTESIAN_POINT ( 'NONE',  ( -3.750000000000022200, 1.250000000000011300, -2.957106781186523500 ) ) ;
#3356 = VERTEX_POINT ( 'NONE', #10253 ) ;
#3357 =( GEOMETRIC_REPRESENTATION_CONTEXT ( 3 ) GLOBAL_UNCERTAINTY_ASSIGNED_CONTEXT ( ( #3358 ) ) GLOBAL_UNIT_ASSIGNED_CONTEXT ( ( #3361, #3360, #3359 ) ) REPRESENTATION_CONTEXT ( 'NONE', 'WORKASPACE' ) );
#3358 = UNCERTAINTY_MEASURE_WITH_UNIT (LENGTH_MEASURE( 1.000000000000000100E-005 ), #3361, 'distance_accuracy_value', 'NONE');
#3359 =( NAMED_UNIT ( * ) SI_UNIT ( $, .STERADIAN. ) SOLID_ANGLE_UNIT ( ) );
#3360 =( NAMED_UNIT ( * ) PLANE_ANGLE_UNIT ( ) SI_UNIT ( $, .RADIAN. ) );
#3361 =( LENGTH_UNIT ( ) NAMED_UNIT ( * ) SI_UNIT ( .MILLI., .METRE. ) );
#3362 = MECHANICAL_DESIGN_GEOMETRIC_PRESENTATION_REPRESENTATION (  '', ( #3364 ), #3357 ) ;
#3363 = PRESENTATION_LAYER_ASSIGNMENT (  '', '', ( #3364 ) ) ;
#3364 = STYLED_ITEM ( 'NONE', ( #3365 ), #8756 ) ;
#3365 = PRESENTATION_STYLE_ASSIGNMENT (( #3366 ) ) ;
#3366 = SURFACE_STYLE_USAGE ( .BOTH. , #3367 ) ;
#3367 = SURFACE_SIDE_STYLE ('',( #3368 ) ) ;
#3368 = SURFACE_STYLE_FILL_AREA ( #3369 ) ;
#3369 = FILL_AREA_STYLE ('',( #3376 ) ) ;
#3370 = COLOUR_RGB ( '',0.7529411764705882200, 0.7529411764705882200, 0.7529411764705882200 ) ;
#3371 = FACE_OUTER_BOUND ( 'NONE', #8757, .T. ) ;
#3372 = DIRECTION ( 'NONE',  ( 1.000000000000000000, 0.0000000000000000000, -6.982966722218764100E-015 ) ) ;
#3373 = VECTOR ( 'NONE', #3372, 1000.000000000000000 ) ;
#3374 = CARTESIAN_POINT ( 'NONE',  ( -4.249999999999984000, 1.249999999999992200, 2.650000000000030100 ) ) ;
#3375 = LINE ( 'NONE', #3374, #3373 ) ;
#3376 = FILL_AREA_STYLE_COLOUR ( '', #3370 ) ;
#3377 = DIRECTION ( 'NONE',  ( -2.438091212180733500E-029, -1.000000000000000000, -3.491483361109382100E-015 ) ) ;
#3378 = VECTOR ( 'NONE', #3377, 1000.000000000000000 ) ;
#3379 = CARTESIAN_POINT ( 'NONE',  ( -4.249999999999984000, 1.249999999999992200, 2.650000000000030100 ) ) ;
#3380 = LINE ( 'NONE', #3379, #3378 ) ;
#3381 = DIRECTION ( 'NONE',  ( 6.982966722218764100E-015, -3.398218658099876300E-015, 1.000000000000000000 ) ) ;
#3382 = VECTOR ( 'NONE', #3381, 1000.000000000000000 ) ;
#3383 = CARTESIAN_POINT ( 'NONE',  ( -3.750000000000022200, 1.750000000000011800, -2.957106781186521700 ) ) ;
#3384 = LINE ( 'NONE', #3383, #3382 ) ;
#3385 =( GEOMETRIC_REPRESENTATION_CONTEXT ( 3 ) GLOBAL_UNCERTAINTY_ASSIGNED_CONTEXT ( ( #3386 ) ) GLOBAL_UNIT_ASSIGNED_CONTEXT ( ( #3389, #3388, #3387 ) ) REPRESENTATION_CONTEXT ( 'NONE', 'WORKASPACE' ) );
#3386 = UNCERTAINTY_MEASURE_WITH_UNIT (LENGTH_MEASURE( 1.000000000000000100E-005 ), #3389, 'distance_accuracy_value', 'NONE');
#3387 =( NAMED_UNIT ( * ) SI_UNIT ( $, .STERADIAN. ) SOLID_ANGLE_UNIT ( ) );
#3388 =( NAMED_UNIT ( * ) PLANE_ANGLE_UNIT ( ) SI_UNIT ( $, .RADIAN. ) );
#3389 =( LENGTH_UNIT ( ) NAMED_UNIT ( * ) SI_UNIT ( .MILLI., .METRE. ) );
#3390 = MECHANICAL_DESIGN_GEOMETRIC_PRESENTATION_REPRESENTATION (  '', ( #3392 ), #3385 ) ;
#3391 = PRESENTATION_LAYER_ASSIGNMENT (  '', '', ( #3392 ) ) ;
#3392 = STYLED_ITEM ( 'NONE', ( #3393 ), #8764 ) ;
#3393 = PRESENTATION_STYLE_ASSIGNMENT (( #3394 ) ) ;
#3394 = SURFACE_STYLE_USAGE ( .BOTH. , #3395 ) ;
#3395 = SURFACE_SIDE_STYLE ('',( #3396 ) ) ;
#3396 = SURFACE_STYLE_FILL_AREA ( #3397 ) ;
#3397 = FILL_AREA_STYLE ('',( #3404 ) ) ;
#3398 = COLOUR_RGB ( '',0.7529411764705882200, 0.7529411764705882200, 0.7529411764705882200 ) ;
#3399 = FACE_OUTER_BOUND ( 'NONE', #6953, .T. ) ;
#3400 = DIRECTION ( 'NONE',  ( 6.982966722218764100E-015, -3.398218658099876300E-015, 1.000000000000000000 ) ) ;
#3401 = VECTOR ( 'NONE', #3400, 1000.000000000000000 ) ;
#3402 = CARTESIAN_POINT ( 'NONE',  ( -3.750000000000022200, 1.250000000000011300, -2.957106781186523500 ) ) ;
#3403 = LINE ( 'NONE', #3402, #3401 ) ;
#3404 = FILL_AREA_STYLE_COLOUR ( '', #3398 ) ;
#3405 = DIRECTION ( 'NONE',  ( 6.982966722218764100E-015, -3.398218658099876300E-015, 1.000000000000000000 ) ) ;
#3406 = VECTOR ( 'NONE', #3405, 1000.000000000000000 ) ;
#3407 = CARTESIAN_POINT ( 'NONE',  ( -4.250000000000023100, 1.250000000000011300, -2.957106781186519900 ) ) ;
#3408 = LINE ( 'NONE', #3407, #3406 ) ;
#3409 = DIRECTION ( 'NONE',  ( 6.982966722218764100E-015, -3.398218658099876300E-015, 1.000000000000000000 ) ) ;
#3410 = DIRECTION ( 'NONE',  ( -2.372964780433434200E-029, -1.000000000000000000, -3.398218658099876300E-015 ) ) ;
#3411 = CARTESIAN_POINT ( 'NONE',  ( -4.250000000000023100, 1.250000000000011300, -2.957106781186519900 ) ) ;
#3412 = AXIS2_PLACEMENT_3D ( 'NONE', #3411, #3410, #3409 ) ;
#3413 = PLANE ( 'NONE',  #3412 ) ;
#3414 = UNCERTAINTY_MEASURE_WITH_UNIT (LENGTH_MEASURE( 1.000000000000000100E-005 ), #3417, 'distance_accuracy_value', 'NONE');
#3415 =( NAMED_UNIT ( * ) SI_UNIT ( $, .STERADIAN. ) SOLID_ANGLE_UNIT ( ) );
#3416 =( NAMED_UNIT ( * ) PLANE_ANGLE_UNIT ( ) SI_UNIT ( $, .RADIAN. ) );
#3417 =( LENGTH_UNIT ( ) NAMED_UNIT ( * ) SI_UNIT ( .MILLI., .METRE. ) );
#3418 = MECHANICAL_DESIGN_GEOMETRIC_PRESENTATION_REPRESENTATION (  '', ( #3420 ), #3478 ) ;
#3419 = PRESENTATION_LAYER_ASSIGNMENT (  '', '', ( #3420 ) ) ;
#3420 = STYLED_ITEM ( 'NONE', ( #3421 ), #8775 ) ;
#3421 = PRESENTATION_STYLE_ASSIGNMENT (( #3422 ) ) ;
#3422 = SURFACE_STYLE_USAGE ( .BOTH. , #3423 ) ;
#3423 = SURFACE_SIDE_STYLE ('',( #3424 ) ) ;
#3424 = SURFACE_STYLE_FILL_AREA ( #3425 ) ;
#3426 = VERTEX_POINT ( 'NONE', #10252 ) ;
#3425 = FILL_AREA_STYLE ('',( #3433 ) ) ;
#3427 = COLOUR_RGB ( '',0.7529411764705882200, 0.7529411764705882200, 0.7529411764705882200 ) ;
#3428 = FACE_OUTER_BOUND ( 'NONE', #8776, .T. ) ;
#3429 = DIRECTION ( 'NONE',  ( 6.982966722218764100E-015, -3.398218658099876300E-015, 1.000000000000000000 ) ) ;
#3430 = VECTOR ( 'NONE', #3429, 1000.000000000000000 ) ;
#3431 = CARTESIAN_POINT ( 'NONE',  ( -4.250000000000023100, 1.250000000000011300, -2.957106781186519900 ) ) ;
#3432 = LINE ( 'NONE', #3431, #3430 ) ;
#3433 = FILL_AREA_STYLE_COLOUR ( '', #3427 ) ;
#3434 = CARTESIAN_POINT ( 'NONE',  ( -4.250000000000016000, 1.250000000000007800, -1.999999999999971400 ) ) ;
#3435 = DIRECTION ( 'NONE',  ( -2.438091212180733500E-029, -1.000000000000000000, -3.491483361109382100E-015 ) ) ;
#3436 = VECTOR ( 'NONE', #3435, 1000.000000000000000 ) ;
#3437 = CARTESIAN_POINT ( 'NONE',  ( -4.250000000000016000, 1.250000000000007800, -1.999999999999971400 ) ) ;
#3438 = LINE ( 'NONE', #3437, #3436 ) ;
#3439 = CARTESIAN_POINT ( 'NONE',  ( -4.250000000000016000, -2.999999999999993300, -1.999999999999986700 ) ) ;
#3440 = DIRECTION ( 'NONE',  ( -2.438091212180733500E-029, -1.000000000000000000, -3.491483361109382100E-015 ) ) ;
#3441 = DIRECTION ( 'NONE',  ( -1.000000000000000000, 0.0000000000000000000, 6.982966722218764100E-015 ) ) ;
#3442 = CARTESIAN_POINT ( 'NONE',  ( -4.250000000000023100, 1.250000000000011300, -2.957106781186519900 ) ) ;
#3443 = AXIS2_PLACEMENT_3D ( 'NONE', #3442, #3441, #3440 ) ;
#3444 = PLANE ( 'NONE',  #3443 ) ;
#3445 = EDGE_CURVE ( 'NONE', #3356, #2610, #10251, .T. ) ;
#3446 =( NAMED_UNIT ( * ) PLANE_ANGLE_UNIT ( ) SI_UNIT ( $, .RADIAN. ) );
#3447 =( LENGTH_UNIT ( ) NAMED_UNIT ( * ) SI_UNIT ( .MILLI., .METRE. ) );
#3448 = MECHANICAL_DESIGN_GEOMETRIC_PRESENTATION_REPRESENTATION (  '', ( #3450 ), #3502 ) ;
#3449 = PRESENTATION_LAYER_ASSIGNMENT (  '', '', ( #3450 ) ) ;
#3450 = STYLED_ITEM ( 'NONE', ( #3451 ), #8787 ) ;
#3451 = PRESENTATION_STYLE_ASSIGNMENT (( #3452 ) ) ;
#3452 = SURFACE_STYLE_USAGE ( .BOTH. , #3453 ) ;
#3453 = SURFACE_SIDE_STYLE ('',( #3454 ) ) ;
#3454 = SURFACE_STYLE_FILL_AREA ( #3455 ) ;
#3456 = EDGE_CURVE ( 'NONE', #3426, #3356, #10247, .T. ) ;
#3455 = FILL_AREA_STYLE ('',( #3463 ) ) ;
#3457 = COLOUR_RGB ( '',0.7529411764705882200, 0.7529411764705882200, 0.7529411764705882200 ) ;
#3458 = FACE_OUTER_BOUND ( 'NONE', #8788, .T. ) ;
#3459 = DIRECTION ( 'NONE',  ( 6.982966722218764100E-015, -3.398218658099876300E-015, 1.000000000000000000 ) ) ;
#3460 = VECTOR ( 'NONE', #3459, 1000.000000000000000 ) ;
#3461 = CARTESIAN_POINT ( 'NONE',  ( -4.250000000000023100, 1.750000000000011800, -2.957106781186518600 ) ) ;
#3462 = LINE ( 'NONE', #3461, #3460 ) ;
#3463 = FILL_AREA_STYLE_COLOUR ( '', #3457 ) ;
#3464 = CARTESIAN_POINT ( 'NONE',  ( -4.250000000000019500, 1.750000000000010000, -2.499999999999970200 ) ) ;
#3465 = DIRECTION ( 'NONE',  ( -1.000000000000000000, 0.0000000000000000000, 6.982966722218764100E-015 ) ) ;
#3466 = VECTOR ( 'NONE', #3465, 1000.000000000000000 ) ;
#3467 = CARTESIAN_POINT ( 'NONE',  ( -4.250000000000019500, 1.750000000000010000, -2.499999999999970200 ) ) ;
#3468 = LINE ( 'NONE', #3467, #3466 ) ;
#3469 = DIRECTION ( 'NONE',  ( 1.000000000000000000, 0.0000000000000000000, -6.982966722218764100E-015 ) ) ;
#3470 = VECTOR ( 'NONE', #3469, 1000.000000000000000 ) ;
#3471 = CARTESIAN_POINT ( 'NONE',  ( -4.250000000000016000, 1.250000000000007800, -1.999999999999971800 ) ) ;
#3472 = LINE ( 'NONE', #3471, #3470 ) ;
#3473 = DIRECTION ( 'NONE',  ( 6.982966722218764100E-015, -3.398218658099876300E-015, 1.000000000000000000 ) ) ;
#3474 = DIRECTION ( 'NONE',  ( -2.372964780433434200E-029, -1.000000000000000000, -3.398218658099876300E-015 ) ) ;
#3475 = CARTESIAN_POINT ( 'NONE',  ( -4.250000000000023100, 1.250000000000011300, -2.957106781186519900 ) ) ;
#3476 = AXIS2_PLACEMENT_3D ( 'NONE', #3475, #3474, #3473 ) ;
#3477 = PLANE ( 'NONE',  #3476 ) ;
#3478 =( GEOMETRIC_REPRESENTATION_CONTEXT ( 3 ) GLOBAL_UNCERTAINTY_ASSIGNED_CONTEXT ( ( #3414 ) ) GLOBAL_UNIT_ASSIGNED_CONTEXT ( ( #3417, #3416, #3415 ) ) REPRESENTATION_CONTEXT ( 'NONE', 'WORKASPACE' ) );
#3479 = LINE ( 'NONE', #3534, #3533 ) ;
#3480 = CARTESIAN_POINT ( 'NONE',  ( -3.750000000000019500, -2.999999999999991600, -2.499999999999990700 ) ) ;
#3481 = DIRECTION ( 'NONE',  ( 6.982966722218764100E-015, -3.491483361109382100E-015, 1.000000000000000000 ) ) ;
#3482 = VECTOR ( 'NONE', #3481, 1000.000000000000000 ) ;
#3483 = CARTESIAN_POINT ( 'NONE',  ( -3.750000000000019100, -2.999999999999993300, -2.478553390593264200 ) ) ;
#3484 = LINE ( 'NONE', #3483, #3482 ) ;
#3485 = ORIENTED_EDGE ( 'NONE', *, *, #3456, .T. ) ;
#3486 = CARTESIAN_POINT ( 'NONE',  ( -3.750000000000015500, -2.999999999999993300, -1.999999999999989600 ) ) ;
#3487 = DIRECTION ( 'NONE',  ( -2.438091212180733500E-029, -1.000000000000000000, -3.491483361109382100E-015 ) ) ;
#3488 = VECTOR ( 'NONE', #3487, 1000.000000000000000 ) ;
#3489 = CARTESIAN_POINT ( 'NONE',  ( -3.750000000000015500, 1.250000000000007800, -1.999999999999974900 ) ) ;
#3490 = LINE ( 'NONE', #3489, #3488 ) ;
#3491 = CARTESIAN_POINT ( 'NONE',  ( -4.250000000000019500, -2.999999999999991600, -2.499999999999987100 ) ) ;
#3492 = DIRECTION ( 'NONE',  ( -2.438091212180733500E-029, -1.000000000000000000, -3.491483361109382100E-015 ) ) ;
#3493 = VECTOR ( 'NONE', #3492, 1000.000000000000000 ) ;
#3494 = CARTESIAN_POINT ( 'NONE',  ( -4.250000000000019500, 1.750000000000010000, -2.499999999999970200 ) ) ;
#3495 = LINE ( 'NONE', #3494, #3493 ) ;
#3496 = ORIENTED_EDGE ( 'NONE', *, *, #3093, .T. ) ;
#3497 = DIRECTION ( 'NONE',  ( -2.438091212180733500E-029, -1.000000000000000000, -3.491483361109382100E-015 ) ) ;
#3498 = DIRECTION ( 'NONE',  ( -1.000000000000000000, 0.0000000000000000000, 6.982966722218764100E-015 ) ) ;
#3499 = CARTESIAN_POINT ( 'NONE',  ( -4.250000000000023100, 1.250000000000011300, -2.957106781186519900 ) ) ;
#3500 = AXIS2_PLACEMENT_3D ( 'NONE', #3499, #3498, #3497 ) ;
#3501 = PLANE ( 'NONE',  #3500 ) ;
#3502 =( GEOMETRIC_REPRESENTATION_CONTEXT ( 3 ) GLOBAL_UNCERTAINTY_ASSIGNED_CONTEXT ( ( #3503 ) ) GLOBAL_UNIT_ASSIGNED_CONTEXT ( ( #3447, #3446, #3504 ) ) REPRESENTATION_CONTEXT ( 'NONE', 'WORKASPACE' ) );
#3503 = UNCERTAINTY_MEASURE_WITH_UNIT (LENGTH_MEASURE( 1.000000000000000100E-005 ), #3447, 'distance_accuracy_value', 'NONE');
#3504 =( NAMED_UNIT ( * ) SI_UNIT ( $, .STERADIAN. ) SOLID_ANGLE_UNIT ( ) );
#3505 = UNCERTAINTY_MEASURE_WITH_UNIT (LENGTH_MEASURE( 1.000000000000000100E-005 ), #3748, 'distance_accuracy_value', 'NONE');
#3506 = DIRECTION ( 'NONE',  ( -6.982966722218764100E-015, 3.398218658099876300E-015, -1.000000000000000000 ) ) ;
#3507 = DIRECTION ( 'NONE',  ( 2.372964780433434200E-029, 1.000000000000000000, 3.398218658099876300E-015 ) ) ;
#3508 = CARTESIAN_POINT ( 'NONE',  ( -4.250000000000023100, 1.750000000000011800, -2.957106781186518600 ) ) ;
#3509 = AXIS2_PLACEMENT_3D ( 'NONE', #3508, #3507, #3506 ) ;
#3510 = PLANE ( 'NONE',  #3509 ) ;
#3511 =( GEOMETRIC_REPRESENTATION_CONTEXT ( 3 ) GLOBAL_UNCERTAINTY_ASSIGNED_CONTEXT ( ( #3512 ) ) GLOBAL_UNIT_ASSIGNED_CONTEXT ( ( #3515, #3514, #3513 ) ) REPRESENTATION_CONTEXT ( 'NONE', 'WORKASPACE' ) );
#3512 = UNCERTAINTY_MEASURE_WITH_UNIT (LENGTH_MEASURE( 1.000000000000000100E-005 ), #3515, 'distance_accuracy_value', 'NONE');
#3513 =( NAMED_UNIT ( * ) SI_UNIT ( $, .STERADIAN. ) SOLID_ANGLE_UNIT ( ) );
#3514 =( NAMED_UNIT ( * ) PLANE_ANGLE_UNIT ( ) SI_UNIT ( $, .RADIAN. ) );
#3515 =( LENGTH_UNIT ( ) NAMED_UNIT ( * ) SI_UNIT ( .MILLI., .METRE. ) );
#3516 = MECHANICAL_DESIGN_GEOMETRIC_PRESENTATION_REPRESENTATION (  '', ( #3518 ), #3511 ) ;
#3517 = PRESENTATION_LAYER_ASSIGNMENT (  '', '', ( #3518 ) ) ;
#3518 = STYLED_ITEM ( 'NONE', ( #3519 ), #8805 ) ;
#3519 = PRESENTATION_STYLE_ASSIGNMENT (( #3520 ) ) ;
#3520 = SURFACE_STYLE_USAGE ( .BOTH. , #3521 ) ;
#3521 = SURFACE_SIDE_STYLE ('',( #3522 ) ) ;
#3522 = SURFACE_STYLE_FILL_AREA ( #3523 ) ;
#3523 = FILL_AREA_STYLE ('',( #3530 ) ) ;
#3524 = COLOUR_RGB ( '',0.7529411764705882200, 0.7529411764705882200, 0.7529411764705882200 ) ;
#3525 = FACE_OUTER_BOUND ( 'NONE', #8806, .T. ) ;
#3526 = DIRECTION ( 'NONE',  ( 6.982966722218764100E-015, -3.398218658099876300E-015, 1.000000000000000000 ) ) ;
#3527 = VECTOR ( 'NONE', #3526, 1000.000000000000000 ) ;
#3528 = CARTESIAN_POINT ( 'NONE',  ( -3.750000000000022200, 1.750000000000011800, -2.957106781186521700 ) ) ;
#3529 = LINE ( 'NONE', #3528, #3527 ) ;
#3530 = FILL_AREA_STYLE_COLOUR ( '', #3524 ) ;
#3531 = CARTESIAN_POINT ( 'NONE',  ( -3.750000000000019100, 1.750000000000010000, -2.499999999999974200 ) ) ;
#3532 = DIRECTION ( 'NONE',  ( -2.438091212180733500E-029, -1.000000000000000000, -3.491483361109382100E-015 ) ) ;
#3533 = VECTOR ( 'NONE', #3532, 1000.000000000000000 ) ;
#3534 = CARTESIAN_POINT ( 'NONE',  ( -3.750000000000019100, 1.750000000000010000, -2.499999999999974200 ) ) ;
#3536 = EDGE_CURVE ( 'NONE', #3718, #3426, #10243, .T. ) ;
#3535 = UNCERTAINTY_MEASURE_WITH_UNIT (LENGTH_MEASURE( 1.000000000000000100E-005 ), #3539, 'distance_accuracy_value', 'NONE');
#3537 =( NAMED_UNIT ( * ) SI_UNIT ( $, .STERADIAN. ) SOLID_ANGLE_UNIT ( ) );
#3538 =( NAMED_UNIT ( * ) PLANE_ANGLE_UNIT ( ) SI_UNIT ( $, .RADIAN. ) );
#3539 =( LENGTH_UNIT ( ) NAMED_UNIT ( * ) SI_UNIT ( .MILLI., .METRE. ) );
#3540 = MECHANICAL_DESIGN_GEOMETRIC_PRESENTATION_REPRESENTATION (  '', ( #3542 ), #3594 ) ;
#3541 = PRESENTATION_LAYER_ASSIGNMENT (  '', '', ( #3542 ) ) ;
#3542 = STYLED_ITEM ( 'NONE', ( #3543 ), #8819 ) ;
#3543 = PRESENTATION_STYLE_ASSIGNMENT (( #3544 ) ) ;
#3544 = SURFACE_STYLE_USAGE ( .BOTH. , #3545 ) ;
#3545 = SURFACE_SIDE_STYLE ('',( #3546 ) ) ;
#3546 = SURFACE_STYLE_FILL_AREA ( #3547 ) ;
#3547 = FILL_AREA_STYLE ('',( #3554 ) ) ;
#3548 = COLOUR_RGB ( '',0.7529411764705882200, 0.7529411764705882200, 0.7529411764705882200 ) ;
#3549 = FACE_OUTER_BOUND ( 'NONE', #8820, .T. ) ;
#3550 = DIRECTION ( 'NONE',  ( -2.438091212180733500E-029, -1.000000000000000000, -3.491483361109382100E-015 ) ) ;
#3551 = VECTOR ( 'NONE', #3550, 1000.000000000000000 ) ;
#3552 = CARTESIAN_POINT ( 'NONE',  ( -0.2500000000000141600, 5.000000000000005300, -1.749999999999983300 ) ) ;
#3553 = LINE ( 'NONE', #3552, #3551 ) ;
#3554 = FILL_AREA_STYLE_COLOUR ( '', #3548 ) ;
#3555 = DIRECTION ( 'NONE',  ( 1.000000000000000000, 0.0000000000000000000, -6.982966722218764100E-015 ) ) ;
#3556 = VECTOR ( 'NONE', #3555, 1000.000000000000000 ) ;
#3557 = CARTESIAN_POINT ( 'NONE',  ( -6.249999999999984000, 1.249999999999992200, 2.650000000000044300 ) ) ;
#3558 = LINE ( 'NONE', #3557, #3556 ) ;
#3559 = CARTESIAN_POINT ( 'NONE',  ( -6.249999999999984000, 1.249999999999992200, 2.650000000000044300 ) ) ;
#3560 = DIRECTION ( 'NONE',  ( -2.438091212180733500E-029, -1.000000000000000000, -3.491483361109382100E-015 ) ) ;
#3561 = VECTOR ( 'NONE', #3560, 1000.000000000000000 ) ;
#3562 = CARTESIAN_POINT ( 'NONE',  ( -6.249999999999984000, 1.249999999999992200, 2.650000000000044300 ) ) ;
#3563 = LINE ( 'NONE', #3562, #3561 ) ;
#3564 = CARTESIAN_POINT ( 'NONE',  ( -6.249999999999984000, 1.749999999999992700, 2.650000000000046100 ) ) ;
#3565 = DIRECTION ( 'NONE',  ( -1.000000000000000000, 0.0000000000000000000, 6.982966722218764100E-015 ) ) ;
#3566 = VECTOR ( 'NONE', #3565, 1000.000000000000000 ) ;
#3567 = CARTESIAN_POINT ( 'NONE',  ( -6.249999999999984000, 1.749999999999992700, 2.650000000000046100 ) ) ;
#3568 = LINE ( 'NONE', #3567, #3566 ) ;
#3569 = UNCERTAINTY_MEASURE_WITH_UNIT (LENGTH_MEASURE( 1.000000000000000100E-005 ), #3572, 'distance_accuracy_value', 'NONE');
#3570 =( NAMED_UNIT ( * ) SI_UNIT ( $, .STERADIAN. ) SOLID_ANGLE_UNIT ( ) );
#3571 =( NAMED_UNIT ( * ) PLANE_ANGLE_UNIT ( ) SI_UNIT ( $, .RADIAN. ) );
#3572 =( LENGTH_UNIT ( ) NAMED_UNIT ( * ) SI_UNIT ( .MILLI., .METRE. ) );
#3573 = MECHANICAL_DESIGN_GEOMETRIC_PRESENTATION_REPRESENTATION (  '', ( #3575 ), #3622 ) ;
#3574 = PRESENTATION_LAYER_ASSIGNMENT (  '', '', ( #3575 ) ) ;
#3575 = STYLED_ITEM ( 'NONE', ( #3576 ), #8826 ) ;
#3576 = PRESENTATION_STYLE_ASSIGNMENT (( #3577 ) ) ;
#3577 = SURFACE_STYLE_USAGE ( .BOTH. , #3578 ) ;
#3578 = SURFACE_SIDE_STYLE ('',( #3579 ) ) ;
#3579 = SURFACE_STYLE_FILL_AREA ( #3580 ) ;
#3580 = FILL_AREA_STYLE ('',( #3587 ) ) ;
#3581 = COLOUR_RGB ( '',0.7529411764705882200, 0.7529411764705882200, 0.7529411764705882200 ) ;
#3582 = FACE_OUTER_BOUND ( 'NONE', #8828, .T. ) ;
#3583 = DIRECTION ( 'NONE',  ( 6.982966722218764100E-015, -3.398218658099876300E-015, 1.000000000000000000 ) ) ;
#3584 = VECTOR ( 'NONE', #3583, 1000.000000000000000 ) ;
#3585 = CARTESIAN_POINT ( 'NONE',  ( -6.250000000000023100, 1.250000000000011300, -2.957106781186505700 ) ) ;
#3586 = LINE ( 'NONE', #3585, #3584 ) ;
#3587 = FILL_AREA_STYLE_COLOUR ( '', #3581 ) ;
#3588 = EDGE_LOOP ( 'NONE', ( #3764, #3485, #3309, #3177 ) ) ;
#3589 = DIRECTION ( 'NONE',  ( 6.982966722218764100E-015, -3.398218658099876300E-015, 1.000000000000000000 ) ) ;
#3590 = DIRECTION ( 'NONE',  ( -2.372964780433434200E-029, -1.000000000000000000, -3.398218658099876300E-015 ) ) ;
#3591 = CARTESIAN_POINT ( 'NONE',  ( -6.250000000000023100, 1.250000000000011300, -2.957106781186505700 ) ) ;
#3592 = AXIS2_PLACEMENT_3D ( 'NONE', #3591, #3590, #3589 ) ;
#3593 = PLANE ( 'NONE',  #3592 ) ;
#3594 =( GEOMETRIC_REPRESENTATION_CONTEXT ( 3 ) GLOBAL_UNCERTAINTY_ASSIGNED_CONTEXT ( ( #3535 ) ) GLOBAL_UNIT_ASSIGNED_CONTEXT ( ( #3539, #3538, #3537 ) ) REPRESENTATION_CONTEXT ( 'NONE', 'WORKASPACE' ) );
#3595 = DIRECTION ( 'NONE',  ( -2.438091212180733500E-029, -1.000000000000000000, -3.491483361109382100E-015 ) ) ;
#3596 = DIRECTION ( 'NONE',  ( -6.982966722218764100E-015, 3.491483361109382100E-015, -1.000000000000000000 ) ) ;
#3597 = CARTESIAN_POINT ( 'NONE',  ( -5.749999999999983100, 1.749999999999992700, 2.650000000000042500 ) ) ;
#3598 = AXIS2_PLACEMENT_3D ( 'NONE', #3597, #3596, #3595 ) ;
#3599 = VERTEX_POINT ( 'NONE', #10239 ) ;
#3600 = PLANE ( 'NONE',  #3598 ) ;
#3601 =( GEOMETRIC_REPRESENTATION_CONTEXT ( 3 ) GLOBAL_UNCERTAINTY_ASSIGNED_CONTEXT ( ( #3602 ) ) GLOBAL_UNIT_ASSIGNED_CONTEXT ( ( #3605, #3604, #3603 ) ) REPRESENTATION_CONTEXT ( 'NONE', 'WORKASPACE' ) );
#3602 = UNCERTAINTY_MEASURE_WITH_UNIT (LENGTH_MEASURE( 1.000000000000000100E-005 ), #3605, 'distance_accuracy_value', 'NONE');
#3603 =( NAMED_UNIT ( * ) SI_UNIT ( $, .STERADIAN. ) SOLID_ANGLE_UNIT ( ) );
#3604 =( NAMED_UNIT ( * ) PLANE_ANGLE_UNIT ( ) SI_UNIT ( $, .RADIAN. ) );
#3605 =( LENGTH_UNIT ( ) NAMED_UNIT ( * ) SI_UNIT ( .MILLI., .METRE. ) );
#3606 = MECHANICAL_DESIGN_GEOMETRIC_PRESENTATION_REPRESENTATION (  '', ( #3608 ), #3601 ) ;
#3607 = PRESENTATION_LAYER_ASSIGNMENT (  '', '', ( #3608 ) ) ;
#3608 = STYLED_ITEM ( 'NONE', ( #3609 ), #8833 ) ;
#3609 = PRESENTATION_STYLE_ASSIGNMENT (( #3610 ) ) ;
#3610 = SURFACE_STYLE_USAGE ( .BOTH. , #3611 ) ;
#3611 = SURFACE_SIDE_STYLE ('',( #3612 ) ) ;
#3612 = SURFACE_STYLE_FILL_AREA ( #3613 ) ;
#3613 = FILL_AREA_STYLE ('',( #3620 ) ) ;
#3614 = COLOUR_RGB ( '',0.7529411764705882200, 0.7529411764705882200, 0.7529411764705882200 ) ;
#3615 = FACE_OUTER_BOUND ( 'NONE', #8834, .T. ) ;
#3616 = DIRECTION ( 'NONE',  ( 1.000000000000000000, 0.0000000000000000000, -6.982966722218764100E-015 ) ) ;
#3617 = DIRECTION ( 'NONE',  ( -2.438091212180733500E-029, -1.000000000000000000, -3.491483361109382100E-015 ) ) ;
#3618 = CARTESIAN_POINT ( 'NONE',  ( -4.000000000000017800, -2.999999999999993300, -2.249999999999988500 ) ) ;
#3619 = AXIS2_PLACEMENT_3D ( 'NONE', #3618, #3617, #3616 ) ;
#3620 = FILL_AREA_STYLE_COLOUR ( '', #3614 ) ;
#3621 = PLANE ( 'NONE',  #3619 ) ;
#3622 =( GEOMETRIC_REPRESENTATION_CONTEXT ( 3 ) GLOBAL_UNCERTAINTY_ASSIGNED_CONTEXT ( ( #3569 ) ) GLOBAL_UNIT_ASSIGNED_CONTEXT ( ( #3572, #3571, #3570 ) ) REPRESENTATION_CONTEXT ( 'NONE', 'WORKASPACE' ) );
#3623 = CARTESIAN_POINT ( 'NONE',  ( -4.250000000000016000, -2.999999999999993300, -1.999999999999986700 ) ) ;
#3624 = LINE ( 'NONE', #3623, #3679 ) ;
#3625 = FILL_AREA_STYLE_COLOUR ( '', #3676 ) ;
#3626 = DIRECTION ( 'NONE',  ( -2.438091212180733500E-029, -1.000000000000000000, -3.491483361109382100E-015 ) ) ;
#3627 = DIRECTION ( 'NONE',  ( -6.982966722218764100E-015, 3.491483361109382100E-015, -1.000000000000000000 ) ) ;
#3628 = CARTESIAN_POINT ( 'NONE',  ( -4.250000000000016000, 1.250000000000007800, -1.999999999999971800 ) ) ;
#3629 = AXIS2_PLACEMENT_3D ( 'NONE', #3628, #3627, #3626 ) ;
#3630 = PLANE ( 'NONE',  #3629 ) ;
#3631 =( GEOMETRIC_REPRESENTATION_CONTEXT ( 3 ) GLOBAL_UNCERTAINTY_ASSIGNED_CONTEXT ( ( #3632 ) ) GLOBAL_UNIT_ASSIGNED_CONTEXT ( ( #3635, #3634, #3633 ) ) REPRESENTATION_CONTEXT ( 'NONE', 'WORKASPACE' ) );
#3632 = UNCERTAINTY_MEASURE_WITH_UNIT (LENGTH_MEASURE( 1.000000000000000100E-005 ), #3635, 'distance_accuracy_value', 'NONE');
#3633 =( NAMED_UNIT ( * ) SI_UNIT ( $, .STERADIAN. ) SOLID_ANGLE_UNIT ( ) );
#3634 =( NAMED_UNIT ( * ) PLANE_ANGLE_UNIT ( ) SI_UNIT ( $, .RADIAN. ) );
#3635 =( LENGTH_UNIT ( ) NAMED_UNIT ( * ) SI_UNIT ( .MILLI., .METRE. ) );
#3636 = MECHANICAL_DESIGN_GEOMETRIC_PRESENTATION_REPRESENTATION (  '', ( #3638 ), #3631 ) ;
#3637 = PRESENTATION_LAYER_ASSIGNMENT (  '', '', ( #3638 ) ) ;
#3638 = STYLED_ITEM ( 'NONE', ( #3639 ), #8837 ) ;
#3639 = PRESENTATION_STYLE_ASSIGNMENT (( #3640 ) ) ;
#3640 = SURFACE_STYLE_USAGE ( .BOTH. , #3641 ) ;
#3641 = SURFACE_SIDE_STYLE ('',( #3642 ) ) ;
#3642 = SURFACE_STYLE_FILL_AREA ( #3643 ) ;
#3643 = FILL_AREA_STYLE ('',( #3650 ) ) ;
#3644 = COLOUR_RGB ( '',0.7529411764705882200, 0.7529411764705882200, 0.7529411764705882200 ) ;
#3645 = FACE_OUTER_BOUND ( 'NONE', #8838, .T. ) ;
#3646 = DIRECTION ( 'NONE',  ( 2.438091212180733500E-029, 1.000000000000000000, 3.491483361109382100E-015 ) ) ;
#3647 = VECTOR ( 'NONE', #3646, 1000.000000000000000 ) ;
#3648 = CARTESIAN_POINT ( 'NONE',  ( -5.749999999999983100, 1.249999999999992200, 2.650000000000040800 ) ) ;
#3649 = LINE ( 'NONE', #3648, #3647 ) ;
#3650 = FILL_AREA_STYLE_COLOUR ( '', #3644 ) ;
#3651 = CARTESIAN_POINT ( 'NONE',  ( -4.250000000000019500, -2.999999999999993300, -2.478553390593260600 ) ) ;
#3652 = LINE ( 'NONE', #3651, #3714 ) ;
#3653 = DIRECTION ( 'NONE',  ( 1.000000000000000000, 0.0000000000000000000, -6.982966722218764100E-015 ) ) ;
#3654 = VECTOR ( 'NONE', #3653, 1000.000000000000000 ) ;
#3655 = CARTESIAN_POINT ( 'NONE',  ( -4.250000000000019500, -2.999999999999991600, -2.499999999999987100 ) ) ;
#3656 = LINE ( 'NONE', #3655, #3654 ) ;
#3657 = DIRECTION ( 'NONE',  ( 2.438091212180733500E-029, 1.000000000000000000, 3.491483361109382100E-015 ) ) ;
#3658 = DIRECTION ( 'NONE',  ( 6.982966722218764100E-015, -3.491483361109382100E-015, 1.000000000000000000 ) ) ;
#3659 = CARTESIAN_POINT ( 'NONE',  ( -4.250000000000019500, 1.750000000000010000, -2.499999999999970200 ) ) ;
#3660 = AXIS2_PLACEMENT_3D ( 'NONE', #3659, #3658, #3657 ) ;
#3661 = PLANE ( 'NONE',  #3660 ) ;
#3662 = ORIENTED_EDGE ( 'NONE', *, *, #3722, .F. ) ;
#3663 =( GEOMETRIC_REPRESENTATION_CONTEXT ( 3 ) GLOBAL_UNCERTAINTY_ASSIGNED_CONTEXT ( ( #3664 ) ) GLOBAL_UNIT_ASSIGNED_CONTEXT ( ( #3667, #3666, #3665 ) ) REPRESENTATION_CONTEXT ( 'NONE', 'WORKASPACE' ) );
#3664 = UNCERTAINTY_MEASURE_WITH_UNIT (LENGTH_MEASURE( 1.000000000000000100E-005 ), #3667, 'distance_accuracy_value', 'NONE');
#3665 =( NAMED_UNIT ( * ) SI_UNIT ( $, .STERADIAN. ) SOLID_ANGLE_UNIT ( ) );
#3666 =( NAMED_UNIT ( * ) PLANE_ANGLE_UNIT ( ) SI_UNIT ( $, .RADIAN. ) );
#3667 =( LENGTH_UNIT ( ) NAMED_UNIT ( * ) SI_UNIT ( .MILLI., .METRE. ) );
#3668 = MECHANICAL_DESIGN_GEOMETRIC_PRESENTATION_REPRESENTATION (  '', ( #3670 ), #3663 ) ;
#3669 = PRESENTATION_LAYER_ASSIGNMENT (  '', '', ( #3670 ) ) ;
#3670 = STYLED_ITEM ( 'NONE', ( #3671 ), #8844 ) ;
#3671 = PRESENTATION_STYLE_ASSIGNMENT (( #3672 ) ) ;
#3672 = SURFACE_STYLE_USAGE ( .BOTH. , #3673 ) ;
#3673 = SURFACE_SIDE_STYLE ('',( #3674 ) ) ;
#3674 = SURFACE_STYLE_FILL_AREA ( #3675 ) ;
#3675 = FILL_AREA_STYLE ('',( #3625 ) ) ;
#3676 = COLOUR_RGB ( '',0.7529411764705882200, 0.7529411764705882200, 0.7529411764705882200 ) ;
#3677 = FACE_OUTER_BOUND ( 'NONE', #8845, .T. ) ;
#3678 = DIRECTION ( 'NONE',  ( -1.000000000000000000, 0.0000000000000000000, 6.982966722218764100E-015 ) ) ;
#3679 = VECTOR ( 'NONE', #3678, 1000.000000000000000 ) ;
#3680 = FILL_AREA_STYLE ('',( #3687 ) ) ;
#3681 = COLOUR_RGB ( '',0.7529411764705882200, 0.7529411764705882200, 0.7529411764705882200 ) ;
#3682 = FACE_OUTER_BOUND ( 'NONE', #8875, .T. ) ;
#3683 = DIRECTION ( 'NONE',  ( 6.982966722218764100E-015, -3.398218658099876300E-015, 1.000000000000000000 ) ) ;
#3684 = VECTOR ( 'NONE', #3683, 1000.000000000000000 ) ;
#3685 = CARTESIAN_POINT ( 'NONE',  ( -5.750000000000022200, 1.750000000000011800, -2.957106781186507500 ) ) ;
#3686 = LINE ( 'NONE', #3685, #3684 ) ;
#3687 = FILL_AREA_STYLE_COLOUR ( '', #3681 ) ;
#3688 = DIRECTION ( 'NONE',  ( 6.982966722218764100E-015, -3.398218658099876300E-015, 1.000000000000000000 ) ) ;
#3689 = VECTOR ( 'NONE', #3688, 1000.000000000000000 ) ;
#3690 = CARTESIAN_POINT ( 'NONE',  ( -5.750000000000022200, 1.750000000000011800, -2.957106781186507500 ) ) ;
#3691 = LINE ( 'NONE', #3690, #3689 ) ;
#3692 = CARTESIAN_POINT ( 'NONE',  ( -5.750000000000018700, 1.750000000000010000, -2.499999999999959600 ) ) ;
#3693 = DIRECTION ( 'NONE',  ( -2.438091212180733500E-029, -1.000000000000000000, -3.491483361109382100E-015 ) ) ;
#3694 = VECTOR ( 'NONE', #3693, 1000.000000000000000 ) ;
#3695 = CARTESIAN_POINT ( 'NONE',  ( -5.750000000000018700, 1.750000000000010000, -2.499999999999959600 ) ) ;
#3696 = LINE ( 'NONE', #3695, #3694 ) ;
#3697 = EDGE_CURVE ( 'NONE', #3599, #3893, #10238, .T. ) ;
#3698 = CARTESIAN_POINT ( 'NONE',  ( -5.750000000000018700, -2.999999999999991600, -2.499999999999976000 ) ) ;
#3699 = DIRECTION ( 'NONE',  ( 6.982966722218764100E-015, -3.491483361109382100E-015, 1.000000000000000000 ) ) ;
#3700 = VECTOR ( 'NONE', #3699, 1000.000000000000000 ) ;
#3701 = CARTESIAN_POINT ( 'NONE',  ( -5.750000000000018700, -2.999999999999993300, -2.478553390593249500 ) ) ;
#3702 = LINE ( 'NONE', #3701, #3700 ) ;
#3703 = CARTESIAN_POINT ( 'NONE',  ( -5.750000000000015100, -2.999999999999993300, -1.999999999999975400 ) ) ;
#3704 = DIRECTION ( 'NONE',  ( -2.438091212180733500E-029, -1.000000000000000000, -3.491483361109382100E-015 ) ) ;
#3705 = VECTOR ( 'NONE', #3704, 1000.000000000000000 ) ;
#3706 = CARTESIAN_POINT ( 'NONE',  ( -5.750000000000015100, 1.250000000000007800, -1.999999999999960500 ) ) ;
#3707 = LINE ( 'NONE', #3706, #3705 ) ;
#3708 = CARTESIAN_POINT ( 'NONE',  ( -5.750000000000015100, 1.250000000000007800, -1.999999999999960500 ) ) ;
#3709 = DIRECTION ( 'NONE',  ( 6.982966722218764100E-015, -3.398218658099876300E-015, 1.000000000000000000 ) ) ;
#3710 = VECTOR ( 'NONE', #3709, 1000.000000000000000 ) ;
#3711 = CARTESIAN_POINT ( 'NONE',  ( -5.750000000000022200, 1.250000000000011300, -2.957106781186509300 ) ) ;
#3712 = LINE ( 'NONE', #3711, #3710 ) ;
#3713 = DIRECTION ( 'NONE',  ( -6.982966722218764100E-015, 3.491483361109382100E-015, -1.000000000000000000 ) ) ;
#3714 = VECTOR ( 'NONE', #3713, 1000.000000000000000 ) ;
#3715 =( LENGTH_UNIT ( ) NAMED_UNIT ( * ) SI_UNIT ( .MILLI., .METRE. ) );
#3716 = MECHANICAL_DESIGN_GEOMETRIC_PRESENTATION_REPRESENTATION (  '', ( #3719 ), #3771 ) ;
#3718 = VERTEX_POINT ( 'NONE', #10297 ) ;
#3717 = PRESENTATION_LAYER_ASSIGNMENT (  '', '', ( #3719 ) ) ;
#3719 = STYLED_ITEM ( 'NONE', ( #3720 ), #8880 ) ;
#3720 = PRESENTATION_STYLE_ASSIGNMENT (( #3721 ) ) ;
#3722 = EDGE_CURVE ( 'NONE', #7356, #6811, #10296, .T. ) ;
#3721 = SURFACE_STYLE_USAGE ( .BOTH. , #3723 ) ;
#3723 = SURFACE_SIDE_STYLE ('',( #3724 ) ) ;
#3724 = SURFACE_STYLE_FILL_AREA ( #3725 ) ;
#3725 = FILL_AREA_STYLE ('',( #3732 ) ) ;
#3726 = COLOUR_RGB ( '',0.7529411764705882200, 0.7529411764705882200, 0.7529411764705882200 ) ;
#3727 = FACE_OUTER_BOUND ( 'NONE', #8881, .T. ) ;
#3728 = DIRECTION ( 'NONE',  ( 2.438091212180733500E-029, 1.000000000000000000, 3.491483361109382100E-015 ) ) ;
#3729 = DIRECTION ( 'NONE',  ( 1.000000000000000000, 0.0000000000000000000, -6.982966722218764100E-015 ) ) ;
#3730 = CARTESIAN_POINT ( 'NONE',  ( -5.750000000000022200, 1.250000000000011300, -2.957106781186509300 ) ) ;
#3731 = AXIS2_PLACEMENT_3D ( 'NONE', #3730, #3729, #3728 ) ;
#3732 = FILL_AREA_STYLE_COLOUR ( '', #3726 ) ;
#3733 = PLANE ( 'NONE',  #3731 ) ;
#3734 =( GEOMETRIC_REPRESENTATION_CONTEXT ( 3 ) GLOBAL_UNCERTAINTY_ASSIGNED_CONTEXT ( ( #3735 ) ) GLOBAL_UNIT_ASSIGNED_CONTEXT ( ( #3738, #3737, #3736 ) ) REPRESENTATION_CONTEXT ( 'NONE', 'WORKASPACE' ) );
#3735 = UNCERTAINTY_MEASURE_WITH_UNIT (LENGTH_MEASURE( 1.000000000000000100E-005 ), #3738, 'distance_accuracy_value', 'NONE');
#3736 =( NAMED_UNIT ( * ) SI_UNIT ( $, .STERADIAN. ) SOLID_ANGLE_UNIT ( ) );
#3737 =( NAMED_UNIT ( * ) PLANE_ANGLE_UNIT ( ) SI_UNIT ( $, .RADIAN. ) );
#3738 =( LENGTH_UNIT ( ) NAMED_UNIT ( * ) SI_UNIT ( .MILLI., .METRE. ) );
#3739 = MECHANICAL_DESIGN_GEOMETRIC_PRESENTATION_REPRESENTATION (  '', ( #3741 ), #3734 ) ;
#3740 = PRESENTATION_LAYER_ASSIGNMENT (  '', '', ( #3741 ) ) ;
#3741 = STYLED_ITEM ( 'NONE', ( #3742 ), #8874 ) ;
#3742 = PRESENTATION_STYLE_ASSIGNMENT (( #3743 ) ) ;
#3743 = SURFACE_STYLE_USAGE ( .BOTH. , #3744 ) ;
#3744 = SURFACE_SIDE_STYLE ('',( #3745 ) ) ;
#3745 = SURFACE_STYLE_FILL_AREA ( #3680 ) ;
#3746 =( NAMED_UNIT ( * ) SI_UNIT ( $, .STERADIAN. ) SOLID_ANGLE_UNIT ( ) );
#3747 =( NAMED_UNIT ( * ) PLANE_ANGLE_UNIT ( ) SI_UNIT ( $, .RADIAN. ) );
#3748 =( LENGTH_UNIT ( ) NAMED_UNIT ( * ) SI_UNIT ( .MILLI., .METRE. ) );
#3749 = MECHANICAL_DESIGN_GEOMETRIC_PRESENTATION_REPRESENTATION (  '', ( #3751 ), #3802 ) ;
#3750 = PRESENTATION_LAYER_ASSIGNMENT (  '', '', ( #3751 ) ) ;
#3751 = STYLED_ITEM ( 'NONE', ( #3752 ), #8885 ) ;
#3752 = PRESENTATION_STYLE_ASSIGNMENT (( #3753 ) ) ;
#3753 = SURFACE_STYLE_USAGE ( .BOTH. , #3754 ) ;
#3754 = SURFACE_SIDE_STYLE ('',( #3755 ) ) ;
#3755 = SURFACE_STYLE_FILL_AREA ( #3756 ) ;
#3756 = FILL_AREA_STYLE ('',( #3763 ) ) ;
#3757 = COLOUR_RGB ( '',0.7529411764705882200, 0.7529411764705882200, 0.7529411764705882200 ) ;
#3758 = FACE_OUTER_BOUND ( 'NONE', #8886, .T. ) ;
#3759 = DIRECTION ( 'NONE',  ( 6.982966722218764100E-015, -3.398218658099876300E-015, 1.000000000000000000 ) ) ;
#3760 = VECTOR ( 'NONE', #3759, 1000.000000000000000 ) ;
#3761 = CARTESIAN_POINT ( 'NONE',  ( -5.750000000000022200, 1.250000000000011300, -2.957106781186509300 ) ) ;
#3762 = LINE ( 'NONE', #3761, #3760 ) ;
#3763 = FILL_AREA_STYLE_COLOUR ( '', #3757 ) ;
#3764 = ORIENTED_EDGE ( 'NONE', *, *, #3536, .T. ) ;
#3765 = DIRECTION ( 'NONE',  ( 2.438091212180733500E-029, 1.000000000000000000, 3.491483361109382100E-015 ) ) ;
#3766 = DIRECTION ( 'NONE',  ( 1.000000000000000000, 0.0000000000000000000, -6.982966722218764100E-015 ) ) ;
#3767 = CARTESIAN_POINT ( 'NONE',  ( -5.750000000000022200, 1.250000000000011300, -2.957106781186509300 ) ) ;
#3768 = AXIS2_PLACEMENT_3D ( 'NONE', #3767, #3766, #3765 ) ;
#3769 = PLANE ( 'NONE',  #3768 ) ;
#3770 = ORIENTED_EDGE ( 'NONE', *, *, #7332, .T. ) ;
#3771 =( GEOMETRIC_REPRESENTATION_CONTEXT ( 3 ) GLOBAL_UNCERTAINTY_ASSIGNED_CONTEXT ( ( #3772 ) ) GLOBAL_UNIT_ASSIGNED_CONTEXT ( ( #3715, #3774, #3773 ) ) REPRESENTATION_CONTEXT ( 'NONE', 'WORKASPACE' ) );
#3772 = UNCERTAINTY_MEASURE_WITH_UNIT (LENGTH_MEASURE( 1.000000000000000100E-005 ), #3715, 'distance_accuracy_value', 'NONE');
#3773 =( NAMED_UNIT ( * ) SI_UNIT ( $, .STERADIAN. ) SOLID_ANGLE_UNIT ( ) );
#3774 =( NAMED_UNIT ( * ) PLANE_ANGLE_UNIT ( ) SI_UNIT ( $, .RADIAN. ) );
#3775 = PLANE ( 'NONE',  #3830 ) ;
#3776 =( GEOMETRIC_REPRESENTATION_CONTEXT ( 3 ) GLOBAL_UNCERTAINTY_ASSIGNED_CONTEXT ( ( #3777 ) ) GLOBAL_UNIT_ASSIGNED_CONTEXT ( ( #3780, #3779, #3778 ) ) REPRESENTATION_CONTEXT ( 'NONE', 'WORKASPACE' ) );
#3777 = UNCERTAINTY_MEASURE_WITH_UNIT (LENGTH_MEASURE( 1.000000000000000100E-005 ), #3780, 'distance_accuracy_value', 'NONE');
#3778 =( NAMED_UNIT ( * ) SI_UNIT ( $, .STERADIAN. ) SOLID_ANGLE_UNIT ( ) );
#3779 =( NAMED_UNIT ( * ) PLANE_ANGLE_UNIT ( ) SI_UNIT ( $, .RADIAN. ) );
#3780 =( LENGTH_UNIT ( ) NAMED_UNIT ( * ) SI_UNIT ( .MILLI., .METRE. ) );
#3781 = MECHANICAL_DESIGN_GEOMETRIC_PRESENTATION_REPRESENTATION (  '', ( #3783 ), #3776 ) ;
#3782 = PRESENTATION_LAYER_ASSIGNMENT (  '', '', ( #3783 ) ) ;
#3783 = STYLED_ITEM ( 'NONE', ( #3784 ), #8892 ) ;
#3784 = PRESENTATION_STYLE_ASSIGNMENT (( #3785 ) ) ;
#3785 = SURFACE_STYLE_USAGE ( .BOTH. , #3786 ) ;
#3786 = SURFACE_SIDE_STYLE ('',( #3787 ) ) ;
#3787 = SURFACE_STYLE_FILL_AREA ( #3788 ) ;
#3788 = FILL_AREA_STYLE ('',( #3795 ) ) ;
#3789 = COLOUR_RGB ( '',0.7529411764705882200, 0.7529411764705882200, 0.7529411764705882200 ) ;
#3790 = FACE_OUTER_BOUND ( 'NONE', #1878, .T. ) ;
#3791 = DIRECTION ( 'NONE',  ( 6.982966722218764100E-015, -3.398218658099876300E-015, 1.000000000000000000 ) ) ;
#3792 = VECTOR ( 'NONE', #3791, 1000.000000000000000 ) ;
#3793 = CARTESIAN_POINT ( 'NONE',  ( -6.250000000000023100, 1.750000000000011800, -2.957106781186503900 ) ) ;
#3794 = LINE ( 'NONE', #3793, #3792 ) ;
#3795 = FILL_AREA_STYLE_COLOUR ( '', #3789 ) ;
#3796 = DIRECTION ( 'NONE',  ( -2.438091212180733500E-029, -1.000000000000000000, -3.491483361109382100E-015 ) ) ;
#3797 = DIRECTION ( 'NONE',  ( -1.000000000000000000, 0.0000000000000000000, 6.982966722218764100E-015 ) ) ;
#3798 = CARTESIAN_POINT ( 'NONE',  ( -6.250000000000023100, 1.250000000000011300, -2.957106781186505700 ) ) ;
#3799 = AXIS2_PLACEMENT_3D ( 'NONE', #3798, #3797, #3796 ) ;
#3800 = ORIENTED_EDGE ( 'NONE', *, *, #3870, .F. ) ;
#3801 = PLANE ( 'NONE',  #3799 ) ;
#3802 =( GEOMETRIC_REPRESENTATION_CONTEXT ( 3 ) GLOBAL_UNCERTAINTY_ASSIGNED_CONTEXT ( ( #3505 ) ) GLOBAL_UNIT_ASSIGNED_CONTEXT ( ( #3748, #3747, #3746 ) ) REPRESENTATION_CONTEXT ( 'NONE', 'WORKASPACE' ) );
#3803 = DIRECTION ( 'NONE',  ( -6.982966722218764100E-015, 3.491483361109382100E-015, -1.000000000000000000 ) ) ;
#3804 = CARTESIAN_POINT ( 'NONE',  ( -6.250000000000016000, 1.250000000000007800, -1.999999999999957600 ) ) ;
#3805 = AXIS2_PLACEMENT_3D ( 'NONE', #3804, #3803, #3866 ) ;
#3806 = PLANE ( 'NONE',  #3805 ) ;
#3807 =( GEOMETRIC_REPRESENTATION_CONTEXT ( 3 ) GLOBAL_UNCERTAINTY_ASSIGNED_CONTEXT ( ( #3808 ) ) GLOBAL_UNIT_ASSIGNED_CONTEXT ( ( #3811, #3810, #3809 ) ) REPRESENTATION_CONTEXT ( 'NONE', 'WORKASPACE' ) );
#3808 = UNCERTAINTY_MEASURE_WITH_UNIT (LENGTH_MEASURE( 1.000000000000000100E-005 ), #3811, 'distance_accuracy_value', 'NONE');
#3809 =( NAMED_UNIT ( * ) SI_UNIT ( $, .STERADIAN. ) SOLID_ANGLE_UNIT ( ) );
#3810 =( NAMED_UNIT ( * ) PLANE_ANGLE_UNIT ( ) SI_UNIT ( $, .RADIAN. ) );
#3811 =( LENGTH_UNIT ( ) NAMED_UNIT ( * ) SI_UNIT ( .MILLI., .METRE. ) );
#3812 = MECHANICAL_DESIGN_GEOMETRIC_PRESENTATION_REPRESENTATION (  '', ( #3814 ), #3807 ) ;
#3813 = PRESENTATION_LAYER_ASSIGNMENT (  '', '', ( #3814 ) ) ;
#3814 = STYLED_ITEM ( 'NONE', ( #3815 ), #8902 ) ;
#3815 = PRESENTATION_STYLE_ASSIGNMENT (( #3816 ) ) ;
#3816 = SURFACE_STYLE_USAGE ( .BOTH. , #3817 ) ;
#3817 = SURFACE_SIDE_STYLE ('',( #3818 ) ) ;
#3818 = SURFACE_STYLE_FILL_AREA ( #3819 ) ;
#3819 = FILL_AREA_STYLE ('',( #3826 ) ) ;
#3820 = COLOUR_RGB ( '',0.7529411764705882200, 0.7529411764705882200, 0.7529411764705882200 ) ;
#3821 = FACE_OUTER_BOUND ( 'NONE', #8903, .T. ) ;
#3822 = DIRECTION ( 'NONE',  ( 1.000000000000000000, 0.0000000000000000000, -6.982966722218764100E-015 ) ) ;
#3823 = VECTOR ( 'NONE', #3822, 1000.000000000000000 ) ;
#3824 = CARTESIAN_POINT ( 'NONE',  ( -6.250000000000016000, 1.250000000000007800, -1.999999999999957600 ) ) ;
#3825 = LINE ( 'NONE', #3824, #3823 ) ;
#3826 = FILL_AREA_STYLE_COLOUR ( '', #3820 ) ;
#3827 = DIRECTION ( 'NONE',  ( -6.982966722218764100E-015, 3.398218658099876300E-015, -1.000000000000000000 ) ) ;
#3828 = DIRECTION ( 'NONE',  ( 2.372964780433434200E-029, 1.000000000000000000, 3.398218658099876300E-015 ) ) ;
#3829 = CARTESIAN_POINT ( 'NONE',  ( -6.250000000000023100, 1.750000000000011800, -2.957106781186503900 ) ) ;
#3830 = AXIS2_PLACEMENT_3D ( 'NONE', #3829, #3828, #3827 ) ;
#3831 =( LENGTH_UNIT ( ) NAMED_UNIT ( * ) SI_UNIT ( .MILLI., .METRE. ) );
#3832 = MECHANICAL_DESIGN_GEOMETRIC_PRESENTATION_REPRESENTATION (  '', ( #3834 ), #3889 ) ;
#3833 = PRESENTATION_LAYER_ASSIGNMENT (  '', '', ( #3834 ) ) ;
#3834 = STYLED_ITEM ( 'NONE', ( #3835 ), #8920 ) ;
#3835 = PRESENTATION_STYLE_ASSIGNMENT (( #3836 ) ) ;
#3836 = SURFACE_STYLE_USAGE ( .BOTH. , #3837 ) ;
#3837 = SURFACE_SIDE_STYLE ('',( #3838 ) ) ;
#3838 = SURFACE_STYLE_FILL_AREA ( #3839 ) ;
#3839 = FILL_AREA_STYLE ('',( #3846 ) ) ;
#3840 = COLOUR_RGB ( '',0.7529411764705882200, 0.7529411764705882200, 0.7529411764705882200 ) ;
#3841 = FACE_OUTER_BOUND ( 'NONE', #8921, .T. ) ;
#3842 = DIRECTION ( 'NONE',  ( 6.982966722218764100E-015, -3.398218658099876300E-015, 1.000000000000000000 ) ) ;
#3843 = VECTOR ( 'NONE', #3842, 1000.000000000000000 ) ;
#3844 = CARTESIAN_POINT ( 'NONE',  ( -6.250000000000023100, 1.250000000000011300, -2.957106781186505700 ) ) ;
#3845 = LINE ( 'NONE', #3844, #3843 ) ;
#3846 = FILL_AREA_STYLE_COLOUR ( '', #3840 ) ;
#3847 = CARTESIAN_POINT ( 'NONE',  ( -6.250000000000016000, 1.250000000000007800, -1.999999999999957100 ) ) ;
#3848 = DIRECTION ( 'NONE',  ( -2.438091212180733500E-029, -1.000000000000000000, -3.491483361109382100E-015 ) ) ;
#3849 = VECTOR ( 'NONE', #3848, 1000.000000000000000 ) ;
#3850 = CARTESIAN_POINT ( 'NONE',  ( -6.250000000000016000, 1.250000000000007800, -1.999999999999957100 ) ) ;
#3851 = LINE ( 'NONE', #3850, #3849 ) ;
#3852 = CARTESIAN_POINT ( 'NONE',  ( -6.250000000000016000, -2.999999999999993300, -1.999999999999972200 ) ) ;
#3853 = DIRECTION ( 'NONE',  ( -6.982966722218764100E-015, 3.491483361109382100E-015, -1.000000000000000000 ) ) ;
#3854 = VECTOR ( 'NONE', #3853, 1000.000000000000000 ) ;
#3855 = CARTESIAN_POINT ( 'NONE',  ( -6.250000000000019500, -2.999999999999993300, -2.478553390593246400 ) ) ;
#3856 = LINE ( 'NONE', #3855, #3854 ) ;
#3857 = CARTESIAN_POINT ( 'NONE',  ( -6.250000000000019500, -2.999999999999991600, -2.499999999999972900 ) ) ;
#3858 = DIRECTION ( 'NONE',  ( -2.438091212180733500E-029, -1.000000000000000000, -3.491483361109382100E-015 ) ) ;
#3859 = VECTOR ( 'NONE', #3858, 1000.000000000000000 ) ;
#3860 = CARTESIAN_POINT ( 'NONE',  ( -6.250000000000019500, 1.750000000000010000, -2.499999999999956000 ) ) ;
#3861 = LINE ( 'NONE', #3860, #3859 ) ;
#3862 = DIRECTION ( 'NONE',  ( -1.000000000000000000, 0.0000000000000000000, 6.982966722218764100E-015 ) ) ;
#3863 = VECTOR ( 'NONE', #3862, 1000.000000000000000 ) ;
#3864 = CARTESIAN_POINT ( 'NONE',  ( -6.250000000000016000, -2.999999999999993300, -1.999999999999972200 ) ) ;
#3865 = LINE ( 'NONE', #3864, #3863 ) ;
#3866 = DIRECTION ( 'NONE',  ( -2.438091212180733500E-029, -1.000000000000000000, -3.491483361109382100E-015 ) ) ;
#3867 = ORIENTED_EDGE ( 'NONE', *, *, #3697, .F. ) ;
#3868 = UNCERTAINTY_MEASURE_WITH_UNIT (LENGTH_MEASURE( 1.000000000000000100E-005 ), #3872, 'distance_accuracy_value', 'NONE');
#3869 =( NAMED_UNIT ( * ) SI_UNIT ( $, .STERADIAN. ) SOLID_ANGLE_UNIT ( ) );
#3870 = EDGE_CURVE ( 'NONE', #3893, #6889, #10292, .T. ) ;
#3871 =( NAMED_UNIT ( * ) PLANE_ANGLE_UNIT ( ) SI_UNIT ( $, .RADIAN. ) );
#3872 =( LENGTH_UNIT ( ) NAMED_UNIT ( * ) SI_UNIT ( .MILLI., .METRE. ) );
#3873 = MECHANICAL_DESIGN_GEOMETRIC_PRESENTATION_REPRESENTATION (  '', ( #3875 ), #3923 ) ;
#3874 = PRESENTATION_LAYER_ASSIGNMENT (  '', '', ( #3875 ) ) ;
#3875 = STYLED_ITEM ( 'NONE', ( #3876 ), #8923 ) ;
#3876 = PRESENTATION_STYLE_ASSIGNMENT (( #3877 ) ) ;
#3877 = SURFACE_STYLE_USAGE ( .BOTH. , #3878 ) ;
#3878 = SURFACE_SIDE_STYLE ('',( #3879 ) ) ;
#3879 = SURFACE_STYLE_FILL_AREA ( #3880 ) ;
#3880 = FILL_AREA_STYLE ('',( #3887 ) ) ;
#3881 = COLOUR_RGB ( '',0.7529411764705882200, 0.7529411764705882200, 0.7529411764705882200 ) ;
#3882 = FACE_OUTER_BOUND ( 'NONE', #8924, .T. ) ;
#3883 = DIRECTION ( 'NONE',  ( 6.982966722218764100E-015, -3.398218658099876300E-015, 1.000000000000000000 ) ) ;
#3884 = DIRECTION ( 'NONE',  ( -2.372964780433434200E-029, -1.000000000000000000, -3.398218658099876300E-015 ) ) ;
#3885 = CARTESIAN_POINT ( 'NONE',  ( -6.250000000000023100, 1.250000000000011300, -2.957106781186505700 ) ) ;
#3886 = AXIS2_PLACEMENT_3D ( 'NONE', #3885, #3884, #3883 ) ;
#3887 = FILL_AREA_STYLE_COLOUR ( '', #3881 ) ;
#3888 = PLANE ( 'NONE',  #3886 ) ;
#3889 =( GEOMETRIC_REPRESENTATION_CONTEXT ( 3 ) GLOBAL_UNCERTAINTY_ASSIGNED_CONTEXT ( ( #3890 ) ) GLOBAL_UNIT_ASSIGNED_CONTEXT ( ( #3831, #3892, #3891 ) ) REPRESENTATION_CONTEXT ( 'NONE', 'WORKASPACE' ) );
#3890 = UNCERTAINTY_MEASURE_WITH_UNIT (LENGTH_MEASURE( 1.000000000000000100E-005 ), #3831, 'distance_accuracy_value', 'NONE');
#3891 =( NAMED_UNIT ( * ) SI_UNIT ( $, .STERADIAN. ) SOLID_ANGLE_UNIT ( ) );
#3892 =( NAMED_UNIT ( * ) PLANE_ANGLE_UNIT ( ) SI_UNIT ( $, .RADIAN. ) );
#3893 = VERTEX_POINT ( 'NONE', #10288 ) ;
#3894 = UNCERTAINTY_MEASURE_WITH_UNIT (LENGTH_MEASURE( 1.000000000000000100E-005 ), #3897, 'distance_accuracy_value', 'NONE');
#3895 =( NAMED_UNIT ( * ) SI_UNIT ( $, .STERADIAN. ) SOLID_ANGLE_UNIT ( ) );
#3896 =( NAMED_UNIT ( * ) PLANE_ANGLE_UNIT ( ) SI_UNIT ( $, .RADIAN. ) );
#3897 =( LENGTH_UNIT ( ) NAMED_UNIT ( * ) SI_UNIT ( .MILLI., .METRE. ) );
#3898 = MECHANICAL_DESIGN_GEOMETRIC_PRESENTATION_REPRESENTATION (  '', ( #3900 ), #3947 ) ;
#3899 = PRESENTATION_LAYER_ASSIGNMENT (  '', '', ( #3900 ) ) ;
#3900 = STYLED_ITEM ( 'NONE', ( #3901 ), #8932 ) ;
#3901 = PRESENTATION_STYLE_ASSIGNMENT (( #3902 ) ) ;
#3902 = SURFACE_STYLE_USAGE ( .BOTH. , #3903 ) ;
#3903 = SURFACE_SIDE_STYLE ('',( #3904 ) ) ;
#3904 = SURFACE_STYLE_FILL_AREA ( #3905 ) ;
#3905 = FILL_AREA_STYLE ('',( #3912 ) ) ;
#3906 = COLOUR_RGB ( '',0.7529411764705882200, 0.7529411764705882200, 0.7529411764705882200 ) ;
#3907 = FACE_OUTER_BOUND ( 'NONE', #8851, .T. ) ;
#3908 = DIRECTION ( 'NONE',  ( 6.982966722218764100E-015, -3.398218658099876300E-015, 1.000000000000000000 ) ) ;
#3909 = VECTOR ( 'NONE', #3908, 1000.000000000000000 ) ;
#3910 = CARTESIAN_POINT ( 'NONE',  ( -6.250000000000023100, 1.750000000000011800, -2.957106781186503900 ) ) ;
#3911 = LINE ( 'NONE', #3910, #3909 ) ;
#3912 = FILL_AREA_STYLE_COLOUR ( '', #3906 ) ;
#3913 = CARTESIAN_POINT ( 'NONE',  ( -6.250000000000019500, 1.750000000000010000, -2.499999999999956000 ) ) ;
#3914 = DIRECTION ( 'NONE',  ( -1.000000000000000000, 0.0000000000000000000, 6.982966722218764100E-015 ) ) ;
#3915 = VECTOR ( 'NONE', #3914, 1000.000000000000000 ) ;
#3916 = CARTESIAN_POINT ( 'NONE',  ( -6.250000000000019500, 1.750000000000010000, -2.499999999999956000 ) ) ;
#3917 = LINE ( 'NONE', #3916, #3915 ) ;
#3918 = DIRECTION ( 'NONE',  ( -6.982966722218764100E-015, 3.398218658099876300E-015, -1.000000000000000000 ) ) ;
#3919 = DIRECTION ( 'NONE',  ( 2.372964780433434200E-029, 1.000000000000000000, 3.398218658099876300E-015 ) ) ;
#3920 = CARTESIAN_POINT ( 'NONE',  ( -6.250000000000023100, 1.750000000000011800, -2.957106781186503900 ) ) ;
#3921 = AXIS2_PLACEMENT_3D ( 'NONE', #3920, #3919, #3918 ) ;
#3922 = PLANE ( 'NONE',  #3921 ) ;
#3923 =( GEOMETRIC_REPRESENTATION_CONTEXT ( 3 ) GLOBAL_UNCERTAINTY_ASSIGNED_CONTEXT ( ( #3868 ) ) GLOBAL_UNIT_ASSIGNED_CONTEXT ( ( #3872, #3871, #3869 ) ) REPRESENTATION_CONTEXT ( 'NONE', 'WORKASPACE' ) );
#3924 = AXIS2_PLACEMENT_3D ( 'NONE', #3975, #3974, #3973 ) ;
#3925 = PLANE ( 'NONE',  #3924 ) ;
#3926 =( GEOMETRIC_REPRESENTATION_CONTEXT ( 3 ) GLOBAL_UNCERTAINTY_ASSIGNED_CONTEXT ( ( #3927 ) ) GLOBAL_UNIT_ASSIGNED_CONTEXT ( ( #3930, #3929, #3928 ) ) REPRESENTATION_CONTEXT ( 'NONE', 'WORKASPACE' ) );
#3927 = UNCERTAINTY_MEASURE_WITH_UNIT (LENGTH_MEASURE( 1.000000000000000100E-005 ), #3930, 'distance_accuracy_value', 'NONE');
#3928 =( NAMED_UNIT ( * ) SI_UNIT ( $, .STERADIAN. ) SOLID_ANGLE_UNIT ( ) );
#3929 =( NAMED_UNIT ( * ) PLANE_ANGLE_UNIT ( ) SI_UNIT ( $, .RADIAN. ) );
#3930 =( LENGTH_UNIT ( ) NAMED_UNIT ( * ) SI_UNIT ( .MILLI., .METRE. ) );
#3931 = MECHANICAL_DESIGN_GEOMETRIC_PRESENTATION_REPRESENTATION (  '', ( #3933 ), #3926 ) ;
#3932 = PRESENTATION_LAYER_ASSIGNMENT (  '', '', ( #3933 ) ) ;
#3933 = STYLED_ITEM ( 'NONE', ( #3934 ), #8933 ) ;
#3934 = PRESENTATION_STYLE_ASSIGNMENT (( #3935 ) ) ;
#3935 = SURFACE_STYLE_USAGE ( .BOTH. , #3936 ) ;
#3936 = SURFACE_SIDE_STYLE ('',( #3937 ) ) ;
#3937 = SURFACE_STYLE_FILL_AREA ( #3938 ) ;
#3938 = FILL_AREA_STYLE ('',( #3945 ) ) ;
#3939 = COLOUR_RGB ( '',0.7529411764705882200, 0.7529411764705882200, 0.7529411764705882200 ) ;
#3940 = FACE_OUTER_BOUND ( 'NONE', #8934, .T. ) ;
#3941 = DIRECTION ( 'NONE',  ( -2.438091212180733500E-029, -1.000000000000000000, -3.491483361109382100E-015 ) ) ;
#3942 = DIRECTION ( 'NONE',  ( -1.000000000000000000, 0.0000000000000000000, 6.982966722218764100E-015 ) ) ;
#3943 = CARTESIAN_POINT ( 'NONE',  ( -6.250000000000023100, 1.250000000000011300, -2.957106781186505700 ) ) ;
#3944 = AXIS2_PLACEMENT_3D ( 'NONE', #3943, #3942, #3941 ) ;
#3945 = FILL_AREA_STYLE_COLOUR ( '', #3939 ) ;
#3946 = PLANE ( 'NONE',  #3944 ) ;
#3947 =( GEOMETRIC_REPRESENTATION_CONTEXT ( 3 ) GLOBAL_UNCERTAINTY_ASSIGNED_CONTEXT ( ( #3894 ) ) GLOBAL_UNIT_ASSIGNED_CONTEXT ( ( #3897, #3896, #3895 ) ) REPRESENTATION_CONTEXT ( 'NONE', 'WORKASPACE' ) );
#3948 =( GEOMETRIC_REPRESENTATION_CONTEXT ( 3 ) GLOBAL_UNCERTAINTY_ASSIGNED_CONTEXT ( ( #3949 ) ) GLOBAL_UNIT_ASSIGNED_CONTEXT ( ( #3953, #3952, #3951 ) ) REPRESENTATION_CONTEXT ( 'NONE', 'WORKASPACE' ) );
#3949 = UNCERTAINTY_MEASURE_WITH_UNIT (LENGTH_MEASURE( 1.000000000000000100E-005 ), #3953, 'distance_accuracy_value', 'NONE');
#3950 = EDGE_LOOP ( 'NONE', ( #3662, #3770, #3323, #3074 ) ) ;
#3951 =( NAMED_UNIT ( * ) SI_UNIT ( $, .STERADIAN. ) SOLID_ANGLE_UNIT ( ) );
#3952 =( NAMED_UNIT ( * ) PLANE_ANGLE_UNIT ( ) SI_UNIT ( $, .RADIAN. ) );
#3953 =( LENGTH_UNIT ( ) NAMED_UNIT ( * ) SI_UNIT ( .MILLI., .METRE. ) );
#3954 = MECHANICAL_DESIGN_GEOMETRIC_PRESENTATION_REPRESENTATION (  '', ( #3956 ), #3948 ) ;
#3955 = PRESENTATION_LAYER_ASSIGNMENT (  '', '', ( #3956 ) ) ;
#3956 = STYLED_ITEM ( 'NONE', ( #3957 ), #8942 ) ;
#3957 = PRESENTATION_STYLE_ASSIGNMENT (( #3958 ) ) ;
#3958 = SURFACE_STYLE_USAGE ( .BOTH. , #3959 ) ;
#3959 = SURFACE_SIDE_STYLE ('',( #3960 ) ) ;
#3960 = SURFACE_STYLE_FILL_AREA ( #3961 ) ;
#3961 = FILL_AREA_STYLE ('',( #3968 ) ) ;
#3962 = COLOUR_RGB ( '',0.7529411764705882200, 0.7529411764705882200, 0.7529411764705882200 ) ;
#3963 = FACE_OUTER_BOUND ( 'NONE', #8943, .T. ) ;
#3964 = DIRECTION ( 'NONE',  ( 6.982966722218764100E-015, -3.398218658099876300E-015, 1.000000000000000000 ) ) ;
#3965 = VECTOR ( 'NONE', #3964, 1000.000000000000000 ) ;
#3966 = CARTESIAN_POINT ( 'NONE',  ( -7.750000000000024000, 1.250000000000011300, -2.957106781186495500 ) ) ;
#3967 = LINE ( 'NONE', #3966, #3965 ) ;
#3968 = FILL_AREA_STYLE_COLOUR ( '', #3962 ) ;
#3969 = DIRECTION ( 'NONE',  ( 6.982966722218764100E-015, -3.398218658099876300E-015, 1.000000000000000000 ) ) ;
#3970 = VECTOR ( 'NONE', #3969, 1000.000000000000000 ) ;
#3971 = CARTESIAN_POINT ( 'NONE',  ( -8.250000000000024900, 1.250000000000011300, -2.957106781186492000 ) ) ;
#3972 = LINE ( 'NONE', #3971, #3970 ) ;
#3973 = DIRECTION ( 'NONE',  ( 2.438091212180733500E-029, 1.000000000000000000, 3.491483361109382100E-015 ) ) ;
#3974 = DIRECTION ( 'NONE',  ( 1.000000000000000000, 0.0000000000000000000, -6.982966722218764100E-015 ) ) ;
#3975 = CARTESIAN_POINT ( 'NONE',  ( -7.750000000000024000, 1.250000000000011300, -2.957106781186495500 ) ) ;
#3976 = CARTESIAN_POINT ( 'NONE',  ( -7.749999999999984900, 1.749999999999992700, 2.650000000000056300 ) ) ;
#3977 = AXIS2_PLACEMENT_3D ( 'NONE', #3976, #212, #1973 ) ;
#3978 =( NAMED_UNIT ( * ) PLANE_ANGLE_UNIT ( ) SI_UNIT ( $, .RADIAN. ) );
#3979 = PLANE ( 'NONE',  #3977 ) ;
#3980 =( GEOMETRIC_REPRESENTATION_CONTEXT ( 3 ) GLOBAL_UNCERTAINTY_ASSIGNED_CONTEXT ( ( #3981 ) ) GLOBAL_UNIT_ASSIGNED_CONTEXT ( ( #3984, #3983, #3982 ) ) REPRESENTATION_CONTEXT ( 'NONE', 'WORKASPACE' ) );
#3981 = UNCERTAINTY_MEASURE_WITH_UNIT (LENGTH_MEASURE( 1.000000000000000100E-005 ), #3984, 'distance_accuracy_value', 'NONE');
#3982 =( NAMED_UNIT ( * ) SI_UNIT ( $, .STERADIAN. ) SOLID_ANGLE_UNIT ( ) );
#3983 =( NAMED_UNIT ( * ) PLANE_ANGLE_UNIT ( ) SI_UNIT ( $, .RADIAN. ) );
#3984 =( LENGTH_UNIT ( ) NAMED_UNIT ( * ) SI_UNIT ( .MILLI., .METRE. ) );
#3985 = MECHANICAL_DESIGN_GEOMETRIC_PRESENTATION_REPRESENTATION (  '', ( #3987 ), #3980 ) ;
#3986 = PRESENTATION_LAYER_ASSIGNMENT (  '', '', ( #3987 ) ) ;
#3987 = STYLED_ITEM ( 'NONE', ( #3988 ), #8947 ) ;
#3988 = PRESENTATION_STYLE_ASSIGNMENT (( #3989 ) ) ;
#3989 = SURFACE_STYLE_USAGE ( .BOTH. , #3990 ) ;
#3990 = SURFACE_SIDE_STYLE ('',( #3991 ) ) ;
#3991 = SURFACE_STYLE_FILL_AREA ( #3992 ) ;
#3992 = FILL_AREA_STYLE ('',( #3999 ) ) ;
#3993 = COLOUR_RGB ( '',0.7529411764705882200, 0.7529411764705882200, 0.7529411764705882200 ) ;
#3994 = FACE_OUTER_BOUND ( 'NONE', #8948, .T. ) ;
#3995 = DIRECTION ( 'NONE',  ( 6.982966722218764100E-015, -3.398218658099876300E-015, 1.000000000000000000 ) ) ;
#3996 = VECTOR ( 'NONE', #3995, 1000.000000000000000 ) ;
#3997 = CARTESIAN_POINT ( 'NONE',  ( -8.250000000000024900, 1.750000000000011800, -2.957106781186490200 ) ) ;
#3998 = LINE ( 'NONE', #3997, #3996 ) ;
#3999 = FILL_AREA_STYLE_COLOUR ( '', #3993 ) ;
#4000 = DIRECTION ( 'NONE',  ( -2.438091212180733500E-029, -1.000000000000000000, -3.491483361109382100E-015 ) ) ;
#4001 = DIRECTION ( 'NONE',  ( -1.000000000000000000, 0.0000000000000000000, 6.982966722218764100E-015 ) ) ;
#4002 = CARTESIAN_POINT ( 'NONE',  ( -8.250000000000024900, 1.250000000000011300, -2.957106781186492000 ) ) ;
#4003 = AXIS2_PLACEMENT_3D ( 'NONE', #4002, #4001, #4000 ) ;
#4004 = PLANE ( 'NONE',  #4003 ) ;
#4005 = EDGE_CURVE ( 'NONE', #4339, #6965, #10286, .T. ) ;
#4006 =( LENGTH_UNIT ( ) NAMED_UNIT ( * ) SI_UNIT ( .MILLI., .METRE. ) );
#4007 = MECHANICAL_DESIGN_GEOMETRIC_PRESENTATION_REPRESENTATION (  '', ( #4009 ), #4066 ) ;
#4008 = PRESENTATION_LAYER_ASSIGNMENT (  '', '', ( #4009 ) ) ;
#4009 = STYLED_ITEM ( 'NONE', ( #4010 ), #8962 ) ;
#4010 = PRESENTATION_STYLE_ASSIGNMENT (( #4011 ) ) ;
#4011 = SURFACE_STYLE_USAGE ( .BOTH. , #4012 ) ;
#4012 = SURFACE_SIDE_STYLE ('',( #4013 ) ) ;
#4013 = SURFACE_STYLE_FILL_AREA ( #4014 ) ;
#4014 = FILL_AREA_STYLE ('',( #4021 ) ) ;
#4015 = COLOUR_RGB ( '',0.7529411764705882200, 0.7529411764705882200, 0.7529411764705882200 ) ;
#4016 = FACE_OUTER_BOUND ( 'NONE', #7843, .T. ) ;
#4017 = DIRECTION ( 'NONE',  ( 1.000000000000000000, 0.0000000000000000000, -6.982966722218764100E-015 ) ) ;
#4018 = VECTOR ( 'NONE', #4017, 1000.000000000000000 ) ;
#4019 = CARTESIAN_POINT ( 'NONE',  ( -8.249999999999984000, 1.249999999999992200, 2.650000000000058100 ) ) ;
#4020 = LINE ( 'NONE', #4019, #4018 ) ;
#4021 = FILL_AREA_STYLE_COLOUR ( '', #4015 ) ;
#4022 = CARTESIAN_POINT ( 'NONE',  ( -8.249999999999984000, 1.249999999999992200, 2.650000000000058100 ) ) ;
#4023 = DIRECTION ( 'NONE',  ( -2.438091212180733500E-029, -1.000000000000000000, -3.491483361109382100E-015 ) ) ;
#4024 = VECTOR ( 'NONE', #4023, 1000.000000000000000 ) ;
#4025 = CARTESIAN_POINT ( 'NONE',  ( -8.249999999999984000, 1.249999999999992200, 2.650000000000058100 ) ) ;
#4026 = LINE ( 'NONE', #4025, #4024 ) ;
#4027 = CARTESIAN_POINT ( 'NONE',  ( -8.249999999999984000, 1.749999999999992700, 2.650000000000059900 ) ) ;
#4028 = DIRECTION ( 'NONE',  ( -1.000000000000000000, 0.0000000000000000000, 6.982966722218764100E-015 ) ) ;
#4029 = VECTOR ( 'NONE', #4028, 1000.000000000000000 ) ;
#4030 = CARTESIAN_POINT ( 'NONE',  ( -8.249999999999984000, 1.749999999999992700, 2.650000000000059900 ) ) ;
#4031 = LINE ( 'NONE', #4030, #4029 ) ;
#4032 = CARTESIAN_POINT ( 'NONE',  ( -7.749999999999984900, 1.749999999999992700, 2.650000000000056300 ) ) ;
#4033 = CARTESIAN_POINT ( 'NONE',  ( -7.749999999999984900, 1.249999999999992200, 2.650000000000054500 ) ) ;
#4034 = DIRECTION ( 'NONE',  ( -1.000000000000000000, 0.0000000000000000000, 6.982966722218764100E-015 ) ) ;
#4035 = VECTOR ( 'NONE', #4034, 1000.000000000000000 ) ;
#4036 = CARTESIAN_POINT ( 'NONE',  ( -11.95000000000001200, 1.750000000000007300, -1.749999999999913000 ) ) ;
#4037 = LINE ( 'NONE', #4036, #4035 ) ;
#4038 = ORIENTED_EDGE ( 'NONE', *, *, #6881, .T. ) ;
#4039 = DIRECTION ( 'NONE',  ( 2.438091212180733500E-029, 1.000000000000000000, 3.491483361109382100E-015 ) ) ;
#4040 = VECTOR ( 'NONE', #4039, 1000.000000000000000 ) ;
#4041 = ADVANCED_FACE ( 'NONE', ( #10282 ), #10330, .T. ) ;
#4042 = CARTESIAN_POINT ( 'NONE',  ( -7.749999999999984900, 1.249999999999992200, 2.650000000000054500 ) ) ;
#4043 = LINE ( 'NONE', #4042, #4040 ) ;
#4044 = ORIENTED_EDGE ( 'NONE', *, *, #6816, .F. ) ;
#4045 = UNCERTAINTY_MEASURE_WITH_UNIT (LENGTH_MEASURE( 1.000000000000000100E-005 ), #4049, 'distance_accuracy_value', 'NONE');
#4046 =( NAMED_UNIT ( * ) SI_UNIT ( $, .STERADIAN. ) SOLID_ANGLE_UNIT ( ) );
#4047 =( NAMED_UNIT ( * ) PLANE_ANGLE_UNIT ( ) SI_UNIT ( $, .RADIAN. ) );
#4048 = ORIENTED_EDGE ( 'NONE', *, *, #7329, .T. ) ;
#4049 =( LENGTH_UNIT ( ) NAMED_UNIT ( * ) SI_UNIT ( .MILLI., .METRE. ) );
#4050 = MECHANICAL_DESIGN_GEOMETRIC_PRESENTATION_REPRESENTATION (  '', ( #4052 ), #4096 ) ;
#4051 = PRESENTATION_LAYER_ASSIGNMENT (  '', '', ( #4052 ) ) ;
#4052 = STYLED_ITEM ( 'NONE', ( #4053 ), #8963 ) ;
#4053 = PRESENTATION_STYLE_ASSIGNMENT (( #4054 ) ) ;
#4054 = SURFACE_STYLE_USAGE ( .BOTH. , #4055 ) ;
#4055 = SURFACE_SIDE_STYLE ('',( #4056 ) ) ;
#4056 = SURFACE_STYLE_FILL_AREA ( #4057 ) ;
#4057 = FILL_AREA_STYLE ('',( #4064 ) ) ;
#4058 = COLOUR_RGB ( '',0.7529411764705882200, 0.7529411764705882200, 0.7529411764705882200 ) ;
#4059 = FACE_OUTER_BOUND ( 'NONE', #8964, .T. ) ;
#4060 = DIRECTION ( 'NONE',  ( 6.982966722218764100E-015, -3.398218658099876300E-015, 1.000000000000000000 ) ) ;
#4061 = DIRECTION ( 'NONE',  ( -2.372964780433434200E-029, -1.000000000000000000, -3.398218658099876300E-015 ) ) ;
#4062 = CARTESIAN_POINT ( 'NONE',  ( -8.250000000000024900, 1.250000000000011300, -2.957106781186492000 ) ) ;
#4063 = AXIS2_PLACEMENT_3D ( 'NONE', #4062, #4061, #4060 ) ;
#4064 = FILL_AREA_STYLE_COLOUR ( '', #4058 ) ;
#4065 = PLANE ( 'NONE',  #4063 ) ;
#4066 =( GEOMETRIC_REPRESENTATION_CONTEXT ( 3 ) GLOBAL_UNCERTAINTY_ASSIGNED_CONTEXT ( ( #4067 ) ) GLOBAL_UNIT_ASSIGNED_CONTEXT ( ( #4006, #4070, #4068 ) ) REPRESENTATION_CONTEXT ( 'NONE', 'WORKASPACE' ) );
#4067 = UNCERTAINTY_MEASURE_WITH_UNIT (LENGTH_MEASURE( 1.000000000000000100E-005 ), #4006, 'distance_accuracy_value', 'NONE');
#4068 =( NAMED_UNIT ( * ) SI_UNIT ( $, .STERADIAN. ) SOLID_ANGLE_UNIT ( ) );
#4069 = ORIENTED_EDGE ( 'NONE', *, *, #1441, .T. ) ;
#4070 =( NAMED_UNIT ( * ) PLANE_ANGLE_UNIT ( ) SI_UNIT ( $, .RADIAN. ) );
#4071 =( GEOMETRIC_REPRESENTATION_CONTEXT ( 3 ) GLOBAL_UNCERTAINTY_ASSIGNED_CONTEXT ( ( #4072 ) ) GLOBAL_UNIT_ASSIGNED_CONTEXT ( ( #4075, #4074, #4073 ) ) REPRESENTATION_CONTEXT ( 'NONE', 'WORKASPACE' ) );
#4072 = UNCERTAINTY_MEASURE_WITH_UNIT (LENGTH_MEASURE( 1.000000000000000100E-005 ), #4075, 'distance_accuracy_value', 'NONE');
#4073 =( NAMED_UNIT ( * ) SI_UNIT ( $, .STERADIAN. ) SOLID_ANGLE_UNIT ( ) );
#4074 =( NAMED_UNIT ( * ) PLANE_ANGLE_UNIT ( ) SI_UNIT ( $, .RADIAN. ) );
#4075 =( LENGTH_UNIT ( ) NAMED_UNIT ( * ) SI_UNIT ( .MILLI., .METRE. ) );
#4076 = MECHANICAL_DESIGN_GEOMETRIC_PRESENTATION_REPRESENTATION (  '', ( #4078 ), #4071 ) ;
#4077 = PRESENTATION_LAYER_ASSIGNMENT (  '', '', ( #4078 ) ) ;
#4078 = STYLED_ITEM ( 'NONE', ( #4079 ), #8970 ) ;
#4079 = PRESENTATION_STYLE_ASSIGNMENT (( #4080 ) ) ;
#4080 = SURFACE_STYLE_USAGE ( .BOTH. , #4081 ) ;
#4081 = SURFACE_SIDE_STYLE ('',( #4082 ) ) ;
#4082 = SURFACE_STYLE_FILL_AREA ( #4083 ) ;
#4083 = FILL_AREA_STYLE ('',( #4090 ) ) ;
#4084 = COLOUR_RGB ( '',0.7529411764705882200, 0.7529411764705882200, 0.7529411764705882200 ) ;
#4085 = FACE_OUTER_BOUND ( 'NONE', #8893, .T. ) ;
#4086 = DIRECTION ( 'NONE',  ( 1.000000000000000000, 0.0000000000000000000, -6.982966722218764100E-015 ) ) ;
#4087 = VECTOR ( 'NONE', #4086, 1000.000000000000000 ) ;
#4088 = CARTESIAN_POINT ( 'NONE',  ( -6.250000000000019500, -2.999999999999991600, -2.499999999999972900 ) ) ;
#4089 = LINE ( 'NONE', #4088, #4087 ) ;
#4090 = FILL_AREA_STYLE_COLOUR ( '', #4084 ) ;
#4091 = DIRECTION ( 'NONE',  ( 2.438091212180733500E-029, 1.000000000000000000, 3.491483361109382100E-015 ) ) ;
#4092 = DIRECTION ( 'NONE',  ( 6.982966722218764100E-015, -3.491483361109382100E-015, 1.000000000000000000 ) ) ;
#4093 = CARTESIAN_POINT ( 'NONE',  ( -6.250000000000019500, 1.750000000000010000, -2.499999999999956000 ) ) ;
#4094 = AXIS2_PLACEMENT_3D ( 'NONE', #4093, #4092, #4091 ) ;
#4095 = PLANE ( 'NONE',  #4094 ) ;
#4096 =( GEOMETRIC_REPRESENTATION_CONTEXT ( 3 ) GLOBAL_UNCERTAINTY_ASSIGNED_CONTEXT ( ( #4045 ) ) GLOBAL_UNIT_ASSIGNED_CONTEXT ( ( #4049, #4047, #4046 ) ) REPRESENTATION_CONTEXT ( 'NONE', 'WORKASPACE' ) );
#4097 =( NAMED_UNIT ( * ) SI_UNIT ( $, .STERADIAN. ) SOLID_ANGLE_UNIT ( ) );
#4098 =( NAMED_UNIT ( * ) PLANE_ANGLE_UNIT ( ) SI_UNIT ( $, .RADIAN. ) );
#4099 =( LENGTH_UNIT ( ) NAMED_UNIT ( * ) SI_UNIT ( .MILLI., .METRE. ) );
#4100 = MECHANICAL_DESIGN_GEOMETRIC_PRESENTATION_REPRESENTATION (  '', ( #4102 ), #4155 ) ;
#4101 = PRESENTATION_LAYER_ASSIGNMENT (  '', '', ( #4102 ) ) ;
#4102 = STYLED_ITEM ( 'NONE', ( #4103 ), #8980 ) ;
#4103 = PRESENTATION_STYLE_ASSIGNMENT (( #4104 ) ) ;
#4104 = SURFACE_STYLE_USAGE ( .BOTH. , #4105 ) ;
#4105 = SURFACE_SIDE_STYLE ('',( #4106 ) ) ;
#4106 = SURFACE_STYLE_FILL_AREA ( #4107 ) ;
#4107 = FILL_AREA_STYLE ('',( #4114 ) ) ;
#4108 = COLOUR_RGB ( '',0.7529411764705882200, 0.7529411764705882200, 0.7529411764705882200 ) ;
#4109 = FACE_OUTER_BOUND ( 'NONE', #8981, .T. ) ;
#4110 = DIRECTION ( 'NONE',  ( 6.982966722218764100E-015, -3.398218658099876300E-015, 1.000000000000000000 ) ) ;
#4111 = VECTOR ( 'NONE', #4110, 1000.000000000000000 ) ;
#4112 = CARTESIAN_POINT ( 'NONE',  ( -7.750000000000024000, 1.750000000000011800, -2.957106781186493700 ) ) ;
#4113 = LINE ( 'NONE', #4112, #4111 ) ;
#4114 = FILL_AREA_STYLE_COLOUR ( '', #4108 ) ;
#4115 = CARTESIAN_POINT ( 'NONE',  ( -7.750000000000020400, 1.750000000000010000, -2.499999999999945800 ) ) ;
#4116 = DIRECTION ( 'NONE',  ( -2.438091212180733500E-029, -1.000000000000000000, -3.491483361109382100E-015 ) ) ;
#4117 = VECTOR ( 'NONE', #4116, 1000.000000000000000 ) ;
#4118 = CARTESIAN_POINT ( 'NONE',  ( -7.750000000000020400, 1.750000000000010000, -2.499999999999945800 ) ) ;
#4119 = LINE ( 'NONE', #4118, #4117 ) ;
#4120 = CARTESIAN_POINT ( 'NONE',  ( -8.250000000000017800, 1.250000000000007800, -1.999999999999943200 ) ) ;
#4121 = DIRECTION ( 'NONE',  ( -2.438091212180733500E-029, -1.000000000000000000, -3.491483361109382100E-015 ) ) ;
#4122 = VECTOR ( 'NONE', #4121, 1000.000000000000000 ) ;
#4123 = CARTESIAN_POINT ( 'NONE',  ( -8.250000000000017800, 1.250000000000007800, -1.999999999999943200 ) ) ;
#4124 = LINE ( 'NONE', #4123, #4122 ) ;
#4125 = DIRECTION ( 'NONE',  ( 1.000000000000000000, 0.0000000000000000000, -6.982966722218764100E-015 ) ) ;
#4126 = DIRECTION ( 'NONE',  ( -2.438091212180733500E-029, -1.000000000000000000, -3.491483361109382100E-015 ) ) ;
#4127 = CARTESIAN_POINT ( 'NONE',  ( -6.000000000000017800, -2.999999999999993300, -2.249999999999974200 ) ) ;
#4128 = AXIS2_PLACEMENT_3D ( 'NONE', #4127, #4126, #4125 ) ;
#4129 = PLANE ( 'NONE',  #4128 ) ;
#4130 = UNCERTAINTY_MEASURE_WITH_UNIT (LENGTH_MEASURE( 1.000000000000000100E-005 ), #4133, 'distance_accuracy_value', 'NONE');
#4131 =( NAMED_UNIT ( * ) SI_UNIT ( $, .STERADIAN. ) SOLID_ANGLE_UNIT ( ) );
#4132 =( NAMED_UNIT ( * ) PLANE_ANGLE_UNIT ( ) SI_UNIT ( $, .RADIAN. ) );
#4133 =( LENGTH_UNIT ( ) NAMED_UNIT ( * ) SI_UNIT ( .MILLI., .METRE. ) );
#4134 = MECHANICAL_DESIGN_GEOMETRIC_PRESENTATION_REPRESENTATION (  '', ( #4136 ), #4189 ) ;
#4135 = PRESENTATION_LAYER_ASSIGNMENT (  '', '', ( #4136 ) ) ;
#4136 = STYLED_ITEM ( 'NONE', ( #4137 ), #8992 ) ;
#4137 = PRESENTATION_STYLE_ASSIGNMENT (( #4138 ) ) ;
#4138 = SURFACE_STYLE_USAGE ( .BOTH. , #4139 ) ;
#4139 = SURFACE_SIDE_STYLE ('',( #4140 ) ) ;
#4140 = SURFACE_STYLE_FILL_AREA ( #4141 ) ;
#4141 = FILL_AREA_STYLE ('',( #4142 ) ) ;
#4142 = FILL_AREA_STYLE_COLOUR ( '', #4143 ) ;
#4143 = COLOUR_RGB ( '',0.7529411764705882200, 0.7529411764705882200, 0.7529411764705882200 ) ;
#4144 = FACE_OUTER_BOUND ( 'NONE', #8993, .T. ) ;
#4145 = CARTESIAN_POINT ( 'NONE',  ( -8.250000000000021300, 1.750000000000010000, -2.499999999999941800 ) ) ;
#4146 = DIRECTION ( 'NONE',  ( -1.000000000000000000, 0.0000000000000000000, 6.982966722218764100E-015 ) ) ;
#4147 = VECTOR ( 'NONE', #4146, 1000.000000000000000 ) ;
#4148 = CARTESIAN_POINT ( 'NONE',  ( -8.250000000000021300, 1.750000000000010000, -2.499999999999941800 ) ) ;
#4149 = LINE ( 'NONE', #4148, #4147 ) ;
#4150 = DIRECTION ( 'NONE',  ( -6.982966722218764100E-015, 3.398218658099876300E-015, -1.000000000000000000 ) ) ;
#4151 = DIRECTION ( 'NONE',  ( 2.372964780433434200E-029, 1.000000000000000000, 3.398218658099876300E-015 ) ) ;
#4152 = CARTESIAN_POINT ( 'NONE',  ( -8.250000000000024900, 1.750000000000011800, -2.957106781186490200 ) ) ;
#4153 = AXIS2_PLACEMENT_3D ( 'NONE', #4152, #4151, #4150 ) ;
#4154 = PLANE ( 'NONE',  #4153 ) ;
#4155 =( GEOMETRIC_REPRESENTATION_CONTEXT ( 3 ) GLOBAL_UNCERTAINTY_ASSIGNED_CONTEXT ( ( #4156 ) ) GLOBAL_UNIT_ASSIGNED_CONTEXT ( ( #4099, #4098, #4097 ) ) REPRESENTATION_CONTEXT ( 'NONE', 'WORKASPACE' ) );
#4156 = UNCERTAINTY_MEASURE_WITH_UNIT (LENGTH_MEASURE( 1.000000000000000100E-005 ), #4099, 'distance_accuracy_value', 'NONE');
#4157 =( LENGTH_UNIT ( ) NAMED_UNIT ( * ) SI_UNIT ( .MILLI., .METRE. ) );
#4158 = MECHANICAL_DESIGN_GEOMETRIC_PRESENTATION_REPRESENTATION (  '', ( #4160 ), #4216 ) ;
#4159 = PRESENTATION_LAYER_ASSIGNMENT (  '', '', ( #4160 ) ) ;
#4160 = STYLED_ITEM ( 'NONE', ( #4161 ), #9006 ) ;
#4161 = PRESENTATION_STYLE_ASSIGNMENT (( #4162 ) ) ;
#4162 = SURFACE_STYLE_USAGE ( .BOTH. , #4163 ) ;
#4163 = SURFACE_SIDE_STYLE ('',( #4164 ) ) ;
#4164 = SURFACE_STYLE_FILL_AREA ( #4165 ) ;
#4165 = FILL_AREA_STYLE ('',( #4166 ) ) ;
#4166 = FILL_AREA_STYLE_COLOUR ( '', #4167 ) ;
#4167 = COLOUR_RGB ( '',0.7529411764705882200, 0.7529411764705882200, 0.7529411764705882200 ) ;
#4168 = FACE_OUTER_BOUND ( 'NONE', #9007, .T. ) ;
#4169 = CARTESIAN_POINT ( 'NONE',  ( -7.750000000000020400, -2.999999999999991600, -2.499999999999962300 ) ) ;
#4170 = DIRECTION ( 'NONE',  ( 6.982966722218764100E-015, -3.491483361109382100E-015, 1.000000000000000000 ) ) ;
#4171 = VECTOR ( 'NONE', #4170, 1000.000000000000000 ) ;
#4172 = CARTESIAN_POINT ( 'NONE',  ( -7.750000000000020400, -2.999999999999993300, -2.478553390593235800 ) ) ;
#4173 = LINE ( 'NONE', #4172, #4171 ) ;
#4174 = CARTESIAN_POINT ( 'NONE',  ( -7.750000000000016900, -2.999999999999993300, -1.999999999999961400 ) ) ;
#4175 = DIRECTION ( 'NONE',  ( -2.438091212180733500E-029, -1.000000000000000000, -3.491483361109382100E-015 ) ) ;
#4176 = VECTOR ( 'NONE', #4175, 1000.000000000000000 ) ;
#4177 = CARTESIAN_POINT ( 'NONE',  ( -7.750000000000016900, 1.250000000000007800, -1.999999999999946700 ) ) ;
#4178 = LINE ( 'NONE', #4177, #4176 ) ;
#4179 = CARTESIAN_POINT ( 'NONE',  ( -7.750000000000016900, 1.250000000000007800, -1.999999999999946700 ) ) ;
#4180 = DIRECTION ( 'NONE',  ( 6.982966722218764100E-015, -3.398218658099876300E-015, 1.000000000000000000 ) ) ;
#4181 = VECTOR ( 'NONE', #4180, 1000.000000000000000 ) ;
#4182 = CARTESIAN_POINT ( 'NONE',  ( -7.750000000000024000, 1.250000000000011300, -2.957106781186495500 ) ) ;
#4183 = LINE ( 'NONE', #4182, #4181 ) ;
#4184 = DIRECTION ( 'NONE',  ( 2.438091212180733500E-029, 1.000000000000000000, 3.491483361109382100E-015 ) ) ;
#4185 = DIRECTION ( 'NONE',  ( 1.000000000000000000, 0.0000000000000000000, -6.982966722218764100E-015 ) ) ;
#4186 = CARTESIAN_POINT ( 'NONE',  ( -7.750000000000024000, 1.250000000000011300, -2.957106781186495500 ) ) ;
#4187 = AXIS2_PLACEMENT_3D ( 'NONE', #4186, #4185, #4184 ) ;
#4188 = PLANE ( 'NONE',  #4187 ) ;
#4189 =( GEOMETRIC_REPRESENTATION_CONTEXT ( 3 ) GLOBAL_UNCERTAINTY_ASSIGNED_CONTEXT ( ( #4130 ) ) GLOBAL_UNIT_ASSIGNED_CONTEXT ( ( #4133, #4132, #4131 ) ) REPRESENTATION_CONTEXT ( 'NONE', 'WORKASPACE' ) );
#4190 = MECHANICAL_DESIGN_GEOMETRIC_PRESENTATION_REPRESENTATION (  '', ( #4192 ), #4241 ) ;
#4191 = PRESENTATION_LAYER_ASSIGNMENT (  '', '', ( #4192 ) ) ;
#4192 = STYLED_ITEM ( 'NONE', ( #4193 ), #9021 ) ;
#4193 = PRESENTATION_STYLE_ASSIGNMENT (( #4194 ) ) ;
#4194 = SURFACE_STYLE_USAGE ( .BOTH. , #4195 ) ;
#4195 = SURFACE_SIDE_STYLE ('',( #4196 ) ) ;
#4196 = SURFACE_STYLE_FILL_AREA ( #4197 ) ;
#4197 = FILL_AREA_STYLE ('',( #4198 ) ) ;
#4198 = FILL_AREA_STYLE_COLOUR ( '', #4199 ) ;
#4199 = COLOUR_RGB ( '',0.7529411764705882200, 0.7529411764705882200, 0.7529411764705882200 ) ;
#4200 = FACE_OUTER_BOUND ( 'NONE', #9022, .T. ) ;
#4201 = CARTESIAN_POINT ( 'NONE',  ( 7.750000000000016000, 3.249999999999990700, 2.649999999999953300 ) ) ;
#4202 = CARTESIAN_POINT ( 'NONE',  ( -10.24999999999998200, 1.749999999999992700, 2.650000000000073600 ) ) ;
#4203 = DIRECTION ( 'NONE',  ( -1.000000000000000000, 0.0000000000000000000, 6.982966722218764100E-015 ) ) ;
#4204 = VECTOR ( 'NONE', #4203, 1000.000000000000000 ) ;
#4205 = CARTESIAN_POINT ( 'NONE',  ( -10.24999999999998200, 1.749999999999992700, 2.650000000000073600 ) ) ;
#4206 = LINE ( 'NONE', #4205, #4204 ) ;
#4207 = DIRECTION ( 'NONE',  ( 6.982966722218764100E-015, -3.398218658099876300E-015, 1.000000000000000000 ) ) ;
#4208 = VECTOR ( 'NONE', #4207, 1000.000000000000000 ) ;
#4209 = CARTESIAN_POINT ( 'NONE',  ( -7.750000000000024000, 1.750000000000011800, -2.957106781186493700 ) ) ;
#4210 = LINE ( 'NONE', #4209, #4208 ) ;
#4211 = DIRECTION ( 'NONE',  ( -6.982966722218764100E-015, 3.398218658099876300E-015, -1.000000000000000000 ) ) ;
#4212 = DIRECTION ( 'NONE',  ( 2.372964780433434200E-029, 1.000000000000000000, 3.398218658099876300E-015 ) ) ;
#4213 = CARTESIAN_POINT ( 'NONE',  ( -8.250000000000024900, 1.750000000000011800, -2.957106781186490200 ) ) ;
#4214 = AXIS2_PLACEMENT_3D ( 'NONE', #4213, #4212, #4211 ) ;
#4215 = PLANE ( 'NONE',  #4214 ) ;
#4216 =( GEOMETRIC_REPRESENTATION_CONTEXT ( 3 ) GLOBAL_UNCERTAINTY_ASSIGNED_CONTEXT ( ( #4217 ) ) GLOBAL_UNIT_ASSIGNED_CONTEXT ( ( #4157, #4219, #4218 ) ) REPRESENTATION_CONTEXT ( 'NONE', 'WORKASPACE' ) );
#4217 = UNCERTAINTY_MEASURE_WITH_UNIT (LENGTH_MEASURE( 1.000000000000000100E-005 ), #4157, 'distance_accuracy_value', 'NONE');
#4218 =( NAMED_UNIT ( * ) SI_UNIT ( $, .STERADIAN. ) SOLID_ANGLE_UNIT ( ) );
#4219 =( NAMED_UNIT ( * ) PLANE_ANGLE_UNIT ( ) SI_UNIT ( $, .RADIAN. ) );
#4220 =( LENGTH_UNIT ( ) NAMED_UNIT ( * ) SI_UNIT ( .MILLI., .METRE. ) );
#4221 = MECHANICAL_DESIGN_GEOMETRIC_PRESENTATION_REPRESENTATION (  '', ( #4223 ), #4270 ) ;
#4222 = PRESENTATION_LAYER_ASSIGNMENT (  '', '', ( #4223 ) ) ;
#4223 = STYLED_ITEM ( 'NONE', ( #4224 ), #9028 ) ;
#4224 = PRESENTATION_STYLE_ASSIGNMENT (( #4225 ) ) ;
#4225 = SURFACE_STYLE_USAGE ( .BOTH. , #4226 ) ;
#4226 = SURFACE_SIDE_STYLE ('',( #4227 ) ) ;
#4227 = SURFACE_STYLE_FILL_AREA ( #4228 ) ;
#4228 = FILL_AREA_STYLE ('',( #4235 ) ) ;
#4229 = COLOUR_RGB ( '',0.7529411764705882200, 0.7529411764705882200, 0.7529411764705882200 ) ;
#4230 = FACE_OUTER_BOUND ( 'NONE', #9029, .T. ) ;
#4231 = DIRECTION ( 'NONE',  ( 1.000000000000000000, 0.0000000000000000000, -6.982966722218764100E-015 ) ) ;
#4232 = VECTOR ( 'NONE', #4231, 1000.000000000000000 ) ;
#4233 = CARTESIAN_POINT ( 'NONE',  ( -8.250000000000021300, -2.999999999999991600, -2.499999999999958700 ) ) ;
#4234 = LINE ( 'NONE', #4233, #4232 ) ;
#4235 = FILL_AREA_STYLE_COLOUR ( '', #4229 ) ;
#4236 = DIRECTION ( 'NONE',  ( 2.438091212180733500E-029, 1.000000000000000000, 3.491483361109382100E-015 ) ) ;
#4237 = DIRECTION ( 'NONE',  ( 6.982966722218764100E-015, -3.491483361109382100E-015, 1.000000000000000000 ) ) ;
#4238 = CARTESIAN_POINT ( 'NONE',  ( -8.250000000000021300, 1.750000000000010000, -2.499999999999941800 ) ) ;
#4239 = AXIS2_PLACEMENT_3D ( 'NONE', #4238, #4237, #4236 ) ;
#4240 = PLANE ( 'NONE',  #4239 ) ;
#4241 =( GEOMETRIC_REPRESENTATION_CONTEXT ( 3 ) GLOBAL_UNCERTAINTY_ASSIGNED_CONTEXT ( ( #4242 ) ) GLOBAL_UNIT_ASSIGNED_CONTEXT ( ( #4245, #4244, #4243 ) ) REPRESENTATION_CONTEXT ( 'NONE', 'WORKASPACE' ) );
#4242 = UNCERTAINTY_MEASURE_WITH_UNIT (LENGTH_MEASURE( 1.000000000000000100E-005 ), #4245, 'distance_accuracy_value', 'NONE');
#4243 =( NAMED_UNIT ( * ) SI_UNIT ( $, .STERADIAN. ) SOLID_ANGLE_UNIT ( ) );
#4244 =( NAMED_UNIT ( * ) PLANE_ANGLE_UNIT ( ) SI_UNIT ( $, .RADIAN. ) );
#4245 =( LENGTH_UNIT ( ) NAMED_UNIT ( * ) SI_UNIT ( .MILLI., .METRE. ) );
#4246 = UNCERTAINTY_MEASURE_WITH_UNIT (LENGTH_MEASURE( 1.000000000000000100E-005 ), #4249, 'distance_accuracy_value', 'NONE');
#4247 =( NAMED_UNIT ( * ) SI_UNIT ( $, .STERADIAN. ) SOLID_ANGLE_UNIT ( ) );
#4248 =( NAMED_UNIT ( * ) PLANE_ANGLE_UNIT ( ) SI_UNIT ( $, .RADIAN. ) );
#4249 =( LENGTH_UNIT ( ) NAMED_UNIT ( * ) SI_UNIT ( .MILLI., .METRE. ) );
#4250 = MECHANICAL_DESIGN_GEOMETRIC_PRESENTATION_REPRESENTATION (  '', ( #4252 ), #4297 ) ;
#4251 = PRESENTATION_LAYER_ASSIGNMENT (  '', '', ( #4252 ) ) ;
#4252 = STYLED_ITEM ( 'NONE', ( #4253 ), #9031 ) ;
#4253 = PRESENTATION_STYLE_ASSIGNMENT (( #4254 ) ) ;
#4254 = SURFACE_STYLE_USAGE ( .BOTH. , #4255 ) ;
#4255 = SURFACE_SIDE_STYLE ('',( #4256 ) ) ;
#4256 = SURFACE_STYLE_FILL_AREA ( #4257 ) ;
#4257 = FILL_AREA_STYLE ('',( #4264 ) ) ;
#4258 = COLOUR_RGB ( '',0.7529411764705882200, 0.7529411764705882200, 0.7529411764705882200 ) ;
#4259 = FACE_OUTER_BOUND ( 'NONE', #9032, .T. ) ;
#4260 = DIRECTION ( 'NONE',  ( 6.982966722218764100E-015, -3.398218658099876300E-015, 1.000000000000000000 ) ) ;
#4261 = VECTOR ( 'NONE', #4260, 1000.000000000000000 ) ;
#4262 = CARTESIAN_POINT ( 'NONE',  ( -8.250000000000024900, 1.250000000000011300, -2.957106781186492000 ) ) ;
#4263 = LINE ( 'NONE', #4262, #4261 ) ;
#4264 = FILL_AREA_STYLE_COLOUR ( '', #4258 ) ;
#4265 = DIRECTION ( 'NONE',  ( 1.000000000000000000, 0.0000000000000000000, -6.982966722218764100E-015 ) ) ;
#4266 = DIRECTION ( 'NONE',  ( -2.438091212180733500E-029, -1.000000000000000000, -3.491483361109382100E-015 ) ) ;
#4267 = CARTESIAN_POINT ( 'NONE',  ( -8.000000000000019500, -2.999999999999993300, -2.249999999999960500 ) ) ;
#4268 = AXIS2_PLACEMENT_3D ( 'NONE', #4267, #4266, #4265 ) ;
#4269 = PLANE ( 'NONE',  #4268 ) ;
#4270 =( GEOMETRIC_REPRESENTATION_CONTEXT ( 3 ) GLOBAL_UNCERTAINTY_ASSIGNED_CONTEXT ( ( #4271 ) ) GLOBAL_UNIT_ASSIGNED_CONTEXT ( ( #4220, #3978, #4272 ) ) REPRESENTATION_CONTEXT ( 'NONE', 'WORKASPACE' ) );
#4271 = UNCERTAINTY_MEASURE_WITH_UNIT (LENGTH_MEASURE( 1.000000000000000100E-005 ), #4220, 'distance_accuracy_value', 'NONE');
#4272 =( NAMED_UNIT ( * ) SI_UNIT ( $, .STERADIAN. ) SOLID_ANGLE_UNIT ( ) );
#4273 = UNCERTAINTY_MEASURE_WITH_UNIT (LENGTH_MEASURE( 1.000000000000000100E-005 ), #4276, 'distance_accuracy_value', 'NONE');
#4274 =( NAMED_UNIT ( * ) SI_UNIT ( $, .STERADIAN. ) SOLID_ANGLE_UNIT ( ) );
#4275 =( NAMED_UNIT ( * ) PLANE_ANGLE_UNIT ( ) SI_UNIT ( $, .RADIAN. ) );
#4276 =( LENGTH_UNIT ( ) NAMED_UNIT ( * ) SI_UNIT ( .MILLI., .METRE. ) );
#4277 = MECHANICAL_DESIGN_GEOMETRIC_PRESENTATION_REPRESENTATION (  '', ( #4279 ), #4326 ) ;
#4278 = PRESENTATION_LAYER_ASSIGNMENT (  '', '', ( #4279 ) ) ;
#4279 = STYLED_ITEM ( 'NONE', ( #4280 ), #9038 ) ;
#4280 = PRESENTATION_STYLE_ASSIGNMENT (( #4281 ) ) ;
#4281 = SURFACE_STYLE_USAGE ( .BOTH. , #4282 ) ;
#4282 = SURFACE_SIDE_STYLE ('',( #4283 ) ) ;
#4283 = SURFACE_STYLE_FILL_AREA ( #4284 ) ;
#4284 = FILL_AREA_STYLE ('',( #4291 ) ) ;
#4285 = COLOUR_RGB ( '',0.7529411764705882200, 0.7529411764705882200, 0.7529411764705882200 ) ;
#4286 = FACE_OUTER_BOUND ( 'NONE', #9039, .T. ) ;
#4287 = DIRECTION ( 'NONE',  ( 1.000000000000000000, 0.0000000000000000000, -6.982966722218764100E-015 ) ) ;
#4288 = VECTOR ( 'NONE', #4287, 1000.000000000000000 ) ;
#4289 = CARTESIAN_POINT ( 'NONE',  ( -8.250000000000017800, 1.250000000000007800, -1.999999999999943600 ) ) ;
#4290 = LINE ( 'NONE', #4289, #4288 ) ;
#4291 = FILL_AREA_STYLE_COLOUR ( '', #4285 ) ;
#4292 = DIRECTION ( 'NONE',  ( 6.982966722218764100E-015, -3.398218658099876300E-015, 1.000000000000000000 ) ) ;
#4293 = DIRECTION ( 'NONE',  ( -2.372964780433434200E-029, -1.000000000000000000, -3.398218658099876300E-015 ) ) ;
#4294 = CARTESIAN_POINT ( 'NONE',  ( -8.250000000000024900, 1.250000000000011300, -2.957106781186492000 ) ) ;
#4295 = AXIS2_PLACEMENT_3D ( 'NONE', #4294, #4293, #4292 ) ;
#4296 = PLANE ( 'NONE',  #4295 ) ;
#4297 =( GEOMETRIC_REPRESENTATION_CONTEXT ( 3 ) GLOBAL_UNCERTAINTY_ASSIGNED_CONTEXT ( ( #4246 ) ) GLOBAL_UNIT_ASSIGNED_CONTEXT ( ( #4249, #4248, #4247 ) ) REPRESENTATION_CONTEXT ( 'NONE', 'WORKASPACE' ) );
#4298 = UNCERTAINTY_MEASURE_WITH_UNIT (LENGTH_MEASURE( 1.000000000000000100E-005 ), #4301, 'distance_accuracy_value', 'NONE');
#4299 =( NAMED_UNIT ( * ) SI_UNIT ( $, .STERADIAN. ) SOLID_ANGLE_UNIT ( ) );
#4300 =( NAMED_UNIT ( * ) PLANE_ANGLE_UNIT ( ) SI_UNIT ( $, .RADIAN. ) );
#4301 =( LENGTH_UNIT ( ) NAMED_UNIT ( * ) SI_UNIT ( .MILLI., .METRE. ) );
#4302 = MECHANICAL_DESIGN_GEOMETRIC_PRESENTATION_REPRESENTATION (  '', ( #4304 ), #4363 ) ;
#4303 = PRESENTATION_LAYER_ASSIGNMENT (  '', '', ( #4304 ) ) ;
#4304 = STYLED_ITEM ( 'NONE', ( #4305 ), #9043 ) ;
#4305 = PRESENTATION_STYLE_ASSIGNMENT (( #4306 ) ) ;
#4306 = SURFACE_STYLE_USAGE ( .BOTH. , #4307 ) ;
#4307 = SURFACE_SIDE_STYLE ('',( #4308 ) ) ;
#4308 = SURFACE_STYLE_FILL_AREA ( #4309 ) ;
#4309 = FILL_AREA_STYLE ('',( #4316 ) ) ;
#4310 = COLOUR_RGB ( '',0.7529411764705882200, 0.7529411764705882200, 0.7529411764705882200 ) ;
#4311 = FACE_OUTER_BOUND ( 'NONE', #8988, .T. ) ;
#4312 = DIRECTION ( 'NONE',  ( 6.982966722218764100E-015, -3.398218658099876300E-015, 1.000000000000000000 ) ) ;
#4313 = VECTOR ( 'NONE', #4312, 1000.000000000000000 ) ;
#4314 = CARTESIAN_POINT ( 'NONE',  ( -8.250000000000024900, 1.750000000000011800, -2.957106781186490200 ) ) ;
#4315 = LINE ( 'NONE', #4314, #4313 ) ;
#4316 = FILL_AREA_STYLE_COLOUR ( '', #4310 ) ;
#4317 = DIRECTION ( 'NONE',  ( -1.000000000000000000, 0.0000000000000000000, 6.982966722218764100E-015 ) ) ;
#4318 = VECTOR ( 'NONE', #4317, 1000.000000000000000 ) ;
#4319 = CARTESIAN_POINT ( 'NONE',  ( -8.250000000000017800, -2.999999999999993300, -1.999999999999958500 ) ) ;
#4320 = LINE ( 'NONE', #4319, #4318 ) ;
#4321 = DIRECTION ( 'NONE',  ( -2.438091212180733500E-029, -1.000000000000000000, -3.491483361109382100E-015 ) ) ;
#4322 = DIRECTION ( 'NONE',  ( -6.982966722218764100E-015, 3.491483361109382100E-015, -1.000000000000000000 ) ) ;
#4323 = CARTESIAN_POINT ( 'NONE',  ( -8.250000000000017800, 1.250000000000007800, -1.999999999999943600 ) ) ;
#4324 = AXIS2_PLACEMENT_3D ( 'NONE', #4323, #4322, #4321 ) ;
#4325 = PLANE ( 'NONE',  #4324 ) ;
#4326 =( GEOMETRIC_REPRESENTATION_CONTEXT ( 3 ) GLOBAL_UNCERTAINTY_ASSIGNED_CONTEXT ( ( #4273 ) ) GLOBAL_UNIT_ASSIGNED_CONTEXT ( ( #4276, #4275, #4274 ) ) REPRESENTATION_CONTEXT ( 'NONE', 'WORKASPACE' ) );
#4327 = STYLED_ITEM ( 'NONE', ( #4328 ), #9061 ) ;
#4328 = PRESENTATION_STYLE_ASSIGNMENT (( #4329 ) ) ;
#4329 = SURFACE_STYLE_USAGE ( .BOTH. , #4330 ) ;
#4330 = SURFACE_SIDE_STYLE ('',( #4331 ) ) ;
#4331 = SURFACE_STYLE_FILL_AREA ( #4332 ) ;
#4332 = FILL_AREA_STYLE ('',( #4340 ) ) ;
#4333 = COLOUR_RGB ( '',0.7529411764705882200, 0.7529411764705882200, 0.7529411764705882200 ) ;
#4334 = FACE_OUTER_BOUND ( 'NONE', #9062, .T. ) ;
#4335 = DIRECTION ( 'NONE',  ( 6.982966722218764100E-015, -3.398218658099876300E-015, 1.000000000000000000 ) ) ;
#4336 = VECTOR ( 'NONE', #4335, 1000.000000000000000 ) ;
#4337 = CARTESIAN_POINT ( 'NONE',  ( -10.25000000000002300, 1.750000000000011800, -2.957106781186476400 ) ) ;
#4338 = LINE ( 'NONE', #4337, #4336 ) ;
#4339 = VERTEX_POINT ( 'NONE', #10325 ) ;
#4340 = FILL_AREA_STYLE_COLOUR ( '', #4333 ) ;
#4342 = ORIENTED_EDGE ( 'NONE', *, *, #4440, .T. ) ;
#4341 = CARTESIAN_POINT ( 'NONE',  ( -9.750000000000016000, 1.250000000000007800, -1.999999999999932700 ) ) ;
#4343 = DIRECTION ( 'NONE',  ( 6.982966722218764100E-015, -3.398218658099876300E-015, 1.000000000000000000 ) ) ;
#4344 = ORIENTED_EDGE ( 'NONE', *, *, #6371, .F. ) ;
#4345 = VECTOR ( 'NONE', #4343, 1000.000000000000000 ) ;
#4346 = CARTESIAN_POINT ( 'NONE',  ( -9.750000000000023100, 1.250000000000011300, -2.957106781186481700 ) ) ;
#4347 = LINE ( 'NONE', #4346, #4345 ) ;
#4348 = CARTESIAN_POINT ( 'NONE',  ( -8.250000000000017800, -2.999999999999993300, -1.999999999999958500 ) ) ;
#4349 = DIRECTION ( 'NONE',  ( -6.982966722218764100E-015, 3.491483361109382100E-015, -1.000000000000000000 ) ) ;
#4350 = VECTOR ( 'NONE', #4349, 1000.000000000000000 ) ;
#4351 = CARTESIAN_POINT ( 'NONE',  ( -8.250000000000021300, -2.999999999999993300, -2.478553390593232200 ) ) ;
#4352 = LINE ( 'NONE', #4351, #4350 ) ;
#4353 = CARTESIAN_POINT ( 'NONE',  ( -8.250000000000021300, -2.999999999999991600, -2.499999999999958700 ) ) ;
#4354 = DIRECTION ( 'NONE',  ( -2.438091212180733500E-029, -1.000000000000000000, -3.491483361109382100E-015 ) ) ;
#4355 = VECTOR ( 'NONE', #4354, 1000.000000000000000 ) ;
#4356 = CARTESIAN_POINT ( 'NONE',  ( -8.250000000000021300, 1.750000000000010000, -2.499999999999941800 ) ) ;
#4357 = LINE ( 'NONE', #4356, #4355 ) ;
#4358 = DIRECTION ( 'NONE',  ( -2.438091212180733500E-029, -1.000000000000000000, -3.491483361109382100E-015 ) ) ;
#4359 = DIRECTION ( 'NONE',  ( -1.000000000000000000, 0.0000000000000000000, 6.982966722218764100E-015 ) ) ;
#4360 = CARTESIAN_POINT ( 'NONE',  ( -8.250000000000024900, 1.250000000000011300, -2.957106781186492000 ) ) ;
#4361 = AXIS2_PLACEMENT_3D ( 'NONE', #4360, #4359, #4358 ) ;
#4362 = PLANE ( 'NONE',  #4361 ) ;
#4363 =( GEOMETRIC_REPRESENTATION_CONTEXT ( 3 ) GLOBAL_UNCERTAINTY_ASSIGNED_CONTEXT ( ( #4298 ) ) GLOBAL_UNIT_ASSIGNED_CONTEXT ( ( #4301, #4300, #4299 ) ) REPRESENTATION_CONTEXT ( 'NONE', 'WORKASPACE' ) );
#4364 = CARTESIAN_POINT ( 'NONE',  ( -10.24999999999998200, 1.249999999999992200, 2.650000000000071900 ) ) ;
#4365 = FILL_AREA_STYLE_COLOUR ( '', #4411 ) ;
#4366 = DIRECTION ( 'NONE',  ( -2.438091212180733500E-029, -1.000000000000000000, -3.491483361109382100E-015 ) ) ;
#4367 = VECTOR ( 'NONE', #4366, 1000.000000000000000 ) ;
#4368 = CARTESIAN_POINT ( 'NONE',  ( -10.24999999999998200, 1.249999999999992200, 2.650000000000071900 ) ) ;
#4369 = LINE ( 'NONE', #4368, #4367 ) ;
#4370 = DIRECTION ( 'NONE',  ( 6.982966722218764100E-015, -3.398218658099876300E-015, 1.000000000000000000 ) ) ;
#4371 = VECTOR ( 'NONE', #4370, 1000.000000000000000 ) ;
#4372 = CARTESIAN_POINT ( 'NONE',  ( -9.750000000000023100, 1.750000000000011800, -2.957106781186480000 ) ) ;
#4373 = LINE ( 'NONE', #4372, #4371 ) ;
#4374 = DIRECTION ( 'NONE',  ( -6.982966722218764100E-015, 3.398218658099876300E-015, -1.000000000000000000 ) ) ;
#4375 = DIRECTION ( 'NONE',  ( 2.372964780433434200E-029, 1.000000000000000000, 3.398218658099876300E-015 ) ) ;
#4376 = CARTESIAN_POINT ( 'NONE',  ( -10.25000000000002300, 1.750000000000011800, -2.957106781186476400 ) ) ;
#4377 = AXIS2_PLACEMENT_3D ( 'NONE', #4376, #4375, #4374 ) ;
#4378 = PLANE ( 'NONE',  #4377 ) ;
#4379 =( GEOMETRIC_REPRESENTATION_CONTEXT ( 3 ) GLOBAL_UNCERTAINTY_ASSIGNED_CONTEXT ( ( #4381 ) ) GLOBAL_UNIT_ASSIGNED_CONTEXT ( ( #4385, #4383, #4382 ) ) REPRESENTATION_CONTEXT ( 'NONE', 'WORKASPACE' ) );
#4380 = VERTEX_POINT ( 'NONE', #10324 ) ;
#4381 = UNCERTAINTY_MEASURE_WITH_UNIT (LENGTH_MEASURE( 1.000000000000000100E-005 ), #4385, 'distance_accuracy_value', 'NONE');
#4382 =( NAMED_UNIT ( * ) SI_UNIT ( $, .STERADIAN. ) SOLID_ANGLE_UNIT ( ) );
#4383 =( NAMED_UNIT ( * ) PLANE_ANGLE_UNIT ( ) SI_UNIT ( $, .RADIAN. ) );
#4384 = ORIENTED_EDGE ( 'NONE', *, *, #4438, .T. ) ;
#4385 =( LENGTH_UNIT ( ) NAMED_UNIT ( * ) SI_UNIT ( .MILLI., .METRE. ) );
#4386 = MECHANICAL_DESIGN_GEOMETRIC_PRESENTATION_REPRESENTATION (  '', ( #4327 ), #4379 ) ;
#4387 = PRESENTATION_LAYER_ASSIGNMENT (  '', '', ( #4327 ) ) ;
#4388 = DIRECTION ( 'NONE',  ( 6.982966722218764100E-015, -3.398218658099876300E-015, 1.000000000000000000 ) ) ;
#4389 = VECTOR ( 'NONE', #4388, 1000.000000000000000 ) ;
#4390 = CARTESIAN_POINT ( 'NONE',  ( -10.25000000000002300, 1.250000000000011300, -2.957106781186478200 ) ) ;
#4391 = LINE ( 'NONE', #4390, #4389 ) ;
#4392 = DIRECTION ( 'NONE',  ( 6.982966722218764100E-015, -3.398218658099876300E-015, 1.000000000000000000 ) ) ;
#4393 = DIRECTION ( 'NONE',  ( -2.372964780433434200E-029, -1.000000000000000000, -3.398218658099876300E-015 ) ) ;
#4394 = CARTESIAN_POINT ( 'NONE',  ( -10.25000000000002300, 1.250000000000011300, -2.957106781186478200 ) ) ;
#4395 = AXIS2_PLACEMENT_3D ( 'NONE', #4394, #4393, #4392 ) ;
#4396 = PLANE ( 'NONE',  #4395 ) ;
#4397 =( GEOMETRIC_REPRESENTATION_CONTEXT ( 3 ) GLOBAL_UNCERTAINTY_ASSIGNED_CONTEXT ( ( #4398 ) ) GLOBAL_UNIT_ASSIGNED_CONTEXT ( ( #4401, #4400, #4399 ) ) REPRESENTATION_CONTEXT ( 'NONE', 'WORKASPACE' ) );
#4398 = UNCERTAINTY_MEASURE_WITH_UNIT (LENGTH_MEASURE( 1.000000000000000100E-005 ), #4401, 'distance_accuracy_value', 'NONE');
#4399 =( NAMED_UNIT ( * ) SI_UNIT ( $, .STERADIAN. ) SOLID_ANGLE_UNIT ( ) );
#4400 =( NAMED_UNIT ( * ) PLANE_ANGLE_UNIT ( ) SI_UNIT ( $, .RADIAN. ) );
#4401 =( LENGTH_UNIT ( ) NAMED_UNIT ( * ) SI_UNIT ( .MILLI., .METRE. ) );
#4402 = MECHANICAL_DESIGN_GEOMETRIC_PRESENTATION_REPRESENTATION (  '', ( #4405 ), #4397 ) ;
#4403 = VERTEX_POINT ( 'NONE', #10323 ) ;
#4404 = PRESENTATION_LAYER_ASSIGNMENT (  '', '', ( #4405 ) ) ;
#4405 = STYLED_ITEM ( 'NONE', ( #4406 ), #9072 ) ;
#4406 = PRESENTATION_STYLE_ASSIGNMENT (( #4407 ) ) ;
#4407 = SURFACE_STYLE_USAGE ( .BOTH. , #4408 ) ;
#4408 = SURFACE_SIDE_STYLE ('',( #4409 ) ) ;
#4409 = SURFACE_STYLE_FILL_AREA ( #4410 ) ;
#4410 = FILL_AREA_STYLE ('',( #4365 ) ) ;
#4411 = COLOUR_RGB ( '',0.7529411764705882200, 0.7529411764705882200, 0.7529411764705882200 ) ;
#4412 = FACE_OUTER_BOUND ( 'NONE', #9073, .T. ) ;
#4413 = DIRECTION ( 'NONE',  ( 1.000000000000000000, 0.0000000000000000000, -6.982966722218764100E-015 ) ) ;
#4414 = VECTOR ( 'NONE', #4413, 1000.000000000000000 ) ;
#4415 = CARTESIAN_POINT ( 'NONE',  ( -10.24999999999998200, 1.249999999999992200, 2.650000000000071900 ) ) ;
#4416 = LINE ( 'NONE', #4415, #4414 ) ;
#4417 = PRESENTATION_LAYER_ASSIGNMENT (  '', '', ( #4418 ) ) ;
#4418 = STYLED_ITEM ( 'NONE', ( #4419 ), #9086 ) ;
#4419 = PRESENTATION_STYLE_ASSIGNMENT (( #4420 ) ) ;
#4420 = SURFACE_STYLE_USAGE ( .BOTH. , #4421 ) ;
#4421 = SURFACE_SIDE_STYLE ('',( #4422 ) ) ;
#4422 = SURFACE_STYLE_FILL_AREA ( #4423 ) ;
#4423 = FILL_AREA_STYLE ('',( #4431 ) ) ;
#4424 = COLOUR_RGB ( '',0.7529411764705882200, 0.7529411764705882200, 0.7529411764705882200 ) ;
#4425 = FACE_OUTER_BOUND ( 'NONE', #9087, .T. ) ;
#4426 = DIRECTION ( 'NONE',  ( -2.438091212180733500E-029, -1.000000000000000000, -3.491483361109382100E-015 ) ) ;
#4427 = DIRECTION ( 'NONE',  ( -1.000000000000000000, 0.0000000000000000000, 6.982966722218764100E-015 ) ) ;
#4428 = ORIENTED_EDGE ( 'NONE', *, *, #4005, .T. ) ;
#4429 = CARTESIAN_POINT ( 'NONE',  ( -10.25000000000002300, 1.250000000000011300, -2.957106781186478200 ) ) ;
#4430 = AXIS2_PLACEMENT_3D ( 'NONE', #4429, #4427, #4426 ) ;
#4431 = FILL_AREA_STYLE_COLOUR ( '', #4424 ) ;
#4432 = PLANE ( 'NONE',  #4430 ) ;
#4433 =( GEOMETRIC_REPRESENTATION_CONTEXT ( 3 ) GLOBAL_UNCERTAINTY_ASSIGNED_CONTEXT ( ( #4434 ) ) GLOBAL_UNIT_ASSIGNED_CONTEXT ( ( #4437, #4436, #4435 ) ) REPRESENTATION_CONTEXT ( 'NONE', 'WORKASPACE' ) );
#4434 = UNCERTAINTY_MEASURE_WITH_UNIT (LENGTH_MEASURE( 1.000000000000000100E-005 ), #4437, 'distance_accuracy_value', 'NONE');
#4435 =( NAMED_UNIT ( * ) SI_UNIT ( $, .STERADIAN. ) SOLID_ANGLE_UNIT ( ) );
#4436 =( NAMED_UNIT ( * ) PLANE_ANGLE_UNIT ( ) SI_UNIT ( $, .RADIAN. ) );
#4438 = EDGE_CURVE ( 'NONE', #2308, #6877, #10322, .T. ) ;
#4437 =( LENGTH_UNIT ( ) NAMED_UNIT ( * ) SI_UNIT ( .MILLI., .METRE. ) );
#4439 = MECHANICAL_DESIGN_GEOMETRIC_PRESENTATION_REPRESENTATION (  '', ( #4442 ), #4433 ) ;
#4440 = EDGE_CURVE ( 'NONE', #4380, #4339, #10317, .T. ) ;
#4441 = PRESENTATION_LAYER_ASSIGNMENT (  '', '', ( #4442 ) ) ;
#4442 = STYLED_ITEM ( 'NONE', ( #4443 ), #9080 ) ;
#4443 = PRESENTATION_STYLE_ASSIGNMENT (( #4444 ) ) ;
#4444 = SURFACE_STYLE_USAGE ( .BOTH. , #4445 ) ;
#4445 = SURFACE_SIDE_STYLE ('',( #4446 ) ) ;
#4446 = SURFACE_STYLE_FILL_AREA ( #4447 ) ;
#4447 = FILL_AREA_STYLE ('',( #4454 ) ) ;
#4448 = COLOUR_RGB ( '',0.7529411764705882200, 0.7529411764705882200, 0.7529411764705882200 ) ;
#4449 = FACE_OUTER_BOUND ( 'NONE', #9081, .T. ) ;
#4450 = DIRECTION ( 'NONE',  ( 6.982966722218764100E-015, -3.398218658099876300E-015, 1.000000000000000000 ) ) ;
#4451 = VECTOR ( 'NONE', #4450, 1000.000000000000000 ) ;
#4452 = CARTESIAN_POINT ( 'NONE',  ( -9.750000000000023100, 1.250000000000011300, -2.957106781186481700 ) ) ;
#4453 = LINE ( 'NONE', #4452, #4451 ) ;
#4454 = FILL_AREA_STYLE_COLOUR ( '', #4448 ) ;
#4455 = LINE ( 'NONE', #4874, #4506 ) ;
#4456 = CARTESIAN_POINT ( 'NONE',  ( 7.749999999999963600, 3.250000000000017800, -4.957106781186595900 ) ) ;
#4457 = DIRECTION ( 'NONE',  ( 1.000000000000000000, 0.0000000000000000000, -6.982966722218764100E-015 ) ) ;
#4458 = VECTOR ( 'NONE', #4457, 1000.000000000000000 ) ;
#4459 = CARTESIAN_POINT ( 'NONE',  ( -10.25000000000001600, 1.250000000000007800, -1.999999999999929800 ) ) ;
#4460 = LINE ( 'NONE', #4459, #4458 ) ;
#4461 = CARTESIAN_POINT ( 'NONE',  ( -9.749999999999982200, 1.749999999999992700, 2.650000000000070100 ) ) ;
#4462 = CARTESIAN_POINT ( 'NONE',  ( -9.749999999999982200, 1.249999999999992200, 2.650000000000068700 ) ) ;
#4463 = DIRECTION ( 'NONE',  ( 2.438091212180733500E-029, 1.000000000000000000, 3.491483361109382100E-015 ) ) ;
#4464 = VECTOR ( 'NONE', #4463, 1000.000000000000000 ) ;
#4465 = CARTESIAN_POINT ( 'NONE',  ( -9.749999999999982200, 1.249999999999992200, 2.650000000000068700 ) ) ;
#4466 = LINE ( 'NONE', #4465, #4464 ) ;
#4467 = DIRECTION ( 'NONE',  ( -2.438091212180733500E-029, -1.000000000000000000, -3.491483361109382100E-015 ) ) ;
#4468 = DIRECTION ( 'NONE',  ( -6.982966722218764100E-015, 3.491483361109382100E-015, -1.000000000000000000 ) ) ;
#4469 = CARTESIAN_POINT ( 'NONE',  ( -9.749999999999982200, 1.749999999999992700, 2.650000000000070100 ) ) ;
#4470 = AXIS2_PLACEMENT_3D ( 'NONE', #4469, #4468, #4467 ) ;
#4471 = PLANE ( 'NONE',  #4470 ) ;
#4472 =( GEOMETRIC_REPRESENTATION_CONTEXT ( 3 ) GLOBAL_UNCERTAINTY_ASSIGNED_CONTEXT ( ( #4473 ) ) GLOBAL_UNIT_ASSIGNED_CONTEXT ( ( #4476, #4475, #4474 ) ) REPRESENTATION_CONTEXT ( 'NONE', 'WORKASPACE' ) );
#4473 = UNCERTAINTY_MEASURE_WITH_UNIT (LENGTH_MEASURE( 1.000000000000000100E-005 ), #4476, 'distance_accuracy_value', 'NONE');
#4474 =( NAMED_UNIT ( * ) SI_UNIT ( $, .STERADIAN. ) SOLID_ANGLE_UNIT ( ) );
#4475 =( NAMED_UNIT ( * ) PLANE_ANGLE_UNIT ( ) SI_UNIT ( $, .RADIAN. ) );
#4476 =( LENGTH_UNIT ( ) NAMED_UNIT ( * ) SI_UNIT ( .MILLI., .METRE. ) );
#4477 = MECHANICAL_DESIGN_GEOMETRIC_PRESENTATION_REPRESENTATION (  '', ( #4418 ), #4472 ) ;
#4478 = DIRECTION ( 'NONE',  ( -2.438091212180733500E-029, -1.000000000000000000, -3.491483361109382100E-015 ) ) ;
#4479 = DIRECTION ( 'NONE',  ( -1.000000000000000000, 0.0000000000000000000, 6.982966722218764100E-015 ) ) ;
#4480 = CARTESIAN_POINT ( 'NONE',  ( -10.25000000000002300, 1.250000000000011300, -2.957106781186478200 ) ) ;
#4481 = AXIS2_PLACEMENT_3D ( 'NONE', #4480, #4479, #4478 ) ;
#4482 = PLANE ( 'NONE',  #4481 ) ;
#4483 = VERTEX_POINT ( 'NONE', #10313 ) ;
#4484 =( GEOMETRIC_REPRESENTATION_CONTEXT ( 3 ) GLOBAL_UNCERTAINTY_ASSIGNED_CONTEXT ( ( #4485 ) ) GLOBAL_UNIT_ASSIGNED_CONTEXT ( ( #4488, #4487, #4486 ) ) REPRESENTATION_CONTEXT ( 'NONE', 'WORKASPACE' ) );
#4485 = UNCERTAINTY_MEASURE_WITH_UNIT (LENGTH_MEASURE( 1.000000000000000100E-005 ), #4488, 'distance_accuracy_value', 'NONE');
#4486 =( NAMED_UNIT ( * ) SI_UNIT ( $, .STERADIAN. ) SOLID_ANGLE_UNIT ( ) );
#4487 =( NAMED_UNIT ( * ) PLANE_ANGLE_UNIT ( ) SI_UNIT ( $, .RADIAN. ) );
#4488 =( LENGTH_UNIT ( ) NAMED_UNIT ( * ) SI_UNIT ( .MILLI., .METRE. ) );
#4489 = MECHANICAL_DESIGN_GEOMETRIC_PRESENTATION_REPRESENTATION (  '', ( #4491 ), #4484 ) ;
#4490 = PRESENTATION_LAYER_ASSIGNMENT (  '', '', ( #4491 ) ) ;
#4491 = STYLED_ITEM ( 'NONE', ( #4492 ), #9103 ) ;
#4492 = PRESENTATION_STYLE_ASSIGNMENT (( #4493 ) ) ;
#4493 = SURFACE_STYLE_USAGE ( .BOTH. , #4494 ) ;
#4494 = SURFACE_SIDE_STYLE ('',( #4495 ) ) ;
#4495 = SURFACE_STYLE_FILL_AREA ( #4496 ) ;
#4496 = FILL_AREA_STYLE ('',( #4503 ) ) ;
#4497 = COLOUR_RGB ( '',0.7529411764705882200, 0.7529411764705882200, 0.7529411764705882200 ) ;
#4498 = FACE_OUTER_BOUND ( 'NONE', #9104, .T. ) ;
#4499 = DIRECTION ( 'NONE',  ( 6.982966722218764100E-015, -3.398218658099876300E-015, 1.000000000000000000 ) ) ;
#4500 = VECTOR ( 'NONE', #4499, 1000.000000000000000 ) ;
#4501 = CARTESIAN_POINT ( 'NONE',  ( -10.25000000000002300, 1.750000000000011800, -2.957106781186476400 ) ) ;
#4502 = LINE ( 'NONE', #4501, #4500 ) ;
#4503 = FILL_AREA_STYLE_COLOUR ( '', #4497 ) ;
#4504 = CARTESIAN_POINT ( 'NONE',  ( -10.25000000000002000, 1.750000000000010000, -2.499999999999928100 ) ) ;
#4505 = DIRECTION ( 'NONE',  ( -1.000000000000000000, 0.0000000000000000000, 6.982966722218764100E-015 ) ) ;
#4506 = VECTOR ( 'NONE', #4505, 1000.000000000000000 ) ;
#4507 =( LENGTH_UNIT ( ) NAMED_UNIT ( * ) SI_UNIT ( .MILLI., .METRE. ) );
#4508 = MECHANICAL_DESIGN_GEOMETRIC_PRESENTATION_REPRESENTATION (  '', ( #4510 ), #4565 ) ;
#4509 = PRESENTATION_LAYER_ASSIGNMENT (  '', '', ( #4510 ) ) ;
#4510 = STYLED_ITEM ( 'NONE', ( #4511 ), #9122 ) ;
#4511 = PRESENTATION_STYLE_ASSIGNMENT (( #4512 ) ) ;
#4512 = SURFACE_STYLE_USAGE ( .BOTH. , #4513 ) ;
#4513 = SURFACE_SIDE_STYLE ('',( #4514 ) ) ;
#4514 = SURFACE_STYLE_FILL_AREA ( #4515 ) ;
#4515 = FILL_AREA_STYLE ('',( #4522 ) ) ;
#4516 = COLOUR_RGB ( '',0.7529411764705882200, 0.7529411764705882200, 0.7529411764705882200 ) ;
#4517 = FACE_OUTER_BOUND ( 'NONE', #9123, .T. ) ;
#4518 = DIRECTION ( 'NONE',  ( 6.982966722218764100E-015, -3.398218658099876300E-015, 1.000000000000000000 ) ) ;
#4519 = VECTOR ( 'NONE', #4518, 1000.000000000000000 ) ;
#4520 = CARTESIAN_POINT ( 'NONE',  ( -9.750000000000023100, 1.750000000000011800, -2.957106781186480000 ) ) ;
#4521 = LINE ( 'NONE', #4520, #4519 ) ;
#4522 = FILL_AREA_STYLE_COLOUR ( '', #4516 ) ;
#4523 = CARTESIAN_POINT ( 'NONE',  ( -9.750000000000019500, 1.750000000000010000, -2.499999999999932100 ) ) ;
#4524 = DIRECTION ( 'NONE',  ( -2.438091212180733500E-029, -1.000000000000000000, -3.491483361109382100E-015 ) ) ;
#4525 = VECTOR ( 'NONE', #4524, 1000.000000000000000 ) ;
#4526 = CARTESIAN_POINT ( 'NONE',  ( -9.750000000000019500, 1.750000000000010000, -2.499999999999932100 ) ) ;
#4527 = LINE ( 'NONE', #4526, #4525 ) ;
#4528 = CARTESIAN_POINT ( 'NONE',  ( -9.750000000000019500, -2.999999999999991600, -2.499999999999948500 ) ) ;
#4529 = DIRECTION ( 'NONE',  ( 6.982966722218764100E-015, -3.491483361109382100E-015, 1.000000000000000000 ) ) ;
#4530 = VECTOR ( 'NONE', #4529, 1000.000000000000000 ) ;
#4531 = CARTESIAN_POINT ( 'NONE',  ( -9.750000000000019500, -2.999999999999993300, -2.478553390593222000 ) ) ;
#4532 = LINE ( 'NONE', #4531, #4530 ) ;
#4533 = CARTESIAN_POINT ( 'NONE',  ( -9.750000000000016000, -2.999999999999993300, -1.999999999999947600 ) ) ;
#4534 = DIRECTION ( 'NONE',  ( -2.438091212180733500E-029, -1.000000000000000000, -3.491483361109382100E-015 ) ) ;
#4535 = VECTOR ( 'NONE', #4534, 1000.000000000000000 ) ;
#4536 = CARTESIAN_POINT ( 'NONE',  ( -9.750000000000016000, 1.250000000000007800, -1.999999999999932700 ) ) ;
#4537 = LINE ( 'NONE', #4536, #4535 ) ;
#4538 = CARTESIAN_POINT ( 'NONE',  ( -10.25000000000001600, -2.999999999999993300, -1.999999999999944500 ) ) ;
#4539 = CARTESIAN_POINT ( 'NONE',  ( -10.25000000000002000, -2.999999999999991600, -2.499999999999944900 ) ) ;
#4540 = DIRECTION ( 'NONE',  ( -2.438091212180733500E-029, -1.000000000000000000, -3.491483361109382100E-015 ) ) ;
#4541 = VECTOR ( 'NONE', #4540, 1000.000000000000000 ) ;
#4542 = CARTESIAN_POINT ( 'NONE',  ( -10.25000000000002000, 1.750000000000010000, -2.499999999999928100 ) ) ;
#4543 = LINE ( 'NONE', #4542, #4541 ) ;
#4544 = UNCERTAINTY_MEASURE_WITH_UNIT (LENGTH_MEASURE( 1.000000000000000100E-005 ), #4548, 'distance_accuracy_value', 'NONE');
#4545 =( NAMED_UNIT ( * ) SI_UNIT ( $, .STERADIAN. ) SOLID_ANGLE_UNIT ( ) );
#4546 =( NAMED_UNIT ( * ) PLANE_ANGLE_UNIT ( ) SI_UNIT ( $, .RADIAN. ) );
#4547 = EDGE_CURVE ( 'NONE', #4572, #4483, #10312, .T. ) ;
#4548 =( LENGTH_UNIT ( ) NAMED_UNIT ( * ) SI_UNIT ( .MILLI., .METRE. ) );
#4549 = MECHANICAL_DESIGN_GEOMETRIC_PRESENTATION_REPRESENTATION (  '', ( #4551 ), #4595 ) ;
#4550 = PRESENTATION_LAYER_ASSIGNMENT (  '', '', ( #4551 ) ) ;
#4551 = STYLED_ITEM ( 'NONE', ( #4552 ), #9126 ) ;
#4552 = PRESENTATION_STYLE_ASSIGNMENT (( #4553 ) ) ;
#4553 = SURFACE_STYLE_USAGE ( .BOTH. , #4554 ) ;
#4554 = SURFACE_SIDE_STYLE ('',( #4555 ) ) ;
#4555 = SURFACE_STYLE_FILL_AREA ( #4556 ) ;
#4556 = FILL_AREA_STYLE ('',( #4563 ) ) ;
#4557 = COLOUR_RGB ( '',0.7529411764705882200, 0.7529411764705882200, 0.7529411764705882200 ) ;
#4558 = FACE_OUTER_BOUND ( 'NONE', #9067, .T. ) ;
#4559 = DIRECTION ( 'NONE',  ( -6.982966722218764100E-015, 3.398218658099876300E-015, -1.000000000000000000 ) ) ;
#4560 = DIRECTION ( 'NONE',  ( 2.372964780433434200E-029, 1.000000000000000000, 3.398218658099876300E-015 ) ) ;
#4561 = CARTESIAN_POINT ( 'NONE',  ( -10.25000000000002300, 1.750000000000011800, -2.957106781186476400 ) ) ;
#4562 = AXIS2_PLACEMENT_3D ( 'NONE', #4561, #4560, #4559 ) ;
#4563 = FILL_AREA_STYLE_COLOUR ( '', #4557 ) ;
#4564 = PLANE ( 'NONE',  #4562 ) ;
#4565 =( GEOMETRIC_REPRESENTATION_CONTEXT ( 3 ) GLOBAL_UNCERTAINTY_ASSIGNED_CONTEXT ( ( #4566 ) ) GLOBAL_UNIT_ASSIGNED_CONTEXT ( ( #4507, #4568, #4567 ) ) REPRESENTATION_CONTEXT ( 'NONE', 'WORKASPACE' ) );
#4566 = UNCERTAINTY_MEASURE_WITH_UNIT (LENGTH_MEASURE( 1.000000000000000100E-005 ), #4507, 'distance_accuracy_value', 'NONE');
#4567 =( NAMED_UNIT ( * ) SI_UNIT ( $, .STERADIAN. ) SOLID_ANGLE_UNIT ( ) );
#4568 =( NAMED_UNIT ( * ) PLANE_ANGLE_UNIT ( ) SI_UNIT ( $, .RADIAN. ) );
#4569 = AXIS2_PLACEMENT_3D ( 'NONE', #4626, #4625, #4624 ) ;
#4570 = PLANE ( 'NONE',  #4569 ) ;
#4571 =( GEOMETRIC_REPRESENTATION_CONTEXT ( 3 ) GLOBAL_UNCERTAINTY_ASSIGNED_CONTEXT ( ( #4574 ) ) GLOBAL_UNIT_ASSIGNED_CONTEXT ( ( #4577, #4576, #4575 ) ) REPRESENTATION_CONTEXT ( 'NONE', 'WORKASPACE' ) );
#4572 = VERTEX_POINT ( 'NONE', #10307 ) ;
#4573 = VERTEX_POINT ( 'NONE', #10306 ) ;
#4574 = UNCERTAINTY_MEASURE_WITH_UNIT (LENGTH_MEASURE( 1.000000000000000100E-005 ), #4577, 'distance_accuracy_value', 'NONE');
#4575 =( NAMED_UNIT ( * ) SI_UNIT ( $, .STERADIAN. ) SOLID_ANGLE_UNIT ( ) );
#4576 =( NAMED_UNIT ( * ) PLANE_ANGLE_UNIT ( ) SI_UNIT ( $, .RADIAN. ) );
#4577 =( LENGTH_UNIT ( ) NAMED_UNIT ( * ) SI_UNIT ( .MILLI., .METRE. ) );
#4578 = MECHANICAL_DESIGN_GEOMETRIC_PRESENTATION_REPRESENTATION (  '', ( #4580 ), #4571 ) ;
#4579 = PRESENTATION_LAYER_ASSIGNMENT (  '', '', ( #4580 ) ) ;
#4580 = STYLED_ITEM ( 'NONE', ( #4581 ), #9131 ) ;
#4581 = PRESENTATION_STYLE_ASSIGNMENT (( #4582 ) ) ;
#4582 = SURFACE_STYLE_USAGE ( .BOTH. , #4583 ) ;
#4583 = SURFACE_SIDE_STYLE ('',( #4584 ) ) ;
#4584 = SURFACE_STYLE_FILL_AREA ( #4585 ) ;
#4585 = FILL_AREA_STYLE ('',( #4592 ) ) ;
#4586 = COLOUR_RGB ( '',0.7529411764705882200, 0.7529411764705882200, 0.7529411764705882200 ) ;
#4587 = FACE_OUTER_BOUND ( 'NONE', #9132, .T. ) ;
#4588 = DIRECTION ( 'NONE',  ( 2.438091212180733500E-029, 1.000000000000000000, 3.491483361109382100E-015 ) ) ;
#4589 = DIRECTION ( 'NONE',  ( 1.000000000000000000, 0.0000000000000000000, -6.982966722218764100E-015 ) ) ;
#4590 = CARTESIAN_POINT ( 'NONE',  ( -9.750000000000023100, 1.250000000000011300, -2.957106781186481700 ) ) ;
#4591 = AXIS2_PLACEMENT_3D ( 'NONE', #4590, #4589, #4588 ) ;
#4592 = FILL_AREA_STYLE_COLOUR ( '', #4586 ) ;
#4593 = PLANE ( 'NONE',  #4591 ) ;
#4594 = EDGE_LOOP ( 'NONE', ( #4344, #6359, #6356, #5984, #5726, #5729, #6397, #6395, #6390, #6392, #6382 ) ) ;
#4595 =( GEOMETRIC_REPRESENTATION_CONTEXT ( 3 ) GLOBAL_UNCERTAINTY_ASSIGNED_CONTEXT ( ( #4544 ) ) GLOBAL_UNIT_ASSIGNED_CONTEXT ( ( #4548, #4546, #4545 ) ) REPRESENTATION_CONTEXT ( 'NONE', 'WORKASPACE' ) );
#4596 = FILL_AREA_STYLE_COLOUR ( '', #4658 ) ;
#4597 = DIRECTION ( 'NONE',  ( 1.000000000000000000, 0.0000000000000000000, -6.982966722218764100E-015 ) ) ;
#4598 = DIRECTION ( 'NONE',  ( -2.438091212180733500E-029, -1.000000000000000000, -3.491483361109382100E-015 ) ) ;
#4599 = CARTESIAN_POINT ( 'NONE',  ( -10.00000000000001800, -2.999999999999993300, -2.249999999999946700 ) ) ;
#4600 = AXIS2_PLACEMENT_3D ( 'NONE', #4599, #4598, #4597 ) ;
#4601 = FACE_OUTER_BOUND ( 'NONE', #9147, .T. ) ;
#4602 = PLANE ( 'NONE',  #4600 ) ;
#4603 =( GEOMETRIC_REPRESENTATION_CONTEXT ( 3 ) GLOBAL_UNCERTAINTY_ASSIGNED_CONTEXT ( ( #4604 ) ) GLOBAL_UNIT_ASSIGNED_CONTEXT ( ( #4608, #4606, #4605 ) ) REPRESENTATION_CONTEXT ( 'NONE', 'WORKASPACE' ) );
#4604 = UNCERTAINTY_MEASURE_WITH_UNIT (LENGTH_MEASURE( 1.000000000000000100E-005 ), #4608, 'distance_accuracy_value', 'NONE');
#4605 =( NAMED_UNIT ( * ) SI_UNIT ( $, .STERADIAN. ) SOLID_ANGLE_UNIT ( ) );
#4606 =( NAMED_UNIT ( * ) PLANE_ANGLE_UNIT ( ) SI_UNIT ( $, .RADIAN. ) );
#4607 = VERTEX_POINT ( 'NONE', #10305 ) ;
#4608 =( LENGTH_UNIT ( ) NAMED_UNIT ( * ) SI_UNIT ( .MILLI., .METRE. ) );
#4609 = MECHANICAL_DESIGN_GEOMETRIC_PRESENTATION_REPRESENTATION (  '', ( #4611 ), #4603 ) ;
#4610 = PRESENTATION_LAYER_ASSIGNMENT (  '', '', ( #4611 ) ) ;
#4611 = STYLED_ITEM ( 'NONE', ( #4612 ), #9140 ) ;
#4612 = PRESENTATION_STYLE_ASSIGNMENT (( #4613 ) ) ;
#4613 = SURFACE_STYLE_USAGE ( .BOTH. , #4614 ) ;
#4614 = SURFACE_SIDE_STYLE ('',( #4615 ) ) ;
#4615 = SURFACE_STYLE_FILL_AREA ( #4616 ) ;
#4616 = FILL_AREA_STYLE ('',( #4623 ) ) ;
#4617 = COLOUR_RGB ( '',0.7529411764705882200, 0.7529411764705882200, 0.7529411764705882200 ) ;
#4618 = FACE_OUTER_BOUND ( 'NONE', #9141, .T. ) ;
#4619 = DIRECTION ( 'NONE',  ( 6.982966722218764100E-015, -3.491483361109382100E-015, 1.000000000000000000 ) ) ;
#4620 = VECTOR ( 'NONE', #4619, 1000.000000000000000 ) ;
#4621 = CARTESIAN_POINT ( 'NONE',  ( 8.249999999999962700, 3.750000000000018200, -4.957106781186597600 ) ) ;
#4622 = LINE ( 'NONE', #4621, #4620 ) ;
#4623 = FILL_AREA_STYLE_COLOUR ( '', #4617 ) ;
#4624 = DIRECTION ( 'NONE',  ( 2.438091212180733500E-029, 1.000000000000000000, 3.491483361109382100E-015 ) ) ;
#4625 = DIRECTION ( 'NONE',  ( 1.000000000000000000, 0.0000000000000000000, -6.982966722218764100E-015 ) ) ;
#4626 = CARTESIAN_POINT ( 'NONE',  ( -9.750000000000023100, 1.250000000000011300, -2.957106781186481700 ) ) ;
#4627 = PRESENTATION_STYLE_ASSIGNMENT (( #4628 ) ) ;
#4628 = SURFACE_STYLE_USAGE ( .BOTH. , #4629 ) ;
#4629 = SURFACE_SIDE_STYLE ('',( #4630 ) ) ;
#4630 = SURFACE_STYLE_FILL_AREA ( #4631 ) ;
#4631 = FILL_AREA_STYLE ('',( #4632 ) ) ;
#4632 = FILL_AREA_STYLE_COLOUR ( '', #4633 ) ;
#4633 = COLOUR_RGB ( '',0.7529411764705882200, 0.7529411764705882200, 0.7529411764705882200 ) ;
#4634 = FACE_OUTER_BOUND ( 'NONE', #9153, .T. ) ;
#4635 = CARTESIAN_POINT ( 'NONE',  ( 7.750000000000016000, 3.749999999999991100, 2.649999999999955100 ) ) ;
#4636 = DIRECTION ( 'NONE',  ( -2.438091212180733500E-029, -1.000000000000000000, -3.491483361109382100E-015 ) ) ;
#4637 = VECTOR ( 'NONE', #4636, 1000.000000000000000 ) ;
#4638 = CARTESIAN_POINT ( 'NONE',  ( 7.750000000000016000, 3.749999999999991100, 2.649999999999955100 ) ) ;
#4639 = LINE ( 'NONE', #4638, #4637 ) ;
#4640 = DIRECTION ( 'NONE',  ( 2.438091212180733500E-029, 1.000000000000000000, 3.491483361109382100E-015 ) ) ;
#4641 = DIRECTION ( 'NONE',  ( 6.982966722218764100E-015, -3.491483361109382100E-015, 1.000000000000000000 ) ) ;
#4642 = CARTESIAN_POINT ( 'NONE',  ( 7.750000000000016000, 3.249999999999990700, 2.649999999999953300 ) ) ;
#4643 = AXIS2_PLACEMENT_3D ( 'NONE', #4642, #4641, #4640 ) ;
#4644 = PLANE ( 'NONE',  #4643 ) ;
#4645 =( GEOMETRIC_REPRESENTATION_CONTEXT ( 3 ) GLOBAL_UNCERTAINTY_ASSIGNED_CONTEXT ( ( #4646 ) ) GLOBAL_UNIT_ASSIGNED_CONTEXT ( ( #4649, #4648, #4647 ) ) REPRESENTATION_CONTEXT ( 'NONE', 'WORKASPACE' ) );
#4646 = UNCERTAINTY_MEASURE_WITH_UNIT (LENGTH_MEASURE( 1.000000000000000100E-005 ), #4649, 'distance_accuracy_value', 'NONE');
#4647 =( NAMED_UNIT ( * ) SI_UNIT ( $, .STERADIAN. ) SOLID_ANGLE_UNIT ( ) );
#4648 =( NAMED_UNIT ( * ) PLANE_ANGLE_UNIT ( ) SI_UNIT ( $, .RADIAN. ) );
#4649 =( LENGTH_UNIT ( ) NAMED_UNIT ( * ) SI_UNIT ( .MILLI., .METRE. ) );
#4650 = MECHANICAL_DESIGN_GEOMETRIC_PRESENTATION_REPRESENTATION (  '', ( #4652 ), #4645 ) ;
#4651 = PRESENTATION_LAYER_ASSIGNMENT (  '', '', ( #4652 ) ) ;
#4652 = STYLED_ITEM ( 'NONE', ( #4653 ), #9146 ) ;
#4653 = PRESENTATION_STYLE_ASSIGNMENT (( #4654 ) ) ;
#4654 = SURFACE_STYLE_USAGE ( .BOTH. , #4655 ) ;
#4655 = SURFACE_SIDE_STYLE ('',( #4656 ) ) ;
#4656 = SURFACE_STYLE_FILL_AREA ( #4657 ) ;
#4657 = FILL_AREA_STYLE ('',( #4596 ) ) ;
#4658 = COLOUR_RGB ( '',0.7529411764705882200, 0.7529411764705882200, 0.7529411764705882200 ) ;
#4659 =( LENGTH_UNIT ( ) NAMED_UNIT ( * ) SI_UNIT ( .MILLI., .METRE. ) );
#4660 = MECHANICAL_DESIGN_GEOMETRIC_PRESENTATION_REPRESENTATION (  '', ( #4662 ), #4708 ) ;
#4661 = PRESENTATION_LAYER_ASSIGNMENT (  '', '', ( #4662 ) ) ;
#4662 = STYLED_ITEM ( 'NONE', ( #4663 ), #9159 ) ;
#4663 = PRESENTATION_STYLE_ASSIGNMENT (( #4664 ) ) ;
#4664 = SURFACE_STYLE_USAGE ( .BOTH. , #4665 ) ;
#4665 = SURFACE_SIDE_STYLE ('',( #4666 ) ) ;
#4666 = SURFACE_STYLE_FILL_AREA ( #4667 ) ;
#4667 = FILL_AREA_STYLE ('',( #4674 ) ) ;
#4668 = COLOUR_RGB ( '',0.7529411764705882200, 0.7529411764705882200, 0.7529411764705882200 ) ;
#4669 = FACE_OUTER_BOUND ( 'NONE', #9160, .T. ) ;
#4670 = DIRECTION ( 'NONE',  ( -1.000000000000000000, 0.0000000000000000000, 6.982966722218764100E-015 ) ) ;
#4671 = VECTOR ( 'NONE', #4670, 1000.000000000000000 ) ;
#4672 = CARTESIAN_POINT ( 'NONE',  ( -10.25000000000001600, -2.999999999999993300, -1.999999999999944500 ) ) ;
#4673 = LINE ( 'NONE', #4672, #4671 ) ;
#4674 = FILL_AREA_STYLE_COLOUR ( '', #4668 ) ;
#4675 = DIRECTION ( 'NONE',  ( -2.438091212180733500E-029, -1.000000000000000000, -3.491483361109382100E-015 ) ) ;
#4676 = DIRECTION ( 'NONE',  ( -6.982966722218764100E-015, 3.491483361109382100E-015, -1.000000000000000000 ) ) ;
#4677 = CARTESIAN_POINT ( 'NONE',  ( -10.25000000000001600, 1.250000000000007800, -1.999999999999929800 ) ) ;
#4678 = AXIS2_PLACEMENT_3D ( 'NONE', #4677, #4676, #4675 ) ;
#4679 = PLANE ( 'NONE',  #4678 ) ;
#4680 =( GEOMETRIC_REPRESENTATION_CONTEXT ( 3 ) GLOBAL_UNCERTAINTY_ASSIGNED_CONTEXT ( ( #4681 ) ) GLOBAL_UNIT_ASSIGNED_CONTEXT ( ( #4685, #4683, #4682 ) ) REPRESENTATION_CONTEXT ( 'NONE', 'WORKASPACE' ) );
#4681 = UNCERTAINTY_MEASURE_WITH_UNIT (LENGTH_MEASURE( 1.000000000000000100E-005 ), #4685, 'distance_accuracy_value', 'NONE');
#4682 =( NAMED_UNIT ( * ) SI_UNIT ( $, .STERADIAN. ) SOLID_ANGLE_UNIT ( ) );
#4683 =( NAMED_UNIT ( * ) PLANE_ANGLE_UNIT ( ) SI_UNIT ( $, .RADIAN. ) );
#4684 = ORIENTED_EDGE ( 'NONE', *, *, #4547, .T. ) ;
#4685 =( LENGTH_UNIT ( ) NAMED_UNIT ( * ) SI_UNIT ( .MILLI., .METRE. ) );
#4686 = MECHANICAL_DESIGN_GEOMETRIC_PRESENTATION_REPRESENTATION (  '', ( #4688 ), #4680 ) ;
#4687 = PRESENTATION_LAYER_ASSIGNMENT (  '', '', ( #4688 ) ) ;
#4688 = STYLED_ITEM ( 'NONE', ( #4627 ), #9152 ) ;
#4689 = CARTESIAN_POINT ( 'NONE',  ( -10.25000000000001600, 1.250000000000007800, -1.999999999999929400 ) ) ;
#4690 = DIRECTION ( 'NONE',  ( -2.438091212180733500E-029, -1.000000000000000000, -3.491483361109382100E-015 ) ) ;
#4691 = VECTOR ( 'NONE', #4690, 1000.000000000000000 ) ;
#4692 = CARTESIAN_POINT ( 'NONE',  ( -10.25000000000001600, 1.250000000000007800, -1.999999999999929400 ) ) ;
#4693 = ORIENTED_EDGE ( 'NONE', *, *, #6367, .F. ) ;
#4694 = LINE ( 'NONE', #4692, #4691 ) ;
#4695 = DIRECTION ( 'NONE',  ( -6.982966722218764100E-015, 3.491483361109382100E-015, -1.000000000000000000 ) ) ;
#4696 = VECTOR ( 'NONE', #4695, 1000.000000000000000 ) ;
#4697 = CARTESIAN_POINT ( 'NONE',  ( -10.25000000000002000, -2.999999999999993300, -2.478553390593218400 ) ) ;
#4698 = LINE ( 'NONE', #4697, #4696 ) ;
#4699 = DIRECTION ( 'NONE',  ( 1.000000000000000000, 0.0000000000000000000, -6.982966722218764100E-015 ) ) ;
#4700 = VECTOR ( 'NONE', #4699, 1000.000000000000000 ) ;
#4701 = CARTESIAN_POINT ( 'NONE',  ( -10.25000000000002000, -2.999999999999991600, -2.499999999999944900 ) ) ;
#4702 = LINE ( 'NONE', #4701, #4700 ) ;
#4703 = DIRECTION ( 'NONE',  ( 2.438091212180733500E-029, 1.000000000000000000, 3.491483361109382100E-015 ) ) ;
#4704 = DIRECTION ( 'NONE',  ( 6.982966722218764100E-015, -3.491483361109382100E-015, 1.000000000000000000 ) ) ;
#4705 = CARTESIAN_POINT ( 'NONE',  ( -10.25000000000002000, 1.750000000000010000, -2.499999999999928100 ) ) ;
#4706 = AXIS2_PLACEMENT_3D ( 'NONE', #4705, #4704, #4703 ) ;
#4707 = PLANE ( 'NONE',  #4706 ) ;
#4708 =( GEOMETRIC_REPRESENTATION_CONTEXT ( 3 ) GLOBAL_UNCERTAINTY_ASSIGNED_CONTEXT ( ( #4709 ) ) GLOBAL_UNIT_ASSIGNED_CONTEXT ( ( #4659, #4711, #4710 ) ) REPRESENTATION_CONTEXT ( 'NONE', 'WORKASPACE' ) );
#4709 = UNCERTAINTY_MEASURE_WITH_UNIT (LENGTH_MEASURE( 1.000000000000000100E-005 ), #4659, 'distance_accuracy_value', 'NONE');
#4710 =( NAMED_UNIT ( * ) SI_UNIT ( $, .STERADIAN. ) SOLID_ANGLE_UNIT ( ) );
#4711 =( NAMED_UNIT ( * ) PLANE_ANGLE_UNIT ( ) SI_UNIT ( $, .RADIAN. ) );
#4712 = CARTESIAN_POINT ( 'NONE',  ( 7.749999999999970700, 3.250000000000014200, -4.000000000000046200 ) ) ;
#4713 = DIRECTION ( 'NONE',  ( -2.438091212180733800E-029, -1.000000000000000000, -3.491483361109382500E-015 ) ) ;
#4714 = VECTOR ( 'NONE', #4713, 1000.000000000000000 ) ;
#4715 = CARTESIAN_POINT ( 'NONE',  ( 7.749999999999970700, 3.250000000000014200, -4.000000000000046200 ) ) ;
#4716 = LINE ( 'NONE', #4715, #4714 ) ;
#4717 = DIRECTION ( 'NONE',  ( 6.982966722218764100E-015, -3.398218658099876300E-015, 1.000000000000000000 ) ) ;
#4718 = DIRECTION ( 'NONE',  ( -2.372964780433434200E-029, -1.000000000000000000, -3.398218658099876300E-015 ) ) ;
#4719 = CARTESIAN_POINT ( 'NONE',  ( -10.25000000000002300, 1.250000000000011300, -2.957106781186478200 ) ) ;
#4720 = AXIS2_PLACEMENT_3D ( 'NONE', #4719, #4718, #4717 ) ;
#4721 = PLANE ( 'NONE',  #4720 ) ;
#4722 = EDGE_CURVE ( 'NONE', #4752, #7198, #10304, .T. ) ;
#4723 =( GEOMETRIC_REPRESENTATION_CONTEXT ( 3 ) GLOBAL_UNCERTAINTY_ASSIGNED_CONTEXT ( ( #4724 ) ) GLOBAL_UNIT_ASSIGNED_CONTEXT ( ( #4727, #4726, #4725 ) ) REPRESENTATION_CONTEXT ( 'NONE', 'WORKASPACE' ) );
#4724 = UNCERTAINTY_MEASURE_WITH_UNIT (LENGTH_MEASURE( 1.000000000000000100E-005 ), #4727, 'distance_accuracy_value', 'NONE');
#4725 =( NAMED_UNIT ( * ) SI_UNIT ( $, .STERADIAN. ) SOLID_ANGLE_UNIT ( ) );
#4726 =( NAMED_UNIT ( * ) PLANE_ANGLE_UNIT ( ) SI_UNIT ( $, .RADIAN. ) );
#4727 =( LENGTH_UNIT ( ) NAMED_UNIT ( * ) SI_UNIT ( .MILLI., .METRE. ) );
#4728 = MECHANICAL_DESIGN_GEOMETRIC_PRESENTATION_REPRESENTATION (  '', ( #4730 ), #4723 ) ;
#4729 = PRESENTATION_LAYER_ASSIGNMENT (  '', '', ( #4730 ) ) ;
#4730 = STYLED_ITEM ( 'NONE', ( #4731 ), #9170 ) ;
#4731 = PRESENTATION_STYLE_ASSIGNMENT (( #4732 ) ) ;
#4732 = SURFACE_STYLE_USAGE ( .BOTH. , #4733 ) ;
#4733 = SURFACE_SIDE_STYLE ('',( #4734 ) ) ;
#4734 = SURFACE_STYLE_FILL_AREA ( #4735 ) ;
#4735 = FILL_AREA_STYLE ('',( #4736 ) ) ;
#4736 = FILL_AREA_STYLE_COLOUR ( '', #4737 ) ;
#4737 = COLOUR_RGB ( '',0.7529411764705882200, 0.7529411764705882200, 0.7529411764705882200 ) ;
#4738 = FACE_OUTER_BOUND ( 'NONE', #9092, .T. ) ;
#4739 = DIRECTION ( 'NONE',  ( 6.982966722218764100E-015, -3.398218658099876300E-015, 1.000000000000000000 ) ) ;
#4740 = VECTOR ( 'NONE', #4739, 1000.000000000000000 ) ;
#4741 = PRESENTATION_LAYER_ASSIGNMENT (  '', '', ( #4742 ) ) ;
#4742 = STYLED_ITEM ( 'NONE', ( #4743 ), #9187 ) ;
#4743 = PRESENTATION_STYLE_ASSIGNMENT (( #4744 ) ) ;
#4744 = SURFACE_STYLE_USAGE ( .BOTH. , #4745 ) ;
#4745 = SURFACE_SIDE_STYLE ('',( #4746 ) ) ;
#4746 = SURFACE_STYLE_FILL_AREA ( #4747 ) ;
#4747 = FILL_AREA_STYLE ('',( #4755 ) ) ;
#4748 = COLOUR_RGB ( '',0.7529411764705882200, 0.7529411764705882200, 0.7529411764705882200 ) ;
#4749 = FACE_OUTER_BOUND ( 'NONE', #9188, .T. ) ;
#4750 = DIRECTION ( 'NONE',  ( -2.438091212180733500E-029, -1.000000000000000000, -3.491483361109382100E-015 ) ) ;
#4751 = DIRECTION ( 'NONE',  ( -1.000000000000000000, 0.0000000000000000000, 6.982966722218764100E-015 ) ) ;
#4752 = VERTEX_POINT ( 'NONE', #10300 ) ;
#4753 = CARTESIAN_POINT ( 'NONE',  ( 7.749999999999963600, 3.750000000000018200, -4.957106781186594100 ) ) ;
#4754 = AXIS2_PLACEMENT_3D ( 'NONE', #4753, #4751, #4750 ) ;
#4755 = FILL_AREA_STYLE_COLOUR ( '', #4748 ) ;
#4756 = PLANE ( 'NONE',  #4754 ) ;
#4757 =( GEOMETRIC_REPRESENTATION_CONTEXT ( 3 ) GLOBAL_UNCERTAINTY_ASSIGNED_CONTEXT ( ( #4758 ) ) GLOBAL_UNIT_ASSIGNED_CONTEXT ( ( #4761, #4760, #4759 ) ) REPRESENTATION_CONTEXT ( 'NONE', 'WORKASPACE' ) );
#4758 = UNCERTAINTY_MEASURE_WITH_UNIT (LENGTH_MEASURE( 1.000000000000000100E-005 ), #4761, 'distance_accuracy_value', 'NONE');
#4759 =( NAMED_UNIT ( * ) SI_UNIT ( $, .STERADIAN. ) SOLID_ANGLE_UNIT ( ) );
#4760 =( NAMED_UNIT ( * ) PLANE_ANGLE_UNIT ( ) SI_UNIT ( $, .RADIAN. ) );
#4761 =( LENGTH_UNIT ( ) NAMED_UNIT ( * ) SI_UNIT ( .MILLI., .METRE. ) );
#4762 = MECHANICAL_DESIGN_GEOMETRIC_PRESENTATION_REPRESENTATION (  '', ( #4764 ), #4757 ) ;
#4763 = PRESENTATION_LAYER_ASSIGNMENT (  '', '', ( #4764 ) ) ;
#4764 = STYLED_ITEM ( 'NONE', ( #4765 ), #9181 ) ;
#4765 = PRESENTATION_STYLE_ASSIGNMENT (( #4766 ) ) ;
#4766 = SURFACE_STYLE_USAGE ( .BOTH. , #4767 ) ;
#4767 = SURFACE_SIDE_STYLE ('',( #4768 ) ) ;
#4768 = SURFACE_STYLE_FILL_AREA ( #4769 ) ;
#4769 = FILL_AREA_STYLE ('',( #4776 ) ) ;
#4770 = COLOUR_RGB ( '',0.7529411764705882200, 0.7529411764705882200, 0.7529411764705882200 ) ;
#4771 = FACE_OUTER_BOUND ( 'NONE', #9182, .T. ) ;
#4772 = DIRECTION ( 'NONE',  ( 6.982966722218764100E-015, -3.491483361109382100E-015, 1.000000000000000000 ) ) ;
#4773 = VECTOR ( 'NONE', #4772, 1000.000000000000000 ) ;
#4774 = CARTESIAN_POINT ( 'NONE',  ( 7.749999999999963600, 3.250000000000017800, -4.957106781186595900 ) ) ;
#4775 = LINE ( 'NONE', #4774, #4773 ) ;
#4776 = FILL_AREA_STYLE_COLOUR ( '', #4770 ) ;
#4777 =( LENGTH_UNIT ( ) NAMED_UNIT ( * ) SI_UNIT ( .MILLI., .METRE. ) );
#4778 = MECHANICAL_DESIGN_GEOMETRIC_PRESENTATION_REPRESENTATION (  '', ( #4780 ), #4827 ) ;
#4779 = PRESENTATION_LAYER_ASSIGNMENT (  '', '', ( #4780 ) ) ;
#4780 = STYLED_ITEM ( 'NONE', ( #4781 ), #9192 ) ;
#4781 = PRESENTATION_STYLE_ASSIGNMENT (( #4782 ) ) ;
#4782 = SURFACE_STYLE_USAGE ( .BOTH. , #4783 ) ;
#4783 = SURFACE_SIDE_STYLE ('',( #4784 ) ) ;
#4784 = SURFACE_STYLE_FILL_AREA ( #4785 ) ;
#4785 = FILL_AREA_STYLE ('',( #4792 ) ) ;
#4786 = COLOUR_RGB ( '',0.7529411764705882200, 0.7529411764705882200, 0.7529411764705882200 ) ;
#4787 = FACE_OUTER_BOUND ( 'NONE', #9193, .T. ) ;
#4788 = DIRECTION ( 'NONE',  ( 6.982966722218764100E-015, -3.491483361109382100E-015, 1.000000000000000000 ) ) ;
#4789 = VECTOR ( 'NONE', #4788, 1000.000000000000000 ) ;
#4790 = CARTESIAN_POINT ( 'NONE',  ( 7.749999999999963600, 3.750000000000018200, -4.957106781186594100 ) ) ;
#4791 = LINE ( 'NONE', #4790, #4789 ) ;
#4792 = FILL_AREA_STYLE_COLOUR ( '', #4786 ) ;
#4793 = DIRECTION ( 'NONE',  ( -2.438091212180733500E-029, -1.000000000000000000, -3.491483361109382100E-015 ) ) ;
#4794 = DIRECTION ( 'NONE',  ( -1.000000000000000000, 0.0000000000000000000, 6.982966722218764100E-015 ) ) ;
#4795 = CARTESIAN_POINT ( 'NONE',  ( 7.749999999999963600, 3.750000000000018200, -4.957106781186594100 ) ) ;
#4796 = AXIS2_PLACEMENT_3D ( 'NONE', #4795, #4794, #4793 ) ;
#4797 = PLANE ( 'NONE',  #4796 ) ;
#4798 =( GEOMETRIC_REPRESENTATION_CONTEXT ( 3 ) GLOBAL_UNCERTAINTY_ASSIGNED_CONTEXT ( ( #4799 ) ) GLOBAL_UNIT_ASSIGNED_CONTEXT ( ( #4802, #4801, #4800 ) ) REPRESENTATION_CONTEXT ( 'NONE', 'WORKASPACE' ) );
#4799 = UNCERTAINTY_MEASURE_WITH_UNIT (LENGTH_MEASURE( 1.000000000000000100E-005 ), #4802, 'distance_accuracy_value', 'NONE');
#4800 =( NAMED_UNIT ( * ) SI_UNIT ( $, .STERADIAN. ) SOLID_ANGLE_UNIT ( ) );
#4801 =( NAMED_UNIT ( * ) PLANE_ANGLE_UNIT ( ) SI_UNIT ( $, .RADIAN. ) );
#4802 =( LENGTH_UNIT ( ) NAMED_UNIT ( * ) SI_UNIT ( .MILLI., .METRE. ) );
#4803 = MECHANICAL_DESIGN_GEOMETRIC_PRESENTATION_REPRESENTATION (  '', ( #4742 ), #4798 ) ;
#4804 =( NAMED_UNIT ( * ) PLANE_ANGLE_UNIT ( ) SI_UNIT ( $, .RADIAN. ) );
#4805 =( LENGTH_UNIT ( ) NAMED_UNIT ( * ) SI_UNIT ( .MILLI., .METRE. ) );
#4806 = MECHANICAL_DESIGN_GEOMETRIC_PRESENTATION_REPRESENTATION (  '', ( #4808 ), #4861 ) ;
#4807 = PRESENTATION_LAYER_ASSIGNMENT (  '', '', ( #4808 ) ) ;
#4808 = STYLED_ITEM ( 'NONE', ( #4809 ), #9199 ) ;
#4809 = PRESENTATION_STYLE_ASSIGNMENT (( #4810 ) ) ;
#4810 = SURFACE_STYLE_USAGE ( .BOTH. , #4811 ) ;
#4811 = SURFACE_SIDE_STYLE ('',( #4812 ) ) ;
#4812 = SURFACE_STYLE_FILL_AREA ( #4813 ) ;
#4813 = FILL_AREA_STYLE ('',( #4821 ) ) ;
#4814 = COLOUR_RGB ( '',0.7529411764705882200, 0.7529411764705882200, 0.7529411764705882200 ) ;
#4815 = FACE_OUTER_BOUND ( 'NONE', #9200, .T. ) ;
#4816 = DIRECTION ( 'NONE',  ( 6.982966722218764100E-015, -3.491483361109382100E-015, 1.000000000000000000 ) ) ;
#4817 = VECTOR ( 'NONE', #4816, 1000.000000000000000 ) ;
#4818 = ORIENTED_EDGE ( 'NONE', *, *, #4831, .T. ) ;
#4819 = CARTESIAN_POINT ( 'NONE',  ( 8.249999999999964500, 3.250000000000017800, -4.957106781186599400 ) ) ;
#4820 = LINE ( 'NONE', #4819, #4817 ) ;
#4821 = FILL_AREA_STYLE_COLOUR ( '', #4814 ) ;
#4822 = DIRECTION ( 'NONE',  ( -3.469446951953586600E-015, 1.000000000000000000, 3.491483361109406100E-015 ) ) ;
#4823 = DIRECTION ( 'NONE',  ( 1.000000000000000000, 3.469446951953611000E-015, -6.982966722218752300E-015 ) ) ;
#4824 = CARTESIAN_POINT ( 'NONE',  ( 8.249999999999962700, 3.750000000000018200, -4.957106781186597600 ) ) ;
#4825 = AXIS2_PLACEMENT_3D ( 'NONE', #4824, #4823, #4822 ) ;
#4826 = PLANE ( 'NONE',  #4825 ) ;
#4827 =( GEOMETRIC_REPRESENTATION_CONTEXT ( 3 ) GLOBAL_UNCERTAINTY_ASSIGNED_CONTEXT ( ( #4828 ) ) GLOBAL_UNIT_ASSIGNED_CONTEXT ( ( #4777, #4830, #4829 ) ) REPRESENTATION_CONTEXT ( 'NONE', 'WORKASPACE' ) );
#4828 = UNCERTAINTY_MEASURE_WITH_UNIT (LENGTH_MEASURE( 1.000000000000000100E-005 ), #4777, 'distance_accuracy_value', 'NONE');
#4829 =( NAMED_UNIT ( * ) SI_UNIT ( $, .STERADIAN. ) SOLID_ANGLE_UNIT ( ) );
#4830 =( NAMED_UNIT ( * ) PLANE_ANGLE_UNIT ( ) SI_UNIT ( $, .RADIAN. ) );
#4831 = EDGE_CURVE ( 'NONE', #4752, #4607, #10299, .T. ) ;
#4832 = PRESENTATION_LAYER_ASSIGNMENT (  '', '', ( #4833 ) ) ;
#4833 = STYLED_ITEM ( 'NONE', ( #4834 ), #9209 ) ;
#4834 = PRESENTATION_STYLE_ASSIGNMENT (( #4835 ) ) ;
#4835 = SURFACE_STYLE_USAGE ( .BOTH. , #4836 ) ;
#4836 = SURFACE_SIDE_STYLE ('',( #4837 ) ) ;
#4837 = SURFACE_STYLE_FILL_AREA ( #4838 ) ;
#4838 = FILL_AREA_STYLE ('',( #4845 ) ) ;
#4839 = COLOUR_RGB ( '',0.7529411764705882200, 0.7529411764705882200, 0.7529411764705882200 ) ;
#4840 = FACE_OUTER_BOUND ( 'NONE', #9133, .T. ) ;
#4841 = DIRECTION ( 'NONE',  ( -1.000000000000000000, 0.0000000000000000000, 6.982966722218764100E-015 ) ) ;
#4842 = VECTOR ( 'NONE', #4841, 1000.000000000000000 ) ;
#4843 = CARTESIAN_POINT ( 'NONE',  ( 7.750000000000016000, 3.749999999999991100, 2.649999999999955100 ) ) ;
#4844 = LINE ( 'NONE', #4843, #4842 ) ;
#4845 = FILL_AREA_STYLE_COLOUR ( '', #4839 ) ;
#4846 = CARTESIAN_POINT ( 'NONE',  ( 8.250000000000016000, 3.749999999999991100, 2.649999999999951500 ) ) ;
#4847 = DIRECTION ( 'NONE',  ( -3.469446951953586600E-015, 1.000000000000000000, 3.491483361109406100E-015 ) ) ;
#4848 = VECTOR ( 'NONE', #4847, 1000.000000000000000 ) ;
#4849 = CARTESIAN_POINT ( 'NONE',  ( 8.250000000000016000, 3.749999999999991100, 2.649999999999951500 ) ) ;
#4850 = LINE ( 'NONE', #4849, #4848 ) ;
#4851 = CARTESIAN_POINT ( 'NONE',  ( 8.250000000000017800, 3.249999999999990700, 2.649999999999949700 ) ) ;
#4852 = DIRECTION ( 'NONE',  ( 1.000000000000000000, 0.0000000000000000000, -6.982966722218764100E-015 ) ) ;
#4853 = VECTOR ( 'NONE', #4852, 1000.000000000000000 ) ;
#4854 = CARTESIAN_POINT ( 'NONE',  ( 7.750000000000016000, 3.249999999999990700, 2.649999999999953300 ) ) ;
#4855 = LINE ( 'NONE', #4854, #4853 ) ;
#4856 = DIRECTION ( 'NONE',  ( 1.000000000000000000, 0.0000000000000000000, -6.982966722218764100E-015 ) ) ;
#4857 = DIRECTION ( 'NONE',  ( -2.438091212180733500E-029, -1.000000000000000000, -3.491483361109382100E-015 ) ) ;
#4858 = CARTESIAN_POINT ( 'NONE',  ( 7.749999999999963600, 3.250000000000017800, -4.957106781186595900 ) ) ;
#4859 = AXIS2_PLACEMENT_3D ( 'NONE', #4858, #4857, #4856 ) ;
#4860 = PLANE ( 'NONE',  #4859 ) ;
#4861 =( GEOMETRIC_REPRESENTATION_CONTEXT ( 3 ) GLOBAL_UNCERTAINTY_ASSIGNED_CONTEXT ( ( #4862 ) ) GLOBAL_UNIT_ASSIGNED_CONTEXT ( ( #4805, #4804, #4863 ) ) REPRESENTATION_CONTEXT ( 'NONE', 'WORKASPACE' ) );
#4862 = UNCERTAINTY_MEASURE_WITH_UNIT (LENGTH_MEASURE( 1.000000000000000100E-005 ), #4805, 'distance_accuracy_value', 'NONE');
#4863 =( NAMED_UNIT ( * ) SI_UNIT ( $, .STERADIAN. ) SOLID_ANGLE_UNIT ( ) );
#4864 = DIRECTION ( 'NONE',  ( 1.045241367417237500E-014, -3.491483361109382100E-015, 1.000000000000000000 ) ) ;
#4865 = CARTESIAN_POINT ( 'NONE',  ( 8.249999999999964500, -2.999999999999984500, -4.728553390593345900 ) ) ;
#4866 = LINE ( 'NONE', #4865, #4914 ) ;
#4867 = CARTESIAN_POINT ( 'NONE',  ( 8.249999999999971600, -2.999999999999984500, -4.000000000000071100 ) ) ;
#4868 = DIRECTION ( 'NONE',  ( -2.438091212180733800E-029, -1.000000000000000000, -3.491483361109382500E-015 ) ) ;
#4869 = VECTOR ( 'NONE', #4868, 1000.000000000000000 ) ;
#4870 = CARTESIAN_POINT ( 'NONE',  ( 8.249999999999971600, 3.250000000000014200, -4.000000000000049700 ) ) ;
#4871 = LINE ( 'NONE', #4870, #4869 ) ;
#4872 = DIRECTION ( 'NONE',  ( 1.000000000000000000, 0.0000000000000000000, -6.982966722218764100E-015 ) ) ;
#4873 = VECTOR ( 'NONE', #4872, 1000.000000000000000 ) ;
#4874 = CARTESIAN_POINT ( 'NONE',  ( -10.25000000000002000, 1.750000000000010000, -2.499999999999928100 ) ) ;
#4875 = CARTESIAN_POINT ( 'NONE',  ( 7.749999999999967100, -2.999999999999984500, -4.500000000000068400 ) ) ;
#4876 = LINE ( 'NONE', #4875, #4873 ) ;
#4877 = DIRECTION ( 'NONE',  ( -1.000000000000000000, 0.0000000000000000000, 6.982966722218764100E-015 ) ) ;
#4878 = DIRECTION ( 'NONE',  ( 2.438091212180733500E-029, 1.000000000000000000, 3.491483361109382100E-015 ) ) ;
#4879 = CARTESIAN_POINT ( 'NONE',  ( 7.749999999999963600, 3.750000000000018200, -4.957106781186594100 ) ) ;
#4880 = AXIS2_PLACEMENT_3D ( 'NONE', #4879, #4878, #4877 ) ;
#4881 = PLANE ( 'NONE',  #4880 ) ;
#4882 =( GEOMETRIC_REPRESENTATION_CONTEXT ( 3 ) GLOBAL_UNCERTAINTY_ASSIGNED_CONTEXT ( ( #4883 ) ) GLOBAL_UNIT_ASSIGNED_CONTEXT ( ( #4886, #4885, #4884 ) ) REPRESENTATION_CONTEXT ( 'NONE', 'WORKASPACE' ) );
#4883 = UNCERTAINTY_MEASURE_WITH_UNIT (LENGTH_MEASURE( 1.000000000000000100E-005 ), #4886, 'distance_accuracy_value', 'NONE');
#4884 =( NAMED_UNIT ( * ) SI_UNIT ( $, .STERADIAN. ) SOLID_ANGLE_UNIT ( ) );
#4885 =( NAMED_UNIT ( * ) PLANE_ANGLE_UNIT ( ) SI_UNIT ( $, .RADIAN. ) );
#4886 =( LENGTH_UNIT ( ) NAMED_UNIT ( * ) SI_UNIT ( .MILLI., .METRE. ) );
#4887 = MECHANICAL_DESIGN_GEOMETRIC_PRESENTATION_REPRESENTATION (  '', ( #4833 ), #4882 ) ;
#4888 =( GEOMETRIC_REPRESENTATION_CONTEXT ( 3 ) GLOBAL_UNCERTAINTY_ASSIGNED_CONTEXT ( ( #4889 ) ) GLOBAL_UNIT_ASSIGNED_CONTEXT ( ( #4892, #4891, #4890 ) ) REPRESENTATION_CONTEXT ( 'NONE', 'WORKASPACE' ) );
#4889 = UNCERTAINTY_MEASURE_WITH_UNIT (LENGTH_MEASURE( 1.000000000000000100E-005 ), #4892, 'distance_accuracy_value', 'NONE');
#4890 =( NAMED_UNIT ( * ) SI_UNIT ( $, .STERADIAN. ) SOLID_ANGLE_UNIT ( ) );
#4891 =( NAMED_UNIT ( * ) PLANE_ANGLE_UNIT ( ) SI_UNIT ( $, .RADIAN. ) );
#4892 =( LENGTH_UNIT ( ) NAMED_UNIT ( * ) SI_UNIT ( .MILLI., .METRE. ) );
#4893 = MECHANICAL_DESIGN_GEOMETRIC_PRESENTATION_REPRESENTATION (  '', ( #4895 ), #4888 ) ;
#4894 = PRESENTATION_LAYER_ASSIGNMENT (  '', '', ( #4895 ) ) ;
#4895 = STYLED_ITEM ( 'NONE', ( #4896 ), #9227 ) ;
#4896 = PRESENTATION_STYLE_ASSIGNMENT (( #4897 ) ) ;
#4897 = SURFACE_STYLE_USAGE ( .BOTH. , #4898 ) ;
#4898 = SURFACE_SIDE_STYLE ('',( #4899 ) ) ;
#4899 = SURFACE_STYLE_FILL_AREA ( #4900 ) ;
#4900 = FILL_AREA_STYLE ('',( #4907 ) ) ;
#4901 = COLOUR_RGB ( '',0.7529411764705882200, 0.7529411764705882200, 0.7529411764705882200 ) ;
#4902 = FACE_OUTER_BOUND ( 'NONE', #9228, .T. ) ;
#4903 = DIRECTION ( 'NONE',  ( 6.982966722218764100E-015, -3.491483361109382100E-015, 1.000000000000000000 ) ) ;
#4904 = VECTOR ( 'NONE', #4903, 1000.000000000000000 ) ;
#4905 = CARTESIAN_POINT ( 'NONE',  ( 8.249999999999962700, 3.750000000000018200, -4.957106781186597600 ) ) ;
#4906 = LINE ( 'NONE', #4905, #4904 ) ;
#4907 = FILL_AREA_STYLE_COLOUR ( '', #4901 ) ;
#4908 = CARTESIAN_POINT ( 'NONE',  ( 8.249999999999966200, 3.750000000000016400, -4.500000000000048000 ) ) ;
#4909 = DIRECTION ( 'NONE',  ( -2.438091212180733800E-029, -1.000000000000000000, -3.491483361109382500E-015 ) ) ;
#4910 = VECTOR ( 'NONE', #4909, 1000.000000000000000 ) ;
#4911 = CARTESIAN_POINT ( 'NONE',  ( 8.249999999999966200, 3.750000000000016400, -4.500000000000048000 ) ) ;
#4912 = LINE ( 'NONE', #4911, #4910 ) ;
#4913 = CARTESIAN_POINT ( 'NONE',  ( 8.249999999999966200, -2.999999999999984500, -4.500000000000071900 ) ) ;
#4914 = VECTOR ( 'NONE', #4864, 1000.000000000000000 ) ;
#4915 = AXIS2_PLACEMENT_3D ( 'NONE', #4456, #6732, #4971 ) ;
#4916 = PLANE ( 'NONE',  #4915 ) ;
#4917 =( GEOMETRIC_REPRESENTATION_CONTEXT ( 3 ) GLOBAL_UNCERTAINTY_ASSIGNED_CONTEXT ( ( #4918 ) ) GLOBAL_UNIT_ASSIGNED_CONTEXT ( ( #4921, #4920, #4919 ) ) REPRESENTATION_CONTEXT ( 'NONE', 'WORKASPACE' ) );
#4918 = UNCERTAINTY_MEASURE_WITH_UNIT (LENGTH_MEASURE( 1.000000000000000100E-005 ), #4921, 'distance_accuracy_value', 'NONE');
#4919 =( NAMED_UNIT ( * ) SI_UNIT ( $, .STERADIAN. ) SOLID_ANGLE_UNIT ( ) );
#4920 =( NAMED_UNIT ( * ) PLANE_ANGLE_UNIT ( ) SI_UNIT ( $, .RADIAN. ) );
#4921 =( LENGTH_UNIT ( ) NAMED_UNIT ( * ) SI_UNIT ( .MILLI., .METRE. ) );
#4922 = MECHANICAL_DESIGN_GEOMETRIC_PRESENTATION_REPRESENTATION (  '', ( #4924 ), #4917 ) ;
#4923 = PRESENTATION_LAYER_ASSIGNMENT (  '', '', ( #4924 ) ) ;
#4924 = STYLED_ITEM ( 'NONE', ( #4925 ), #9231 ) ;
#4925 = PRESENTATION_STYLE_ASSIGNMENT (( #4926 ) ) ;
#4926 = SURFACE_STYLE_USAGE ( .BOTH. , #4927 ) ;
#4927 = SURFACE_SIDE_STYLE ('',( #4928 ) ) ;
#4928 = SURFACE_STYLE_FILL_AREA ( #4929 ) ;
#4929 = FILL_AREA_STYLE ('',( #4936 ) ) ;
#4930 = COLOUR_RGB ( '',0.7529411764705882200, 0.7529411764705882200, 0.7529411764705882200 ) ;
#4931 = FACE_OUTER_BOUND ( 'NONE', #9175, .T. ) ;
#4932 = DIRECTION ( 'NONE',  ( 6.982966722218764100E-015, -3.491483361109382100E-015, 1.000000000000000000 ) ) ;
#4933 = VECTOR ( 'NONE', #4932, 1000.000000000000000 ) ;
#4934 = CARTESIAN_POINT ( 'NONE',  ( 7.749999999999963600, 3.250000000000017800, -4.957106781186595900 ) ) ;
#4935 = LINE ( 'NONE', #4934, #4933 ) ;
#4936 = FILL_AREA_STYLE_COLOUR ( '', #4930 ) ;
#4937 = DIRECTION ( 'NONE',  ( -1.000000000000000000, 0.0000000000000000000, 6.982966722218764100E-015 ) ) ;
#4938 = DIRECTION ( 'NONE',  ( 2.438091212180733500E-029, 1.000000000000000000, 3.491483361109382100E-015 ) ) ;
#4939 = CARTESIAN_POINT ( 'NONE',  ( 7.749999999999963600, 3.750000000000018200, -4.957106781186594100 ) ) ;
#4940 = AXIS2_PLACEMENT_3D ( 'NONE', #4939, #4938, #4937 ) ;
#4941 = PLANE ( 'NONE',  #4940 ) ;
#4942 = AXIS2_PLACEMENT_3D ( 'NONE', #5006, #5005, #5004 ) ;
#4943 = PLANE ( 'NONE',  #4942 ) ;
#4944 =( GEOMETRIC_REPRESENTATION_CONTEXT ( 3 ) GLOBAL_UNCERTAINTY_ASSIGNED_CONTEXT ( ( #4945 ) ) GLOBAL_UNIT_ASSIGNED_CONTEXT ( ( #4948, #4947, #4946 ) ) REPRESENTATION_CONTEXT ( 'NONE', 'WORKASPACE' ) );
#4945 = UNCERTAINTY_MEASURE_WITH_UNIT (LENGTH_MEASURE( 1.000000000000000100E-005 ), #4948, 'distance_accuracy_value', 'NONE');
#4946 =( NAMED_UNIT ( * ) SI_UNIT ( $, .STERADIAN. ) SOLID_ANGLE_UNIT ( ) );
#4947 =( NAMED_UNIT ( * ) PLANE_ANGLE_UNIT ( ) SI_UNIT ( $, .RADIAN. ) );
#4948 =( LENGTH_UNIT ( ) NAMED_UNIT ( * ) SI_UNIT ( .MILLI., .METRE. ) );
#4949 = MECHANICAL_DESIGN_GEOMETRIC_PRESENTATION_REPRESENTATION (  '', ( #4951 ), #4944 ) ;
#4950 = PRESENTATION_LAYER_ASSIGNMENT (  '', '', ( #4951 ) ) ;
#4951 = STYLED_ITEM ( 'NONE', ( #4952 ), #9239 ) ;
#4952 = PRESENTATION_STYLE_ASSIGNMENT (( #4953 ) ) ;
#4953 = SURFACE_STYLE_USAGE ( .BOTH. , #4954 ) ;
#4954 = SURFACE_SIDE_STYLE ('',( #4955 ) ) ;
#4955 = SURFACE_STYLE_FILL_AREA ( #4956 ) ;
#4956 = FILL_AREA_STYLE ('',( #4964 ) ) ;
#4957 = COLOUR_RGB ( '',0.7529411764705882200, 0.7529411764705882200, 0.7529411764705882200 ) ;
#4958 = FACE_OUTER_BOUND ( 'NONE', #9240, .T. ) ;
#4959 = ORIENTED_EDGE ( 'NONE', *, *, #6809, .F. ) ;
#4960 = DIRECTION ( 'NONE',  ( 6.982966722218764100E-015, -3.491483361109382100E-015, 1.000000000000000000 ) ) ;
#4961 = VECTOR ( 'NONE', #4960, 1000.000000000000000 ) ;
#4962 = CARTESIAN_POINT ( 'NONE',  ( 8.249999999999964500, 3.250000000000017800, -4.957106781186599400 ) ) ;
#4963 = LINE ( 'NONE', #4962, #4961 ) ;
#4964 = FILL_AREA_STYLE_COLOUR ( '', #4957 ) ;
#4965 = CARTESIAN_POINT ( 'NONE',  ( 8.249999999999971600, 3.250000000000014200, -4.000000000000049700 ) ) ;
#4967 = VERTEX_POINT ( 'NONE', #10359 ) ;
#4966 = DIRECTION ( 'NONE',  ( 1.000000000000000000, 0.0000000000000000000, -6.982966722218764100E-015 ) ) ;
#4968 = VECTOR ( 'NONE', #4966, 1000.000000000000000 ) ;
#4969 = CARTESIAN_POINT ( 'NONE',  ( 7.749999999999970700, 3.250000000000014200, -4.000000000000046200 ) ) ;
#4970 = LINE ( 'NONE', #4969, #4968 ) ;
#4971 = DIRECTION ( 'NONE',  ( 1.000000000000000000, 0.0000000000000000000, -6.982966722218764100E-015 ) ) ;
#4972 =( NAMED_UNIT ( * ) PLANE_ANGLE_UNIT ( ) SI_UNIT ( $, .RADIAN. ) );
#4973 =( LENGTH_UNIT ( ) NAMED_UNIT ( * ) SI_UNIT ( .MILLI., .METRE. ) );
#4974 = MECHANICAL_DESIGN_GEOMETRIC_PRESENTATION_REPRESENTATION (  '', ( #4976 ), #5029 ) ;
#4975 = PRESENTATION_LAYER_ASSIGNMENT (  '', '', ( #4976 ) ) ;
#4976 = STYLED_ITEM ( 'NONE', ( #4977 ), #9257 ) ;
#4977 = PRESENTATION_STYLE_ASSIGNMENT (( #4978 ) ) ;
#4978 = SURFACE_STYLE_USAGE ( .BOTH. , #4979 ) ;
#4979 = SURFACE_SIDE_STYLE ('',( #4980 ) ) ;
#4980 = SURFACE_STYLE_FILL_AREA ( #4981 ) ;
#4981 = FILL_AREA_STYLE ('',( #4988 ) ) ;
#4982 = COLOUR_RGB ( '',0.7529411764705882200, 0.7529411764705882200, 0.7529411764705882200 ) ;
#4983 = FACE_OUTER_BOUND ( 'NONE', #9258, .T. ) ;
#4984 = DIRECTION ( 'NONE',  ( 6.982966722218764100E-015, -3.491483361109382100E-015, 1.000000000000000000 ) ) ;
#4985 = VECTOR ( 'NONE', #4984, 1000.000000000000000 ) ;
#4986 = CARTESIAN_POINT ( 'NONE',  ( 6.249999999999963600, 3.250000000000017800, -4.957106781186585200 ) ) ;
#4987 = LINE ( 'NONE', #4986, #4985 ) ;
#4988 = FILL_AREA_STYLE_COLOUR ( '', #4982 ) ;
#4989 = CARTESIAN_POINT ( 'NONE',  ( 7.749999999999970700, -2.999999999999986200, -4.000000000000067500 ) ) ;
#4990 = DIRECTION ( 'NONE',  ( -6.982966722218764100E-015, 3.491483361109382100E-015, -1.000000000000000000 ) ) ;
#4991 = VECTOR ( 'NONE', #4990, 1000.000000000000000 ) ;
#4992 = CARTESIAN_POINT ( 'NONE',  ( 7.749999999999965400, -2.999999999999984500, -4.728553390593342300 ) ) ;
#4993 = LINE ( 'NONE', #4992, #4991 ) ;
#4994 = CARTESIAN_POINT ( 'NONE',  ( 7.749999999999967100, -2.999999999999984500, -4.500000000000068400 ) ) ;
#4995 = DIRECTION ( 'NONE',  ( -2.438091212180733800E-029, -1.000000000000000000, -3.491483361109382500E-015 ) ) ;
#4996 = VECTOR ( 'NONE', #4995, 1000.000000000000000 ) ;
#4997 = CARTESIAN_POINT ( 'NONE',  ( 7.749999999999967100, 3.750000000000016400, -4.500000000000044400 ) ) ;
#4998 = LINE ( 'NONE', #4997, #4996 ) ;
#4999 = CARTESIAN_POINT ( 'NONE',  ( 7.749999999999967100, 3.750000000000016400, -4.500000000000044400 ) ) ;
#5000 = DIRECTION ( 'NONE',  ( 6.982966722218764100E-015, -3.491483361109382100E-015, 1.000000000000000000 ) ) ;
#5001 = VECTOR ( 'NONE', #5000, 1000.000000000000000 ) ;
#5002 = CARTESIAN_POINT ( 'NONE',  ( 7.749999999999963600, 3.750000000000018200, -4.957106781186594100 ) ) ;
#5003 = LINE ( 'NONE', #5002, #5001 ) ;
#5004 = DIRECTION ( 'NONE',  ( -3.469446951953586600E-015, 1.000000000000000000, 3.491483361109406100E-015 ) ) ;
#5005 = DIRECTION ( 'NONE',  ( 1.000000000000000000, 3.469446951953611000E-015, -6.982966722218752300E-015 ) ) ;
#5006 = CARTESIAN_POINT ( 'NONE',  ( 8.249999999999962700, 3.750000000000018200, -4.957106781186597600 ) ) ;
#5007 = CARTESIAN_POINT ( 'NONE',  ( 6.250000000000015100, 3.749999999999991100, 2.649999999999965300 ) ) ;
#5008 = DIRECTION ( 'NONE',  ( -3.469446951953586600E-015, 1.000000000000000000, 3.491483361109406100E-015 ) ) ;
#5009 = VECTOR ( 'NONE', #5008, 1000.000000000000000 ) ;
#5010 = CARTESIAN_POINT ( 'NONE',  ( 6.250000000000015100, 3.749999999999991100, 2.649999999999965300 ) ) ;
#5011 = LINE ( 'NONE', #5010, #5009 ) ;
#5012 = CARTESIAN_POINT ( 'NONE',  ( 6.250000000000016900, 3.249999999999990700, 2.649999999999963500 ) ) ;
#5013 = DIRECTION ( 'NONE',  ( 1.000000000000000000, 0.0000000000000000000, -6.982966722218764100E-015 ) ) ;
#5014 = VECTOR ( 'NONE', #5013, 1000.000000000000000 ) ;
#5015 = CARTESIAN_POINT ( 'NONE',  ( 5.750000000000016000, 3.249999999999990700, 2.649999999999967000 ) ) ;
#5016 = LINE ( 'NONE', #5015, #5014 ) ;
#5017 = CARTESIAN_POINT ( 'NONE',  ( 5.750000000000016000, 3.249999999999990700, 2.649999999999967000 ) ) ;
#5018 = CARTESIAN_POINT ( 'NONE',  ( 5.750000000000016000, 3.749999999999991100, 2.649999999999968800 ) ) ;
#5019 = DIRECTION ( 'NONE',  ( -2.438091212180733500E-029, -1.000000000000000000, -3.491483361109382100E-015 ) ) ;
#5020 = VECTOR ( 'NONE', #5019, 1000.000000000000000 ) ;
#5021 = CARTESIAN_POINT ( 'NONE',  ( 5.750000000000016000, 3.749999999999991100, 2.649999999999968800 ) ) ;
#5022 = LINE ( 'NONE', #5021, #5020 ) ;
#5023 = DIRECTION ( 'NONE',  ( 2.438091212180733500E-029, 1.000000000000000000, 3.491483361109382100E-015 ) ) ;
#5024 = DIRECTION ( 'NONE',  ( 6.982966722218764100E-015, -3.491483361109382100E-015, 1.000000000000000000 ) ) ;
#5025 = CARTESIAN_POINT ( 'NONE',  ( 5.750000000000016000, 3.249999999999990700, 2.649999999999967000 ) ) ;
#5026 = AXIS2_PLACEMENT_3D ( 'NONE', #5025, #5024, #5023 ) ;
#5027 = ORIENTED_EDGE ( 'NONE', *, *, #7200, .F. ) ;
#5028 = PLANE ( 'NONE',  #5026 ) ;
#5029 =( GEOMETRIC_REPRESENTATION_CONTEXT ( 3 ) GLOBAL_UNCERTAINTY_ASSIGNED_CONTEXT ( ( #5031 ) ) GLOBAL_UNIT_ASSIGNED_CONTEXT ( ( #4973, #4972, #5032 ) ) REPRESENTATION_CONTEXT ( 'NONE', 'WORKASPACE' ) );
#5030 = EDGE_LOOP ( 'NONE', ( #6375, #6380, #6376, #6378, #5870, #6502 ) ) ;
#5031 = UNCERTAINTY_MEASURE_WITH_UNIT (LENGTH_MEASURE( 1.000000000000000100E-005 ), #4973, 'distance_accuracy_value', 'NONE');
#5032 =( NAMED_UNIT ( * ) SI_UNIT ( $, .STERADIAN. ) SOLID_ANGLE_UNIT ( ) );
#5033 = MECHANICAL_DESIGN_GEOMETRIC_PRESENTATION_REPRESENTATION (  '', ( #5035 ), #5092 ) ;
#5034 = PRESENTATION_LAYER_ASSIGNMENT (  '', '', ( #5035 ) ) ;
#5035 = STYLED_ITEM ( 'NONE', ( #5036 ), #9273 ) ;
#5036 = PRESENTATION_STYLE_ASSIGNMENT (( #5037 ) ) ;
#5037 = SURFACE_STYLE_USAGE ( .BOTH. , #5038 ) ;
#5038 = SURFACE_SIDE_STYLE ('',( #5039 ) ) ;
#5039 = SURFACE_STYLE_FILL_AREA ( #5040 ) ;
#5040 = FILL_AREA_STYLE ('',( #5047 ) ) ;
#5041 = COLOUR_RGB ( '',0.7529411764705882200, 0.7529411764705882200, 0.7529411764705882200 ) ;
#5042 = FACE_OUTER_BOUND ( 'NONE', #9214, .T. ) ;
#5043 = DIRECTION ( 'NONE',  ( -1.000000000000000000, 0.0000000000000000000, 6.982966722218764100E-015 ) ) ;
#5044 = DIRECTION ( 'NONE',  ( 2.438091212180733500E-029, 1.000000000000000000, 3.491483361109382100E-015 ) ) ;
#5045 = CARTESIAN_POINT ( 'NONE',  ( 5.749999999999963600, 3.750000000000018200, -4.957106781186579900 ) ) ;
#5046 = AXIS2_PLACEMENT_3D ( 'NONE', #5045, #5044, #5043 ) ;
#5047 = FILL_AREA_STYLE_COLOUR ( '', #5041 ) ;
#5048 = PLANE ( 'NONE',  #5046 ) ;
#5049 =( GEOMETRIC_REPRESENTATION_CONTEXT ( 3 ) GLOBAL_UNCERTAINTY_ASSIGNED_CONTEXT ( ( #5050 ) ) GLOBAL_UNIT_ASSIGNED_CONTEXT ( ( #5053, #5052, #5051 ) ) REPRESENTATION_CONTEXT ( 'NONE', 'WORKASPACE' ) );
#5050 = UNCERTAINTY_MEASURE_WITH_UNIT (LENGTH_MEASURE( 1.000000000000000100E-005 ), #5053, 'distance_accuracy_value', 'NONE');
#5051 =( NAMED_UNIT ( * ) SI_UNIT ( $, .STERADIAN. ) SOLID_ANGLE_UNIT ( ) );
#5052 =( NAMED_UNIT ( * ) PLANE_ANGLE_UNIT ( ) SI_UNIT ( $, .RADIAN. ) );
#5053 =( LENGTH_UNIT ( ) NAMED_UNIT ( * ) SI_UNIT ( .MILLI., .METRE. ) );
#5054 = MECHANICAL_DESIGN_GEOMETRIC_PRESENTATION_REPRESENTATION (  '', ( #5056 ), #5049 ) ;
#5055 = PRESENTATION_LAYER_ASSIGNMENT (  '', '', ( #5056 ) ) ;
#5056 = STYLED_ITEM ( 'NONE', ( #5057 ), #9271 ) ;
#5057 = PRESENTATION_STYLE_ASSIGNMENT (( #5058 ) ) ;
#5058 = SURFACE_STYLE_USAGE ( .BOTH. , #5059 ) ;
#5059 = SURFACE_SIDE_STYLE ('',( #5060 ) ) ;
#5060 = SURFACE_STYLE_FILL_AREA ( #5061 ) ;
#5061 = FILL_AREA_STYLE ('',( #5069 ) ) ;
#5062 = ADVANCED_FACE ( 'NONE', ( #10358 ), #10342, .T. ) ;
#5063 = COLOUR_RGB ( '',0.7529411764705882200, 0.7529411764705882200, 0.7529411764705882200 ) ;
#5064 = FACE_OUTER_BOUND ( 'NONE', #9272, .T. ) ;
#5065 = DIRECTION ( 'NONE',  ( -1.000000000000000000, 0.0000000000000000000, 6.982966722218764100E-015 ) ) ;
#5066 = VECTOR ( 'NONE', #5065, 1000.000000000000000 ) ;
#5067 = CARTESIAN_POINT ( 'NONE',  ( 5.750000000000016000, 3.749999999999991100, 2.649999999999968800 ) ) ;
#5068 = LINE ( 'NONE', #5067, #5066 ) ;
#5069 = FILL_AREA_STYLE_COLOUR ( '', #5063 ) ;
#5070 =( LENGTH_UNIT ( ) NAMED_UNIT ( * ) SI_UNIT ( .MILLI., .METRE. ) );
#5071 = MECHANICAL_DESIGN_GEOMETRIC_PRESENTATION_REPRESENTATION (  '', ( #5073 ), #5121 ) ;
#5072 = PRESENTATION_LAYER_ASSIGNMENT (  '', '', ( #5073 ) ) ;
#5073 = STYLED_ITEM ( 'NONE', ( #5074 ), #9279 ) ;
#5074 = PRESENTATION_STYLE_ASSIGNMENT (( #5075 ) ) ;
#5075 = SURFACE_STYLE_USAGE ( .BOTH. , #5076 ) ;
#5076 = SURFACE_SIDE_STYLE ('',( #5077 ) ) ;
#5077 = SURFACE_STYLE_FILL_AREA ( #5078 ) ;
#5078 = FILL_AREA_STYLE ('',( #5086 ) ) ;
#5079 = COLOUR_RGB ( '',0.7529411764705882200, 0.7529411764705882200, 0.7529411764705882200 ) ;
#5080 = FACE_OUTER_BOUND ( 'NONE', #9280, .T. ) ;
#5081 = DIRECTION ( 'NONE',  ( -1.000000000000000000, 0.0000000000000000000, 6.982966722218764100E-015 ) ) ;
#5082 = VECTOR ( 'NONE', #5081, 1000.000000000000000 ) ;
#5083 = ORIENTED_EDGE ( 'NONE', *, *, #4722, .F. ) ;
#5084 = CARTESIAN_POINT ( 'NONE',  ( 7.749999999999970700, -2.999999999999986200, -4.000000000000067500 ) ) ;
#5085 = LINE ( 'NONE', #5084, #5082 ) ;
#5086 = FILL_AREA_STYLE_COLOUR ( '', #5079 ) ;
#5087 = DIRECTION ( 'NONE',  ( -2.438091212180733500E-029, -1.000000000000000000, -3.491483361109382100E-015 ) ) ;
#5088 = DIRECTION ( 'NONE',  ( -6.982966722218764100E-015, 3.491483361109382100E-015, -1.000000000000000000 ) ) ;
#5089 = CARTESIAN_POINT ( 'NONE',  ( 7.749999999999970700, 3.250000000000014200, -4.000000000000046200 ) ) ;
#5090 = AXIS2_PLACEMENT_3D ( 'NONE', #5089, #5088, #5087 ) ;
#5091 = PLANE ( 'NONE',  #5090 ) ;
#5092 =( GEOMETRIC_REPRESENTATION_CONTEXT ( 3 ) GLOBAL_UNCERTAINTY_ASSIGNED_CONTEXT ( ( #5093 ) ) GLOBAL_UNIT_ASSIGNED_CONTEXT ( ( #5097, #5095, #5094 ) ) REPRESENTATION_CONTEXT ( 'NONE', 'WORKASPACE' ) );
#5093 = UNCERTAINTY_MEASURE_WITH_UNIT (LENGTH_MEASURE( 1.000000000000000100E-005 ), #5097, 'distance_accuracy_value', 'NONE');
#5094 =( NAMED_UNIT ( * ) SI_UNIT ( $, .STERADIAN. ) SOLID_ANGLE_UNIT ( ) );
#5095 =( NAMED_UNIT ( * ) PLANE_ANGLE_UNIT ( ) SI_UNIT ( $, .RADIAN. ) );
#5096 = ORIENTED_EDGE ( 'NONE', *, *, #7354, .T. ) ;
#5097 =( LENGTH_UNIT ( ) NAMED_UNIT ( * ) SI_UNIT ( .MILLI., .METRE. ) );
#5098 =( NAMED_UNIT ( * ) SI_UNIT ( $, .STERADIAN. ) SOLID_ANGLE_UNIT ( ) );
#5099 =( NAMED_UNIT ( * ) PLANE_ANGLE_UNIT ( ) SI_UNIT ( $, .RADIAN. ) );
#5100 =( LENGTH_UNIT ( ) NAMED_UNIT ( * ) SI_UNIT ( .MILLI., .METRE. ) );
#5101 = MECHANICAL_DESIGN_GEOMETRIC_PRESENTATION_REPRESENTATION (  '', ( #5103 ), #5153 ) ;
#5102 = PRESENTATION_LAYER_ASSIGNMENT (  '', '', ( #5103 ) ) ;
#5103 = STYLED_ITEM ( 'NONE', ( #5104 ), #9288 ) ;
#5104 = PRESENTATION_STYLE_ASSIGNMENT (( #5105 ) ) ;
#5105 = SURFACE_STYLE_USAGE ( .BOTH. , #5106 ) ;
#5106 = SURFACE_SIDE_STYLE ('',( #5107 ) ) ;
#5107 = SURFACE_STYLE_FILL_AREA ( #5108 ) ;
#5108 = FILL_AREA_STYLE ('',( #5115 ) ) ;
#5109 = COLOUR_RGB ( '',0.7529411764705882200, 0.7529411764705882200, 0.7529411764705882200 ) ;
#5110 = FACE_OUTER_BOUND ( 'NONE', #9289, .T. ) ;
#5111 = DIRECTION ( 'NONE',  ( -1.000000000000000000, 0.0000000000000000000, 6.982966722218764100E-015 ) ) ;
#5112 = VECTOR ( 'NONE', #5111, 1000.000000000000000 ) ;
#5113 = CARTESIAN_POINT ( 'NONE',  ( 7.749999999999967100, 3.750000000000016400, -4.500000000000044400 ) ) ;
#5114 = LINE ( 'NONE', #5113, #5112 ) ;
#5115 = FILL_AREA_STYLE_COLOUR ( '', #5109 ) ;
#5116 = DIRECTION ( 'NONE',  ( 1.000000000000000000, 0.0000000000000000000, -6.982966722218764100E-015 ) ) ;
#5117 = DIRECTION ( 'NONE',  ( -2.438091212180733500E-029, -1.000000000000000000, -3.491483361109382100E-015 ) ) ;
#5118 = CARTESIAN_POINT ( 'NONE',  ( 7.999999999999968900, -2.999999999999986200, -4.250000000000069300 ) ) ;
#5119 = AXIS2_PLACEMENT_3D ( 'NONE', #5118, #5117, #5116 ) ;
#5120 = PLANE ( 'NONE',  #5119 ) ;
#5121 =( GEOMETRIC_REPRESENTATION_CONTEXT ( 3 ) GLOBAL_UNCERTAINTY_ASSIGNED_CONTEXT ( ( #5122 ) ) GLOBAL_UNIT_ASSIGNED_CONTEXT ( ( #5070, #5124, #5123 ) ) REPRESENTATION_CONTEXT ( 'NONE', 'WORKASPACE' ) );
#5122 = UNCERTAINTY_MEASURE_WITH_UNIT (LENGTH_MEASURE( 1.000000000000000100E-005 ), #5070, 'distance_accuracy_value', 'NONE');
#5123 =( NAMED_UNIT ( * ) SI_UNIT ( $, .STERADIAN. ) SOLID_ANGLE_UNIT ( ) );
#5124 =( NAMED_UNIT ( * ) PLANE_ANGLE_UNIT ( ) SI_UNIT ( $, .RADIAN. ) );
#5125 =( NAMED_UNIT ( * ) PLANE_ANGLE_UNIT ( ) SI_UNIT ( $, .RADIAN. ) );
#5126 =( LENGTH_UNIT ( ) NAMED_UNIT ( * ) SI_UNIT ( .MILLI., .METRE. ) );
#5127 = MECHANICAL_DESIGN_GEOMETRIC_PRESENTATION_REPRESENTATION (  '', ( #5129 ), #5186 ) ;
#5128 = PRESENTATION_LAYER_ASSIGNMENT (  '', '', ( #5129 ) ) ;
#5129 = STYLED_ITEM ( 'NONE', ( #5130 ), #9301 ) ;
#5130 = PRESENTATION_STYLE_ASSIGNMENT (( #5131 ) ) ;
#5131 = SURFACE_STYLE_USAGE ( .BOTH. , #5132 ) ;
#5132 = SURFACE_SIDE_STYLE ('',( #5133 ) ) ;
#5133 = SURFACE_STYLE_FILL_AREA ( #5134 ) ;
#5134 = FILL_AREA_STYLE ('',( #5141 ) ) ;
#5135 = COLOUR_RGB ( '',0.7529411764705882200, 0.7529411764705882200, 0.7529411764705882200 ) ;
#5136 = FACE_OUTER_BOUND ( 'NONE', #9302, .T. ) ;
#5137 = DIRECTION ( 'NONE',  ( 6.982966722218764100E-015, -3.491483361109382100E-015, 1.000000000000000000 ) ) ;
#5138 = VECTOR ( 'NONE', #5137, 1000.000000000000000 ) ;
#5139 = CARTESIAN_POINT ( 'NONE',  ( 6.249999999999963600, 3.250000000000017800, -4.957106781186585200 ) ) ;
#5140 = LINE ( 'NONE', #5139, #5138 ) ;
#5141 = FILL_AREA_STYLE_COLOUR ( '', #5135 ) ;
#5142 = CARTESIAN_POINT ( 'NONE',  ( 6.249999999999970700, 3.250000000000014200, -4.000000000000035500 ) ) ;
#5143 = DIRECTION ( 'NONE',  ( 1.000000000000000000, 0.0000000000000000000, -6.982966722218764100E-015 ) ) ;
#5144 = VECTOR ( 'NONE', #5143, 1000.000000000000000 ) ;
#5145 = CARTESIAN_POINT ( 'NONE',  ( 5.749999999999970700, 3.250000000000014200, -4.000000000000032000 ) ) ;
#5146 = LINE ( 'NONE', #5145, #5144 ) ;
#5147 = ORIENTED_EDGE ( 'NONE', *, *, #3722, .T. ) ;
#5148 = DIRECTION ( 'NONE',  ( 2.438091212180733500E-029, 1.000000000000000000, 3.491483361109382100E-015 ) ) ;
#5149 = DIRECTION ( 'NONE',  ( 6.982966722218764100E-015, -3.491483361109382100E-015, 1.000000000000000000 ) ) ;
#5150 = CARTESIAN_POINT ( 'NONE',  ( 7.749999999999967100, 3.750000000000016400, -4.500000000000044400 ) ) ;
#5151 = AXIS2_PLACEMENT_3D ( 'NONE', #5150, #5149, #5148 ) ;
#5152 = PLANE ( 'NONE',  #5151 ) ;
#5153 =( GEOMETRIC_REPRESENTATION_CONTEXT ( 3 ) GLOBAL_UNCERTAINTY_ASSIGNED_CONTEXT ( ( #5155 ) ) GLOBAL_UNIT_ASSIGNED_CONTEXT ( ( #5100, #5099, #5098 ) ) REPRESENTATION_CONTEXT ( 'NONE', 'WORKASPACE' ) );
#5154 = EDGE_LOOP ( 'NONE', ( #5027, #5083, #4818, #4693, #6368, #6362 ) ) ;
#5155 = UNCERTAINTY_MEASURE_WITH_UNIT (LENGTH_MEASURE( 1.000000000000000100E-005 ), #5100, 'distance_accuracy_value', 'NONE');
#5156 = MECHANICAL_DESIGN_GEOMETRIC_PRESENTATION_REPRESENTATION (  '', ( #5158 ), #5211 ) ;
#5157 = PRESENTATION_LAYER_ASSIGNMENT (  '', '', ( #5158 ) ) ;
#5158 = STYLED_ITEM ( 'NONE', ( #5159 ), #9313 ) ;
#5159 = PRESENTATION_STYLE_ASSIGNMENT (( #5160 ) ) ;
#5160 = SURFACE_STYLE_USAGE ( .BOTH. , #5161 ) ;
#5161 = SURFACE_SIDE_STYLE ('',( #5162 ) ) ;
#5162 = SURFACE_STYLE_FILL_AREA ( #5163 ) ;
#5163 = FILL_AREA_STYLE ('',( #5170 ) ) ;
#5164 = COLOUR_RGB ( '',0.7529411764705882200, 0.7529411764705882200, 0.7529411764705882200 ) ;
#5165 = FACE_OUTER_BOUND ( 'NONE', #9314, .T. ) ;
#5166 = DIRECTION ( 'NONE',  ( -6.982966722218764100E-015, 3.491483361109382100E-015, -1.000000000000000000 ) ) ;
#5167 = VECTOR ( 'NONE', #5166, 1000.000000000000000 ) ;
#5168 = CARTESIAN_POINT ( 'NONE',  ( 5.749999999999965400, -2.999999999999984500, -4.728553390593328100 ) ) ;
#5169 = LINE ( 'NONE', #5168, #5167 ) ;
#5170 = FILL_AREA_STYLE_COLOUR ( '', #5164 ) ;
#5171 = CARTESIAN_POINT ( 'NONE',  ( 5.749999999999967100, -2.999999999999984500, -4.500000000000054200 ) ) ;
#5172 = DIRECTION ( 'NONE',  ( -2.438091212180733800E-029, -1.000000000000000000, -3.491483361109382500E-015 ) ) ;
#5173 = VECTOR ( 'NONE', #5172, 1000.000000000000000 ) ;
#5174 = CARTESIAN_POINT ( 'NONE',  ( 5.749999999999967100, 3.750000000000016400, -4.500000000000031100 ) ) ;
#5175 = LINE ( 'NONE', #5174, #5173 ) ;
#5176 = CARTESIAN_POINT ( 'NONE',  ( 5.749999999999967100, 3.750000000000016400, -4.500000000000031100 ) ) ;
#5177 = DIRECTION ( 'NONE',  ( 6.982966722218764100E-015, -3.491483361109382100E-015, 1.000000000000000000 ) ) ;
#5178 = VECTOR ( 'NONE', #5177, 1000.000000000000000 ) ;
#5179 = CARTESIAN_POINT ( 'NONE',  ( 5.749999999999963600, 3.750000000000018200, -4.957106781186579900 ) ) ;
#5180 = LINE ( 'NONE', #5179, #5178 ) ;
#5181 = DIRECTION ( 'NONE',  ( -2.438091212180733500E-029, -1.000000000000000000, -3.491483361109382100E-015 ) ) ;
#5182 = DIRECTION ( 'NONE',  ( -1.000000000000000000, 0.0000000000000000000, 6.982966722218764100E-015 ) ) ;
#5183 = CARTESIAN_POINT ( 'NONE',  ( 5.749999999999963600, 3.750000000000018200, -4.957106781186579900 ) ) ;
#5184 = AXIS2_PLACEMENT_3D ( 'NONE', #5183, #5182, #5181 ) ;
#5185 = PLANE ( 'NONE',  #5184 ) ;
#5186 =( GEOMETRIC_REPRESENTATION_CONTEXT ( 3 ) GLOBAL_UNCERTAINTY_ASSIGNED_CONTEXT ( ( #5187 ) ) GLOBAL_UNIT_ASSIGNED_CONTEXT ( ( #5126, #5125, #5188 ) ) REPRESENTATION_CONTEXT ( 'NONE', 'WORKASPACE' ) );
#5187 = UNCERTAINTY_MEASURE_WITH_UNIT (LENGTH_MEASURE( 1.000000000000000100E-005 ), #5126, 'distance_accuracy_value', 'NONE');
#5188 =( NAMED_UNIT ( * ) SI_UNIT ( $, .STERADIAN. ) SOLID_ANGLE_UNIT ( ) );
#5189 =( LENGTH_UNIT ( ) NAMED_UNIT ( * ) SI_UNIT ( .MILLI., .METRE. ) );
#5190 = MECHANICAL_DESIGN_GEOMETRIC_PRESENTATION_REPRESENTATION (  '', ( #5193 ), #5242 ) ;
#5191 = VERTEX_POINT ( 'NONE', #10337 ) ;
#5192 = PRESENTATION_LAYER_ASSIGNMENT (  '', '', ( #5193 ) ) ;
#5193 = STYLED_ITEM ( 'NONE', ( #5194 ), #9320 ) ;
#5194 = PRESENTATION_STYLE_ASSIGNMENT (( #5195 ) ) ;
#5195 = SURFACE_STYLE_USAGE ( .BOTH. , #5196 ) ;
#5196 = SURFACE_SIDE_STYLE ('',( #5197 ) ) ;
#5197 = SURFACE_STYLE_FILL_AREA ( #5198 ) ;
#5198 = FILL_AREA_STYLE ('',( #5205 ) ) ;
#5199 = COLOUR_RGB ( '',0.7529411764705882200, 0.7529411764705882200, 0.7529411764705882200 ) ;
#5200 = FACE_OUTER_BOUND ( 'NONE', #9321, .T. ) ;
#5201 = DIRECTION ( 'NONE',  ( 6.982966722218764100E-015, -3.491483361109382100E-015, 1.000000000000000000 ) ) ;
#5202 = VECTOR ( 'NONE', #5201, 1000.000000000000000 ) ;
#5203 = CARTESIAN_POINT ( 'NONE',  ( 5.749999999999963600, 3.250000000000017800, -4.957106781186581700 ) ) ;
#5204 = LINE ( 'NONE', #5203, #5202 ) ;
#5205 = FILL_AREA_STYLE_COLOUR ( '', #5199 ) ;
#5206 = DIRECTION ( 'NONE',  ( 1.000000000000000000, 0.0000000000000000000, -6.982966722218764100E-015 ) ) ;
#5207 = DIRECTION ( 'NONE',  ( -2.438091212180733500E-029, -1.000000000000000000, -3.491483361109382100E-015 ) ) ;
#5208 = CARTESIAN_POINT ( 'NONE',  ( 5.749999999999963600, 3.250000000000017800, -4.957106781186581700 ) ) ;
#5209 = AXIS2_PLACEMENT_3D ( 'NONE', #5208, #5207, #5206 ) ;
#5210 = PLANE ( 'NONE',  #5209 ) ;
#5211 =( GEOMETRIC_REPRESENTATION_CONTEXT ( 3 ) GLOBAL_UNCERTAINTY_ASSIGNED_CONTEXT ( ( #5212 ) ) GLOBAL_UNIT_ASSIGNED_CONTEXT ( ( #5215, #5214, #5213 ) ) REPRESENTATION_CONTEXT ( 'NONE', 'WORKASPACE' ) );
#5212 = UNCERTAINTY_MEASURE_WITH_UNIT (LENGTH_MEASURE( 1.000000000000000100E-005 ), #5215, 'distance_accuracy_value', 'NONE');
#5213 =( NAMED_UNIT ( * ) SI_UNIT ( $, .STERADIAN. ) SOLID_ANGLE_UNIT ( ) );
#5214 =( NAMED_UNIT ( * ) PLANE_ANGLE_UNIT ( ) SI_UNIT ( $, .RADIAN. ) );
#5215 =( LENGTH_UNIT ( ) NAMED_UNIT ( * ) SI_UNIT ( .MILLI., .METRE. ) );
#5216 =( LENGTH_UNIT ( ) NAMED_UNIT ( * ) SI_UNIT ( .MILLI., .METRE. ) );
#5217 = MECHANICAL_DESIGN_GEOMETRIC_PRESENTATION_REPRESENTATION (  '', ( #5219 ), #5269 ) ;
#5218 = PRESENTATION_LAYER_ASSIGNMENT (  '', '', ( #5219 ) ) ;
#5219 = STYLED_ITEM ( 'NONE', ( #5220 ), #9330 ) ;
#5220 = PRESENTATION_STYLE_ASSIGNMENT (( #5221 ) ) ;
#5221 = SURFACE_STYLE_USAGE ( .BOTH. , #5222 ) ;
#5222 = SURFACE_SIDE_STYLE ('',( #5223 ) ) ;
#5223 = SURFACE_STYLE_FILL_AREA ( #5224 ) ;
#5225 = ORIENTED_EDGE ( 'NONE', *, *, #6357, .F. ) ;
#5224 = FILL_AREA_STYLE ('',( #5232 ) ) ;
#5226 = COLOUR_RGB ( '',0.7529411764705882200, 0.7529411764705882200, 0.7529411764705882200 ) ;
#5227 = FACE_OUTER_BOUND ( 'NONE', #9252, .T. ) ;
#5228 = DIRECTION ( 'NONE',  ( 6.982966722218764100E-015, -3.491483361109382100E-015, 1.000000000000000000 ) ) ;
#5229 = VECTOR ( 'NONE', #5228, 1000.000000000000000 ) ;
#5230 = CARTESIAN_POINT ( 'NONE',  ( 5.749999999999963600, 3.750000000000018200, -4.957106781186579900 ) ) ;
#5231 = LINE ( 'NONE', #5230, #5229 ) ;
#5232 = FILL_AREA_STYLE_COLOUR ( '', #5226 ) ;
#5233 = DIRECTION ( 'NONE',  ( 6.982966722218764100E-015, -3.491483361109382100E-015, 1.000000000000000000 ) ) ;
#5234 = VECTOR ( 'NONE', #5233, 1000.000000000000000 ) ;
#5235 = CARTESIAN_POINT ( 'NONE',  ( 6.249999999999961800, 3.750000000000018200, -4.957106781186583400 ) ) ;
#5236 = LINE ( 'NONE', #5235, #5234 ) ;
#5237 = DIRECTION ( 'NONE',  ( -2.438091212180733500E-029, -1.000000000000000000, -3.491483361109382100E-015 ) ) ;
#5238 = DIRECTION ( 'NONE',  ( -1.000000000000000000, 0.0000000000000000000, 6.982966722218764100E-015 ) ) ;
#5239 = CARTESIAN_POINT ( 'NONE',  ( 5.749999999999963600, 3.750000000000018200, -4.957106781186579900 ) ) ;
#5240 = AXIS2_PLACEMENT_3D ( 'NONE', #5239, #5238, #5237 ) ;
#5241 = PLANE ( 'NONE',  #5240 ) ;
#5242 =( GEOMETRIC_REPRESENTATION_CONTEXT ( 3 ) GLOBAL_UNCERTAINTY_ASSIGNED_CONTEXT ( ( #5244 ) ) GLOBAL_UNIT_ASSIGNED_CONTEXT ( ( #5189, #5246, #5245 ) ) REPRESENTATION_CONTEXT ( 'NONE', 'WORKASPACE' ) );
#5243 = EDGE_CURVE ( 'NONE', #6361, #4967, #10336, .T. ) ;
#5244 = UNCERTAINTY_MEASURE_WITH_UNIT (LENGTH_MEASURE( 1.000000000000000100E-005 ), #5189, 'distance_accuracy_value', 'NONE');
#5245 =( NAMED_UNIT ( * ) SI_UNIT ( $, .STERADIAN. ) SOLID_ANGLE_UNIT ( ) );
#5246 =( NAMED_UNIT ( * ) PLANE_ANGLE_UNIT ( ) SI_UNIT ( $, .RADIAN. ) );
#5247 =( NAMED_UNIT ( * ) PLANE_ANGLE_UNIT ( ) SI_UNIT ( $, .RADIAN. ) );
#5248 =( LENGTH_UNIT ( ) NAMED_UNIT ( * ) SI_UNIT ( .MILLI., .METRE. ) );
#5249 = MECHANICAL_DESIGN_GEOMETRIC_PRESENTATION_REPRESENTATION (  '', ( #5251 ), #5297 ) ;
#5250 = PRESENTATION_LAYER_ASSIGNMENT (  '', '', ( #5251 ) ) ;
#5251 = STYLED_ITEM ( 'NONE', ( #5252 ), #9335 ) ;
#5252 = PRESENTATION_STYLE_ASSIGNMENT (( #5253 ) ) ;
#5253 = SURFACE_STYLE_USAGE ( .BOTH. , #5254 ) ;
#5254 = SURFACE_SIDE_STYLE ('',( #5255 ) ) ;
#5255 = SURFACE_STYLE_FILL_AREA ( #5256 ) ;
#5256 = FILL_AREA_STYLE ('',( #5263 ) ) ;
#5257 = COLOUR_RGB ( '',0.7529411764705882200, 0.7529411764705882200, 0.7529411764705882200 ) ;
#5258 = FACE_OUTER_BOUND ( 'NONE', #9336, .T. ) ;
#5259 = DIRECTION ( 'NONE',  ( -1.000000000000000000, 0.0000000000000000000, 6.982966722218764100E-015 ) ) ;
#5260 = VECTOR ( 'NONE', #5259, 1000.000000000000000 ) ;
#5261 = CARTESIAN_POINT ( 'NONE',  ( 5.749999999999970700, -2.999999999999986200, -4.000000000000054200 ) ) ;
#5262 = LINE ( 'NONE', #5261, #5260 ) ;
#5263 = FILL_AREA_STYLE_COLOUR ( '', #5257 ) ;
#5264 = DIRECTION ( 'NONE',  ( -3.469446951953586600E-015, 1.000000000000000000, 3.491483361109406100E-015 ) ) ;
#5265 = DIRECTION ( 'NONE',  ( 1.000000000000000000, 3.469446951953611000E-015, -6.982966722218752300E-015 ) ) ;
#5266 = CARTESIAN_POINT ( 'NONE',  ( 6.249999999999961800, 3.750000000000018200, -4.957106781186583400 ) ) ;
#5267 = AXIS2_PLACEMENT_3D ( 'NONE', #5266, #5265, #5264 ) ;
#5268 = PLANE ( 'NONE',  #5267 ) ;
#5269 =( GEOMETRIC_REPRESENTATION_CONTEXT ( 3 ) GLOBAL_UNCERTAINTY_ASSIGNED_CONTEXT ( ( #5270 ) ) GLOBAL_UNIT_ASSIGNED_CONTEXT ( ( #5216, #5272, #5271 ) ) REPRESENTATION_CONTEXT ( 'NONE', 'WORKASPACE' ) );
#5270 = UNCERTAINTY_MEASURE_WITH_UNIT (LENGTH_MEASURE( 1.000000000000000100E-005 ), #5216, 'distance_accuracy_value', 'NONE');
#5271 =( NAMED_UNIT ( * ) SI_UNIT ( $, .STERADIAN. ) SOLID_ANGLE_UNIT ( ) );
#5272 =( NAMED_UNIT ( * ) PLANE_ANGLE_UNIT ( ) SI_UNIT ( $, .RADIAN. ) );
#5273 = UNCERTAINTY_MEASURE_WITH_UNIT (LENGTH_MEASURE( 1.000000000000000100E-005 ), #5276, 'distance_accuracy_value', 'NONE');
#5274 =( NAMED_UNIT ( * ) SI_UNIT ( $, .STERADIAN. ) SOLID_ANGLE_UNIT ( ) );
#5275 =( NAMED_UNIT ( * ) PLANE_ANGLE_UNIT ( ) SI_UNIT ( $, .RADIAN. ) );
#5276 =( LENGTH_UNIT ( ) NAMED_UNIT ( * ) SI_UNIT ( .MILLI., .METRE. ) );
#5277 = MECHANICAL_DESIGN_GEOMETRIC_PRESENTATION_REPRESENTATION (  '', ( #5279 ), #5325 ) ;
#5278 = PRESENTATION_LAYER_ASSIGNMENT (  '', '', ( #5279 ) ) ;
#5279 = STYLED_ITEM ( 'NONE', ( #5280 ), #9339 ) ;
#5280 = PRESENTATION_STYLE_ASSIGNMENT (( #5281 ) ) ;
#5281 = SURFACE_STYLE_USAGE ( .BOTH. , #5282 ) ;
#5282 = SURFACE_SIDE_STYLE ('',( #5283 ) ) ;
#5283 = SURFACE_STYLE_FILL_AREA ( #5284 ) ;
#5284 = FILL_AREA_STYLE ('',( #5291 ) ) ;
#5285 = COLOUR_RGB ( '',0.7529411764705882200, 0.7529411764705882200, 0.7529411764705882200 ) ;
#5286 = FACE_OUTER_BOUND ( 'NONE', #9340, .T. ) ;
#5287 = DIRECTION ( 'NONE',  ( 6.982966722218764100E-015, -3.491483361109382100E-015, 1.000000000000000000 ) ) ;
#5288 = VECTOR ( 'NONE', #5287, 1000.000000000000000 ) ;
#5289 = CARTESIAN_POINT ( 'NONE',  ( 6.249999999999961800, 3.750000000000018200, -4.957106781186583400 ) ) ;
#5290 = LINE ( 'NONE', #5289, #5288 ) ;
#5291 = FILL_AREA_STYLE_COLOUR ( '', #5285 ) ;
#5292 = DIRECTION ( 'NONE',  ( 1.000000000000000000, 0.0000000000000000000, -6.982966722218764100E-015 ) ) ;
#5293 = DIRECTION ( 'NONE',  ( -2.438091212180733500E-029, -1.000000000000000000, -3.491483361109382100E-015 ) ) ;
#5294 = CARTESIAN_POINT ( 'NONE',  ( 5.999999999999968900, -2.999999999999986200, -4.250000000000056000 ) ) ;
#5295 = AXIS2_PLACEMENT_3D ( 'NONE', #5294, #5293, #5292 ) ;
#5296 = PLANE ( 'NONE',  #5295 ) ;
#5297 =( GEOMETRIC_REPRESENTATION_CONTEXT ( 3 ) GLOBAL_UNCERTAINTY_ASSIGNED_CONTEXT ( ( #5298 ) ) GLOBAL_UNIT_ASSIGNED_CONTEXT ( ( #5248, #5247, #5299 ) ) REPRESENTATION_CONTEXT ( 'NONE', 'WORKASPACE' ) );
#5298 = UNCERTAINTY_MEASURE_WITH_UNIT (LENGTH_MEASURE( 1.000000000000000100E-005 ), #5248, 'distance_accuracy_value', 'NONE');
#5299 =( NAMED_UNIT ( * ) SI_UNIT ( $, .STERADIAN. ) SOLID_ANGLE_UNIT ( ) );
#5300 = UNCERTAINTY_MEASURE_WITH_UNIT (LENGTH_MEASURE( 1.000000000000000100E-005 ), #5304, 'distance_accuracy_value', 'NONE');
#5301 =( NAMED_UNIT ( * ) SI_UNIT ( $, .STERADIAN. ) SOLID_ANGLE_UNIT ( ) );
#5302 = ORIENTED_EDGE ( 'NONE', *, *, #5243, .T. ) ;
#5303 =( NAMED_UNIT ( * ) PLANE_ANGLE_UNIT ( ) SI_UNIT ( $, .RADIAN. ) );
#5304 =( LENGTH_UNIT ( ) NAMED_UNIT ( * ) SI_UNIT ( .MILLI., .METRE. ) );
#5305 = MECHANICAL_DESIGN_GEOMETRIC_PRESENTATION_REPRESENTATION (  '', ( #5307 ), #5352 ) ;
#5306 = PRESENTATION_LAYER_ASSIGNMENT (  '', '', ( #5307 ) ) ;
#5307 = STYLED_ITEM ( 'NONE', ( #5308 ), #9346 ) ;
#5308 = PRESENTATION_STYLE_ASSIGNMENT (( #5309 ) ) ;
#5309 = SURFACE_STYLE_USAGE ( .BOTH. , #5310 ) ;
#5310 = SURFACE_SIDE_STYLE ('',( #5311 ) ) ;
#5311 = SURFACE_STYLE_FILL_AREA ( #5312 ) ;
#5312 = FILL_AREA_STYLE ('',( #5319 ) ) ;
#5313 = COLOUR_RGB ( '',0.7529411764705882200, 0.7529411764705882200, 0.7529411764705882200 ) ;
#5314 = FACE_OUTER_BOUND ( 'NONE', #9347, .T. ) ;
#5315 = DIRECTION ( 'NONE',  ( -1.000000000000000000, 0.0000000000000000000, 6.982966722218764100E-015 ) ) ;
#5316 = VECTOR ( 'NONE', #5315, 1000.000000000000000 ) ;
#5317 = CARTESIAN_POINT ( 'NONE',  ( 5.749999999999967100, 3.750000000000016400, -4.500000000000031100 ) ) ;
#5318 = LINE ( 'NONE', #5317, #5316 ) ;
#5319 = FILL_AREA_STYLE_COLOUR ( '', #5313 ) ;
#5320 = DIRECTION ( 'NONE',  ( -1.000000000000000000, 0.0000000000000000000, 6.982966722218764100E-015 ) ) ;
#5321 = DIRECTION ( 'NONE',  ( 2.438091212180733500E-029, 1.000000000000000000, 3.491483361109382100E-015 ) ) ;
#5322 = CARTESIAN_POINT ( 'NONE',  ( 5.749999999999963600, 3.750000000000018200, -4.957106781186579900 ) ) ;
#5323 = AXIS2_PLACEMENT_3D ( 'NONE', #5322, #5321, #5320 ) ;
#5324 = PLANE ( 'NONE',  #5323 ) ;
#5325 =( GEOMETRIC_REPRESENTATION_CONTEXT ( 3 ) GLOBAL_UNCERTAINTY_ASSIGNED_CONTEXT ( ( #5273 ) ) GLOBAL_UNIT_ASSIGNED_CONTEXT ( ( #5276, #5275, #5274 ) ) REPRESENTATION_CONTEXT ( 'NONE', 'WORKASPACE' ) );
#5326 = PLANE ( 'NONE',  #5391 ) ;
#5327 =( GEOMETRIC_REPRESENTATION_CONTEXT ( 3 ) GLOBAL_UNCERTAINTY_ASSIGNED_CONTEXT ( ( #5328 ) ) GLOBAL_UNIT_ASSIGNED_CONTEXT ( ( #5331, #5330, #5329 ) ) REPRESENTATION_CONTEXT ( 'NONE', 'WORKASPACE' ) );
#5328 = UNCERTAINTY_MEASURE_WITH_UNIT (LENGTH_MEASURE( 1.000000000000000100E-005 ), #5331, 'distance_accuracy_value', 'NONE');
#5329 =( NAMED_UNIT ( * ) SI_UNIT ( $, .STERADIAN. ) SOLID_ANGLE_UNIT ( ) );
#5330 =( NAMED_UNIT ( * ) PLANE_ANGLE_UNIT ( ) SI_UNIT ( $, .RADIAN. ) );
#5331 =( LENGTH_UNIT ( ) NAMED_UNIT ( * ) SI_UNIT ( .MILLI., .METRE. ) );
#5332 = MECHANICAL_DESIGN_GEOMETRIC_PRESENTATION_REPRESENTATION (  '', ( #5334 ), #5327 ) ;
#5333 = PRESENTATION_LAYER_ASSIGNMENT (  '', '', ( #5334 ) ) ;
#5334 = STYLED_ITEM ( 'NONE', ( #5335 ), #9350 ) ;
#5335 = PRESENTATION_STYLE_ASSIGNMENT (( #5336 ) ) ;
#5336 = SURFACE_STYLE_USAGE ( .BOTH. , #5337 ) ;
#5337 = SURFACE_SIDE_STYLE ('',( #5338 ) ) ;
#5338 = SURFACE_STYLE_FILL_AREA ( #5339 ) ;
#5339 = FILL_AREA_STYLE ('',( #5346 ) ) ;
#5340 = COLOUR_RGB ( '',0.7529411764705882200, 0.7529411764705882200, 0.7529411764705882200 ) ;
#5341 = FACE_OUTER_BOUND ( 'NONE', #9298, .T. ) ;
#5342 = DIRECTION ( 'NONE',  ( 1.000000000000000000, 0.0000000000000000000, -6.982966722218764100E-015 ) ) ;
#5343 = VECTOR ( 'NONE', #5342, 1000.000000000000000 ) ;
#5344 = CARTESIAN_POINT ( 'NONE',  ( 5.749999999999967100, -2.999999999999984500, -4.500000000000054200 ) ) ;
#5345 = LINE ( 'NONE', #5344, #5343 ) ;
#5346 = FILL_AREA_STYLE_COLOUR ( '', #5340 ) ;
#5347 = DIRECTION ( 'NONE',  ( 2.438091212180733500E-029, 1.000000000000000000, 3.491483361109382100E-015 ) ) ;
#5348 = DIRECTION ( 'NONE',  ( 6.982966722218764100E-015, -3.491483361109382100E-015, 1.000000000000000000 ) ) ;
#5349 = CARTESIAN_POINT ( 'NONE',  ( 5.749999999999967100, 3.750000000000016400, -4.500000000000031100 ) ) ;
#5350 = AXIS2_PLACEMENT_3D ( 'NONE', #5349, #5348, #5347 ) ;
#5351 = PLANE ( 'NONE',  #5350 ) ;
#5352 =( GEOMETRIC_REPRESENTATION_CONTEXT ( 3 ) GLOBAL_UNCERTAINTY_ASSIGNED_CONTEXT ( ( #5300 ) ) GLOBAL_UNIT_ASSIGNED_CONTEXT ( ( #5304, #5303, #5301 ) ) REPRESENTATION_CONTEXT ( 'NONE', 'WORKASPACE' ) );
#5353 = PRESENTATION_LAYER_ASSIGNMENT (  '', '', ( #5354 ) ) ;
#5354 = STYLED_ITEM ( 'NONE', ( #5355 ), #9368 ) ;
#5355 = PRESENTATION_STYLE_ASSIGNMENT (( #5356 ) ) ;
#5356 = SURFACE_STYLE_USAGE ( .BOTH. , #5357 ) ;
#5357 = SURFACE_SIDE_STYLE ('',( #5358 ) ) ;
#5358 = SURFACE_STYLE_FILL_AREA ( #5359 ) ;
#5359 = FILL_AREA_STYLE ('',( #5366 ) ) ;
#5360 = COLOUR_RGB ( '',0.7529411764705882200, 0.7529411764705882200, 0.7529411764705882200 ) ;
#5361 = FACE_OUTER_BOUND ( 'NONE', #9369, .T. ) ;
#5362 = DIRECTION ( 'NONE',  ( 6.982966722218764100E-015, -3.491483361109382100E-015, 1.000000000000000000 ) ) ;
#5363 = VECTOR ( 'NONE', #5362, 1000.000000000000000 ) ;
#5364 = CARTESIAN_POINT ( 'NONE',  ( 5.749999999999963600, 3.250000000000017800, -4.957106781186581700 ) ) ;
#5365 = LINE ( 'NONE', #5364, #5363 ) ;
#5366 = FILL_AREA_STYLE_COLOUR ( '', #5360 ) ;
#5367 = CARTESIAN_POINT ( 'NONE',  ( 5.749999999999970700, 3.250000000000014200, -4.000000000000032000 ) ) ;
#5368 = DIRECTION ( 'NONE',  ( -2.438091212180733800E-029, -1.000000000000000000, -3.491483361109382500E-015 ) ) ;
#5369 = VECTOR ( 'NONE', #5368, 1000.000000000000000 ) ;
#5370 = CARTESIAN_POINT ( 'NONE',  ( 5.749999999999970700, 3.250000000000014200, -4.000000000000032000 ) ) ;
#5371 = LINE ( 'NONE', #5370, #5369 ) ;
#5372 = CARTESIAN_POINT ( 'NONE',  ( 5.749999999999970700, -2.999999999999986200, -4.000000000000054200 ) ) ;
#5373 = CARTESIAN_POINT ( 'NONE',  ( 6.249999999999965400, 3.750000000000016400, -4.500000000000034600 ) ) ;
#5374 = DIRECTION ( 'NONE',  ( -2.438091212180733800E-029, -1.000000000000000000, -3.491483361109382500E-015 ) ) ;
#5375 = VECTOR ( 'NONE', #5374, 1000.000000000000000 ) ;
#5376 = CARTESIAN_POINT ( 'NONE',  ( 6.249999999999965400, 3.750000000000016400, -4.500000000000034600 ) ) ;
#5377 = LINE ( 'NONE', #5376, #5375 ) ;
#5378 = CARTESIAN_POINT ( 'NONE',  ( 6.249999999999965400, -2.999999999999984500, -4.500000000000057700 ) ) ;
#5379 = DIRECTION ( 'NONE',  ( 1.045241367417237500E-014, -3.491483361109382100E-015, 1.000000000000000000 ) ) ;
#5380 = VECTOR ( 'NONE', #5379, 1000.000000000000000 ) ;
#5381 = CARTESIAN_POINT ( 'NONE',  ( 6.249999999999962700, -2.999999999999984500, -4.728553390593331700 ) ) ;
#5382 = LINE ( 'NONE', #5381, #5380 ) ;
#5383 = CARTESIAN_POINT ( 'NONE',  ( 6.249999999999970700, -2.999999999999984500, -4.000000000000057700 ) ) ;
#5384 = DIRECTION ( 'NONE',  ( -2.438091212180733800E-029, -1.000000000000000000, -3.491483361109382500E-015 ) ) ;
#5385 = VECTOR ( 'NONE', #5384, 1000.000000000000000 ) ;
#5386 = CARTESIAN_POINT ( 'NONE',  ( 6.249999999999970700, 3.250000000000014200, -4.000000000000035500 ) ) ;
#5387 = LINE ( 'NONE', #5386, #5385 ) ;
#5388 = DIRECTION ( 'NONE',  ( -3.469446951953586600E-015, 1.000000000000000000, 3.491483361109406100E-015 ) ) ;
#5389 = DIRECTION ( 'NONE',  ( 1.000000000000000000, 3.469446951953611000E-015, -6.982966722218752300E-015 ) ) ;
#5390 = CARTESIAN_POINT ( 'NONE',  ( 6.249999999999961800, 3.750000000000018200, -4.957106781186583400 ) ) ;
#5391 = AXIS2_PLACEMENT_3D ( 'NONE', #5390, #5389, #5388 ) ;
#5392 = CARTESIAN_POINT ( 'NONE',  ( 4.250000000000015100, 3.749999999999991100, 2.649999999999979500 ) ) ;
#5393 = DIRECTION ( 'NONE',  ( -3.469446951953586600E-015, 1.000000000000000000, 3.491483361109406100E-015 ) ) ;
#5394 = VECTOR ( 'NONE', #5393, 1000.000000000000000 ) ;
#5395 = CARTESIAN_POINT ( 'NONE',  ( 4.250000000000015100, 3.749999999999991100, 2.649999999999979500 ) ) ;
#5396 = LINE ( 'NONE', #5395, #5394 ) ;
#5397 = DIRECTION ( 'NONE',  ( 6.982966722218764100E-015, -3.491483361109382100E-015, 1.000000000000000000 ) ) ;
#5398 = VECTOR ( 'NONE', #5397, 1000.000000000000000 ) ;
#5399 = CARTESIAN_POINT ( 'NONE',  ( 3.749999999999963600, 3.250000000000017800, -4.957106781186567400 ) ) ;
#5400 = LINE ( 'NONE', #5399, #5398 ) ;
#5401 = DIRECTION ( 'NONE',  ( 1.000000000000000000, 0.0000000000000000000, -6.982966722218764100E-015 ) ) ;
#5402 = DIRECTION ( 'NONE',  ( -2.438091212180733500E-029, -1.000000000000000000, -3.491483361109382100E-015 ) ) ;
#5403 = CARTESIAN_POINT ( 'NONE',  ( 5.749999999999963600, 3.250000000000017800, -4.957106781186581700 ) ) ;
#5404 = AXIS2_PLACEMENT_3D ( 'NONE', #5403, #5402, #5401 ) ;
#5405 = PLANE ( 'NONE',  #5404 ) ;
#5406 =( GEOMETRIC_REPRESENTATION_CONTEXT ( 3 ) GLOBAL_UNCERTAINTY_ASSIGNED_CONTEXT ( ( #5407 ) ) GLOBAL_UNIT_ASSIGNED_CONTEXT ( ( #5410, #5409, #5408 ) ) REPRESENTATION_CONTEXT ( 'NONE', 'WORKASPACE' ) );
#5407 = UNCERTAINTY_MEASURE_WITH_UNIT (LENGTH_MEASURE( 1.000000000000000100E-005 ), #5410, 'distance_accuracy_value', 'NONE');
#5408 =( NAMED_UNIT ( * ) SI_UNIT ( $, .STERADIAN. ) SOLID_ANGLE_UNIT ( ) );
#5409 =( NAMED_UNIT ( * ) PLANE_ANGLE_UNIT ( ) SI_UNIT ( $, .RADIAN. ) );
#5410 =( LENGTH_UNIT ( ) NAMED_UNIT ( * ) SI_UNIT ( .MILLI., .METRE. ) );
#5411 = MECHANICAL_DESIGN_GEOMETRIC_PRESENTATION_REPRESENTATION (  '', ( #5354 ), #5406 ) ;
#5412 = DIRECTION ( 'NONE',  ( 6.982966722218764100E-015, -3.491483361109382100E-015, 1.000000000000000000 ) ) ;
#5413 = VECTOR ( 'NONE', #5412, 1000.000000000000000 ) ;
#5414 = CARTESIAN_POINT ( 'NONE',  ( 4.249999999999961800, 3.750000000000018200, -4.957106781186569200 ) ) ;
#5415 = LINE ( 'NONE', #5414, #5413 ) ;
#5416 = DIRECTION ( 'NONE',  ( -1.000000000000000000, 0.0000000000000000000, 6.982966722218764100E-015 ) ) ;
#5417 = DIRECTION ( 'NONE',  ( 2.438091212180733500E-029, 1.000000000000000000, 3.491483361109382100E-015 ) ) ;
#5418 = CARTESIAN_POINT ( 'NONE',  ( 3.749999999999963600, 3.750000000000018200, -4.957106781186566600 ) ) ;
#5419 = AXIS2_PLACEMENT_3D ( 'NONE', #5418, #5417, #5416 ) ;
#5420 = PLANE ( 'NONE',  #5419 ) ;
#5421 =( GEOMETRIC_REPRESENTATION_CONTEXT ( 3 ) GLOBAL_UNCERTAINTY_ASSIGNED_CONTEXT ( ( #5422 ) ) GLOBAL_UNIT_ASSIGNED_CONTEXT ( ( #5426, #5425, #5423 ) ) REPRESENTATION_CONTEXT ( 'NONE', 'WORKASPACE' ) );
#5422 = UNCERTAINTY_MEASURE_WITH_UNIT (LENGTH_MEASURE( 1.000000000000000100E-005 ), #5426, 'distance_accuracy_value', 'NONE');
#5423 =( NAMED_UNIT ( * ) SI_UNIT ( $, .STERADIAN. ) SOLID_ANGLE_UNIT ( ) );
#5424 = ADVANCED_FACE ( 'NONE', ( #10332 ), #10331, .F. ) ;
#5425 =( NAMED_UNIT ( * ) PLANE_ANGLE_UNIT ( ) SI_UNIT ( $, .RADIAN. ) );
#5426 =( LENGTH_UNIT ( ) NAMED_UNIT ( * ) SI_UNIT ( .MILLI., .METRE. ) );
#5427 = MECHANICAL_DESIGN_GEOMETRIC_PRESENTATION_REPRESENTATION (  '', ( #5429 ), #5421 ) ;
#5428 = PRESENTATION_LAYER_ASSIGNMENT (  '', '', ( #5429 ) ) ;
#5429 = STYLED_ITEM ( 'NONE', ( #5430 ), #9380 ) ;
#5430 = PRESENTATION_STYLE_ASSIGNMENT (( #5431 ) ) ;
#5431 = SURFACE_STYLE_USAGE ( .BOTH. , #5432 ) ;
#5432 = SURFACE_SIDE_STYLE ('',( #5433 ) ) ;
#5433 = SURFACE_STYLE_FILL_AREA ( #5434 ) ;
#5434 = FILL_AREA_STYLE ('',( #5435 ) ) ;
#5435 = FILL_AREA_STYLE_COLOUR ( '', #5436 ) ;
#5436 = COLOUR_RGB ( '',0.7529411764705882200, 0.7529411764705882200, 0.7529411764705882200 ) ;
#5437 = FACE_OUTER_BOUND ( 'NONE', #9381, .T. ) ;
#5438 = DIRECTION ( 'NONE',  ( -1.000000000000000000, 0.0000000000000000000, 6.982966722218764100E-015 ) ) ;
#5439 = VECTOR ( 'NONE', #5438, 1000.000000000000000 ) ;
#5440 = CARTESIAN_POINT ( 'NONE',  ( 3.750000000000016900, 3.749999999999991100, 2.649999999999983000 ) ) ;
#5441 = LINE ( 'NONE', #5440, #5439 ) ;
#5442 = PRESENTATION_LAYER_ASSIGNMENT (  '', '', ( #5443 ) ) ;
#5443 = STYLED_ITEM ( 'NONE', ( #5444 ), #9395 ) ;
#5444 = PRESENTATION_STYLE_ASSIGNMENT (( #5445 ) ) ;
#5445 = SURFACE_STYLE_USAGE ( .BOTH. , #5446 ) ;
#5446 = SURFACE_SIDE_STYLE ('',( #5447 ) ) ;
#5447 = SURFACE_STYLE_FILL_AREA ( #5448 ) ;
#5448 = FILL_AREA_STYLE ('',( #5455 ) ) ;
#5449 = COLOUR_RGB ( '',0.7529411764705882200, 0.7529411764705882200, 0.7529411764705882200 ) ;
#5450 = FACE_OUTER_BOUND ( 'NONE', #9396, .T. ) ;
#5451 = DIRECTION ( 'NONE',  ( -3.469446951953586600E-015, 1.000000000000000000, 3.491483361109406100E-015 ) ) ;
#5452 = DIRECTION ( 'NONE',  ( 1.000000000000000000, 3.469446951953611000E-015, -6.982966722218752300E-015 ) ) ;
#5453 = CARTESIAN_POINT ( 'NONE',  ( 4.249999999999961800, 3.750000000000018200, -4.957106781186569200 ) ) ;
#5454 = AXIS2_PLACEMENT_3D ( 'NONE', #5453, #5452, #5451 ) ;
#5455 = FILL_AREA_STYLE_COLOUR ( '', #5449 ) ;
#5456 = PLANE ( 'NONE',  #5454 ) ;
#5457 =( GEOMETRIC_REPRESENTATION_CONTEXT ( 3 ) GLOBAL_UNCERTAINTY_ASSIGNED_CONTEXT ( ( #5459 ) ) GLOBAL_UNIT_ASSIGNED_CONTEXT ( ( #5462, #5461, #5460 ) ) REPRESENTATION_CONTEXT ( 'NONE', 'WORKASPACE' ) );
#5458 = EDGE_CURVE ( 'NONE', #5558, #69, #10393, .T. ) ;
#5459 = UNCERTAINTY_MEASURE_WITH_UNIT (LENGTH_MEASURE( 1.000000000000000100E-005 ), #5462, 'distance_accuracy_value', 'NONE');
#5460 =( NAMED_UNIT ( * ) SI_UNIT ( $, .STERADIAN. ) SOLID_ANGLE_UNIT ( ) );
#5461 =( NAMED_UNIT ( * ) PLANE_ANGLE_UNIT ( ) SI_UNIT ( $, .RADIAN. ) );
#5462 =( LENGTH_UNIT ( ) NAMED_UNIT ( * ) SI_UNIT ( .MILLI., .METRE. ) );
#5463 = MECHANICAL_DESIGN_GEOMETRIC_PRESENTATION_REPRESENTATION (  '', ( #5465 ), #5457 ) ;
#5464 = PRESENTATION_LAYER_ASSIGNMENT (  '', '', ( #5465 ) ) ;
#5465 = STYLED_ITEM ( 'NONE', ( #5466 ), #9388 ) ;
#5466 = PRESENTATION_STYLE_ASSIGNMENT (( #5467 ) ) ;
#5467 = SURFACE_STYLE_USAGE ( .BOTH. , #5468 ) ;
#5468 = SURFACE_SIDE_STYLE ('',( #5469 ) ) ;
#5469 = SURFACE_STYLE_FILL_AREA ( #5470 ) ;
#5470 = FILL_AREA_STYLE ('',( #5477 ) ) ;
#5471 = COLOUR_RGB ( '',0.7529411764705882200, 0.7529411764705882200, 0.7529411764705882200 ) ;
#5472 = FACE_OUTER_BOUND ( 'NONE', #9389, .T. ) ;
#5473 = DIRECTION ( 'NONE',  ( 6.982966722218764100E-015, -3.491483361109382100E-015, 1.000000000000000000 ) ) ;
#5474 = VECTOR ( 'NONE', #5473, 1000.000000000000000 ) ;
#5475 = CARTESIAN_POINT ( 'NONE',  ( 3.749999999999963600, 3.750000000000018200, -4.957106781186566600 ) ) ;
#5476 = LINE ( 'NONE', #5475, #5474 ) ;
#5477 = FILL_AREA_STYLE_COLOUR ( '', #5471 ) ;
#5478 = ORIENTED_EDGE ( 'NONE', *, *, #5606, .F. ) ;
#5479 = FILL_AREA_STYLE_COLOUR ( '', #5480 ) ;
#5480 = COLOUR_RGB ( '',0.7529411764705882200, 0.7529411764705882200, 0.7529411764705882200 ) ;
#5481 = FACE_OUTER_BOUND ( 'NONE', #9408, .T. ) ;
#5482 = CARTESIAN_POINT ( 'NONE',  ( 4.250000000000016900, 3.249999999999990700, 2.649999999999977700 ) ) ;
#5483 = DIRECTION ( 'NONE',  ( 1.000000000000000000, 0.0000000000000000000, -6.982966722218764100E-015 ) ) ;
#5484 = VECTOR ( 'NONE', #5483, 1000.000000000000000 ) ;
#5485 = CARTESIAN_POINT ( 'NONE',  ( 3.750000000000016900, 3.249999999999990700, 2.649999999999981300 ) ) ;
#5486 = LINE ( 'NONE', #5485, #5484 ) ;
#5487 = CARTESIAN_POINT ( 'NONE',  ( 3.750000000000016900, 3.249999999999990700, 2.649999999999981300 ) ) ;
#5488 = CARTESIAN_POINT ( 'NONE',  ( 3.750000000000016900, 3.749999999999991100, 2.649999999999983000 ) ) ;
#5489 = DIRECTION ( 'NONE',  ( -2.438091212180733500E-029, -1.000000000000000000, -3.491483361109382100E-015 ) ) ;
#5490 = VECTOR ( 'NONE', #5489, 1000.000000000000000 ) ;
#5491 = CARTESIAN_POINT ( 'NONE',  ( 3.750000000000016900, 3.749999999999991100, 2.649999999999983000 ) ) ;
#5492 = LINE ( 'NONE', #5491, #5490 ) ;
#5493 = DIRECTION ( 'NONE',  ( 2.438091212180733500E-029, 1.000000000000000000, 3.491483361109382100E-015 ) ) ;
#5494 = DIRECTION ( 'NONE',  ( 6.982966722218764100E-015, -3.491483361109382100E-015, 1.000000000000000000 ) ) ;
#5495 = CARTESIAN_POINT ( 'NONE',  ( 3.750000000000016900, 3.249999999999990700, 2.649999999999981300 ) ) ;
#5496 = AXIS2_PLACEMENT_3D ( 'NONE', #5495, #5494, #5493 ) ;
#5497 = PLANE ( 'NONE',  #5496 ) ;
#5498 = ORIENTED_EDGE ( 'NONE', *, *, #5458, .F. ) ;
#5499 =( GEOMETRIC_REPRESENTATION_CONTEXT ( 3 ) GLOBAL_UNCERTAINTY_ASSIGNED_CONTEXT ( ( #5500 ) ) GLOBAL_UNIT_ASSIGNED_CONTEXT ( ( #5503, #5502, #5501 ) ) REPRESENTATION_CONTEXT ( 'NONE', 'WORKASPACE' ) );
#5500 = UNCERTAINTY_MEASURE_WITH_UNIT (LENGTH_MEASURE( 1.000000000000000100E-005 ), #5503, 'distance_accuracy_value', 'NONE');
#5501 =( NAMED_UNIT ( * ) SI_UNIT ( $, .STERADIAN. ) SOLID_ANGLE_UNIT ( ) );
#5502 =( NAMED_UNIT ( * ) PLANE_ANGLE_UNIT ( ) SI_UNIT ( $, .RADIAN. ) );
#5503 =( LENGTH_UNIT ( ) NAMED_UNIT ( * ) SI_UNIT ( .MILLI., .METRE. ) );
#5504 = MECHANICAL_DESIGN_GEOMETRIC_PRESENTATION_REPRESENTATION (  '', ( #5443 ), #5499 ) ;
#5505 =( LENGTH_UNIT ( ) NAMED_UNIT ( * ) SI_UNIT ( .MILLI., .METRE. ) );
#5506 = MECHANICAL_DESIGN_GEOMETRIC_PRESENTATION_REPRESENTATION (  '', ( #5508 ), #5557 ) ;
#5507 = PRESENTATION_LAYER_ASSIGNMENT (  '', '', ( #5508 ) ) ;
#5508 = STYLED_ITEM ( 'NONE', ( #5509 ), #9410 ) ;
#5509 = PRESENTATION_STYLE_ASSIGNMENT (( #5510 ) ) ;
#5510 = SURFACE_STYLE_USAGE ( .BOTH. , #5511 ) ;
#5511 = SURFACE_SIDE_STYLE ('',( #5512 ) ) ;
#5512 = SURFACE_STYLE_FILL_AREA ( #5513 ) ;
#5513 = FILL_AREA_STYLE ('',( #5520 ) ) ;
#5514 = COLOUR_RGB ( '',0.7529411764705882200, 0.7529411764705882200, 0.7529411764705882200 ) ;
#5515 = FACE_OUTER_BOUND ( 'NONE', #9411, .T. ) ;
#5516 = DIRECTION ( 'NONE',  ( -2.438091212180733500E-029, -1.000000000000000000, -3.491483361109382100E-015 ) ) ;
#5517 = DIRECTION ( 'NONE',  ( -6.982966722218764100E-015, 3.491483361109382100E-015, -1.000000000000000000 ) ) ;
#5518 = CARTESIAN_POINT ( 'NONE',  ( 5.749999999999970700, 3.250000000000014200, -4.000000000000032000 ) ) ;
#5519 = AXIS2_PLACEMENT_3D ( 'NONE', #5518, #5517, #5516 ) ;
#5520 = FILL_AREA_STYLE_COLOUR ( '', #5514 ) ;
#5521 = PLANE ( 'NONE',  #5519 ) ;
#5522 =( GEOMETRIC_REPRESENTATION_CONTEXT ( 3 ) GLOBAL_UNCERTAINTY_ASSIGNED_CONTEXT ( ( #5523 ) ) GLOBAL_UNIT_ASSIGNED_CONTEXT ( ( #5526, #5525, #5524 ) ) REPRESENTATION_CONTEXT ( 'NONE', 'WORKASPACE' ) );
#5523 = UNCERTAINTY_MEASURE_WITH_UNIT (LENGTH_MEASURE( 1.000000000000000100E-005 ), #5526, 'distance_accuracy_value', 'NONE');
#5524 =( NAMED_UNIT ( * ) SI_UNIT ( $, .STERADIAN. ) SOLID_ANGLE_UNIT ( ) );
#5525 =( NAMED_UNIT ( * ) PLANE_ANGLE_UNIT ( ) SI_UNIT ( $, .RADIAN. ) );
#5526 =( LENGTH_UNIT ( ) NAMED_UNIT ( * ) SI_UNIT ( .MILLI., .METRE. ) );
#5527 = VERTEX_POINT ( 'NONE', #10389 ) ;
#5528 = MECHANICAL_DESIGN_GEOMETRIC_PRESENTATION_REPRESENTATION (  '', ( #5530 ), #5522 ) ;
#5529 = PRESENTATION_LAYER_ASSIGNMENT (  '', '', ( #5530 ) ) ;
#5530 = STYLED_ITEM ( 'NONE', ( #5531 ), #9407 ) ;
#5531 = PRESENTATION_STYLE_ASSIGNMENT (( #5532 ) ) ;
#5532 = SURFACE_STYLE_USAGE ( .BOTH. , #5533 ) ;
#5533 = SURFACE_SIDE_STYLE ('',( #5534 ) ) ;
#5534 = SURFACE_STYLE_FILL_AREA ( #5535 ) ;
#5535 = FILL_AREA_STYLE ('',( #5479 ) ) ;
#5536 = CARTESIAN_POINT ( 'NONE',  ( 3.749999999999966700, -2.999999999999984500, -4.500000000000040900 ) ) ;
#5537 = LINE ( 'NONE', #5594, #5593 ) ;
#5538 = DIRECTION ( 'NONE',  ( -2.438091212180733800E-029, -1.000000000000000000, -3.491483361109382500E-015 ) ) ;
#5539 = VECTOR ( 'NONE', #5538, 1000.000000000000000 ) ;
#5540 = CARTESIAN_POINT ( 'NONE',  ( 3.749999999999966700, 3.750000000000016400, -4.500000000000016900 ) ) ;
#5541 = LINE ( 'NONE', #5540, #5539 ) ;
#5542 = DIRECTION ( 'NONE',  ( 2.438091212180733500E-029, 1.000000000000000000, 3.491483361109382100E-015 ) ) ;
#5543 = VECTOR ( 'NONE', #5542, 1000.000000000000000 ) ;
#5544 = CARTESIAN_POINT ( 'NONE',  ( 0.2499999999999862900, 5.000000000000005300, -1.749999999999986900 ) ) ;
#5545 = LINE ( 'NONE', #5544, #5543 ) ;
#5546 = CARTESIAN_POINT ( 'NONE',  ( 4.249999999999970700, -2.999999999999984500, -4.000000000000043500 ) ) ;
#5547 = EDGE_LOOP ( 'NONE', ( #5568, #5225, #5302, #6389 ) ) ;
#5548 = DIRECTION ( 'NONE',  ( -2.438091212180733800E-029, -1.000000000000000000, -3.491483361109382500E-015 ) ) ;
#5549 = VECTOR ( 'NONE', #5548, 1000.000000000000000 ) ;
#5550 = CARTESIAN_POINT ( 'NONE',  ( 4.249999999999970700, 3.250000000000014200, -4.000000000000022200 ) ) ;
#5551 = LINE ( 'NONE', #5550, #5549 ) ;
#5552 = DIRECTION ( 'NONE',  ( -3.469446951953586600E-015, 1.000000000000000000, 3.491483361109406100E-015 ) ) ;
#5553 = DIRECTION ( 'NONE',  ( 1.000000000000000000, 3.469446951953611000E-015, -6.982966722218752300E-015 ) ) ;
#5554 = CARTESIAN_POINT ( 'NONE',  ( 4.249999999999961800, 3.750000000000018200, -4.957106781186569200 ) ) ;
#5555 = AXIS2_PLACEMENT_3D ( 'NONE', #5554, #5553, #5552 ) ;
#5556 = PLANE ( 'NONE',  #5555 ) ;
#5557 =( GEOMETRIC_REPRESENTATION_CONTEXT ( 3 ) GLOBAL_UNCERTAINTY_ASSIGNED_CONTEXT ( ( #5559 ) ) GLOBAL_UNIT_ASSIGNED_CONTEXT ( ( #5505, #5561, #5560 ) ) REPRESENTATION_CONTEXT ( 'NONE', 'WORKASPACE' ) );
#5558 = VERTEX_POINT ( 'NONE', #10388 ) ;
#5559 = UNCERTAINTY_MEASURE_WITH_UNIT (LENGTH_MEASURE( 1.000000000000000100E-005 ), #5505, 'distance_accuracy_value', 'NONE');
#5560 =( NAMED_UNIT ( * ) SI_UNIT ( $, .STERADIAN. ) SOLID_ANGLE_UNIT ( ) );
#5561 =( NAMED_UNIT ( * ) PLANE_ANGLE_UNIT ( ) SI_UNIT ( $, .RADIAN. ) );
#5562 = ORIENTED_EDGE ( 'NONE', *, *, #5570, .F. ) ;
#5563 =( GEOMETRIC_REPRESENTATION_CONTEXT ( 3 ) GLOBAL_UNCERTAINTY_ASSIGNED_CONTEXT ( ( #5565 ) ) GLOBAL_UNIT_ASSIGNED_CONTEXT ( ( #5569, #5567, #5566 ) ) REPRESENTATION_CONTEXT ( 'NONE', 'WORKASPACE' ) );
#5564 = ORIENTED_EDGE ( 'NONE', *, *, #6598, .F. ) ;
#5565 = UNCERTAINTY_MEASURE_WITH_UNIT (LENGTH_MEASURE( 1.000000000000000100E-005 ), #5569, 'distance_accuracy_value', 'NONE');
#5566 =( NAMED_UNIT ( * ) SI_UNIT ( $, .STERADIAN. ) SOLID_ANGLE_UNIT ( ) );
#5568 = ORIENTED_EDGE ( 'NONE', *, *, #7258, .F. ) ;
#5567 =( NAMED_UNIT ( * ) PLANE_ANGLE_UNIT ( ) SI_UNIT ( $, .RADIAN. ) );
#5569 =( LENGTH_UNIT ( ) NAMED_UNIT ( * ) SI_UNIT ( .MILLI., .METRE. ) );
#5570 = EDGE_CURVE ( 'NONE', #5527, #5558, #10387, .T. ) ;
#5571 = MECHANICAL_DESIGN_GEOMETRIC_PRESENTATION_REPRESENTATION (  '', ( #5573 ), #5563 ) ;
#5572 = PRESENTATION_LAYER_ASSIGNMENT (  '', '', ( #5573 ) ) ;
#5573 = STYLED_ITEM ( 'NONE', ( #5574 ), #9429 ) ;
#5574 = PRESENTATION_STYLE_ASSIGNMENT (( #5575 ) ) ;
#5575 = SURFACE_STYLE_USAGE ( .BOTH. , #5576 ) ;
#5576 = SURFACE_SIDE_STYLE ('',( #5577 ) ) ;
#5577 = SURFACE_STYLE_FILL_AREA ( #5578 ) ;
#5578 = FILL_AREA_STYLE ('',( #5585 ) ) ;
#5579 = COLOUR_RGB ( '',0.7529411764705882200, 0.7529411764705882200, 0.7529411764705882200 ) ;
#5580 = FACE_OUTER_BOUND ( 'NONE', #9430, .T. ) ;
#5581 = DIRECTION ( 'NONE',  ( 6.982966722218764100E-015, -3.491483361109382100E-015, 1.000000000000000000 ) ) ;
#5582 = VECTOR ( 'NONE', #5581, 1000.000000000000000 ) ;
#5583 = CARTESIAN_POINT ( 'NONE',  ( 3.749999999999963600, 3.250000000000017800, -4.957106781186567400 ) ) ;
#5584 = LINE ( 'NONE', #5583, #5582 ) ;
#5585 = FILL_AREA_STYLE_COLOUR ( '', #5579 ) ;
#5586 = CARTESIAN_POINT ( 'NONE',  ( 3.749999999999970200, 3.250000000000014200, -4.000000000000018700 ) ) ;
#5587 = DIRECTION ( 'NONE',  ( -2.438091212180733800E-029, -1.000000000000000000, -3.491483361109382500E-015 ) ) ;
#5588 = VECTOR ( 'NONE', #5587, 1000.000000000000000 ) ;
#5589 = CARTESIAN_POINT ( 'NONE',  ( 3.749999999999970200, 3.250000000000014200, -4.000000000000018700 ) ) ;
#5590 = LINE ( 'NONE', #5589, #5588 ) ;
#5591 = CARTESIAN_POINT ( 'NONE',  ( 3.749999999999970200, -2.999999999999986200, -4.000000000000040000 ) ) ;
#5592 = DIRECTION ( 'NONE',  ( -6.982966722218764100E-015, 3.491483361109382100E-015, -1.000000000000000000 ) ) ;
#5593 = VECTOR ( 'NONE', #5592, 1000.000000000000000 ) ;
#5594 = CARTESIAN_POINT ( 'NONE',  ( 3.749999999999965400, -2.999999999999984500, -4.728553390593314800 ) ) ;
#5595 = SURFACE_STYLE_FILL_AREA ( #5596 ) ;
#5596 = FILL_AREA_STYLE ('',( #5603 ) ) ;
#5597 = COLOUR_RGB ( '',0.7529411764705882200, 0.7529411764705882200, 0.7529411764705882200 ) ;
#5598 = FACE_OUTER_BOUND ( 'NONE', #9441, .T. ) ;
#5599 = DIRECTION ( 'NONE',  ( -2.438091212180733500E-029, -1.000000000000000000, -3.491483361109382100E-015 ) ) ;
#5600 = DIRECTION ( 'NONE',  ( -1.000000000000000000, 0.0000000000000000000, 6.982966722218764100E-015 ) ) ;
#5601 = CARTESIAN_POINT ( 'NONE',  ( 3.749999999999963600, 3.750000000000018200, -4.957106781186566600 ) ) ;
#5602 = AXIS2_PLACEMENT_3D ( 'NONE', #5601, #5600, #5599 ) ;
#5603 = FILL_AREA_STYLE_COLOUR ( '', #5597 ) ;
#5604 = PLANE ( 'NONE',  #5602 ) ;
#5605 =( GEOMETRIC_REPRESENTATION_CONTEXT ( 3 ) GLOBAL_UNCERTAINTY_ASSIGNED_CONTEXT ( ( #5607 ) ) GLOBAL_UNIT_ASSIGNED_CONTEXT ( ( #5610, #5609, #5608 ) ) REPRESENTATION_CONTEXT ( 'NONE', 'WORKASPACE' ) );
#5606 = EDGE_CURVE ( 'NONE', #6593, #5527, #10383, .T. ) ;
#5607 = UNCERTAINTY_MEASURE_WITH_UNIT (LENGTH_MEASURE( 1.000000000000000100E-005 ), #5610, 'distance_accuracy_value', 'NONE');
#5608 =( NAMED_UNIT ( * ) SI_UNIT ( $, .STERADIAN. ) SOLID_ANGLE_UNIT ( ) );
#5609 =( NAMED_UNIT ( * ) PLANE_ANGLE_UNIT ( ) SI_UNIT ( $, .RADIAN. ) );
#5610 =( LENGTH_UNIT ( ) NAMED_UNIT ( * ) SI_UNIT ( .MILLI., .METRE. ) );
#5611 = MECHANICAL_DESIGN_GEOMETRIC_PRESENTATION_REPRESENTATION (  '', ( #5613 ), #5605 ) ;
#5612 = PRESENTATION_LAYER_ASSIGNMENT (  '', '', ( #5613 ) ) ;
#5613 = STYLED_ITEM ( 'NONE', ( #5614 ), #9434 ) ;
#5614 = PRESENTATION_STYLE_ASSIGNMENT (( #5615 ) ) ;
#5615 = SURFACE_STYLE_USAGE ( .BOTH. , #5616 ) ;
#5616 = SURFACE_SIDE_STYLE ('',( #5617 ) ) ;
#5617 = SURFACE_STYLE_FILL_AREA ( #5618 ) ;
#5618 = FILL_AREA_STYLE ('',( #5626 ) ) ;
#5619 = COLOUR_RGB ( '',0.7529411764705882200, 0.7529411764705882200, 0.7529411764705882200 ) ;
#5620 = FACE_OUTER_BOUND ( 'NONE', #9435, .T. ) ;
#5621 = DIRECTION ( 'NONE',  ( 1.000000000000000000, 0.0000000000000000000, -6.982966722218764100E-015 ) ) ;
#5622 = ORIENTED_EDGE ( 'NONE', *, *, #5647, .T. ) ;
#5623 = DIRECTION ( 'NONE',  ( -2.438091212180733500E-029, -1.000000000000000000, -3.491483361109382100E-015 ) ) ;
#5624 = CARTESIAN_POINT ( 'NONE',  ( 3.749999999999963600, 3.250000000000017800, -4.957106781186567400 ) ) ;
#5625 = AXIS2_PLACEMENT_3D ( 'NONE', #5624, #5623, #5621 ) ;
#5626 = FILL_AREA_STYLE_COLOUR ( '', #5619 ) ;
#5627 = PLANE ( 'NONE',  #5625 ) ;
#5628 = ORIENTED_EDGE ( 'NONE', *, *, #71, .F. ) ;
#5629 = DIRECTION ( 'NONE',  ( 6.982966722218764100E-015, -3.491483361109382100E-015, 1.000000000000000000 ) ) ;
#5630 = VECTOR ( 'NONE', #5629, 1000.000000000000000 ) ;
#5631 = CARTESIAN_POINT ( 'NONE',  ( 4.249999999999963600, 3.250000000000017800, -4.957106781186571000 ) ) ;
#5632 = LINE ( 'NONE', #5631, #5630 ) ;
#5633 = CARTESIAN_POINT ( 'NONE',  ( 3.749999999999966700, 3.750000000000016400, -4.500000000000016900 ) ) ;
#5634 = DIRECTION ( 'NONE',  ( 6.982966722218764100E-015, -3.491483361109382100E-015, 1.000000000000000000 ) ) ;
#5635 = VECTOR ( 'NONE', #5634, 1000.000000000000000 ) ;
#5636 = CARTESIAN_POINT ( 'NONE',  ( 3.749999999999963600, 3.750000000000018200, -4.957106781186566600 ) ) ;
#5637 = LINE ( 'NONE', #5636, #5635 ) ;
#5638 = DIRECTION ( 'NONE',  ( -2.438091212180733500E-029, -1.000000000000000000, -3.491483361109382100E-015 ) ) ;
#5639 = DIRECTION ( 'NONE',  ( -1.000000000000000000, 0.0000000000000000000, 6.982966722218764100E-015 ) ) ;
#5640 = CARTESIAN_POINT ( 'NONE',  ( 3.749999999999963600, 3.750000000000018200, -4.957106781186566600 ) ) ;
#5641 = AXIS2_PLACEMENT_3D ( 'NONE', #5640, #5639, #5638 ) ;
#5642 = PLANE ( 'NONE',  #5641 ) ;
#5643 =( GEOMETRIC_REPRESENTATION_CONTEXT ( 3 ) GLOBAL_UNCERTAINTY_ASSIGNED_CONTEXT ( ( #5644 ) ) GLOBAL_UNIT_ASSIGNED_CONTEXT ( ( #5648, #5646, #5645 ) ) REPRESENTATION_CONTEXT ( 'NONE', 'WORKASPACE' ) );
#5644 = UNCERTAINTY_MEASURE_WITH_UNIT (LENGTH_MEASURE( 1.000000000000000100E-005 ), #5648, 'distance_accuracy_value', 'NONE');
#5645 =( NAMED_UNIT ( * ) SI_UNIT ( $, .STERADIAN. ) SOLID_ANGLE_UNIT ( ) );
#5646 =( NAMED_UNIT ( * ) PLANE_ANGLE_UNIT ( ) SI_UNIT ( $, .RADIAN. ) );
#5647 = EDGE_CURVE ( 'NONE', #6610, #68, #10379, .T. ) ;
#5648 =( LENGTH_UNIT ( ) NAMED_UNIT ( * ) SI_UNIT ( .MILLI., .METRE. ) );
#5649 = MECHANICAL_DESIGN_GEOMETRIC_PRESENTATION_REPRESENTATION (  '', ( #5651 ), #5643 ) ;
#5650 = PRESENTATION_LAYER_ASSIGNMENT (  '', '', ( #5651 ) ) ;
#5651 = STYLED_ITEM ( 'NONE', ( #5652 ), #9440 ) ;
#5652 = PRESENTATION_STYLE_ASSIGNMENT (( #5653 ) ) ;
#5653 = SURFACE_STYLE_USAGE ( .BOTH. , #5654 ) ;
#5654 = SURFACE_SIDE_STYLE ('',( #5595 ) ) ;
#5655 = CARTESIAN_POINT ( 'NONE',  ( 6.249999999999986700, 1.750000000000007300, -1.750000000000040000 ) ) ;
#5656 = DIRECTION ( 'NONE',  ( -2.438091212180733500E-029, -1.000000000000000000, -3.491483361109382100E-015 ) ) ;
#5657 = VECTOR ( 'NONE', #5656, 1000.000000000000000 ) ;
#5658 = CARTESIAN_POINT ( 'NONE',  ( 3.749999999999987600, 5.000000000000005300, -1.750000000000011300 ) ) ;
#5659 = LINE ( 'NONE', #5658, #5657 ) ;
#5660 = CARTESIAN_POINT ( 'NONE',  ( 6.249999999999983100, 1.250000000000006900, -1.750000000000041700 ) ) ;
#5661 = CARTESIAN_POINT ( 'NONE',  ( 5.749999999999985800, 1.250000000000006900, -1.750000000000038200 ) ) ;
#5662 = DIRECTION ( 'NONE',  ( 1.000000000000000000, 0.0000000000000000000, -6.982966722218764100E-015 ) ) ;
#5663 = DIRECTION ( 'NONE',  ( -2.438091212180733500E-029, -1.000000000000000000, -3.491483361109382100E-015 ) ) ;
#5664 = CARTESIAN_POINT ( 'NONE',  ( 3.749999999999963600, 3.250000000000017800, -4.957106781186567400 ) ) ;
#5665 = AXIS2_PLACEMENT_3D ( 'NONE', #5664, #5663, #5662 ) ;
#5666 = PLANE ( 'NONE',  #5665 ) ;
#5667 =( GEOMETRIC_REPRESENTATION_CONTEXT ( 3 ) GLOBAL_UNCERTAINTY_ASSIGNED_CONTEXT ( ( #5668 ) ) GLOBAL_UNIT_ASSIGNED_CONTEXT ( ( #5671, #5670, #5669 ) ) REPRESENTATION_CONTEXT ( 'NONE', 'WORKASPACE' ) );
#5668 = UNCERTAINTY_MEASURE_WITH_UNIT (LENGTH_MEASURE( 1.000000000000000100E-005 ), #5671, 'distance_accuracy_value', 'NONE');
#5669 =( NAMED_UNIT ( * ) SI_UNIT ( $, .STERADIAN. ) SOLID_ANGLE_UNIT ( ) );
#5670 =( NAMED_UNIT ( * ) PLANE_ANGLE_UNIT ( ) SI_UNIT ( $, .RADIAN. ) );
#5671 =( LENGTH_UNIT ( ) NAMED_UNIT ( * ) SI_UNIT ( .MILLI., .METRE. ) );
#5672 = MECHANICAL_DESIGN_GEOMETRIC_PRESENTATION_REPRESENTATION (  '', ( #5674 ), #5667 ) ;
#5673 = PRESENTATION_LAYER_ASSIGNMENT (  '', '', ( #5674 ) ) ;
#5674 = STYLED_ITEM ( 'NONE', ( #5675 ), #9451 ) ;
#5675 = PRESENTATION_STYLE_ASSIGNMENT (( #5676 ) ) ;
#5676 = SURFACE_STYLE_USAGE ( .BOTH. , #5677 ) ;
#5677 = SURFACE_SIDE_STYLE ('',( #5678 ) ) ;
#5678 = SURFACE_STYLE_FILL_AREA ( #5679 ) ;
#5679 = FILL_AREA_STYLE ('',( #5680 ) ) ;
#5680 = FILL_AREA_STYLE_COLOUR ( '', #5681 ) ;
#5681 = COLOUR_RGB ( '',0.7529411764705882200, 0.7529411764705882200, 0.7529411764705882200 ) ;
#5682 = FACE_OUTER_BOUND ( 'NONE', #9370, .T. ) ;
#5683 = DIRECTION ( 'NONE',  ( 1.000000000000000000, 0.0000000000000000000, -6.982966722218764100E-015 ) ) ;
#5684 = VECTOR ( 'NONE', #5683, 1000.000000000000000 ) ;
#5685 = CARTESIAN_POINT ( 'NONE',  ( 3.749999999999966700, -2.999999999999984500, -4.500000000000040900 ) ) ;
#5686 = LINE ( 'NONE', #5685, #5684 ) ;
#5687 = FILL_AREA_STYLE_COLOUR ( '', #5742 ) ;
#5688 = DIRECTION ( 'NONE',  ( 2.438091212180733500E-029, 1.000000000000000000, 3.491483361109382100E-015 ) ) ;
#5689 = DIRECTION ( 'NONE',  ( 6.982966722218764100E-015, -3.491483361109382100E-015, 1.000000000000000000 ) ) ;
#5690 = CARTESIAN_POINT ( 'NONE',  ( 3.749999999999966700, 3.750000000000016400, -4.500000000000016900 ) ) ;
#5691 = AXIS2_PLACEMENT_3D ( 'NONE', #5690, #5689, #5688 ) ;
#5692 = PLANE ( 'NONE',  #5691 ) ;
#5693 =( GEOMETRIC_REPRESENTATION_CONTEXT ( 3 ) GLOBAL_UNCERTAINTY_ASSIGNED_CONTEXT ( ( #5695 ) ) GLOBAL_UNIT_ASSIGNED_CONTEXT ( ( #5698, #5697, #5696 ) ) REPRESENTATION_CONTEXT ( 'NONE', 'WORKASPACE' ) );
#5694 = ORIENTED_EDGE ( 'NONE', *, *, #6409, .F. ) ;
#5695 = UNCERTAINTY_MEASURE_WITH_UNIT (LENGTH_MEASURE( 1.000000000000000100E-005 ), #5698, 'distance_accuracy_value', 'NONE');
#5696 =( NAMED_UNIT ( * ) SI_UNIT ( $, .STERADIAN. ) SOLID_ANGLE_UNIT ( ) );
#5697 =( NAMED_UNIT ( * ) PLANE_ANGLE_UNIT ( ) SI_UNIT ( $, .RADIAN. ) );
#5698 =( LENGTH_UNIT ( ) NAMED_UNIT ( * ) SI_UNIT ( .MILLI., .METRE. ) );
#5699 = MECHANICAL_DESIGN_GEOMETRIC_PRESENTATION_REPRESENTATION (  '', ( #5701 ), #5693 ) ;
#5700 = PRESENTATION_LAYER_ASSIGNMENT (  '', '', ( #5701 ) ) ;
#5701 = STYLED_ITEM ( 'NONE', ( #5702 ), #9461 ) ;
#5702 = PRESENTATION_STYLE_ASSIGNMENT (( #5703 ) ) ;
#5703 = SURFACE_STYLE_USAGE ( .BOTH. , #5704 ) ;
#5704 = SURFACE_SIDE_STYLE ('',( #5705 ) ) ;
#5705 = SURFACE_STYLE_FILL_AREA ( #5706 ) ;
#5706 = FILL_AREA_STYLE ('',( #5713 ) ) ;
#5707 = COLOUR_RGB ( '',0.7529411764705882200, 0.7529411764705882200, 0.7529411764705882200 ) ;
#5708 = FACE_OUTER_BOUND ( 'NONE', #9462, .T. ) ;
#5709 = DIRECTION ( 'NONE',  ( 1.000000000000000000, 0.0000000000000000000, -6.982966722218764100E-015 ) ) ;
#5710 = VECTOR ( 'NONE', #5709, 1000.000000000000000 ) ;
#5711 = CARTESIAN_POINT ( 'NONE',  ( -11.95000000000001200, 1.250000000000006900, -1.749999999999914500 ) ) ;
#5712 = LINE ( 'NONE', #5711, #5710 ) ;
#5713 = FILL_AREA_STYLE_COLOUR ( '', #5707 ) ;
#5714 = DIRECTION ( 'NONE',  ( 1.045241367417237500E-014, -3.491483361109382100E-015, 1.000000000000000000 ) ) ;
#5715 = VECTOR ( 'NONE', #5714, 1000.000000000000000 ) ;
#5716 = CARTESIAN_POINT ( 'NONE',  ( 4.249999999999962700, -2.999999999999984500, -4.728553390593318400 ) ) ;
#5717 = LINE ( 'NONE', #5716, #5715 ) ;
#5718 = DIRECTION ( 'NONE',  ( -1.000000000000000000, 0.0000000000000000000, 6.982966722218764100E-015 ) ) ;
#5719 = VECTOR ( 'NONE', #5718, 1000.000000000000000 ) ;
#5720 = CARTESIAN_POINT ( 'NONE',  ( 3.749999999999970200, -2.999999999999986200, -4.000000000000040000 ) ) ;
#5721 = LINE ( 'NONE', #5720, #5719 ) ;
#5722 = DIRECTION ( 'NONE',  ( -2.438091212180733500E-029, -1.000000000000000000, -3.491483361109382100E-015 ) ) ;
#5723 = DIRECTION ( 'NONE',  ( -6.982966722218764100E-015, 3.491483361109382100E-015, -1.000000000000000000 ) ) ;
#5724 = CARTESIAN_POINT ( 'NONE',  ( 3.749999999999970200, 3.250000000000014200, -4.000000000000018700 ) ) ;
#5725 = AXIS2_PLACEMENT_3D ( 'NONE', #5724, #5723, #5722 ) ;
#5726 = ORIENTED_EDGE ( 'NONE', *, *, #6939, .T. ) ;
#5727 = PLANE ( 'NONE',  #5725 ) ;
#5728 =( GEOMETRIC_REPRESENTATION_CONTEXT ( 3 ) GLOBAL_UNCERTAINTY_ASSIGNED_CONTEXT ( ( #5730 ) ) GLOBAL_UNIT_ASSIGNED_CONTEXT ( ( #5733, #5732, #5731 ) ) REPRESENTATION_CONTEXT ( 'NONE', 'WORKASPACE' ) );
#5729 = ORIENTED_EDGE ( 'NONE', *, *, #5856, .F. ) ;
#5730 = UNCERTAINTY_MEASURE_WITH_UNIT (LENGTH_MEASURE( 1.000000000000000100E-005 ), #5733, 'distance_accuracy_value', 'NONE');
#5731 =( NAMED_UNIT ( * ) SI_UNIT ( $, .STERADIAN. ) SOLID_ANGLE_UNIT ( ) );
#5732 =( NAMED_UNIT ( * ) PLANE_ANGLE_UNIT ( ) SI_UNIT ( $, .RADIAN. ) );
#5733 =( LENGTH_UNIT ( ) NAMED_UNIT ( * ) SI_UNIT ( .MILLI., .METRE. ) );
#5734 = MECHANICAL_DESIGN_GEOMETRIC_PRESENTATION_REPRESENTATION (  '', ( #5736 ), #5728 ) ;
#5735 = PRESENTATION_LAYER_ASSIGNMENT (  '', '', ( #5736 ) ) ;
#5736 = STYLED_ITEM ( 'NONE', ( #5737 ), #9468 ) ;
#5737 = PRESENTATION_STYLE_ASSIGNMENT (( #5738 ) ) ;
#5738 = SURFACE_STYLE_USAGE ( .BOTH. , #5739 ) ;
#5739 = SURFACE_SIDE_STYLE ('',( #5740 ) ) ;
#5740 = SURFACE_STYLE_FILL_AREA ( #5741 ) ;
#5741 = FILL_AREA_STYLE ('',( #5687 ) ) ;
#5742 = COLOUR_RGB ( '',0.7529411764705882200, 0.7529411764705882200, 0.7529411764705882200 ) ;
#5743 = FACE_OUTER_BOUND ( 'NONE', #9469, .T. ) ;
#5744 = PLANE ( 'NONE',  #5801 ) ;
#5745 =( GEOMETRIC_REPRESENTATION_CONTEXT ( 3 ) GLOBAL_UNCERTAINTY_ASSIGNED_CONTEXT ( ( #5746 ) ) GLOBAL_UNIT_ASSIGNED_CONTEXT ( ( #5749, #5748, #5747 ) ) REPRESENTATION_CONTEXT ( 'NONE', 'WORKASPACE' ) );
#5746 = UNCERTAINTY_MEASURE_WITH_UNIT (LENGTH_MEASURE( 1.000000000000000100E-005 ), #5749, 'distance_accuracy_value', 'NONE');
#5747 =( NAMED_UNIT ( * ) SI_UNIT ( $, .STERADIAN. ) SOLID_ANGLE_UNIT ( ) );
#5748 =( NAMED_UNIT ( * ) PLANE_ANGLE_UNIT ( ) SI_UNIT ( $, .RADIAN. ) );
#5749 =( LENGTH_UNIT ( ) NAMED_UNIT ( * ) SI_UNIT ( .MILLI., .METRE. ) );
#5750 = MECHANICAL_DESIGN_GEOMETRIC_PRESENTATION_REPRESENTATION (  '', ( #5752 ), #5745 ) ;
#5751 = PRESENTATION_LAYER_ASSIGNMENT (  '', '', ( #5752 ) ) ;
#5752 = STYLED_ITEM ( 'NONE', ( #5753 ), #9481 ) ;
#5753 = PRESENTATION_STYLE_ASSIGNMENT (( #5754 ) ) ;
#5754 = SURFACE_STYLE_USAGE ( .BOTH. , #5755 ) ;
#5755 = SURFACE_SIDE_STYLE ('',( #5756 ) ) ;
#5756 = SURFACE_STYLE_FILL_AREA ( #5757 ) ;
#5757 = FILL_AREA_STYLE ('',( #5764 ) ) ;
#5758 = COLOUR_RGB ( '',0.7529411764705882200, 0.7529411764705882200, 0.7529411764705882200 ) ;
#5759 = FACE_OUTER_BOUND ( 'NONE', #9482, .T. ) ;
#5760 = DIRECTION ( 'NONE',  ( 6.982966722218764100E-015, -3.491483361109382100E-015, 1.000000000000000000 ) ) ;
#5761 = VECTOR ( 'NONE', #5760, 1000.000000000000000 ) ;
#5762 = CARTESIAN_POINT ( 'NONE',  ( 4.249999999999961800, 3.750000000000018200, -4.957106781186569200 ) ) ;
#5763 = LINE ( 'NONE', #5762, #5761 ) ;
#5764 = FILL_AREA_STYLE_COLOUR ( '', #5758 ) ;
#5765 = CARTESIAN_POINT ( 'NONE',  ( 4.249999999999965400, 3.750000000000016400, -4.500000000000020400 ) ) ;
#5766 = DIRECTION ( 'NONE',  ( -2.438091212180733800E-029, -1.000000000000000000, -3.491483361109382500E-015 ) ) ;
#5767 = VECTOR ( 'NONE', #5766, 1000.000000000000000 ) ;
#5768 = CARTESIAN_POINT ( 'NONE',  ( 4.249999999999965400, 3.750000000000016400, -4.500000000000020400 ) ) ;
#5769 = LINE ( 'NONE', #5768, #5767 ) ;
#5770 = CARTESIAN_POINT ( 'NONE',  ( 4.249999999999965400, -2.999999999999984500, -4.500000000000043500 ) ) ;
#5771 = LINE ( 'NONE', #5837, #5836 ) ;
#5772 = DIRECTION ( 'NONE',  ( -2.438091212180733500E-029, -1.000000000000000000, -3.491483361109382100E-015 ) ) ;
#5773 = VECTOR ( 'NONE', #5772, 1000.000000000000000 ) ;
#5774 = CARTESIAN_POINT ( 'NONE',  ( -2.250000000000014200, 5.000000000000005300, -1.749999999999969400 ) ) ;
#5775 = LINE ( 'NONE', #5774, #5773 ) ;
#5776 = CARTESIAN_POINT ( 'NONE',  ( -2.250000000000014200, 1.750000000000007300, -1.749999999999980700 ) ) ;
#5777 = DIRECTION ( 'NONE',  ( 1.000000000000000000, 0.0000000000000000000, -6.982966722218764100E-015 ) ) ;
#5778 = VECTOR ( 'NONE', #5777, 1000.000000000000000 ) ;
#5779 = CARTESIAN_POINT ( 'NONE',  ( -11.95000000000001200, 1.250000000000006900, -1.749999999999914500 ) ) ;
#5780 = LINE ( 'NONE', #5779, #5778 ) ;
#5781 = DIRECTION ( 'NONE',  ( 2.438091212180733500E-029, 1.000000000000000000, 3.491483361109382100E-015 ) ) ;
#5782 = VECTOR ( 'NONE', #5781, 1000.000000000000000 ) ;
#5783 = CARTESIAN_POINT ( 'NONE',  ( 6.249999999999986700, 5.000000000000005300, -1.750000000000028600 ) ) ;
#5784 = LINE ( 'NONE', #5783, #5782 ) ;
#5785 = DIRECTION ( 'NONE',  ( 6.982966722218764100E-015, -3.491483361109382100E-015, 1.000000000000000000 ) ) ;
#5786 = VECTOR ( 'NONE', #5785, 1000.000000000000000 ) ;
#5787 = CARTESIAN_POINT ( 'NONE',  ( 4.249999999999963600, 3.250000000000017800, -4.957106781186571000 ) ) ;
#5788 = LINE ( 'NONE', #5787, #5786 ) ;
#5789 = CARTESIAN_POINT ( 'NONE',  ( 4.249999999999970700, 3.250000000000014200, -4.000000000000022200 ) ) ;
#5790 = DIRECTION ( 'NONE',  ( 1.000000000000000000, 0.0000000000000000000, -6.982966722218764100E-015 ) ) ;
#5791 = VECTOR ( 'NONE', #5790, 1000.000000000000000 ) ;
#5792 = CARTESIAN_POINT ( 'NONE',  ( 3.749999999999970200, 3.250000000000014200, -4.000000000000018700 ) ) ;
#5793 = LINE ( 'NONE', #5792, #5791 ) ;
#5794 = DIRECTION ( 'NONE',  ( -1.000000000000000000, 0.0000000000000000000, 6.982966722218764100E-015 ) ) ;
#5795 = VECTOR ( 'NONE', #5794, 1000.000000000000000 ) ;
#5796 = CARTESIAN_POINT ( 'NONE',  ( 3.749999999999966700, 3.750000000000016400, -4.500000000000016900 ) ) ;
#5797 = LINE ( 'NONE', #5796, #5795 ) ;
#5798 = DIRECTION ( 'NONE',  ( -1.000000000000000000, 0.0000000000000000000, 6.982966722218764100E-015 ) ) ;
#5799 = DIRECTION ( 'NONE',  ( 2.438091212180733500E-029, 1.000000000000000000, 3.491483361109382100E-015 ) ) ;
#5800 = CARTESIAN_POINT ( 'NONE',  ( 3.749999999999963600, 3.750000000000018200, -4.957106781186566600 ) ) ;
#5801 = AXIS2_PLACEMENT_3D ( 'NONE', #5800, #5799, #5798 ) ;
#5802 = SURFACE_STYLE_FILL_AREA ( #5803 ) ;
#5803 = FILL_AREA_STYLE ('',( #5810 ) ) ;
#5804 = COLOUR_RGB ( '',0.7529411764705882200, 0.7529411764705882200, 0.7529411764705882200 ) ;
#5805 = FACE_OUTER_BOUND ( 'NONE', #11933, .T. ) ;
#5806 = DIRECTION ( 'NONE',  ( 6.982966722218764100E-015, -3.491483361109382100E-015, 1.000000000000000000 ) ) ;
#5807 = VECTOR ( 'NONE', #5806, 1000.000000000000000 ) ;
#5808 = CARTESIAN_POINT ( 'NONE',  ( -2.250000000000036900, 3.750000000000018200, -4.957106781186524800 ) ) ;
#5809 = LINE ( 'NONE', #5808, #5807 ) ;
#5810 = FILL_AREA_STYLE_COLOUR ( '', #5804 ) ;
#5811 = DIRECTION ( 'NONE',  ( -1.000000000000000000, 0.0000000000000000000, 6.982966722218764100E-015 ) ) ;
#5812 = VECTOR ( 'NONE', #5811, 1000.000000000000000 ) ;
#5813 = CARTESIAN_POINT ( 'NONE',  ( -11.95000000000001200, 1.750000000000007300, -1.749999999999913000 ) ) ;
#5814 = LINE ( 'NONE', #5813, #5812 ) ;
#5815 = DIRECTION ( 'NONE',  ( 2.438091212180733500E-029, 1.000000000000000000, 3.491483361109382100E-015 ) ) ;
#5816 = VECTOR ( 'NONE', #5815, 1000.000000000000000 ) ;
#5817 = CARTESIAN_POINT ( 'NONE',  ( -3.750000000000013800, 5.000000000000005300, -1.749999999999958900 ) ) ;
#5818 = LINE ( 'NONE', #5817, #5816 ) ;
#5819 = CARTESIAN_POINT ( 'NONE',  ( -4.250000000000014200, 1.750000000000007300, -1.749999999999966700 ) ) ;
#5820 = DIRECTION ( 'NONE',  ( -2.438091212180733500E-029, -1.000000000000000000, -3.491483361109382100E-015 ) ) ;
#5821 = VECTOR ( 'NONE', #5820, 1000.000000000000000 ) ;
#5822 = CARTESIAN_POINT ( 'NONE',  ( -4.250000000000014200, 5.000000000000005300, -1.749999999999955400 ) ) ;
#5823 = LINE ( 'NONE', #5822, #5821 ) ;
#5824 = CARTESIAN_POINT ( 'NONE',  ( -1.750000000000013800, 1.250000000000006900, -1.749999999999986000 ) ) ;
#5825 = CARTESIAN_POINT ( 'NONE',  ( -2.250000000000014200, 1.250000000000006900, -1.749999999999982500 ) ) ;
#5826 = DIRECTION ( 'NONE',  ( 1.000000000000000000, 0.0000000000000000000, -6.982966722218764100E-015 ) ) ;
#5827 = VECTOR ( 'NONE', #5826, 1000.000000000000000 ) ;
#5828 = CARTESIAN_POINT ( 'NONE',  ( -11.95000000000001200, 1.250000000000006900, -1.749999999999914500 ) ) ;
#5829 = LINE ( 'NONE', #5828, #5827 ) ;
#5830 = CARTESIAN_POINT ( 'NONE',  ( -1.750000000000013800, 1.750000000000007300, -1.749999999999984200 ) ) ;
#5831 = DIRECTION ( 'NONE',  ( 2.438091212180733500E-029, 1.000000000000000000, 3.491483361109382100E-015 ) ) ;
#5832 = VECTOR ( 'NONE', #5831, 1000.000000000000000 ) ;
#5833 = CARTESIAN_POINT ( 'NONE',  ( -1.750000000000013800, 5.000000000000005300, -1.749999999999972900 ) ) ;
#5834 = LINE ( 'NONE', #5833, #5832 ) ;
#5835 = DIRECTION ( 'NONE',  ( -1.000000000000000000, 0.0000000000000000000, 6.982966722218764100E-015 ) ) ;
#5836 = VECTOR ( 'NONE', #5835, 1000.000000000000000 ) ;
#5837 = CARTESIAN_POINT ( 'NONE',  ( -11.95000000000001200, 1.750000000000007300, -1.749999999999913000 ) ) ;
#5838 =( LENGTH_UNIT ( ) NAMED_UNIT ( * ) SI_UNIT ( .MILLI., .METRE. ) );
#5839 = MECHANICAL_DESIGN_GEOMETRIC_PRESENTATION_REPRESENTATION (  '', ( #5841 ), #5889 ) ;
#5840 = PRESENTATION_LAYER_ASSIGNMENT (  '', '', ( #5841 ) ) ;
#5841 = STYLED_ITEM ( 'NONE', ( #5842 ), #13253 ) ;
#5842 = PRESENTATION_STYLE_ASSIGNMENT (( #5843 ) ) ;
#5843 = SURFACE_STYLE_USAGE ( .BOTH. , #5844 ) ;
#5844 = SURFACE_SIDE_STYLE ('',( #5845 ) ) ;
#5845 = SURFACE_STYLE_FILL_AREA ( #5846 ) ;
#5846 = FILL_AREA_STYLE ('',( #5853 ) ) ;
#5847 = COLOUR_RGB ( '',0.7529411764705882200, 0.7529411764705882200, 0.7529411764705882200 ) ;
#5848 = FACE_OUTER_BOUND ( 'NONE', #6646, .T. ) ;
#5849 = DIRECTION ( 'NONE',  ( -2.438091212180733500E-029, -1.000000000000000000, -3.491483361109382100E-015 ) ) ;
#5850 = DIRECTION ( 'NONE',  ( -1.000000000000000000, 0.0000000000000000000, 6.982966722218764100E-015 ) ) ;
#5851 = CARTESIAN_POINT ( 'NONE',  ( -2.250000000000036900, 3.750000000000018200, -4.957106781186524800 ) ) ;
#5852 = AXIS2_PLACEMENT_3D ( 'NONE', #5851, #5850, #5849 ) ;
#5853 = FILL_AREA_STYLE_COLOUR ( '', #5847 ) ;
#5854 = PLANE ( 'NONE',  #5852 ) ;
#5855 =( GEOMETRIC_REPRESENTATION_CONTEXT ( 3 ) GLOBAL_UNCERTAINTY_ASSIGNED_CONTEXT ( ( #5857 ) ) GLOBAL_UNIT_ASSIGNED_CONTEXT ( ( #5860, #5859, #5858 ) ) REPRESENTATION_CONTEXT ( 'NONE', 'WORKASPACE' ) );
#5856 = EDGE_CURVE ( 'NONE', #5191, #6944, #10374, .T. ) ;
#5857 = UNCERTAINTY_MEASURE_WITH_UNIT (LENGTH_MEASURE( 1.000000000000000100E-005 ), #5860, 'distance_accuracy_value', 'NONE');
#5858 =( NAMED_UNIT ( * ) SI_UNIT ( $, .STERADIAN. ) SOLID_ANGLE_UNIT ( ) );
#5859 =( NAMED_UNIT ( * ) PLANE_ANGLE_UNIT ( ) SI_UNIT ( $, .RADIAN. ) );
#5860 =( LENGTH_UNIT ( ) NAMED_UNIT ( * ) SI_UNIT ( .MILLI., .METRE. ) );
#5861 = MECHANICAL_DESIGN_GEOMETRIC_PRESENTATION_REPRESENTATION (  '', ( #5863 ), #5855 ) ;
#5862 = PRESENTATION_LAYER_ASSIGNMENT (  '', '', ( #5863 ) ) ;
#5863 = STYLED_ITEM ( 'NONE', ( #5864 ), #12429 ) ;
#5864 = PRESENTATION_STYLE_ASSIGNMENT (( #5865 ) ) ;
#5865 = SURFACE_STYLE_USAGE ( .BOTH. , #5866 ) ;
#5866 = SURFACE_SIDE_STYLE ('',( #5802 ) ) ;
#5867 = UNCERTAINTY_MEASURE_WITH_UNIT (LENGTH_MEASURE( 1.000000000000000100E-005 ), #5872, 'distance_accuracy_value', 'NONE');
#5868 =( NAMED_UNIT ( * ) SI_UNIT ( $, .STERADIAN. ) SOLID_ANGLE_UNIT ( ) );
#5869 =( NAMED_UNIT ( * ) PLANE_ANGLE_UNIT ( ) SI_UNIT ( $, .RADIAN. ) );
#5870 = ORIENTED_EDGE ( 'NONE', *, *, #6365, .F. ) ;
#5871 = ADVANCED_FACE ( 'NONE', ( #10370 ), #10414, .T. ) ;
#5872 =( LENGTH_UNIT ( ) NAMED_UNIT ( * ) SI_UNIT ( .MILLI., .METRE. ) );
#5873 = MECHANICAL_DESIGN_GEOMETRIC_PRESENTATION_REPRESENTATION (  '', ( #5875 ), #5923 ) ;
#5874 = PRESENTATION_LAYER_ASSIGNMENT (  '', '', ( #5875 ) ) ;
#5875 = STYLED_ITEM ( 'NONE', ( #5876 ), #13412 ) ;
#5876 = PRESENTATION_STYLE_ASSIGNMENT (( #5877 ) ) ;
#5877 = SURFACE_STYLE_USAGE ( .BOTH. , #5878 ) ;
#5878 = SURFACE_SIDE_STYLE ('',( #5879 ) ) ;
#5879 = SURFACE_STYLE_FILL_AREA ( #5880 ) ;
#5880 = FILL_AREA_STYLE ('',( #5887 ) ) ;
#5881 = COLOUR_RGB ( '',0.7529411764705882200, 0.7529411764705882200, 0.7529411764705882200 ) ;
#5882 = FACE_OUTER_BOUND ( 'NONE', #13411, .T. ) ;
#5883 = DIRECTION ( 'NONE',  ( -2.438091212180733500E-029, -1.000000000000000000, -3.491483361109382100E-015 ) ) ;
#5884 = DIRECTION ( 'NONE',  ( -1.000000000000000000, 0.0000000000000000000, 6.982966722218764100E-015 ) ) ;
#5885 = CARTESIAN_POINT ( 'NONE',  ( -2.250000000000036900, 3.750000000000018200, -4.957106781186524800 ) ) ;
#5886 = AXIS2_PLACEMENT_3D ( 'NONE', #5885, #5884, #5883 ) ;
#5887 = FILL_AREA_STYLE_COLOUR ( '', #5881 ) ;
#5888 = PLANE ( 'NONE',  #5886 ) ;
#5889 =( GEOMETRIC_REPRESENTATION_CONTEXT ( 3 ) GLOBAL_UNCERTAINTY_ASSIGNED_CONTEXT ( ( #5890 ) ) GLOBAL_UNIT_ASSIGNED_CONTEXT ( ( #5838, #5892, #5891 ) ) REPRESENTATION_CONTEXT ( 'NONE', 'WORKASPACE' ) );
#5890 = UNCERTAINTY_MEASURE_WITH_UNIT (LENGTH_MEASURE( 1.000000000000000100E-005 ), #5838, 'distance_accuracy_value', 'NONE');
#5891 =( NAMED_UNIT ( * ) SI_UNIT ( $, .STERADIAN. ) SOLID_ANGLE_UNIT ( ) );
#5892 =( NAMED_UNIT ( * ) PLANE_ANGLE_UNIT ( ) SI_UNIT ( $, .RADIAN. ) );
#5893 = CARTESIAN_POINT ( 'NONE',  ( -1.750000000000029500, -2.999999999999984500, -4.000000000000001800 ) ) ;
#5894 = DIRECTION ( 'NONE',  ( -2.438091212180733800E-029, -1.000000000000000000, -3.491483361109382500E-015 ) ) ;
#5895 = VECTOR ( 'NONE', #5894, 1000.000000000000000 ) ;
#5896 = CARTESIAN_POINT ( 'NONE',  ( -1.750000000000029500, 3.250000000000014200, -3.999999999999980000 ) ) ;
#5897 = LINE ( 'NONE', #5896, #5895 ) ;
#5898 = CARTESIAN_POINT ( 'NONE',  ( -1.750000000000034600, -2.999999999999984500, -4.500000000000002700 ) ) ;
#5899 = DIRECTION ( 'NONE',  ( -2.438091212180733800E-029, -1.000000000000000000, -3.491483361109382500E-015 ) ) ;
#5900 = VECTOR ( 'NONE', #5899, 1000.000000000000000 ) ;
#5901 = CARTESIAN_POINT ( 'NONE',  ( -2.250000000000033300, 3.750000000000016400, -4.499999999999975100 ) ) ;
#5902 = LINE ( 'NONE', #5901, #5900 ) ;
#5903 = DIRECTION ( 'NONE',  ( -6.982966722218764100E-015, 3.491483361109382100E-015, -1.000000000000000000 ) ) ;
#5904 = VECTOR ( 'NONE', #5903, 1000.000000000000000 ) ;
#5905 = CARTESIAN_POINT ( 'NONE',  ( -2.250000000000035100, -2.999999999999984500, -4.728553390593273100 ) ) ;
#5906 = LINE ( 'NONE', #5905, #5904 ) ;
#5907 = CARTESIAN_POINT ( 'NONE',  ( -2.250000000000033300, -2.999999999999984500, -4.499999999999999100 ) ) ;
#5908 = DIRECTION ( 'NONE',  ( -2.438091212180733800E-029, -1.000000000000000000, -3.491483361109382500E-015 ) ) ;
#5909 = VECTOR ( 'NONE', #5908, 1000.000000000000000 ) ;
#5910 = CARTESIAN_POINT ( 'NONE',  ( -2.250000000000029800, 3.250000000000014200, -3.999999999999976500 ) ) ;
#5911 = LINE ( 'NONE', #5910, #5909 ) ;
#5912 = CARTESIAN_POINT ( 'NONE',  ( -2.250000000000029800, 3.250000000000014200, -3.999999999999976500 ) ) ;
#5913 = DIRECTION ( 'NONE',  ( 6.982966722218764100E-015, -3.491483361109382100E-015, 1.000000000000000000 ) ) ;
#5914 = VECTOR ( 'NONE', #5913, 1000.000000000000000 ) ;
#5915 = CARTESIAN_POINT ( 'NONE',  ( -2.250000000000036900, 3.250000000000017800, -4.957106781186526600 ) ) ;
#5916 = LINE ( 'NONE', #5915, #5914 ) ;
#5917 = CARTESIAN_POINT ( 'NONE',  ( -2.250000000000029800, -2.999999999999986200, -3.999999999999998200 ) ) ;
#5918 = DIRECTION ( 'NONE',  ( 1.000000000000000000, 0.0000000000000000000, -6.982966722218764100E-015 ) ) ;
#5919 = DIRECTION ( 'NONE',  ( -2.438091212180733500E-029, -1.000000000000000000, -3.491483361109382100E-015 ) ) ;
#5920 = CARTESIAN_POINT ( 'NONE',  ( -2.250000000000036900, 3.250000000000017800, -4.957106781186526600 ) ) ;
#5921 = AXIS2_PLACEMENT_3D ( 'NONE', #5920, #5919, #5918 ) ;
#5922 = PLANE ( 'NONE',  #5921 ) ;
#5923 =( GEOMETRIC_REPRESENTATION_CONTEXT ( 3 ) GLOBAL_UNCERTAINTY_ASSIGNED_CONTEXT ( ( #5867 ) ) GLOBAL_UNIT_ASSIGNED_CONTEXT ( ( #5872, #5869, #5868 ) ) REPRESENTATION_CONTEXT ( 'NONE', 'WORKASPACE' ) );
#5924 = CARTESIAN_POINT ( 'NONE',  ( -2.250000000000033300, 3.750000000000016400, -4.499999999999975100 ) ) ;
#5925 = CARTESIAN_POINT ( 'NONE',  ( -1.750000000000029500, 3.250000000000014200, -3.999999999999980000 ) ) ;
#5926 = DIRECTION ( 'NONE',  ( -3.469446951953586600E-015, 1.000000000000000000, 3.491483361109406100E-015 ) ) ;
#5927 = DIRECTION ( 'NONE',  ( 1.000000000000000000, 3.469446951953611000E-015, -6.982966722218752300E-015 ) ) ;
#5928 = CARTESIAN_POINT ( 'NONE',  ( -1.750000000000038000, 3.750000000000018200, -4.957106781186528400 ) ) ;
#5929 = AXIS2_PLACEMENT_3D ( 'NONE', #5928, #5927, #5926 ) ;
#5930 = PLANE ( 'NONE',  #5929 ) ;
#5931 =( GEOMETRIC_REPRESENTATION_CONTEXT ( 3 ) GLOBAL_UNCERTAINTY_ASSIGNED_CONTEXT ( ( #5932 ) ) GLOBAL_UNIT_ASSIGNED_CONTEXT ( ( #5935, #5934, #5933 ) ) REPRESENTATION_CONTEXT ( 'NONE', 'WORKASPACE' ) );
#5932 = UNCERTAINTY_MEASURE_WITH_UNIT (LENGTH_MEASURE( 1.000000000000000100E-005 ), #5935, 'distance_accuracy_value', 'NONE');
#5933 =( NAMED_UNIT ( * ) SI_UNIT ( $, .STERADIAN. ) SOLID_ANGLE_UNIT ( ) );
#5934 =( NAMED_UNIT ( * ) PLANE_ANGLE_UNIT ( ) SI_UNIT ( $, .RADIAN. ) );
#5935 =( LENGTH_UNIT ( ) NAMED_UNIT ( * ) SI_UNIT ( .MILLI., .METRE. ) );
#5936 = MECHANICAL_DESIGN_GEOMETRIC_PRESENTATION_REPRESENTATION (  '', ( #5938 ), #5931 ) ;
#5937 = PRESENTATION_LAYER_ASSIGNMENT (  '', '', ( #5938 ) ) ;
#5938 = STYLED_ITEM ( 'NONE', ( #5939 ), #13431 ) ;
#5939 = PRESENTATION_STYLE_ASSIGNMENT (( #5940 ) ) ;
#5940 = SURFACE_STYLE_USAGE ( .BOTH. , #5941 ) ;
#5941 = SURFACE_SIDE_STYLE ('',( #5942 ) ) ;
#5942 = SURFACE_STYLE_FILL_AREA ( #5943 ) ;
#5943 = FILL_AREA_STYLE ('',( #5950 ) ) ;
#5944 = COLOUR_RGB ( '',0.7529411764705882200, 0.7529411764705882200, 0.7529411764705882200 ) ;
#5945 = FACE_OUTER_BOUND ( 'NONE', #13432, .T. ) ;
#5946 = DIRECTION ( 'NONE',  ( 6.982966722218764100E-015, -3.491483361109382100E-015, 1.000000000000000000 ) ) ;
#5947 = VECTOR ( 'NONE', #5946, 1000.000000000000000 ) ;
#5948 = CARTESIAN_POINT ( 'NONE',  ( -1.750000000000036200, 3.250000000000017800, -4.957106781186530100 ) ) ;
#5949 = LINE ( 'NONE', #5948, #5947 ) ;
#5950 = FILL_AREA_STYLE_COLOUR ( '', #5944 ) ;
#5951 = UNCERTAINTY_MEASURE_WITH_UNIT (LENGTH_MEASURE( 1.000000000000000100E-005 ), #5954, 'distance_accuracy_value', 'NONE');
#5952 =( NAMED_UNIT ( * ) SI_UNIT ( $, .STERADIAN. ) SOLID_ANGLE_UNIT ( ) );
#5953 =( NAMED_UNIT ( * ) PLANE_ANGLE_UNIT ( ) SI_UNIT ( $, .RADIAN. ) );
#5954 =( LENGTH_UNIT ( ) NAMED_UNIT ( * ) SI_UNIT ( .MILLI., .METRE. ) );
#5955 = MECHANICAL_DESIGN_GEOMETRIC_PRESENTATION_REPRESENTATION (  '', ( #5957 ), #6011 ) ;
#5956 = PRESENTATION_LAYER_ASSIGNMENT (  '', '', ( #5957 ) ) ;
#5957 = STYLED_ITEM ( 'NONE', ( #5958 ), #13457 ) ;
#5958 = PRESENTATION_STYLE_ASSIGNMENT (( #5959 ) ) ;
#5959 = SURFACE_STYLE_USAGE ( .BOTH. , #5960 ) ;
#5960 = SURFACE_SIDE_STYLE ('',( #5961 ) ) ;
#5961 = SURFACE_STYLE_FILL_AREA ( #5962 ) ;
#5962 = FILL_AREA_STYLE ('',( #5969 ) ) ;
#5963 = COLOUR_RGB ( '',0.7529411764705882200, 0.7529411764705882200, 0.7529411764705882200 ) ;
#5964 = FACE_OUTER_BOUND ( 'NONE', #13447, .T. ) ;
#5965 = DIRECTION ( 'NONE',  ( 1.000000000000000000, 0.0000000000000000000, -6.982966722218764100E-015 ) ) ;
#5966 = VECTOR ( 'NONE', #5965, 1000.000000000000000 ) ;
#5967 = CARTESIAN_POINT ( 'NONE',  ( -10.25000000000003400, -2.999999999999984500, -4.499999999999942300 ) ) ;
#5968 = LINE ( 'NONE', #5967, #5966 ) ;
#5969 = FILL_AREA_STYLE_COLOUR ( '', #5963 ) ;
#5970 = CARTESIAN_POINT ( 'NONE',  ( 11.15000000000001100, 4.599999999999993400, 1.749999999999935800 ) ) ;
#5971 = DIRECTION ( 'NONE',  ( -1.000000000000000000, 0.0000000000000000000, 6.982966722218764100E-015 ) ) ;
#5972 = VECTOR ( 'NONE', #5971, 1000.000000000000000 ) ;
#5973 = CARTESIAN_POINT ( 'NONE',  ( -2.250000000000033300, 3.750000000000016400, -4.499999999999975100 ) ) ;
#5974 = LINE ( 'NONE', #5973, #5972 ) ;
#5975 = DIRECTION ( 'NONE',  ( 1.000000000000000000, 0.0000000000000000000, -6.982966722218764100E-015 ) ) ;
#5976 = VECTOR ( 'NONE', #5975, 1000.000000000000000 ) ;
#5977 = CARTESIAN_POINT ( 'NONE',  ( -2.250000000000029800, 3.250000000000014200, -3.999999999999976500 ) ) ;
#5978 = LINE ( 'NONE', #5977, #5976 ) ;
#5979 = DIRECTION ( 'NONE',  ( 6.982966722218764100E-015, -3.491483361109382100E-015, 1.000000000000000000 ) ) ;
#5980 = VECTOR ( 'NONE', #5979, 1000.000000000000000 ) ;
#5981 = CARTESIAN_POINT ( 'NONE',  ( -1.750000000000036200, 3.250000000000017800, -4.957106781186530100 ) ) ;
#5982 = LINE ( 'NONE', #5981, #5980 ) ;
#5983 =( GEOMETRIC_REPRESENTATION_CONTEXT ( 3 ) GLOBAL_UNCERTAINTY_ASSIGNED_CONTEXT ( ( #5985 ) ) GLOBAL_UNIT_ASSIGNED_CONTEXT ( ( #5988, #5987, #5986 ) ) REPRESENTATION_CONTEXT ( 'NONE', 'WORKASPACE' ) );
#5984 = ORIENTED_EDGE ( 'NONE', *, *, #2302, .T. ) ;
#5985 = UNCERTAINTY_MEASURE_WITH_UNIT (LENGTH_MEASURE( 1.000000000000000100E-005 ), #5988, 'distance_accuracy_value', 'NONE');
#5986 =( NAMED_UNIT ( * ) SI_UNIT ( $, .STERADIAN. ) SOLID_ANGLE_UNIT ( ) );
#5987 =( NAMED_UNIT ( * ) PLANE_ANGLE_UNIT ( ) SI_UNIT ( $, .RADIAN. ) );
#5988 =( LENGTH_UNIT ( ) NAMED_UNIT ( * ) SI_UNIT ( .MILLI., .METRE. ) );
#5989 = MECHANICAL_DESIGN_GEOMETRIC_PRESENTATION_REPRESENTATION (  '', ( #5991 ), #5983 ) ;
#5990 = PRESENTATION_LAYER_ASSIGNMENT (  '', '', ( #5991 ) ) ;
#5991 = STYLED_ITEM ( 'NONE', ( #5992 ), #13468 ) ;
#5992 = PRESENTATION_STYLE_ASSIGNMENT (( #5993 ) ) ;
#5993 = SURFACE_STYLE_USAGE ( .BOTH. , #5994 ) ;
#5994 = SURFACE_SIDE_STYLE ('',( #5995 ) ) ;
#5995 = SURFACE_STYLE_FILL_AREA ( #5996 ) ;
#5996 = FILL_AREA_STYLE ('',( #5997 ) ) ;
#5997 = FILL_AREA_STYLE_COLOUR ( '', #5998 ) ;
#5998 = COLOUR_RGB ( '',0.7529411764705882200, 0.7529411764705882200, 0.7529411764705882200 ) ;
#5999 = FACE_OUTER_BOUND ( 'NONE', #13465, .T. ) ;
#6000 = CARTESIAN_POINT ( 'NONE',  ( 10.45000000000001200, 4.599999999999993400, 1.749999999999940700 ) ) ;
#6001 = DIRECTION ( 'NONE',  ( -1.000000000000000000, 0.0000000000000000000, 6.982966722218764100E-015 ) ) ;
#6002 = VECTOR ( 'NONE', #6001, 1000.000000000000000 ) ;
#6003 = CARTESIAN_POINT ( 'NONE',  ( -10.25000000000003400, 3.750000000000016400, -4.499999999999919200 ) ) ;
#6004 = LINE ( 'NONE', #6003, #6002 ) ;
#6005 = CARTESIAN_POINT ( 'NONE',  ( 10.45000000000000100, 4.599999999999998800, 0.2499999999999411300 ) ) ;
#6006 = DIRECTION ( 'NONE',  ( 2.438091212180733500E-029, 1.000000000000000000, 3.491483361109382100E-015 ) ) ;
#6007 = DIRECTION ( 'NONE',  ( 6.982966722218764100E-015, -3.491483361109382100E-015, 1.000000000000000000 ) ) ;
#6008 = CARTESIAN_POINT ( 'NONE',  ( -10.25000000000003400, 3.750000000000016400, -4.499999999999919200 ) ) ;
#6009 = AXIS2_PLACEMENT_3D ( 'NONE', #6008, #6007, #6006 ) ;
#6010 = PLANE ( 'NONE',  #6009 ) ;
#6011 =( GEOMETRIC_REPRESENTATION_CONTEXT ( 3 ) GLOBAL_UNCERTAINTY_ASSIGNED_CONTEXT ( ( #5951 ) ) GLOBAL_UNIT_ASSIGNED_CONTEXT ( ( #5954, #5953, #5952 ) ) REPRESENTATION_CONTEXT ( 'NONE', 'WORKASPACE' ) );
#6012 =( LENGTH_UNIT ( ) NAMED_UNIT ( * ) SI_UNIT ( .MILLI., .METRE. ) );
#6013 = MECHANICAL_DESIGN_GEOMETRIC_PRESENTATION_REPRESENTATION (  '', ( #6015 ), #6068 ) ;
#6014 = PRESENTATION_LAYER_ASSIGNMENT (  '', '', ( #6015 ) ) ;
#6015 = STYLED_ITEM ( 'NONE', ( #6016 ), #13484 ) ;
#6016 = PRESENTATION_STYLE_ASSIGNMENT (( #6017 ) ) ;
#6017 = SURFACE_STYLE_USAGE ( .BOTH. , #6018 ) ;
#6018 = SURFACE_SIDE_STYLE ('',( #6019 ) ) ;
#6019 = SURFACE_STYLE_FILL_AREA ( #6020 ) ;
#6020 = FILL_AREA_STYLE ('',( #6022 ) ) ;
#6021 = COLOUR_RGB ( '',0.7529411764705882200, 0.7529411764705882200, 0.7529411764705882200 ) ;
#6022 = FILL_AREA_STYLE_COLOUR ( '', #6021 ) ;
#6023 = FACE_OUTER_BOUND ( 'NONE', #13478, .T. ) ;
#6024 = CARTESIAN_POINT ( 'NONE',  ( 0.2499999999999704700, -2.999999999999984500, -4.000000000000016000 ) ) ;
#6025 = DIRECTION ( 'NONE',  ( -1.000000000000000000, 0.0000000000000000000, 6.982966722218764100E-015 ) ) ;
#6026 = VECTOR ( 'NONE', #6025, 1000.000000000000000 ) ;
#6027 = CARTESIAN_POINT ( 'NONE',  ( -10.25000000000003000, -2.999999999999986200, -3.999999999999941800 ) ) ;
#6028 = LINE ( 'NONE', #6027, #6026 ) ;
#6029 = DIRECTION ( 'NONE',  ( -6.982966722218764100E-015, 3.491483361109382100E-015, -1.000000000000000000 ) ) ;
#6030 = VECTOR ( 'NONE', #6029, 1000.000000000000000 ) ;
#6031 = CARTESIAN_POINT ( 'NONE',  ( 10.45000000000001200, 4.599999999999993400, 1.749999999999940700 ) ) ;
#6032 = LINE ( 'NONE', #6031, #6030 ) ;
#6033 = DIRECTION ( 'NONE',  ( 6.982966722218764100E-015, -3.491483361109382100E-015, 1.000000000000000000 ) ) ;
#6034 = VECTOR ( 'NONE', #6033, 1000.000000000000000 ) ;
#6035 = CARTESIAN_POINT ( 'NONE',  ( 11.15000000000001100, 4.599999999999993400, 1.749999999999935800 ) ) ;
#6036 = LINE ( 'NONE', #6035, #6034 ) ;
#6037 = DIRECTION ( 'NONE',  ( -1.000000000000000000, -1.210047067506122000E-016, 6.363422623655617600E-015 ) ) ;
#6038 = VECTOR ( 'NONE', #6037, 1000.000000000000000 ) ;
#6039 = CARTESIAN_POINT ( 'NONE',  ( 10.45000000000001200, 4.599999999999993400, 1.749999999999940700 ) ) ;
#6040 = LINE ( 'NONE', #6039, #6038 ) ;
#6041 = DIRECTION ( 'NONE',  ( 1.000000000000000000, 0.0000000000000000000, -6.982966722218764100E-015 ) ) ;
#6042 = DIRECTION ( 'NONE',  ( -2.438091212180733500E-029, -1.000000000000000000, -3.491483361109382100E-015 ) ) ;
#6043 = CARTESIAN_POINT ( 'NONE',  ( -10.00000000000003200, -2.999999999999986200, -4.249999999999944000 ) ) ;
#6044 = AXIS2_PLACEMENT_3D ( 'NONE', #6043, #6042, #6041 ) ;
#6045 = PLANE ( 'NONE',  #6044 ) ;
#6046 =( NAMED_UNIT ( * ) PLANE_ANGLE_UNIT ( ) SI_UNIT ( $, .RADIAN. ) );
#6047 =( LENGTH_UNIT ( ) NAMED_UNIT ( * ) SI_UNIT ( .MILLI., .METRE. ) );
#6048 = MECHANICAL_DESIGN_GEOMETRIC_PRESENTATION_REPRESENTATION (  '', ( #6050 ), #6100 ) ;
#6049 = PRESENTATION_LAYER_ASSIGNMENT (  '', '', ( #6050 ) ) ;
#6050 = STYLED_ITEM ( 'NONE', ( #6051 ), #13488 ) ;
#6051 = PRESENTATION_STYLE_ASSIGNMENT (( #6052 ) ) ;
#6052 = SURFACE_STYLE_USAGE ( .BOTH. , #6053 ) ;
#6053 = SURFACE_SIDE_STYLE ('',( #6054 ) ) ;
#6054 = SURFACE_STYLE_FILL_AREA ( #6055 ) ;
#6055 = FILL_AREA_STYLE ('',( #6062 ) ) ;
#6056 = COLOUR_RGB ( '',0.7529411764705882200, 0.7529411764705882200, 0.7529411764705882200 ) ;
#6057 = FACE_OUTER_BOUND ( 'NONE', #13482, .T. ) ;
#6058 = DIRECTION ( 'NONE',  ( -2.438091212180733800E-029, -1.000000000000000000, -3.491483361109382500E-015 ) ) ;
#6059 = VECTOR ( 'NONE', #6058, 1000.000000000000000 ) ;
#6060 = CARTESIAN_POINT ( 'NONE',  ( 0.2499999999999704700, 3.250000000000014200, -3.999999999999994200 ) ) ;
#6061 = LINE ( 'NONE', #6060, #6059 ) ;
#6062 = FILL_AREA_STYLE_COLOUR ( '', #6056 ) ;
#6063 = DIRECTION ( 'NONE',  ( -2.438091212180733500E-029, -1.000000000000000000, -3.491483361109382100E-015 ) ) ;
#6064 = DIRECTION ( 'NONE',  ( -6.982966722218764100E-015, 3.491483361109382100E-015, -1.000000000000000000 ) ) ;
#6065 = CARTESIAN_POINT ( 'NONE',  ( -10.25000000000003000, 3.250000000000014200, -3.999999999999920100 ) ) ;
#6066 = AXIS2_PLACEMENT_3D ( 'NONE', #6065, #6064, #6063 ) ;
#6067 = PLANE ( 'NONE',  #6066 ) ;
#6068 =( GEOMETRIC_REPRESENTATION_CONTEXT ( 3 ) GLOBAL_UNCERTAINTY_ASSIGNED_CONTEXT ( ( #6069 ) ) GLOBAL_UNIT_ASSIGNED_CONTEXT ( ( #6012, #6071, #6070 ) ) REPRESENTATION_CONTEXT ( 'NONE', 'WORKASPACE' ) );
#6069 = UNCERTAINTY_MEASURE_WITH_UNIT (LENGTH_MEASURE( 1.000000000000000100E-005 ), #6012, 'distance_accuracy_value', 'NONE');
#6070 =( NAMED_UNIT ( * ) SI_UNIT ( $, .STERADIAN. ) SOLID_ANGLE_UNIT ( ) );
#6071 =( NAMED_UNIT ( * ) PLANE_ANGLE_UNIT ( ) SI_UNIT ( $, .RADIAN. ) );
#6072 =( LENGTH_UNIT ( ) NAMED_UNIT ( * ) SI_UNIT ( .MILLI., .METRE. ) );
#6073 = MECHANICAL_DESIGN_GEOMETRIC_PRESENTATION_REPRESENTATION (  '', ( #6075 ), #6123 ) ;
#6074 = PRESENTATION_LAYER_ASSIGNMENT (  '', '', ( #6075 ) ) ;
#6075 = STYLED_ITEM ( 'NONE', ( #6076 ), #13496 ) ;
#6076 = PRESENTATION_STYLE_ASSIGNMENT (( #6077 ) ) ;
#6077 = SURFACE_STYLE_USAGE ( .BOTH. , #6078 ) ;
#6078 = SURFACE_SIDE_STYLE ('',( #6079 ) ) ;
#6079 = SURFACE_STYLE_FILL_AREA ( #6080 ) ;
#6080 = FILL_AREA_STYLE ('',( #6087 ) ) ;
#6081 = COLOUR_RGB ( '',0.7529411764705882200, 0.7529411764705882200, 0.7529411764705882200 ) ;
#6082 = FACE_OUTER_BOUND ( 'NONE', #13491, .T. ) ;
#6083 = DIRECTION ( 'NONE',  ( 6.982966722218764100E-015, -3.491483361109382100E-015, 1.000000000000000000 ) ) ;
#6084 = VECTOR ( 'NONE', #6083, 1000.000000000000000 ) ;
#6085 = CARTESIAN_POINT ( 'NONE',  ( 0.2499999999999638300, 3.250000000000017800, -4.957106781186543500 ) ) ;
#6086 = LINE ( 'NONE', #6085, #6084 ) ;
#6087 = FILL_AREA_STYLE_COLOUR ( '', #6081 ) ;
#6088 = CARTESIAN_POINT ( 'NONE',  ( -5.750000000000034600, 3.750000000000016400, -4.499999999999951200 ) ) ;
#6089 = DIRECTION ( 'NONE',  ( 6.982966722218764100E-015, -3.324683026880842900E-015, 1.000000000000000000 ) ) ;
#6090 = DIRECTION ( 'NONE',  ( -2.321615093863447800E-029, -1.000000000000000000, -3.324683026880842900E-015 ) ) ;
#6091 = CARTESIAN_POINT ( 'NONE',  ( 11.95100000000003200, 1.599999999999981400, 4.749999999999917400 ) ) ;
#6092 = AXIS2_PLACEMENT_3D ( 'NONE', #6091, #6090, #6089 ) ;
#6093 = PLANE ( 'NONE',  #6092 ) ;
#6094 = FACE_OUTER_BOUND ( 'NONE', #13490, .T. ) ;
#6095 = DIRECTION ( 'NONE',  ( -3.469446951953586600E-015, 1.000000000000000000, 3.491483361109406100E-015 ) ) ;
#6096 = DIRECTION ( 'NONE',  ( 1.000000000000000000, 3.469446951953611000E-015, -6.982966722218752300E-015 ) ) ;
#6097 = CARTESIAN_POINT ( 'NONE',  ( 0.2499999999999621100, 3.750000000000018200, -4.957106781186541700 ) ) ;
#6098 = AXIS2_PLACEMENT_3D ( 'NONE', #6097, #6096, #6095 ) ;
#6099 = PLANE ( 'NONE',  #6098 ) ;
#6100 =( GEOMETRIC_REPRESENTATION_CONTEXT ( 3 ) GLOBAL_UNCERTAINTY_ASSIGNED_CONTEXT ( ( #6101 ) ) GLOBAL_UNIT_ASSIGNED_CONTEXT ( ( #6047, #6046, #6102 ) ) REPRESENTATION_CONTEXT ( 'NONE', 'WORKASPACE' ) );
#6101 = UNCERTAINTY_MEASURE_WITH_UNIT (LENGTH_MEASURE( 1.000000000000000100E-005 ), #6047, 'distance_accuracy_value', 'NONE');
#6102 =( NAMED_UNIT ( * ) SI_UNIT ( $, .STERADIAN. ) SOLID_ANGLE_UNIT ( ) );
#6103 = CARTESIAN_POINT ( 'NONE',  ( -9.999999999999984000, -8.023096076392732800E-015, 2.050000000000066000 ) ) ;
#6104 = DIRECTION ( 'NONE',  ( -2.438091212180733800E-029, -1.000000000000000000, -3.491483361109382500E-015 ) ) ;
#6105 = VECTOR ( 'NONE', #6104, 1000.000000000000000 ) ;
#6106 = CARTESIAN_POINT ( 'NONE',  ( 0.2499999999999653100, 3.750000000000016400, -4.499999999999992900 ) ) ;
#6107 = LINE ( 'NONE', #6106, #6105 ) ;
#6108 = DIRECTION ( 'NONE',  ( 1.045241367417237500E-014, -3.491483361109382100E-015, 1.000000000000000000 ) ) ;
#6109 = VECTOR ( 'NONE', #6108, 1000.000000000000000 ) ;
#6110 = CARTESIAN_POINT ( 'NONE',  ( 0.2499999999999629200, -2.999999999999984500, -4.728553390593289900 ) ) ;
#6111 = LINE ( 'NONE', #6110, #6109 ) ;
#6112 = CARTESIAN_POINT ( 'NONE',  ( 0.2499999999999651900, -2.999999999999984500, -4.500000000000016000 ) ) ;
#6113 = CARTESIAN_POINT ( 'NONE',  ( -9.999999999999973400, -1.322726650432315400E-014, 3.450000000000066300 ) ) ;
#6114 = DIRECTION ( 'NONE',  ( -1.000000000000000000, 0.0000000000000000000, 6.982966722218764100E-015 ) ) ;
#6115 = VECTOR ( 'NONE', #6114, 1000.000000000000000 ) ;
#6116 = CARTESIAN_POINT ( 'NONE',  ( -0.2500000000000334200, 3.750000000000016400, -4.499999999999989300 ) ) ;
#6117 = LINE ( 'NONE', #6116, #6115 ) ;
#6118 = DIRECTION ( 'NONE',  ( 2.438091212180733500E-029, 1.000000000000000000, 3.491483361109382100E-015 ) ) ;
#6119 = DIRECTION ( 'NONE',  ( 6.982966722218764100E-015, -3.491483361109382100E-015, 1.000000000000000000 ) ) ;
#6120 = CARTESIAN_POINT ( 'NONE',  ( -0.2500000000000334200, 3.750000000000016400, -4.499999999999989300 ) ) ;
#6121 = AXIS2_PLACEMENT_3D ( 'NONE', #6120, #6119, #6118 ) ;
#6122 = PLANE ( 'NONE',  #6121 ) ;
#6123 =( GEOMETRIC_REPRESENTATION_CONTEXT ( 3 ) GLOBAL_UNCERTAINTY_ASSIGNED_CONTEXT ( ( #6124 ) ) GLOBAL_UNIT_ASSIGNED_CONTEXT ( ( #6072, #6126, #6125 ) ) REPRESENTATION_CONTEXT ( 'NONE', 'WORKASPACE' ) );
#6124 = UNCERTAINTY_MEASURE_WITH_UNIT (LENGTH_MEASURE( 1.000000000000000100E-005 ), #6072, 'distance_accuracy_value', 'NONE');
#6125 =( NAMED_UNIT ( * ) SI_UNIT ( $, .STERADIAN. ) SOLID_ANGLE_UNIT ( ) );
#6126 =( NAMED_UNIT ( * ) PLANE_ANGLE_UNIT ( ) SI_UNIT ( $, .RADIAN. ) );
#6127 = FACE_OUTER_BOUND ( 'NONE', #6528, .T. ) ;
#6128 = DIRECTION ( 'NONE',  ( 1.000000000000000000, 0.0000000000000000000, -6.982966722218764100E-015 ) ) ;
#6129 = DIRECTION ( 'NONE',  ( -2.438091212180733500E-029, -1.000000000000000000, -3.491483361109382100E-015 ) ) ;
#6130 = CARTESIAN_POINT ( 'NONE',  ( -8.250000000000039100, 3.250000000000017800, -4.957106781186484800 ) ) ;
#6131 = AXIS2_PLACEMENT_3D ( 'NONE', #6130, #6129, #6128 ) ;
#6132 = FILL_AREA_STYLE_COLOUR ( '', #6185 ) ;
#6133 = PLANE ( 'NONE',  #6131 ) ;
#6134 =( GEOMETRIC_REPRESENTATION_CONTEXT ( 3 ) GLOBAL_UNCERTAINTY_ASSIGNED_CONTEXT ( ( #6135 ) ) GLOBAL_UNIT_ASSIGNED_CONTEXT ( ( #6138, #6137, #6136 ) ) REPRESENTATION_CONTEXT ( 'NONE', 'WORKASPACE' ) );
#6135 = UNCERTAINTY_MEASURE_WITH_UNIT (LENGTH_MEASURE( 1.000000000000000100E-005 ), #6138, 'distance_accuracy_value', 'NONE');
#6136 =( NAMED_UNIT ( * ) SI_UNIT ( $, .STERADIAN. ) SOLID_ANGLE_UNIT ( ) );
#6137 =( NAMED_UNIT ( * ) PLANE_ANGLE_UNIT ( ) SI_UNIT ( $, .RADIAN. ) );
#6138 =( LENGTH_UNIT ( ) NAMED_UNIT ( * ) SI_UNIT ( .MILLI., .METRE. ) );
#6139 = MECHANICAL_DESIGN_GEOMETRIC_PRESENTATION_REPRESENTATION (  '', ( #6141 ), #6134 ) ;
#6140 = PRESENTATION_LAYER_ASSIGNMENT (  '', '', ( #6141 ) ) ;
#6141 = STYLED_ITEM ( 'NONE', ( #6142 ), #13516 ) ;
#6142 = PRESENTATION_STYLE_ASSIGNMENT (( #6143 ) ) ;
#6143 = SURFACE_STYLE_USAGE ( .BOTH. , #6144 ) ;
#6144 = SURFACE_SIDE_STYLE ('',( #6145 ) ) ;
#6145 = SURFACE_STYLE_FILL_AREA ( #6146 ) ;
#6146 = FILL_AREA_STYLE ('',( #6153 ) ) ;
#6147 = COLOUR_RGB ( '',0.7529411764705882200, 0.7529411764705882200, 0.7529411764705882200 ) ;
#6148 = FACE_OUTER_BOUND ( 'NONE', #13512, .T. ) ;
#6149 = DIRECTION ( 'NONE',  ( 6.982966722218764100E-015, -3.491483361109382100E-015, 1.000000000000000000 ) ) ;
#6150 = VECTOR ( 'NONE', #6149, 1000.000000000000000 ) ;
#6151 = CARTESIAN_POINT ( 'NONE',  ( -8.250000000000039100, 3.250000000000017800, -4.957106781186484800 ) ) ;
#6152 = LINE ( 'NONE', #6151, #6150 ) ;
#6153 = FILL_AREA_STYLE_COLOUR ( '', #6147 ) ;
#6154 = DIRECTION ( 'NONE',  ( 1.000000000000000000, 0.0000000000000000000, -6.982966722218764100E-015 ) ) ;
#6155 = VECTOR ( 'NONE', #6154, 1000.000000000000000 ) ;
#6156 = CARTESIAN_POINT ( 'NONE',  ( -9.999999999999984000, -8.023096076392732800E-015, 2.050000000000066000 ) ) ;
#6157 = LINE ( 'NONE', #6156, #6155 ) ;
#6158 = VECTOR ( 'NONE', #6217, 1000.000000000000000 ) ;
#6159 = CARTESIAN_POINT ( 'NONE',  ( -8.250000000000039100, 3.750000000000018200, -4.957106781186483100 ) ) ;
#6160 = LINE ( 'NONE', #6159, #6158 ) ;
#6161 = FILL_AREA_STYLE_COLOUR ( '', #6215 ) ;
#6162 = CARTESIAN_POINT ( 'NONE',  ( -8.250000000000035500, 3.750000000000016400, -4.499999999999933400 ) ) ;
#6163 = DIRECTION ( 'NONE',  ( 6.982966722218764100E-015, -3.491483361109382100E-015, 1.000000000000000000 ) ) ;
#6164 = VECTOR ( 'NONE', #6163, 1000.000000000000000 ) ;
#6165 = CARTESIAN_POINT ( 'NONE',  ( -7.750000000000038200, 3.250000000000017800, -4.957106781186488400 ) ) ;
#6166 = LINE ( 'NONE', #6165, #6164 ) ;
#6167 = DIRECTION ( 'NONE',  ( -3.469446951953586600E-015, 1.000000000000000000, 3.491483361109406100E-015 ) ) ;
#6168 = DIRECTION ( 'NONE',  ( 1.000000000000000000, 3.469446951953611000E-015, -6.982966722218752300E-015 ) ) ;
#6169 = CARTESIAN_POINT ( 'NONE',  ( -7.750000000000040000, 3.750000000000018200, -4.957106781186486600 ) ) ;
#6170 = AXIS2_PLACEMENT_3D ( 'NONE', #6169, #6168, #6167 ) ;
#6171 = PLANE ( 'NONE',  #6170 ) ;
#6172 =( GEOMETRIC_REPRESENTATION_CONTEXT ( 3 ) GLOBAL_UNCERTAINTY_ASSIGNED_CONTEXT ( ( #6173 ) ) GLOBAL_UNIT_ASSIGNED_CONTEXT ( ( #6176, #6175, #6174 ) ) REPRESENTATION_CONTEXT ( 'NONE', 'WORKASPACE' ) );
#6173 = UNCERTAINTY_MEASURE_WITH_UNIT (LENGTH_MEASURE( 1.000000000000000100E-005 ), #6176, 'distance_accuracy_value', 'NONE');
#6174 =( NAMED_UNIT ( * ) SI_UNIT ( $, .STERADIAN. ) SOLID_ANGLE_UNIT ( ) );
#6175 =( NAMED_UNIT ( * ) PLANE_ANGLE_UNIT ( ) SI_UNIT ( $, .RADIAN. ) );
#6176 =( LENGTH_UNIT ( ) NAMED_UNIT ( * ) SI_UNIT ( .MILLI., .METRE. ) );
#6177 = MECHANICAL_DESIGN_GEOMETRIC_PRESENTATION_REPRESENTATION (  '', ( #6179 ), #6172 ) ;
#6178 = PRESENTATION_LAYER_ASSIGNMENT (  '', '', ( #6179 ) ) ;
#6179 = STYLED_ITEM ( 'NONE', ( #6180 ), #13518 ) ;
#6180 = PRESENTATION_STYLE_ASSIGNMENT (( #6181 ) ) ;
#6181 = SURFACE_STYLE_USAGE ( .BOTH. , #6182 ) ;
#6182 = SURFACE_SIDE_STYLE ('',( #6183 ) ) ;
#6183 = SURFACE_STYLE_FILL_AREA ( #6184 ) ;
#6184 = FILL_AREA_STYLE ('',( #6132 ) ) ;
#6185 = COLOUR_RGB ( '',0.7529411764705882200, 0.7529411764705882200, 0.7529411764705882200 ) ;
#6186 = MECHANICAL_DESIGN_GEOMETRIC_PRESENTATION_REPRESENTATION (  '', ( #6188 ), #6238 ) ;
#6187 = PRESENTATION_LAYER_ASSIGNMENT (  '', '', ( #6188 ) ) ;
#6188 = STYLED_ITEM ( 'NONE', ( #6189 ), #13531 ) ;
#6189 = PRESENTATION_STYLE_ASSIGNMENT (( #6190 ) ) ;
#6190 = SURFACE_STYLE_USAGE ( .BOTH. , #6191 ) ;
#6191 = SURFACE_SIDE_STYLE ('',( #6192 ) ) ;
#6192 = SURFACE_STYLE_FILL_AREA ( #6193 ) ;
#6193 = FILL_AREA_STYLE ('',( #6200 ) ) ;
#6194 = COLOUR_RGB ( '',0.7529411764705882200, 0.7529411764705882200, 0.7529411764705882200 ) ;
#6195 = FACE_OUTER_BOUND ( 'NONE', #9, .T. ) ;
#6196 = DIRECTION ( 'NONE',  ( -2.438091212180733500E-029, -1.000000000000000000, -3.491483361109382100E-015 ) ) ;
#6197 = DIRECTION ( 'NONE',  ( -1.000000000000000000, 0.0000000000000000000, 6.982966722218764100E-015 ) ) ;
#6198 = CARTESIAN_POINT ( 'NONE',  ( -8.250000000000039100, 3.750000000000018200, -4.957106781186483100 ) ) ;
#6199 = AXIS2_PLACEMENT_3D ( 'NONE', #6198, #6197, #6196 ) ;
#6200 = FILL_AREA_STYLE_COLOUR ( '', #6194 ) ;
#6201 = PLANE ( 'NONE',  #6199 ) ;
#6202 =( GEOMETRIC_REPRESENTATION_CONTEXT ( 3 ) GLOBAL_UNCERTAINTY_ASSIGNED_CONTEXT ( ( #6203 ) ) GLOBAL_UNIT_ASSIGNED_CONTEXT ( ( #6206, #6205, #6204 ) ) REPRESENTATION_CONTEXT ( 'NONE', 'WORKASPACE' ) );
#6203 = UNCERTAINTY_MEASURE_WITH_UNIT (LENGTH_MEASURE( 1.000000000000000100E-005 ), #6206, 'distance_accuracy_value', 'NONE');
#6204 =( NAMED_UNIT ( * ) SI_UNIT ( $, .STERADIAN. ) SOLID_ANGLE_UNIT ( ) );
#6205 =( NAMED_UNIT ( * ) PLANE_ANGLE_UNIT ( ) SI_UNIT ( $, .RADIAN. ) );
#6206 =( LENGTH_UNIT ( ) NAMED_UNIT ( * ) SI_UNIT ( .MILLI., .METRE. ) );
#6207 = MECHANICAL_DESIGN_GEOMETRIC_PRESENTATION_REPRESENTATION (  '', ( #6209 ), #6202 ) ;
#6208 = PRESENTATION_LAYER_ASSIGNMENT (  '', '', ( #6209 ) ) ;
#6209 = STYLED_ITEM ( 'NONE', ( #6210 ), #13525 ) ;
#6210 = PRESENTATION_STYLE_ASSIGNMENT (( #6211 ) ) ;
#6211 = SURFACE_STYLE_USAGE ( .BOTH. , #6212 ) ;
#6212 = SURFACE_SIDE_STYLE ('',( #6213 ) ) ;
#6213 = SURFACE_STYLE_FILL_AREA ( #6214 ) ;
#6214 = FILL_AREA_STYLE ('',( #6161 ) ) ;
#6215 = COLOUR_RGB ( '',0.7529411764705882200, 0.7529411764705882200, 0.7529411764705882200 ) ;
#6216 = FACE_OUTER_BOUND ( 'NONE', #13524, .T. ) ;
#6217 = DIRECTION ( 'NONE',  ( 6.982966722218764100E-015, -3.491483361109382100E-015, 1.000000000000000000 ) ) ;
#6218 = UNCERTAINTY_MEASURE_WITH_UNIT (LENGTH_MEASURE( 1.000000000000000100E-005 ), #6221, 'distance_accuracy_value', 'NONE');
#6219 =( NAMED_UNIT ( * ) SI_UNIT ( $, .STERADIAN. ) SOLID_ANGLE_UNIT ( ) );
#6220 =( NAMED_UNIT ( * ) PLANE_ANGLE_UNIT ( ) SI_UNIT ( $, .RADIAN. ) );
#6221 =( LENGTH_UNIT ( ) NAMED_UNIT ( * ) SI_UNIT ( .MILLI., .METRE. ) );
#6222 = MECHANICAL_DESIGN_GEOMETRIC_PRESENTATION_REPRESENTATION (  '', ( #6224 ), #6268 ) ;
#6223 = PRESENTATION_LAYER_ASSIGNMENT (  '', '', ( #6224 ) ) ;
#6224 = STYLED_ITEM ( 'NONE', ( #6225 ), #13536 ) ;
#6225 = PRESENTATION_STYLE_ASSIGNMENT (( #6226 ) ) ;
#6226 = SURFACE_STYLE_USAGE ( .BOTH. , #6227 ) ;
#6227 = SURFACE_SIDE_STYLE ('',( #6228 ) ) ;
#6228 = SURFACE_STYLE_FILL_AREA ( #6229 ) ;
#6229 = FILL_AREA_STYLE ('',( #6236 ) ) ;
#6230 = COLOUR_RGB ( '',0.7529411764705882200, 0.7529411764705882200, 0.7529411764705882200 ) ;
#6231 = FACE_OUTER_BOUND ( 'NONE', #13534, .T. ) ;
#6232 = DIRECTION ( 'NONE',  ( -2.438091212180733500E-029, -1.000000000000000000, -3.491483361109382100E-015 ) ) ;
#6233 = DIRECTION ( 'NONE',  ( -1.000000000000000000, 0.0000000000000000000, 6.982966722218764100E-015 ) ) ;
#6234 = CARTESIAN_POINT ( 'NONE',  ( -8.250000000000039100, 3.750000000000018200, -4.957106781186483100 ) ) ;
#6235 = AXIS2_PLACEMENT_3D ( 'NONE', #6234, #6233, #6232 ) ;
#6236 = FILL_AREA_STYLE_COLOUR ( '', #6230 ) ;
#6237 = PLANE ( 'NONE',  #6235 ) ;
#6238 =( GEOMETRIC_REPRESENTATION_CONTEXT ( 3 ) GLOBAL_UNCERTAINTY_ASSIGNED_CONTEXT ( ( #6239 ) ) GLOBAL_UNIT_ASSIGNED_CONTEXT ( ( #6242, #6241, #6240 ) ) REPRESENTATION_CONTEXT ( 'NONE', 'WORKASPACE' ) );
#6239 = UNCERTAINTY_MEASURE_WITH_UNIT (LENGTH_MEASURE( 1.000000000000000100E-005 ), #6242, 'distance_accuracy_value', 'NONE');
#6240 =( NAMED_UNIT ( * ) SI_UNIT ( $, .STERADIAN. ) SOLID_ANGLE_UNIT ( ) );
#6241 =( NAMED_UNIT ( * ) PLANE_ANGLE_UNIT ( ) SI_UNIT ( $, .RADIAN. ) );
#6242 =( LENGTH_UNIT ( ) NAMED_UNIT ( * ) SI_UNIT ( .MILLI., .METRE. ) );
#6243 = CARTESIAN_POINT ( 'NONE',  ( -0.2500000000000298600, 3.250000000000014200, -3.999999999999990700 ) ) ;
#6244 = DIRECTION ( 'NONE',  ( -6.982966722218764100E-015, 3.491483361109382100E-015, -1.000000000000000000 ) ) ;
#6245 = VECTOR ( 'NONE', #6244, 1000.000000000000000 ) ;
#6246 = CARTESIAN_POINT ( 'NONE',  ( -8.250000000000037300, -2.999999999999984500, -4.728553390593231300 ) ) ;
#6247 = LINE ( 'NONE', #6246, #6245 ) ;
#6248 = DIRECTION ( 'NONE',  ( 6.982966722218764100E-015, -3.491483361109382100E-015, 1.000000000000000000 ) ) ;
#6249 = VECTOR ( 'NONE', #6248, 1000.000000000000000 ) ;
#6250 = CARTESIAN_POINT ( 'NONE',  ( -8.250000000000039100, 3.250000000000017800, -4.957106781186484800 ) ) ;
#6251 = LINE ( 'NONE', #6250, #6249 ) ;
#6252 = DIRECTION ( 'NONE',  ( -2.438091212180733800E-029, -1.000000000000000000, -3.491483361109382500E-015 ) ) ;
#6253 = VECTOR ( 'NONE', #6252, 1000.000000000000000 ) ;
#6254 = CARTESIAN_POINT ( 'NONE',  ( -8.250000000000032000, 3.250000000000014200, -3.999999999999935200 ) ) ;
#6255 = LINE ( 'NONE', #6254, #6253 ) ;
#6256 = CARTESIAN_POINT ( 'NONE',  ( -8.250000000000035500, -2.999999999999984500, -4.499999999999957400 ) ) ;
#6257 = CARTESIAN_POINT ( 'NONE',  ( -8.250000000000032000, 3.250000000000014200, -3.999999999999935200 ) ) ;
#6258 = DIRECTION ( 'NONE',  ( -2.438091212180733800E-029, -1.000000000000000000, -3.491483361109382500E-015 ) ) ;
#6259 = VECTOR ( 'NONE', #6258, 1000.000000000000000 ) ;
#6260 = CARTESIAN_POINT ( 'NONE',  ( -8.250000000000035500, 3.750000000000016400, -4.499999999999933400 ) ) ;
#6261 = LINE ( 'NONE', #6260, #6259 ) ;
#6262 = CARTESIAN_POINT ( 'NONE',  ( -8.250000000000032000, -2.999999999999986200, -3.999999999999956900 ) ) ;
#6263 = DIRECTION ( 'NONE',  ( 1.000000000000000000, 0.0000000000000000000, -6.982966722218764100E-015 ) ) ;
#6264 = DIRECTION ( 'NONE',  ( -2.438091212180733500E-029, -1.000000000000000000, -3.491483361109382100E-015 ) ) ;
#6265 = CARTESIAN_POINT ( 'NONE',  ( -8.250000000000039100, 3.250000000000017800, -4.957106781186484800 ) ) ;
#6266 = AXIS2_PLACEMENT_3D ( 'NONE', #6265, #6264, #6263 ) ;
#6267 = PLANE ( 'NONE',  #6266 ) ;
#6268 =( GEOMETRIC_REPRESENTATION_CONTEXT ( 3 ) GLOBAL_UNCERTAINTY_ASSIGNED_CONTEXT ( ( #6218 ) ) GLOBAL_UNIT_ASSIGNED_CONTEXT ( ( #6221, #6220, #6219 ) ) REPRESENTATION_CONTEXT ( 'NONE', 'WORKASPACE' ) );
#6269 = DIRECTION ( 'NONE',  ( 1.000000000000000000, 3.469446951953611000E-015, -6.982966722218752300E-015 ) ) ;
#6270 = CARTESIAN_POINT ( 'NONE',  ( -7.750000000000040000, 3.750000000000018200, -4.957106781186486600 ) ) ;
#6271 = AXIS2_PLACEMENT_3D ( 'NONE', #6270, #6269, #6324 ) ;
#6272 = PLANE ( 'NONE',  #6271 ) ;
#6273 =( GEOMETRIC_REPRESENTATION_CONTEXT ( 3 ) GLOBAL_UNCERTAINTY_ASSIGNED_CONTEXT ( ( #6274 ) ) GLOBAL_UNIT_ASSIGNED_CONTEXT ( ( #6277, #6276, #6275 ) ) REPRESENTATION_CONTEXT ( 'NONE', 'WORKASPACE' ) );
#6274 = UNCERTAINTY_MEASURE_WITH_UNIT (LENGTH_MEASURE( 1.000000000000000100E-005 ), #6277, 'distance_accuracy_value', 'NONE');
#6275 =( NAMED_UNIT ( * ) SI_UNIT ( $, .STERADIAN. ) SOLID_ANGLE_UNIT ( ) );
#6276 =( NAMED_UNIT ( * ) PLANE_ANGLE_UNIT ( ) SI_UNIT ( $, .RADIAN. ) );
#6277 =( LENGTH_UNIT ( ) NAMED_UNIT ( * ) SI_UNIT ( .MILLI., .METRE. ) );
#6278 = MECHANICAL_DESIGN_GEOMETRIC_PRESENTATION_REPRESENTATION (  '', ( #6280 ), #6273 ) ;
#6279 = PRESENTATION_LAYER_ASSIGNMENT (  '', '', ( #6280 ) ) ;
#6280 = STYLED_ITEM ( 'NONE', ( #6281 ), #13554 ) ;
#6281 = PRESENTATION_STYLE_ASSIGNMENT (( #6282 ) ) ;
#6282 = SURFACE_STYLE_USAGE ( .BOTH. , #6283 ) ;
#6283 = SURFACE_SIDE_STYLE ('',( #6284 ) ) ;
#6284 = SURFACE_STYLE_FILL_AREA ( #6285 ) ;
#6285 = FILL_AREA_STYLE ('',( #6292 ) ) ;
#6286 = COLOUR_RGB ( '',0.7529411764705882200, 0.7529411764705882200, 0.7529411764705882200 ) ;
#6287 = FACE_OUTER_BOUND ( 'NONE', #13556, .T. ) ;
#6288 = DIRECTION ( 'NONE',  ( -2.438091212180733800E-029, -1.000000000000000000, -3.491483361109382500E-015 ) ) ;
#6289 = VECTOR ( 'NONE', #6288, 1000.000000000000000 ) ;
#6290 = CARTESIAN_POINT ( 'NONE',  ( -7.750000000000031100, 3.250000000000014200, -3.999999999999938700 ) ) ;
#6291 = LINE ( 'NONE', #6290, #6289 ) ;
#6292 = FILL_AREA_STYLE_COLOUR ( '', #6286 ) ;
#6293 = CARTESIAN_POINT ( 'NONE',  ( -7.750000000000031100, -2.999999999999984500, -3.999999999999960000 ) ) ;
#6294 = DIRECTION ( 'NONE',  ( -2.438091212180733800E-029, -1.000000000000000000, -3.491483361109382500E-015 ) ) ;
#6295 = VECTOR ( 'NONE', #6294, 1000.000000000000000 ) ;
#6296 = CARTESIAN_POINT ( 'NONE',  ( -0.2500000000000298600, 3.250000000000014200, -3.999999999999990700 ) ) ;
#6297 = LINE ( 'NONE', #6296, #6295 ) ;
#6298 = PLANE ( 'NONE',  #6343 ) ;
#6299 =( GEOMETRIC_REPRESENTATION_CONTEXT ( 3 ) GLOBAL_UNCERTAINTY_ASSIGNED_CONTEXT ( ( #6300 ) ) GLOBAL_UNIT_ASSIGNED_CONTEXT ( ( #6303, #6302, #6301 ) ) REPRESENTATION_CONTEXT ( 'NONE', 'WORKASPACE' ) );
#6300 = UNCERTAINTY_MEASURE_WITH_UNIT (LENGTH_MEASURE( 1.000000000000000100E-005 ), #6303, 'distance_accuracy_value', 'NONE');
#6301 =( NAMED_UNIT ( * ) SI_UNIT ( $, .STERADIAN. ) SOLID_ANGLE_UNIT ( ) );
#6302 =( NAMED_UNIT ( * ) PLANE_ANGLE_UNIT ( ) SI_UNIT ( $, .RADIAN. ) );
#6303 =( LENGTH_UNIT ( ) NAMED_UNIT ( * ) SI_UNIT ( .MILLI., .METRE. ) );
#6304 = MECHANICAL_DESIGN_GEOMETRIC_PRESENTATION_REPRESENTATION (  '', ( #6306 ), #6299 ) ;
#6305 = PRESENTATION_LAYER_ASSIGNMENT (  '', '', ( #6306 ) ) ;
#6306 = STYLED_ITEM ( 'NONE', ( #6307 ), #13568 ) ;
#6307 = PRESENTATION_STYLE_ASSIGNMENT (( #6308 ) ) ;
#6308 = SURFACE_STYLE_USAGE ( .BOTH. , #6309 ) ;
#6309 = SURFACE_SIDE_STYLE ('',( #6310 ) ) ;
#6310 = SURFACE_STYLE_FILL_AREA ( #6311 ) ;
#6311 = FILL_AREA_STYLE ('',( #6318 ) ) ;
#6312 = COLOUR_RGB ( '',0.7529411764705882200, 0.7529411764705882200, 0.7529411764705882200 ) ;
#6313 = FACE_OUTER_BOUND ( 'NONE', #13560, .T. ) ;
#6314 = DIRECTION ( 'NONE',  ( 1.000000000000000000, 0.0000000000000000000, -6.982966722218764100E-015 ) ) ;
#6315 = VECTOR ( 'NONE', #6314, 1000.000000000000000 ) ;
#6316 = CARTESIAN_POINT ( 'NONE',  ( -8.250000000000032000, 3.250000000000014200, -3.999999999999935200 ) ) ;
#6317 = LINE ( 'NONE', #6316, #6315 ) ;
#6318 = FILL_AREA_STYLE_COLOUR ( '', #6312 ) ;
#6319 = CARTESIAN_POINT ( 'NONE',  ( -7.750000000000031100, 3.250000000000014200, -3.999999999999938700 ) ) ;
#6320 = DIRECTION ( 'NONE',  ( 6.982966722218764100E-015, -3.491483361109382100E-015, 1.000000000000000000 ) ) ;
#6321 = VECTOR ( 'NONE', #6320, 1000.000000000000000 ) ;
#6322 = CARTESIAN_POINT ( 'NONE',  ( -7.750000000000038200, 3.250000000000017800, -4.957106781186488400 ) ) ;
#6323 = LINE ( 'NONE', #6322, #6321 ) ;
#6324 = DIRECTION ( 'NONE',  ( -3.469446951953586600E-015, 1.000000000000000000, 3.491483361109406100E-015 ) ) ;
#6325 = DIRECTION ( 'NONE',  ( 1.000000000000000000, 0.0000000000000000000, 0.0000000000000000000 ) ) ;
#6326 = DIRECTION ( 'NONE',  ( 0.0000000000000000000, 0.0000000000000000000, 1.000000000000000000 ) ) ;
#6327 = CARTESIAN_POINT ( 'NONE',  ( 0.0000000000000000000, 0.0000000000000000000, 0.0000000000000000000 ) ) ;
#6328 = AXIS2_PLACEMENT_3D ( 'NONE', #6327, #6326, #6325 ) ;
#6329 = ADVANCED_BREP_SHAPE_REPRESENTATION ( 'S22B-PHDSS', ( #7218, #6328 ), #6330 ) ;
#6330 =( GEOMETRIC_REPRESENTATION_CONTEXT ( 3 ) GLOBAL_UNCERTAINTY_ASSIGNED_CONTEXT ( ( #6331 ) ) GLOBAL_UNIT_ASSIGNED_CONTEXT ( ( #6335, #6334, #6332 ) ) REPRESENTATION_CONTEXT ( 'NONE', 'WORKASPACE' ) );
#6331 = UNCERTAINTY_MEASURE_WITH_UNIT (LENGTH_MEASURE( 1.000000000000000100E-005 ), #6335, 'distance_accuracy_value', 'NONE');
#6332 =( NAMED_UNIT ( * ) SI_UNIT ( $, .STERADIAN. ) SOLID_ANGLE_UNIT ( ) );
#6333 = EDGE_CURVE ( 'NONE', #2282, #6363, #10409, .T. ) ;
#6334 =( NAMED_UNIT ( * ) PLANE_ANGLE_UNIT ( ) SI_UNIT ( $, .RADIAN. ) );
#6335 =( LENGTH_UNIT ( ) NAMED_UNIT ( * ) SI_UNIT ( .MILLI., .METRE. ) );
#6336 = DIRECTION ( 'NONE',  ( 6.982966722218764100E-015, -3.491483361109382100E-015, 1.000000000000000000 ) ) ;
#6337 = VECTOR ( 'NONE', #6336, 1000.000000000000000 ) ;
#6338 = CARTESIAN_POINT ( 'NONE',  ( -7.750000000000040000, 3.750000000000018200, -4.957106781186486600 ) ) ;
#6339 = LINE ( 'NONE', #6338, #6337 ) ;
#6340 = DIRECTION ( 'NONE',  ( -1.000000000000000000, 0.0000000000000000000, 6.982966722218764100E-015 ) ) ;
#6341 = DIRECTION ( 'NONE',  ( 2.438091212180733500E-029, 1.000000000000000000, 3.491483361109382100E-015 ) ) ;
#6342 = CARTESIAN_POINT ( 'NONE',  ( -8.250000000000039100, 3.750000000000018200, -4.957106781186483100 ) ) ;
#6343 = AXIS2_PLACEMENT_3D ( 'NONE', #6342, #6341, #6340 ) ;
#6344 = PRODUCT_DEFINITION_SHAPE ( 'NONE', 'NONE',  #6347 ) ;
#6345 = PRODUCT_RELATED_PRODUCT_CATEGORY ( 'part', '', ( #6352 ) ) ;
#6346 = PRODUCT_DEFINITION_FORMATION_WITH_SPECIFIED_SOURCE ( 'ANY', '', #6352, .NOT_KNOWN. ) ;
#6347 = PRODUCT_DEFINITION ( 'UNKNOWN', '', #6346, #6348 ) ;
#6348 = PRODUCT_DEFINITION_CONTEXT ( 'detailed design', #6350, 'design' ) ;
#6349 = APPLICATION_PROTOCOL_DEFINITION ( 'draft international standard', 'automotive_design', 1998, #6350 ) ;
#6350 = APPLICATION_CONTEXT ( 'automotive_design' ) ;
#6351 = SHAPE_DEFINITION_REPRESENTATION ( #6344, #6329 ) ;
#6352 = PRODUCT ( 'S22B-PHDSS', 'S22B-PHDSS', '', ( #6353 ) ) ;
#6353 = PRODUCT_CONTEXT ( 'NONE', #6355, 'mechanical' ) ;
#6354 = APPLICATION_PROTOCOL_DEFINITION ( 'draft international standard', 'automotive_design', 1998, #6355 ) ;
#6355 = APPLICATION_CONTEXT ( 'automotive_design' ) ;
#6356 = ORIENTED_EDGE ( 'NONE', *, *, #6333, .F. ) ;
#6357 = EDGE_CURVE ( 'NONE', #6361, #7201, #10405, .T. ) ;
#6358 = VERTEX_POINT ( 'NONE', #10401 ) ;
#6359 = ORIENTED_EDGE ( 'NONE', *, *, #6360, .T. ) ;
#6360 = EDGE_CURVE ( 'NONE', #6358, #6363, #10400, .T. ) ;
#6361 = VERTEX_POINT ( 'NONE', #10451 ) ;
#6362 = ORIENTED_EDGE ( 'NONE', *, *, #6357, .T. ) ;
#6363 = VERTEX_POINT ( 'NONE', #10450 ) ;
#6364 = EDGE_LOOP ( 'NONE', ( #5694, #6407, #6408, #6411 ) ) ;
#6365 = EDGE_CURVE ( 'NONE', #13493, #6379, #10449, .T. ) ;
#6366 = VERTEX_POINT ( 'NONE', #10445 ) ;
#6367 = EDGE_CURVE ( 'NONE', #4403, #4607, #10443, .T. ) ;
#6368 = ORIENTED_EDGE ( 'NONE', *, *, #6369, .F. ) ;
#6369 = EDGE_CURVE ( 'NONE', #6361, #4403, #10439, .T. ) ;
#6370 = VERTEX_POINT ( 'NONE', #10435 ) ;
#6371 = EDGE_CURVE ( 'NONE', #6358, #6892, #10434, .T. ) ;
#6372 = EDGE_CURVE ( 'NONE', #6366, #3599, #10430, .T. ) ;
#6373 = ADVANCED_FACE ( 'NONE', ( #10426 ), #10425, .T. ) ;
#6374 = EDGE_CURVE ( 'NONE', #4967, #7259, #10479, .T. ) ;
#6375 = ORIENTED_EDGE ( 'NONE', *, *, #7261, .F. ) ;
#6376 = ORIENTED_EDGE ( 'NONE', *, *, #6381, .T. ) ;
#6377 = VERTEX_POINT ( 'NONE', #10475 ) ;
#6378 = ORIENTED_EDGE ( 'NONE', *, *, #6385, .F. ) ;
#6379 = VERTEX_POINT ( 'NONE', #10474 ) ;
#6380 = ORIENTED_EDGE ( 'NONE', *, *, #6374, .F. ) ;
#6381 = EDGE_CURVE ( 'NONE', #4967, #6377, #10472, .T. ) ;
#6382 = ORIENTED_EDGE ( 'NONE', *, *, #6962, .T. ) ;
#6383 = ADVANCED_FACE ( 'NONE', ( #10468 ), #10453, .T. ) ;
#6384 = EDGE_LOOP ( 'NONE', ( #6386, #6456, #6458, #6447, #6448, #6433, #6445, #6412, #6466, #6461, #6463 ) ) ;
#6385 = EDGE_CURVE ( 'NONE', #6379, #6377, #10507, .T. ) ;
#6386 = ORIENTED_EDGE ( 'NONE', *, *, #6372, .F. ) ;
#6387 = EDGE_LOOP ( 'NONE', ( #6391, #6509, #6493, #6492 ) ) ;
#6388 = EDGE_CURVE ( 'NONE', #5558, #6394, #10503, .T. ) ;
#6389 = ORIENTED_EDGE ( 'NONE', *, *, #6374, .T. ) ;
#6390 = ORIENTED_EDGE ( 'NONE', *, *, #5458, .T. ) ;
#6391 = ORIENTED_EDGE ( 'NONE', *, *, #6510, .F. ) ;
#6392 = ORIENTED_EDGE ( 'NONE', *, *, #6603, .T. ) ;
#6393 = EDGE_CURVE ( 'NONE', #6394, #5191, #10499, .T. ) ;
#6394 = VERTEX_POINT ( 'NONE', #10495 ) ;
#6395 = ORIENTED_EDGE ( 'NONE', *, *, #6388, .F. ) ;
#6396 = ADVANCED_FACE ( 'NONE', ( #10494 ), #10539, .T. ) ;
#6397 = ORIENTED_EDGE ( 'NONE', *, *, #6393, .F. ) ;
#6398 =( LENGTH_UNIT ( ) NAMED_UNIT ( * ) SI_UNIT ( .MILLI., .METRE. ) );
#6399 = EDGE_LOOP ( 'NONE', ( #6431, #6427, #6428, #6429 ) ) ;
#6400 = EDGE_CURVE ( 'NONE', #208, #7318, #10534, .T. ) ;
#6401 = ORIENTED_EDGE ( 'NONE', *, *, #6400, .T. ) ;
#6402 = VERTEX_POINT ( 'NONE', #10530 ) ;
#6403 = ORIENTED_EDGE ( 'NONE', *, *, #4722, .T. ) ;
#6404 = CARTESIAN_POINT ( 'NONE',  ( -10.25000000000002300, 1.250000000000011300, -2.957106781186478200 ) ) ;
#6405 = ADVANCED_FACE ( 'NONE', ( #10529 ), #10566, .F. ) ;
#6406 = ORIENTED_EDGE ( 'NONE', *, *, #13506, .T. ) ;
#6407 = ORIENTED_EDGE ( 'NONE', *, *, #13486, .F. ) ;
#6408 = ORIENTED_EDGE ( 'NONE', *, *, #7162, .F. ) ;
#6409 = EDGE_CURVE ( 'NONE', #13481, #7178, #10560, .T. ) ;
#6410 = ADVANCED_FACE ( 'NONE', ( #10556 ), #10541, .T. ) ;
#6411 = ORIENTED_EDGE ( 'NONE', *, *, #13550, .T. ) ;
#6412 = ORIENTED_EDGE ( 'NONE', *, *, #6435, .F. ) ;
#6413 = ADVANCED_FACE ( 'NONE', ( #10589 ), #10574, .F. ) ;
#6414 = VERTEX_POINT ( 'NONE', #10569 ) ;
#6415 = ORIENTED_EDGE ( 'NONE', *, *, #6416, .T. ) ;
#6416 = EDGE_CURVE ( 'NONE', #6418, #6420, #10568, .T. ) ;
#6417 = VERTEX_POINT ( 'NONE', #10622 ) ;
#6418 = VERTEX_POINT ( 'NONE', #10621 ) ;
#6419 = ORIENTED_EDGE ( 'NONE', *, *, #7175, .F. ) ;
#6420 = VERTEX_POINT ( 'NONE', #10620 ) ;
#6421 = VERTEX_POINT ( 'NONE', #10619 ) ;
#6422 = ORIENTED_EDGE ( 'NONE', *, *, #13499, .F. ) ;
#6423 = EDGE_CURVE ( 'NONE', #6417, #6418, #10617, .T. ) ;
#6424 = EDGE_LOOP ( 'NONE', ( #6425, #6415, #6639, #6662 ) ) ;
#6425 = ORIENTED_EDGE ( 'NONE', *, *, #6423, .T. ) ;
#6426 = EDGE_LOOP ( 'NONE', ( #13443, #6670, #6667, #6666 ) ) ;
#6427 = ORIENTED_EDGE ( 'NONE', *, *, #6409, .T. ) ;
#6428 = ORIENTED_EDGE ( 'NONE', *, *, #205, .T. ) ;
#6429 = ORIENTED_EDGE ( 'NONE', *, *, #7038, .T. ) ;
#6430 = ADVANCED_FACE ( 'NONE', ( #10613 ), #10598, .T. ) ;
#6431 = ORIENTED_EDGE ( 'NONE', *, *, #13505, .T. ) ;
#6432 = ADVANCED_FACE ( 'NONE', ( #10652 ), #10636, .T. ) ;
#6433 = ORIENTED_EDGE ( 'NONE', *, *, #6767, .F. ) ;
#6434 = EDGE_LOOP ( 'NONE', ( #13500, #13498, #13501, #13495 ) ) ;
#6435 = EDGE_CURVE ( 'NONE', #6402, #6421, #10630, .T. ) ;
#6436 = ORIENTED_EDGE ( 'NONE', *, *, #2233, .T. ) ;
#6437 = ORIENTED_EDGE ( 'NONE', *, *, #6936, .T. ) ;
#6438 = ADVANCED_FACE ( 'NONE', ( #10626 ), #10631, .F. ) ;
#6439 = ORIENTED_EDGE ( 'NONE', *, *, #6459, .F. ) ;
#6440 = EDGE_CURVE ( 'NONE', #6370, #2349, #10684, .T. ) ;
#6441 = EDGE_LOOP ( 'NONE', ( #6439, #6442, #6436, #6437 ) ) ;
#6442 = ORIENTED_EDGE ( 'NONE', *, *, #6440, .T. ) ;
#6443 = ORIENTED_EDGE ( 'NONE', *, *, #6890, .T. ) ;
#6444 = ADVANCED_FACE ( 'NONE', ( #10680 ), #10679, .F. ) ;
#6445 = ORIENTED_EDGE ( 'NONE', *, *, #6446, .F. ) ;
#6446 = EDGE_CURVE ( 'NONE', #6421, #6768, #10673, .T. ) ;
#6447 = ORIENTED_EDGE ( 'NONE', *, *, #6945, .F. ) ;
#6448 = ORIENTED_EDGE ( 'NONE', *, *, #87, .F. ) ;
#6449 = EDGE_CURVE ( 'NONE', #6450, #6838, #10669, .T. ) ;
#6450 = VERTEX_POINT ( 'NONE', #10665 ) ;
#6451 = ORIENTED_EDGE ( 'NONE', *, *, #6452, .F. ) ;
#6452 = EDGE_CURVE ( 'NONE', #6455, #6450, #10664, .T. ) ;
#6453 = ORIENTED_EDGE ( 'NONE', *, *, #6914, .T. ) ;
#6454 = EDGE_LOOP ( 'NONE', ( #6453, #6460, #6451, #6724, #6713, #6712, #6706, #6718 ) ) ;
#6455 = VERTEX_POINT ( 'NONE', #10660 ) ;
#6456 = ORIENTED_EDGE ( 'NONE', *, *, #6457, .T. ) ;
#6457 = EDGE_CURVE ( 'NONE', #6366, #6370, #10659, .T. ) ;
#6458 = ORIENTED_EDGE ( 'NONE', *, *, #6459, .T. ) ;
#6459 = EDGE_CURVE ( 'NONE', #6370, #6946, #10719, .T. ) ;
#6460 = ORIENTED_EDGE ( 'NONE', *, *, #6449, .F. ) ;
#6461 = ORIENTED_EDGE ( 'NONE', *, *, #6850, .F. ) ;
#6462 = ADVANCED_FACE ( 'NONE', ( #10715 ), #10714, .F. ) ;
#6463 = ORIENTED_EDGE ( 'NONE', *, *, #3093, .F. ) ;
#6464 = ORIENTED_EDGE ( 'NONE', *, *, #3870, .T. ) ;
#6465 = EDGE_CURVE ( 'NONE', #6842, #6402, #10709, .T. ) ;
#6466 = ORIENTED_EDGE ( 'NONE', *, *, #6465, .F. ) ;
#6467 = ORIENTED_EDGE ( 'NONE', *, *, #6747, .F. ) ;
#6468 = EDGE_LOOP ( 'NONE', ( #6467, #6735, #6736, #6737, #6731, #6725, #6721, #6722, #6526, #6516, #6615, #6746, #6596, #6606, #6601, #6586 ) ) ;
#6469 = ADVANCED_FACE ( 'NONE', ( #10705 ), #10704, .F. ) ;
#6470 = VERTEX_POINT ( 'NONE', #10699 ) ;
#6471 = ORIENTED_EDGE ( 'NONE', *, *, #6371, .T. ) ;
#6472 = EDGE_CURVE ( 'NONE', #3893, #2223, #10698, .T. ) ;
#6473 = ORIENTED_EDGE ( 'NONE', *, *, #6472, .F. ) ;
#6474 = ORIENTED_EDGE ( 'NONE', *, *, #5243, .F. ) ;
#6475 = ORIENTED_EDGE ( 'NONE', *, *, #6369, .T. ) ;
#6476 = ORIENTED_EDGE ( 'NONE', *, *, #6381, .F. ) ;
#6477 = EDGE_CURVE ( 'NONE', #6377, #4403, #10694, .T. ) ;
#6478 = ORIENTED_EDGE ( 'NONE', *, *, #6480, .T. ) ;
#6479 = EDGE_CURVE ( 'NONE', #6716, #6837, #10690, .T. ) ;
#6480 = EDGE_CURVE ( 'NONE', #6470, #6358, #10753, .T. ) ;
#6481 = EDGE_LOOP ( 'NONE', ( #6482, #6476, #6474, #6475 ) ) ;
#6482 = ORIENTED_EDGE ( 'NONE', *, *, #6477, .F. ) ;
#6483 = ADVANCED_FACE ( 'NONE', ( #10749 ), #10748, .F. ) ;
#6484 = EDGE_LOOP ( 'NONE', ( #6485, #6478, #6471, #6800 ) ) ;
#6485 = ORIENTED_EDGE ( 'NONE', *, *, #6486, .F. ) ;
#6486 = EDGE_CURVE ( 'NONE', #6470, #6961, #10742, .T. ) ;
#6487 = ORIENTED_EDGE ( 'NONE', *, *, #3697, .T. ) ;
#6488 = ORIENTED_EDGE ( 'NONE', *, *, #6452, .T. ) ;
#6489 = ORIENTED_EDGE ( 'NONE', *, *, #2281, .T. ) ;
#6490 = EDGE_LOOP ( 'NONE', ( #6531, #6532, #6517, #6487 ) ) ;
#6491 = ADVANCED_FACE ( 'NONE', ( #10738 ), #10737, .F. ) ;
#6492 = ORIENTED_EDGE ( 'NONE', *, *, #6365, .T. ) ;
#6493 = ORIENTED_EDGE ( 'NONE', *, *, #6505, .F. ) ;
#6494 = ORIENTED_EDGE ( 'NONE', *, *, #6435, .T. ) ;
#6495 = ORIENTED_EDGE ( 'NONE', *, *, #1676, .F. ) ;
#6496 = ORIENTED_EDGE ( 'NONE', *, *, #7196, .F. ) ;
#6497 = ADVANCED_FACE ( 'NONE', ( #10731 ), #10779, .T. ) ;
#6498 = EDGE_LOOP ( 'NONE', ( #6496, #6500, #6501, #6403 ) ) ;
#6499 = EDGE_LOOP ( 'NONE', ( #6525, #6527, #6524, #6523 ) ) ;
#6500 = ORIENTED_EDGE ( 'NONE', *, *, #6503, .F. ) ;
#6501 = ORIENTED_EDGE ( 'NONE', *, *, #6505, .T. ) ;
#6502 = ORIENTED_EDGE ( 'NONE', *, *, #6503, .T. ) ;
#6503 = EDGE_CURVE ( 'NONE', #13493, #7197, #10773, .T. ) ;
#6504 = ADVANCED_FACE ( 'NONE', ( #10769 ), #10807, .T. ) ;
#6505 = EDGE_CURVE ( 'NONE', #13493, #4752, #10801, .T. ) ;
#6506 = ADVANCED_FACE ( 'NONE', ( #10797 ), #10842, .F. ) ;
#6507 = VERTEX_POINT ( 'NONE', #10837 ) ;
#6508 = VERTEX_POINT ( 'NONE', #10836 ) ;
#6509 = ORIENTED_EDGE ( 'NONE', *, *, #4831, .F. ) ;
#6510 = EDGE_CURVE ( 'NONE', #4607, #6379, #10835, .T. ) ;
#6511 = ORIENTED_EDGE ( 'NONE', *, *, #6512, .T. ) ;
#6512 = EDGE_CURVE ( 'NONE', #6508, #6513, #10831, .T. ) ;
#6513 = VERTEX_POINT ( 'NONE', #10827 ) ;
#6514 = ORIENTED_EDGE ( 'NONE', *, *, #8, .T. ) ;
#6515 = VERTEX_POINT ( 'NONE', #10826 ) ;
#6516 = ORIENTED_EDGE ( 'NONE', *, *, #6554, .F. ) ;
#6517 = ORIENTED_EDGE ( 'NONE', *, *, #6372, .T. ) ;
#6518 = EDGE_CURVE ( 'NONE', #6507, #6508, #10824, .T. ) ;
#6519 = ADVANCED_FACE ( 'NONE', ( #10820 ), #10865, .T. ) ;
#6520 = ORIENTED_EDGE ( 'NONE', *, *, #6518, .T. ) ;
#6521 = EDGE_LOOP ( 'NONE', ( #6520, #6511, #6514, #6556 ) ) ;
#6522 = EDGE_CURVE ( 'NONE', #2223, #6366, #10860, .T. ) ;
#6523 = ORIENTED_EDGE ( 'NONE', *, *, #6510, .T. ) ;
#6524 = ORIENTED_EDGE ( 'NONE', *, *, #6367, .T. ) ;
#6525 = ORIENTED_EDGE ( 'NONE', *, *, #6385, .T. ) ;
#6526 = ORIENTED_EDGE ( 'NONE', *, *, #6558, .F. ) ;
#6527 = ORIENTED_EDGE ( 'NONE', *, *, #6477, .T. ) ;
#6528 = EDGE_LOOP ( 'NONE', ( #13521, #13520, #13517, #13515 ) ) ;
#6529 = VERTEX_POINT ( 'NONE', #10856 ) ;
#6530 = EDGE_LOOP ( 'NONE', ( #6866, #6865, #6852, #6851 ) ) ;
#6531 = ORIENTED_EDGE ( 'NONE', *, *, #6472, .T. ) ;
#6532 = ORIENTED_EDGE ( 'NONE', *, *, #6522, .T. ) ;
#6533 = VERTEX_POINT ( 'NONE', #10855 ) ;
#6534 = ORIENTED_EDGE ( 'NONE', *, *, #6538, .F. ) ;
#6535 = ORIENTED_EDGE ( 'NONE', *, *, #6555, .F. ) ;
#6536 = EDGE_LOOP ( 'NONE', ( #6567, #6720, #6709, #6707, #6625, #6626, #6628, #6622 ) ) ;
#6537 = EDGE_LOOP ( 'NONE', ( #6534, #6841, #6863, #6579 ) ) ;
#6538 = EDGE_CURVE ( 'NONE', #6533, #6869, #10854, .T. ) ;
#6539 = VERTEX_POINT ( 'NONE', #10850 ) ;
#6540 = ORIENTED_EDGE ( 'NONE', *, *, #6544, .F. ) ;
#6541 = ORIENTED_EDGE ( 'NONE', *, *, #7345, .T. ) ;
#6542 = EDGE_LOOP ( 'NONE', ( #6540, #6541, #6543, #6535 ) ) ;
#6543 = ORIENTED_EDGE ( 'NONE', *, *, #6545, .T. ) ;
#6544 = EDGE_CURVE ( 'NONE', #7346, #6549, #10849, .T. ) ;
#6545 = EDGE_CURVE ( 'NONE', #7283, #6507, #10844, .T. ) ;
#6546 = ADVANCED_FACE ( 'NONE', ( #10894 ), #10878, .T. ) ;
#6547 = ADVANCED_FACE ( 'NONE', ( #10873, #10872 ), #10871, .F. ) ;
#6548 = EDGE_CURVE ( 'NONE', #6803, #6787, #10933, .T. ) ;
#6549 = VERTEX_POINT ( 'NONE', #10929 ) ;
#6550 = EDGE_CURVE ( 'NONE', #6610, #6562, #10928, .T. ) ;
#6551 = EDGE_CURVE ( 'NONE', #6787, #6790, #10924, .T. ) ;
#6552 = ORIENTED_EDGE ( 'NONE', *, *, #6548, .F. ) ;
#6553 = ORIENTED_EDGE ( 'NONE', *, *, #6636, .T. ) ;
#6554 = EDGE_CURVE ( 'NONE', #6613, #6515, #10919, .T. ) ;
#6555 = EDGE_CURVE ( 'NONE', #6549, #6507, #10915, .T. ) ;
#6556 = ORIENTED_EDGE ( 'NONE', *, *, #6555, .T. ) ;
#6557 = EDGE_LOOP ( 'NONE', ( #13460, #13462, #13463, #13458 ) ) ;
#6558 = EDGE_CURVE ( 'NONE', #6515, #6529, #10910, .T. ) ;
#6559 = ADVANCED_FACE ( 'NONE', ( #10906 ), #10956, .T. ) ;
#6560 = EDGE_CURVE ( 'NONE', #6562, #6564, #10951, .T. ) ;
#6561 = ORIENTED_EDGE ( 'NONE', *, *, #6550, .F. ) ;
#6562 = VERTEX_POINT ( 'NONE', #10947 ) ;
#6563 = ORIENTED_EDGE ( 'NONE', *, *, #6560, .F. ) ;
#6564 = VERTEX_POINT ( 'NONE', #10946 ) ;
#6565 = EDGE_CURVE ( 'NONE', #6529, #6926, #10945, .T. ) ;
#6566 = EDGE_CURVE ( 'NONE', #6715, #6711, #10941, .T. ) ;
#6567 = ORIENTED_EDGE ( 'NONE', *, *, #6566, .F. ) ;
#6568 = ADVANCED_FACE ( 'NONE', ( #10937 ), #10936, .F. ) ;
#6569 = EDGE_CURVE ( 'NONE', #6564, #6573, #10989, .T. ) ;
#6570 = VERTEX_POINT ( 'NONE', #10985 ) ;
#6571 = EDGE_CURVE ( 'NONE', #6573, #6570, #10984, .T. ) ;
#6572 = ORIENTED_EDGE ( 'NONE', *, *, #6569, .F. ) ;
#6573 = VERTEX_POINT ( 'NONE', #10980 ) ;
#6574 = EDGE_LOOP ( 'NONE', ( #6575, #6572, #6563, #6561, #6602, #6595 ) ) ;
#6575 = ORIENTED_EDGE ( 'NONE', *, *, #6571, .F. ) ;
#6576 = ORIENTED_EDGE ( 'NONE', *, *, #6585, .T. ) ;
#6577 = VERTEX_POINT ( 'NONE', #10979 ) ;
#6578 = VERTEX_POINT ( 'NONE', #10978 ) ;
#6579 = ORIENTED_EDGE ( 'NONE', *, *, #6581, .F. ) ;
#6580 = VERTEX_POINT ( 'NONE', #10977 ) ;
#6581 = EDGE_CURVE ( 'NONE', #6869, #6577, #10976, .T. ) ;
#6582 = VERTEX_POINT ( 'NONE', #10972 ) ;
#6583 = VERTEX_POINT ( 'NONE', #10971 ) ;
#6584 = EDGE_CURVE ( 'NONE', #6741, #6580, #10970, .T. ) ;
#6585 = EDGE_CURVE ( 'NONE', #6597, #7222, #10966, .T. ) ;
#6586 = ORIENTED_EDGE ( 'NONE', *, *, #6584, .F. ) ;
#6587 = ORIENTED_EDGE ( 'NONE', *, *, #6588, .F. ) ;
#6588 = EDGE_CURVE ( 'NONE', #6578, #6582, #10962, .T. ) ;
#6589 = ORIENTED_EDGE ( 'NONE', *, *, #6592, .F. ) ;
#6590 = EDGE_LOOP ( 'NONE', ( #6589, #6587, #59, #114 ) ) ;
#6591 = ADVANCED_FACE ( 'NONE', ( #11024, #11023, #11022 ), #11021, .F. ) ;
#6592 = EDGE_CURVE ( 'NONE', #6582, #6583, #11016, .T. ) ;
#6593 = VERTEX_POINT ( 'NONE', #11012 ) ;
#6594 = EDGE_CURVE ( 'NONE', #6570, #6593, #11011, .T. ) ;
#6595 = ORIENTED_EDGE ( 'NONE', *, *, #6594, .F. ) ;
#6596 = ORIENTED_EDGE ( 'NONE', *, *, #6608, .F. ) ;
#6597 = VERTEX_POINT ( 'NONE', #11007 ) ;
#6598 = EDGE_CURVE ( 'NONE', #6610, #6593, #11006, .T. ) ;
#6599 = EDGE_CURVE ( 'NONE', #6597, #6623, #11002, .T. ) ;
#6600 = VERTEX_POINT ( 'NONE', #10998 ) ;
#6601 = ORIENTED_EDGE ( 'NONE', *, *, #6604, .F. ) ;
#6602 = ORIENTED_EDGE ( 'NONE', *, *, #6598, .T. ) ;
#6603 = EDGE_CURVE ( 'NONE', #69, #6957, #10997, .T. ) ;
#6604 = EDGE_CURVE ( 'NONE', #6580, #6600, #11057, .T. ) ;
#6605 = EDGE_CURVE ( 'NONE', #6600, #6539, #11053, .T. ) ;
#6606 = ORIENTED_EDGE ( 'NONE', *, *, #6605, .F. ) ;
#6607 = ORIENTED_EDGE ( 'NONE', *, *, #6599, .F. ) ;
#6608 = EDGE_CURVE ( 'NONE', #6539, #6744, #11049, .T. ) ;
#6609 = ORIENTED_EDGE ( 'NONE', *, *, #6659, .F. ) ;
#6610 = VERTEX_POINT ( 'NONE', #11045 ) ;
#6611 = EDGE_CURVE ( 'NONE', #6751, #6613, #11044, .T. ) ;
#6612 = EDGE_LOOP ( 'NONE', ( #13470, #13472, #13451, #6738 ) ) ;
#6613 = VERTEX_POINT ( 'NONE', #11040 ) ;
#6614 = EDGE_CURVE ( 'NONE', #6616, #6617, #11039, .T. ) ;
#6615 = ORIENTED_EDGE ( 'NONE', *, *, #6611, .F. ) ;
#6616 = VERTEX_POINT ( 'NONE', #11035 ) ;
#6617 = VERTEX_POINT ( 'NONE', #11034 ) ;
#6618 = ORIENTED_EDGE ( 'NONE', *, *, #6614, .F. ) ;
#6619 = EDGE_LOOP ( 'NONE', ( #72, #66, #63, #61, #88, #84, #83, #75, #79, #99, #95, #93, #86, #92, #91, #13497 ) ) ;
#6620 = EDGE_CURVE ( 'NONE', #6617, #6640, #11033, .T. ) ;
#6621 = EDGE_CURVE ( 'NONE', #6711, #5527, #11029, .T. ) ;
#6622 = ORIENTED_EDGE ( 'NONE', *, *, #6621, .F. ) ;
#6623 = VERTEX_POINT ( 'NONE', #11091 ) ;
#6624 = EDGE_CURVE ( 'NONE', #6570, #6710, #11090, .T. ) ;
#6625 = ORIENTED_EDGE ( 'NONE', *, *, #6624, .F. ) ;
#6626 = ORIENTED_EDGE ( 'NONE', *, *, #6594, .T. ) ;
#6627 = ORIENTED_EDGE ( 'NONE', *, *, #6633, .T. ) ;
#6628 = ORIENTED_EDGE ( 'NONE', *, *, #5606, .T. ) ;
#6629 = ORIENTED_EDGE ( 'NONE', *, *, #6656, .F. ) ;
#6630 = ORIENTED_EDGE ( 'NONE', *, *, #6620, .F. ) ;
#6631 = EDGE_LOOP ( 'NONE', ( #6629, #6652, #6648, #6609 ) ) ;
#6632 = ORIENTED_EDGE ( 'NONE', *, *, #6634, .F. ) ;
#6633 = EDGE_CURVE ( 'NONE', #6694, #6635, #11086, .T. ) ;
#6634 = EDGE_CURVE ( 'NONE', #6623, #6635, #11082, .T. ) ;
#6635 = VERTEX_POINT ( 'NONE', #11078 ) ;
#6636 = EDGE_CURVE ( 'NONE', #6679, #7207, #11077, .T. ) ;
#6637 = VERTEX_POINT ( 'NONE', #11073 ) ;
#6638 = EDGE_CURVE ( 'NONE', #6640, #6637, #11072, .T. ) ;
#6639 = ORIENTED_EDGE ( 'NONE', *, *, #6664, .T. ) ;
#6640 = VERTEX_POINT ( 'NONE', #11068 ) ;
#6641 = ORIENTED_EDGE ( 'NONE', *, *, #6638, .F. ) ;
#6642 = EDGE_LOOP ( 'NONE', ( #6641, #6630, #6618, #73 ) ) ;
#6643 = ORIENTED_EDGE ( 'NONE', *, *, #7389, .T. ) ;
#6644 = EDGE_CURVE ( 'NONE', #6583, #116, #11067, .T. ) ;
#6645 = ORIENTED_EDGE ( 'NONE', *, *, #13444, .T. ) ;
#6646 = EDGE_LOOP ( 'NONE', ( #12342, #12344, #12396, #12453 ) ) ;
#6647 = EDGE_LOOP ( 'NONE', ( #6686, #6673, #6700, #6690, #6684, #6553 ) ) ;
#6648 = ORIENTED_EDGE ( 'NONE', *, *, #6655, .T. ) ;
#6649 = ORIENTED_EDGE ( 'NONE', *, *, #6650, .T. ) ;
#6650 = EDGE_CURVE ( 'NONE', #7362, #7424, #11062, .T. ) ;
#6651 = ORIENTED_EDGE ( 'NONE', *, *, #7009, .F. ) ;
#6652 = ORIENTED_EDGE ( 'NONE', *, *, #7412, .T. ) ;
#6653 = ORIENTED_EDGE ( 'NONE', *, *, #7366, .T. ) ;
#6654 = ADVANCED_FACE ( 'NONE', ( #11058 ), #11105, .T. ) ;
#6655 = EDGE_CURVE ( 'NONE', #7409, #6417, #11100, .T. ) ;
#6656 = EDGE_CURVE ( 'NONE', #7413, #6414, #11096, .T. ) ;
#6657 = ORIENTED_EDGE ( 'NONE', *, *, #7419, .F. ) ;
#6658 = ADVANCED_FACE ( 'NONE', ( #11146 ), #11131, .T. ) ;
#6659 = EDGE_CURVE ( 'NONE', #6414, #6417, #11126, .T. ) ;
#6660 = ORIENTED_EDGE ( 'NONE', *, *, #7361, .T. ) ;
#6661 = ORIENTED_EDGE ( 'NONE', *, *, #6681, .T. ) ;
#6662 = ORIENTED_EDGE ( 'NONE', *, *, #6659, .T. ) ;
#6663 = ORIENTED_EDGE ( 'NONE', *, *, #6650, .F. ) ;
#6664 = EDGE_CURVE ( 'NONE', #6420, #6414, #11121, .T. ) ;
#6665 = EDGE_LOOP ( 'NONE', ( #6663, #6660, #6661, #6657 ) ) ;
#6666 = ORIENTED_EDGE ( 'NONE', *, *, #6664, .F. ) ;
#6667 = ORIENTED_EDGE ( 'NONE', *, *, #6656, .T. ) ;
#6668 = ORIENTED_EDGE ( 'NONE', *, *, #7527, .F. ) ;
#6669 = ADVANCED_FACE ( 'NONE', ( #11177 ), #11162, .T. ) ;
#6670 = ORIENTED_EDGE ( 'NONE', *, *, #7415, .T. ) ;
#6671 = ORIENTED_EDGE ( 'NONE', *, *, #9459, .T. ) ;
#6672 = ORIENTED_EDGE ( 'NONE', *, *, #7372, .T. ) ;
#6673 = ORIENTED_EDGE ( 'NONE', *, *, #6683, .F. ) ;
#6674 = ORIENTED_EDGE ( 'NONE', *, *, #8519, .T. ) ;
#6675 = EDGE_LOOP ( 'NONE', ( #6676, #6643, #6645, #12821 ) ) ;
#6676 = ORIENTED_EDGE ( 'NONE', *, *, #6678, .F. ) ;
#6677 = ADVANCED_FACE ( 'NONE', ( #11156 ), #11197, .T. ) ;
#6678 = EDGE_CURVE ( 'NONE', #7410, #6418, #11192, .T. ) ;
#6679 = VERTEX_POINT ( 'NONE', #11188 ) ;
#6680 = EDGE_LOOP ( 'NONE', ( #6703, #6702, #6704, #6695 ) ) ;
#6681 = EDGE_CURVE ( 'NONE', #7364, #7447, #11187, .T. ) ;
#6682 = ORIENTED_EDGE ( 'NONE', *, *, #6681, .F. ) ;
#6683 = EDGE_CURVE ( 'NONE', #6699, #7204, #11183, .T. ) ;
#6684 = ORIENTED_EDGE ( 'NONE', *, *, #6685, .F. ) ;
#6685 = EDGE_CURVE ( 'NONE', #6679, #6687, #11231, .T. ) ;
#6686 = ORIENTED_EDGE ( 'NONE', *, *, #7206, .F. ) ;
#6687 = VERTEX_POINT ( 'NONE', #11227 ) ;
#6688 = ORIENTED_EDGE ( 'NONE', *, *, #7212, .F. ) ;
#6689 = EDGE_CURVE ( 'NONE', #6687, #6693, #11225, .T. ) ;
#6690 = ORIENTED_EDGE ( 'NONE', *, *, #6689, .F. ) ;
#6691 = EDGE_LOOP ( 'NONE', ( #6688, #13426, #6627, #6632, #6607, #6576 ) ) ;
#6692 = ADVANCED_FACE ( 'NONE', ( #11221 ), #11206, .T. ) ;
#6693 = VERTEX_POINT ( 'NONE', #11258 ) ;
#6694 = VERTEX_POINT ( 'NONE', #11257 ) ;
#6695 = ORIENTED_EDGE ( 'NONE', *, *, #6697, .T. ) ;
#6696 = ADVANCED_FACE ( 'NONE', ( #11256 ), #11240, .T. ) ;
#6697 = EDGE_CURVE ( 'NONE', #6694, #7210, #11235, .T. ) ;
#6698 = EDGE_CURVE ( 'NONE', #6679, #6694, #11290, .T. ) ;
#6699 = VERTEX_POINT ( 'NONE', #11286 ) ;
#6700 = ORIENTED_EDGE ( 'NONE', *, *, #6701, .T. ) ;
#6701 = EDGE_CURVE ( 'NONE', #6699, #6693, #11284, .T. ) ;
#6702 = ORIENTED_EDGE ( 'NONE', *, *, #6636, .F. ) ;
#6703 = ORIENTED_EDGE ( 'NONE', *, *, #7209, .F. ) ;
#6704 = ORIENTED_EDGE ( 'NONE', *, *, #6698, .T. ) ;
#6705 = ADVANCED_FACE ( 'NONE', ( #11280 ), #11264, .T. ) ;
#6706 = ORIENTED_EDGE ( 'NONE', *, *, #6717, .F. ) ;
#6707 = ORIENTED_EDGE ( 'NONE', *, *, #6727, .F. ) ;
#6708 = VERTEX_POINT ( 'NONE', #11263 ) ;
#6709 = ORIENTED_EDGE ( 'NONE', *, *, #6894, .T. ) ;
#6710 = VERTEX_POINT ( 'NONE', #11320 ) ;
#6711 = VERTEX_POINT ( 'NONE', #11319 ) ;
#6712 = ORIENTED_EDGE ( 'NONE', *, *, #6714, .F. ) ;
#6713 = ORIENTED_EDGE ( 'NONE', *, *, #6777, .T. ) ;
#6714 = EDGE_CURVE ( 'NONE', #6708, #6776, #11318, .T. ) ;
#6715 = VERTEX_POINT ( 'NONE', #11314 ) ;
#6716 = VERTEX_POINT ( 'NONE', #11313 ) ;
#6717 = EDGE_CURVE ( 'NONE', #6716, #6708, #11312, .T. ) ;
#6718 = ORIENTED_EDGE ( 'NONE', *, *, #6479, .T. ) ;
#6719 = EDGE_CURVE ( 'NONE', #6951, #6715, #11308, .T. ) ;
#6720 = ORIENTED_EDGE ( 'NONE', *, *, #6719, .F. ) ;
#6721 = ORIENTED_EDGE ( 'NONE', *, *, #6786, .T. ) ;
#6722 = ORIENTED_EDGE ( 'NONE', *, *, #6565, .F. ) ;
#6723 = EDGE_CURVE ( 'NONE', #6779, #6455, #11304, .T. ) ;
#6724 = ORIENTED_EDGE ( 'NONE', *, *, #6723, .F. ) ;
#6725 = ORIENTED_EDGE ( 'NONE', *, *, #6727, .T. ) ;
#6726 = EDGE_CURVE ( 'NONE', #7223, #7224, #11300, .T. ) ;
#6727 = EDGE_CURVE ( 'NONE', #6710, #6952, #11296, .T. ) ;
#6728 = EDGE_CURVE ( 'NONE', #6710, #6716, #11292, .T. ) ;
#6729 = ORIENTED_EDGE ( 'NONE', *, *, #6726, .F. ) ;
#6730 = EDGE_LOOP ( 'NONE', ( #6729, #7225, #7228, #7230, #7231, #7232 ) ) ;
#6731 = ORIENTED_EDGE ( 'NONE', *, *, #6728, .F. ) ;
#6732 = DIRECTION ( 'NONE',  ( -2.438091212180733500E-029, -1.000000000000000000, -3.491483361109382100E-015 ) ) ;
#6733 = VERTEX_POINT ( 'NONE', #11351 ) ;
#6734 = EDGE_CURVE ( 'NONE', #13459, #6733, #11350, .T. ) ;
#6735 = ORIENTED_EDGE ( 'NONE', *, *, #6739, .F. ) ;
#6736 = ORIENTED_EDGE ( 'NONE', *, *, #6913, .T. ) ;
#6737 = ORIENTED_EDGE ( 'NONE', *, *, #6479, .F. ) ;
#6738 = ORIENTED_EDGE ( 'NONE', *, *, #6734, .F. ) ;
#6739 = EDGE_CURVE ( 'NONE', #6911, #6743, #11346, .T. ) ;
#6740 = ORIENTED_EDGE ( 'NONE', *, *, #193, .T. ) ;
#6741 = VERTEX_POINT ( 'NONE', #11342 ) ;
#6742 = ORIENTED_EDGE ( 'NONE', *, *, #144, .F. ) ;
#6743 = VERTEX_POINT ( 'NONE', #11341 ) ;
#6744 = VERTEX_POINT ( 'NONE', #11340 ) ;
#6745 = EDGE_LOOP ( 'NONE', ( #6794, #6792, #6793, #6766 ) ) ;
#6746 = ORIENTED_EDGE ( 'NONE', *, *, #6756, .F. ) ;
#6747 = EDGE_CURVE ( 'NONE', #6743, #6741, #11339, .T. ) ;
#6748 = ORIENTED_EDGE ( 'NONE', *, *, #6879, .T. ) ;
#6749 = ORIENTED_EDGE ( 'NONE', *, *, #6956, .F. ) ;
#6750 = ORIENTED_EDGE ( 'NONE', *, *, #137, .T. ) ;
#6751 = VERTEX_POINT ( 'NONE', #11335 ) ;
#6752 = ORIENTED_EDGE ( 'NONE', *, *, #128, .F. ) ;
#6753 = ORIENTED_EDGE ( 'NONE', *, *, #6486, .T. ) ;
#6754 = ORIENTED_EDGE ( 'NONE', *, *, #6782, .F. ) ;
#6755 = ORIENTED_EDGE ( 'NONE', *, *, #179, .F. ) ;
#6756 = EDGE_CURVE ( 'NONE', #6744, #6751, #11334, .T. ) ;
#6757 = VERTEX_POINT ( 'NONE', #11330 ) ;
#6758 = ORIENTED_EDGE ( 'NONE', *, *, #4438, .F. ) ;
#6759 = ADVANCED_FACE ( 'NONE', ( #11329 ), #11328, .T. ) ;
#6760 = ORIENTED_EDGE ( 'NONE', *, *, #7264, .F. ) ;
#6761 = ORIENTED_EDGE ( 'NONE', *, *, #123, .T. ) ;
#6762 = ORIENTED_EDGE ( 'NONE', *, *, #190, .T. ) ;
#6763 = ORIENTED_EDGE ( 'NONE', *, *, #6789, .T. ) ;
#6764 = ORIENTED_EDGE ( 'NONE', *, *, #6795, .T. ) ;
#6765 = EDGE_LOOP ( 'NONE', ( #6762, #6763, #6761, #6833 ) ) ;
#6766 = ORIENTED_EDGE ( 'NONE', *, *, #117, .T. ) ;
#6767 = EDGE_CURVE ( 'NONE', #6768, #6757, #11323, .T. ) ;
#6768 = VERTEX_POINT ( 'NONE', #11379 ) ;
#6769 = ORIENTED_EDGE ( 'NONE', *, *, #6767, .T. ) ;
#6770 = EDGE_CURVE ( 'NONE', #127, #187, #11378, .T. ) ;
#6771 = EDGE_LOOP ( 'NONE', ( #6773, #6752, #6754, #6806 ) ) ;
#6772 = EDGE_CURVE ( 'NONE', #6779, #6768, #11373, .T. ) ;
#6773 = ORIENTED_EDGE ( 'NONE', *, *, #6770, .F. ) ;
#6774 = ADVANCED_FACE ( 'NONE', ( #11369 ), #11354, .F. ) ;
#6775 = ORIENTED_EDGE ( 'NONE', *, *, #6772, .T. ) ;
#6776 = VERTEX_POINT ( 'NONE', #11414 ) ;
#6777 = EDGE_CURVE ( 'NONE', #6779, #6776, #11413, .T. ) ;
#6778 = ORIENTED_EDGE ( 'NONE', *, *, #6777, .F. ) ;
#6779 = VERTEX_POINT ( 'NONE', #11409 ) ;
#6780 = EDGE_LOOP ( 'NONE', ( #6778, #6775, #6769, #6749, #6836, #6830 ) ) ;
#6781 = VERTEX_POINT ( 'NONE', #11408 ) ;
#6782 = EDGE_CURVE ( 'NONE', #182, #129, #11407, .T. ) ;
#6783 = ORIENTED_EDGE ( 'NONE', *, *, #6782, .T. ) ;
#6784 = ORIENTED_EDGE ( 'NONE', *, *, #6551, .F. ) ;
#6785 = ADVANCED_FACE ( 'NONE', ( #11403 ), #11402, .F. ) ;
#6786 = EDGE_CURVE ( 'NONE', #6952, #6926, #11397, .T. ) ;
#6787 = VERTEX_POINT ( 'NONE', #11393 ) ;
#6788 = ADVANCED_FACE ( 'NONE', ( #11392 ), #11436, .T. ) ;
#6789 = EDGE_CURVE ( 'NONE', #191, #124, #11431, .T. ) ;
#6790 = VERTEX_POINT ( 'NONE', #11427 ) ;
#6791 = EDGE_CURVE ( 'NONE', #6790, #6808, #11426, .T. ) ;
#6792 = ORIENTED_EDGE ( 'NONE', *, *, #193, .F. ) ;
#6793 = ORIENTED_EDGE ( 'NONE', *, *, #141, .F. ) ;
#6794 = ORIENTED_EDGE ( 'NONE', *, *, #6789, .F. ) ;
#6795 = EDGE_CURVE ( 'NONE', #6781, #6470, #11422, .T. ) ;
#6796 = ORIENTED_EDGE ( 'NONE', *, *, #6791, .F. ) ;
#6797 = ORIENTED_EDGE ( 'NONE', *, *, #6440, .F. ) ;
#6798 = ORIENTED_EDGE ( 'NONE', *, *, #6457, .F. ) ;
#6799 = ORIENTED_EDGE ( 'NONE', *, *, #6522, .F. ) ;
#6800 = ORIENTED_EDGE ( 'NONE', *, *, #6915, .T. ) ;
#6801 = EDGE_CURVE ( 'NONE', #6819, #6821, #11473, .T. ) ;
#6802 = ORIENTED_EDGE ( 'NONE', *, *, #6805, .F. ) ;
#6803 = VERTEX_POINT ( 'NONE', #11469 ) ;
#6804 = EDGE_LOOP ( 'NONE', ( #1450, #1454, #1653, #6843 ) ) ;
#6805 = EDGE_CURVE ( 'NONE', #6808, #6803, #11467, .T. ) ;
#6806 = ORIENTED_EDGE ( 'NONE', *, *, #184, .T. ) ;
#6807 = ADVANCED_FACE ( 'NONE', ( #11463 ), #11448, .F. ) ;
#6808 = VERTEX_POINT ( 'NONE', #11507 ) ;
#6809 = EDGE_CURVE ( 'NONE', #6821, #6811, #11506, .T. ) ;
#6810 = ORIENTED_EDGE ( 'NONE', *, *, #6801, .T. ) ;
#6811 = VERTEX_POINT ( 'NONE', #11502 ) ;
#6812 = ORIENTED_EDGE ( 'NONE', *, *, #6813, .T. ) ;
#6813 = EDGE_CURVE ( 'NONE', #6811, #6814, #11501, .T. ) ;
#6814 = VERTEX_POINT ( 'NONE', #11497 ) ;
#6815 = ORIENTED_EDGE ( 'NONE', *, *, #6816, .T. ) ;
#6816 = EDGE_CURVE ( 'NONE', #6814, #6819, #11496, .T. ) ;
#6817 = ORIENTED_EDGE ( 'NONE', *, *, #6818, .F. ) ;
#6818 = EDGE_CURVE ( 'NONE', #6781, #2308, #11492, .T. ) ;
#6819 = VERTEX_POINT ( 'NONE', #11488 ) ;
#6820 = EDGE_LOOP ( 'NONE', ( #6817, #6764, #6753, #6748, #6758 ) ) ;
#6821 = VERTEX_POINT ( 'NONE', #11487 ) ;
#6822 = EDGE_CURVE ( 'NONE', #6776, #6824, #11486, .T. ) ;
#6823 = ORIENTED_EDGE ( 'NONE', *, *, #6809, .T. ) ;
#6824 = VERTEX_POINT ( 'NONE', #11482 ) ;
#6825 = ADVANCED_FACE ( 'NONE', ( #11481 ), #11480, .F. ) ;
#6826 = ADVANCED_FACE ( 'NONE', ( #11475 ), #11474, .F. ) ;
#6827 = EDGE_LOOP ( 'NONE', ( #6802, #6796, #6784, #6552 ) ) ;
#6828 = EDGE_LOOP ( 'NONE', ( #6823, #6812, #6815, #6810 ) ) ;
#6829 = ADVANCED_FACE ( 'NONE', ( #11530 ), #11515, .T. ) ;
#6830 = ORIENTED_EDGE ( 'NONE', *, *, #6822, .F. ) ;
#6831 = ORIENTED_EDGE ( 'NONE', *, *, #6832, .F. ) ;
#6832 = EDGE_CURVE ( 'NONE', #7330, #6814, #11510, .T. ) ;
#6833 = ORIENTED_EDGE ( 'NONE', *, *, #6770, .T. ) ;
#6834 = EDGE_LOOP ( 'NONE', ( #6835, #6797, #6798, #6799 ) ) ;
#6835 = ORIENTED_EDGE ( 'NONE', *, *, #2188, .F. ) ;
#6836 = ORIENTED_EDGE ( 'NONE', *, *, #6845, .F. ) ;
#6837 = VERTEX_POINT ( 'NONE', #11563 ) ;
#6838 = VERTEX_POINT ( 'NONE', #11562 ) ;
#6839 = EDGE_LOOP ( 'NONE', ( #6831, #4048, #4069, #4044 ) ) ;
#6840 = EDGE_CURVE ( 'NONE', #6838, #6842, #11561, .T. ) ;
#6841 = ORIENTED_EDGE ( 'NONE', *, *, #6872, .F. ) ;
#6842 = VERTEX_POINT ( 'NONE', #11557 ) ;
#6843 = ORIENTED_EDGE ( 'NONE', *, *, #6801, .F. ) ;
#6844 = ADVANCED_FACE ( 'NONE', ( #11556 ), #11540, .T. ) ;
#6845 = EDGE_CURVE ( 'NONE', #6824, #6958, #11594, .T. ) ;
#6846 = ORIENTED_EDGE ( 'NONE', *, *, #6840, .F. ) ;
#6847 = ADVANCED_FACE ( 'NONE', ( #11590 ), #11589, .F. ) ;
#6848 = VERTEX_POINT ( 'NONE', #11584 ) ;
#6849 = VERTEX_POINT ( 'NONE', #11583 ) ;
#6850 = EDGE_CURVE ( 'NONE', #6848, #6842, #11582, .T. ) ;
#6851 = ORIENTED_EDGE ( 'NONE', *, *, #2311, .T. ) ;
#6852 = ORIENTED_EDGE ( 'NONE', *, *, #6818, .T. ) ;
#6853 = EDGE_CURVE ( 'NONE', #6859, #6849, #11578, .T. ) ;
#6854 = EDGE_CURVE ( 'NONE', #6363, #6781, #11574, .T. ) ;
#6855 = VERTEX_POINT ( 'NONE', #11570 ) ;
#6856 = ORIENTED_EDGE ( 'NONE', *, *, #6858, .T. ) ;
#6857 = ORIENTED_EDGE ( 'NONE', *, *, #6853, .T. ) ;
#6858 = EDGE_CURVE ( 'NONE', #6855, #6859, #11569, .T. ) ;
#6859 = VERTEX_POINT ( 'NONE', #11565 ) ;
#6860 = ORIENTED_EDGE ( 'NONE', *, *, #6861, .T. ) ;
#6861 = EDGE_CURVE ( 'NONE', #6868, #9453, #11629, .T. ) ;
#6862 = VERTEX_POINT ( 'NONE', #11625 ) ;
#6863 = ORIENTED_EDGE ( 'NONE', *, *, #6864, .F. ) ;
#6864 = EDGE_CURVE ( 'NONE', #6577, #6862, #11624, .T. ) ;
#6865 = ORIENTED_EDGE ( 'NONE', *, *, #6854, .T. ) ;
#6866 = ORIENTED_EDGE ( 'NONE', *, *, #6333, .T. ) ;
#6867 = EDGE_LOOP ( 'NONE', ( #6856, #6857, #6964, #6912 ) ) ;
#6868 = VERTEX_POINT ( 'NONE', #11620 ) ;
#6869 = VERTEX_POINT ( 'NONE', #11619 ) ;
#6870 = VERTEX_POINT ( 'NONE', #11618 ) ;
#6871 = EDGE_CURVE ( 'NONE', #9458, #6868, #11617, .T. ) ;
#6872 = EDGE_CURVE ( 'NONE', #6862, #6533, #11613, .T. ) ;
#6873 = EDGE_LOOP ( 'NONE', ( #6935, #6916, #6921, #6919 ) ) ;
#6874 = EDGE_LOOP ( 'NONE', ( #6875, #6846, #6922, #6910, #6907, #6905 ) ) ;
#6875 = ORIENTED_EDGE ( 'NONE', *, *, #6850, .T. ) ;
#6876 = EDGE_CURVE ( 'NONE', #6885, #6899, #11609, .T. ) ;
#6877 = VERTEX_POINT ( 'NONE', #11605 ) ;
#6878 = ORIENTED_EDGE ( 'NONE', *, *, #6879, .F. ) ;
#6879 = EDGE_CURVE ( 'NONE', #6961, #6877, #11604, .T. ) ;
#6880 = ADVANCED_FACE ( 'NONE', ( #11600 ), #11599, .F. ) ;
#6881 = EDGE_CURVE ( 'NONE', #6877, #6889, #11661, .T. ) ;
#6882 = ORIENTED_EDGE ( 'NONE', *, *, #6881, .F. ) ;
#6883 = VERTEX_POINT ( 'NONE', #11657 ) ;
#6884 = ORIENTED_EDGE ( 'NONE', *, *, #6876, .T. ) ;
#6885 = VERTEX_POINT ( 'NONE', #11656 ) ;
#6886 = EDGE_LOOP ( 'NONE', ( #6900, #6898, #6887, #6884 ) ) ;
#6887 = ORIENTED_EDGE ( 'NONE', *, *, #6888, .T. ) ;
#6888 = EDGE_CURVE ( 'NONE', #6883, #6885, #11655, .T. ) ;
#6889 = VERTEX_POINT ( 'NONE', #11651 ) ;
#6890 = EDGE_CURVE ( 'NONE', #6889, #6934, #11650, .T. ) ;
#6891 = EDGE_LOOP ( 'NONE', ( #6893, #6949, #6937, #6938, #6930, #6917 ) ) ;
#6892 = VERTEX_POINT ( 'NONE', #11646 ) ;
#6893 = ORIENTED_EDGE ( 'NONE', *, *, #6894, .F. ) ;
#6894 = EDGE_CURVE ( 'NONE', #6951, #6952, #11645, .T. ) ;
#6895 = ADVANCED_FACE ( 'NONE', ( #11641 ), #11640, .F. ) ;
#6896 = EDGE_CURVE ( 'NONE', #6899, #6897, #11635, .T. ) ;
#6897 = VERTEX_POINT ( 'NONE', #11631 ) ;
#6898 = ORIENTED_EDGE ( 'NONE', *, *, #6902, .T. ) ;
#6899 = VERTEX_POINT ( 'NONE', #11630 ) ;
#6900 = ORIENTED_EDGE ( 'NONE', *, *, #6896, .T. ) ;
#6901 = EDGE_CURVE ( 'NONE', #6904, #6848, #11691, .T. ) ;
#6902 = EDGE_CURVE ( 'NONE', #6897, #6883, #11687, .T. ) ;
#6903 = EDGE_LOOP ( 'NONE', ( #6906, #6960, #6954, #6943, #6941, #6931, #6882, #6878 ) ) ;
#6904 = VERTEX_POINT ( 'NONE', #11683 ) ;
#6905 = ORIENTED_EDGE ( 'NONE', *, *, #6901, .T. ) ;
#6906 = ORIENTED_EDGE ( 'NONE', *, *, #6915, .F. ) ;
#6907 = ORIENTED_EDGE ( 'NONE', *, *, #6908, .T. ) ;
#6908 = EDGE_CURVE ( 'NONE', #6911, #6904, #11682, .T. ) ;
#6909 = EDGE_CURVE ( 'NONE', #6969, #6855, #11678, .T. ) ;
#6910 = ORIENTED_EDGE ( 'NONE', *, *, #6913, .F. ) ;
#6911 = VERTEX_POINT ( 'NONE', #11674 ) ;
#6912 = ORIENTED_EDGE ( 'NONE', *, *, #6909, .T. ) ;
#6913 = EDGE_CURVE ( 'NONE', #6911, #6837, #11673, .T. ) ;
#6914 = EDGE_CURVE ( 'NONE', #6837, #6838, #11669, .T. ) ;
#6915 = EDGE_CURVE ( 'NONE', #6892, #6961, #11665, .T. ) ;
#6916 = ORIENTED_EDGE ( 'NONE', *, *, #6918, .T. ) ;
#6917 = ORIENTED_EDGE ( 'NONE', *, *, #6786, .F. ) ;
#6918 = EDGE_CURVE ( 'NONE', #6929, #6920, #11726, .T. ) ;
#6919 = ORIENTED_EDGE ( 'NONE', *, *, #6924, .T. ) ;
#6920 = VERTEX_POINT ( 'NONE', #11722 ) ;
#6921 = ORIENTED_EDGE ( 'NONE', *, *, #6925, .T. ) ;
#6922 = ORIENTED_EDGE ( 'NONE', *, *, #6914, .F. ) ;
#6923 = VERTEX_POINT ( 'NONE', #11721 ) ;
#6924 = EDGE_CURVE ( 'NONE', #6923, #6870, #11720, .T. ) ;
#6925 = EDGE_CURVE ( 'NONE', #6920, #6923, #11716, .T. ) ;
#6926 = VERTEX_POINT ( 'NONE', #11712 ) ;
#6927 = EDGE_CURVE ( 'NONE', #6926, #6928, #11711, .T. ) ;
#6928 = VERTEX_POINT ( 'NONE', #11707 ) ;
#6929 = VERTEX_POINT ( 'NONE', #11706 ) ;
#6930 = ORIENTED_EDGE ( 'NONE', *, *, #6927, .F. ) ;
#6931 = ORIENTED_EDGE ( 'NONE', *, *, #6890, .F. ) ;
#6932 = EDGE_CURVE ( 'NONE', #6870, #6929, #11705, .T. ) ;
#6933 = EDGE_CURVE ( 'NONE', #6940, #6928, #11701, .T. ) ;
#6934 = VERTEX_POINT ( 'NONE', #11697 ) ;
#6935 = ORIENTED_EDGE ( 'NONE', *, *, #6932, .T. ) ;
#6936 = EDGE_CURVE ( 'NONE', #6934, #6946, #11695, .T. ) ;
#6937 = ORIENTED_EDGE ( 'NONE', *, *, #6939, .F. ) ;
#6938 = ORIENTED_EDGE ( 'NONE', *, *, #6933, .T. ) ;
#6939 = EDGE_CURVE ( 'NONE', #6940, #6944, #11696, .T. ) ;
#6940 = VERTEX_POINT ( 'NONE', #11754 ) ;
#6941 = ORIENTED_EDGE ( 'NONE', *, *, #6936, .F. ) ;
#6942 = EDGE_CURVE ( 'NONE', #6957, #6947, #11753, .T. ) ;
#6943 = ORIENTED_EDGE ( 'NONE', *, *, #6945, .T. ) ;
#6944 = VERTEX_POINT ( 'NONE', #11749 ) ;
#6945 = EDGE_CURVE ( 'NONE', #6947, #6946, #11748, .T. ) ;
#6946 = VERTEX_POINT ( 'NONE', #11744 ) ;
#6947 = VERTEX_POINT ( 'NONE', #11743 ) ;
#6948 = EDGE_CURVE ( 'NONE', #13544, #5, #11742, .T. ) ;
#6949 = ORIENTED_EDGE ( 'NONE', *, *, #6950, .T. ) ;
#6950 = EDGE_CURVE ( 'NONE', #6951, #6944, #11738, .T. ) ;
#6951 = VERTEX_POINT ( 'NONE', #11734 ) ;
#6952 = VERTEX_POINT ( 'NONE', #11733 ) ;
#6953 = EDGE_LOOP ( 'NONE', ( #8741, #8743, #8744, #8745 ) ) ;
#6954 = ORIENTED_EDGE ( 'NONE', *, *, #6942, .T. ) ;
#6955 = EDGE_LOOP ( 'NONE', ( #6959, #8184, #11, #16 ) ) ;
#6956 = EDGE_CURVE ( 'NONE', #6958, #6757, #11732, .T. ) ;
#6957 = VERTEX_POINT ( 'NONE', #11728 ) ;
#6958 = VERTEX_POINT ( 'NONE', #11727 ) ;
#6959 = ORIENTED_EDGE ( 'NONE', *, *, #6948, .F. ) ;
#6960 = ORIENTED_EDGE ( 'NONE', *, *, #6962, .F. ) ;
#6961 = VERTEX_POINT ( 'NONE', #11787 ) ;
#6962 = EDGE_CURVE ( 'NONE', #6957, #6892, #11786, .T. ) ;
#6963 = ORIENTED_EDGE ( 'NONE', *, *, #6972, .T. ) ;
#6964 = ORIENTED_EDGE ( 'NONE', *, *, #6970, .T. ) ;
#6965 = VERTEX_POINT ( 'NONE', #11782 ) ;
#6966 = ORIENTED_EDGE ( 'NONE', *, *, #6971, .T. ) ;
#6967 = VERTEX_POINT ( 'NONE', #11781 ) ;
#6968 = ADVANCED_FACE ( 'NONE', ( #11780 ), #11763, .F. ) ;
#6969 = VERTEX_POINT ( 'NONE', #11758 ) ;
#6970 = EDGE_CURVE ( 'NONE', #6849, #6969, #11821, .T. ) ;
#6971 = EDGE_CURVE ( 'NONE', #6965, #6967, #11817, .T. ) ;
#6972 = EDGE_CURVE ( 'NONE', #6967, #4380, #11813, .T. ) ;
#6973 = ORIENTED_EDGE ( 'NONE', *, *, #13523, .T. ) ;
#6974 = EDGE_LOOP ( 'NONE', ( #6975, #7529, #7003, #7010 ) ) ;
#6975 = ORIENTED_EDGE ( 'NONE', *, *, #7419, .T. ) ;
#6976 = EDGE_CURVE ( 'NONE', #2, #13522, #11809, .T. ) ;
#6977 = VERTEX_POINT ( 'NONE', #11805 ) ;
#6978 = VERTEX_POINT ( 'NONE', #11804 ) ;
#6979 = VERTEX_POINT ( 'NONE', #11803 ) ;
#6980 = EDGE_LOOP ( 'NONE', ( #6985, #6981, #6982, #6983 ) ) ;
#6981 = ORIENTED_EDGE ( 'NONE', *, *, #17, .T. ) ;
#6982 = ORIENTED_EDGE ( 'NONE', *, *, #13547, .T. ) ;
#6983 = ORIENTED_EDGE ( 'NONE', *, *, #6948, .T. ) ;
#6984 = ORIENTED_EDGE ( 'NONE', *, *, #56, .T. ) ;
#6985 = ORIENTED_EDGE ( 'NONE', *, *, #18, .T. ) ;
#6986 = ADVANCED_FACE ( 'NONE', ( #11802 ), #11845, .T. ) ;
#6987 = ORIENTED_EDGE ( 'NONE', *, *, #6989, .T. ) ;
#6988 = EDGE_LOOP ( 'NONE', ( #6987, #6984, #52, #55 ) ) ;
#6989 = EDGE_CURVE ( 'NONE', #6978, #6979, #11839, .T. ) ;
#6990 = ADVANCED_FACE ( 'NONE', ( #11835 ), #11872, .T. ) ;
#6991 = ORIENTED_EDGE ( 'NONE', *, *, #13567, .F. ) ;
#6992 = ORIENTED_EDGE ( 'NONE', *, *, #13545, .T. ) ;
#6993 = VERTEX_POINT ( 'NONE', #11867 ) ;
#6994 = ORIENTED_EDGE ( 'NONE', *, *, #6998, .F. ) ;
#6995 = EDGE_LOOP ( 'NONE', ( #6994, #6653, #6649, #6651 ) ) ;
#6996 = VERTEX_POINT ( 'NONE', #11866 ) ;
#6997 = EDGE_LOOP ( 'NONE', ( #8301, #7956, #7441, #7554 ) ) ;
#6998 = EDGE_CURVE ( 'NONE', #7367, #7008, #11864, .T. ) ;
#6999 = ADVANCED_FACE ( 'NONE', ( #11860 ), #11905, .T. ) ;
#7000 = ORIENTED_EDGE ( 'NONE', *, *, #8951, .T. ) ;
#7001 = ORIENTED_EDGE ( 'NONE', *, *, #7002, .T. ) ;
#7002 = EDGE_CURVE ( 'NONE', #6977, #23, #11900, .T. ) ;
#7003 = ORIENTED_EDGE ( 'NONE', *, *, #7011, .T. ) ;
#7004 = VERTEX_POINT ( 'NONE', #11896 ) ;
#7005 = VERTEX_POINT ( 'NONE', #11895 ) ;
#7006 = EDGE_CURVE ( 'NONE', #13549, #7323, #11894, .T. ) ;
#7007 = VERTEX_POINT ( 'NONE', #11890 ) ;
#7008 = VERTEX_POINT ( 'NONE', #11889 ) ;
#7009 = EDGE_CURVE ( 'NONE', #7008, #7424, #11888, .T. ) ;
#7010 = ORIENTED_EDGE ( 'NONE', *, *, #7009, .T. ) ;
#7011 = EDGE_CURVE ( 'NONE', #7004, #7008, #11884, .T. ) ;
#7012 = ORIENTED_EDGE ( 'NONE', *, *, #9661, .T. ) ;
#7013 = VERTEX_POINT ( 'NONE', #11880 ) ;
#7014 = ORIENTED_EDGE ( 'NONE', *, *, #7015, .F. ) ;
#7015 = EDGE_CURVE ( 'NONE', #7016, #7114, #11878, .T. ) ;
#7016 = VERTEX_POINT ( 'NONE', #11934 ) ;
#7017 = ORIENTED_EDGE ( 'NONE', *, *, #7018, .F. ) ;
#7018 = EDGE_CURVE ( 'NONE', #7019, #7016, #11932, .T. ) ;
#7019 = VERTEX_POINT ( 'NONE', #11928 ) ;
#7020 = EDGE_LOOP ( 'NONE', ( #7098, #7099, #7100, #7103 ) ) ;
#7021 = EDGE_CURVE ( 'NONE', #7375, #7049, #11926, .T. ) ;
#7022 = ORIENTED_EDGE ( 'NONE', *, *, #7383, .T. ) ;
#7023 = ORIENTED_EDGE ( 'NONE', *, *, #7042, .T. ) ;
#7024 = ORIENTED_EDGE ( 'NONE', *, *, #7051, .F. ) ;
#7025 = ADVANCED_FACE ( 'NONE', ( #11922 ), #11907, .T. ) ;
#7026 = EDGE_LOOP ( 'NONE', ( #7027, #7028, #7029, #7030 ) ) ;
#7027 = ORIENTED_EDGE ( 'NONE', *, *, #7034, .F. ) ;
#7028 = ORIENTED_EDGE ( 'NONE', *, *, #7466, .T. ) ;
#7029 = ORIENTED_EDGE ( 'NONE', *, *, #7021, .T. ) ;
#7030 = ORIENTED_EDGE ( 'NONE', *, *, #7036, .F. ) ;
#7031 = ADVANCED_FACE ( 'NONE', ( #11958 ), #11943, .T. ) ;
#7032 = EDGE_LOOP ( 'NONE', ( #7108, #7109, #7112, #7014, #7017, #7095 ) ) ;
#7033 = ORIENTED_EDGE ( 'NONE', *, *, #7034, .T. ) ;
#7034 = EDGE_CURVE ( 'NONE', #7374, #7037, #11938, .T. ) ;
#7035 = ORIENTED_EDGE ( 'NONE', *, *, #7057, .F. ) ;
#7036 = EDGE_CURVE ( 'NONE', #7037, #7049, #11989, .T. ) ;
#7037 = VERTEX_POINT ( 'NONE', #11985 ) ;
#7038 = EDGE_CURVE ( 'NONE', #7176, #13504, #11983, .T. ) ;
#7039 = ADVANCED_FACE ( 'NONE', ( #11979 ), #11964, .T. ) ;
#7040 = EDGE_LOOP ( 'NONE', ( #7041, #7043, #7044, #7045 ) ) ;
#7041 = ORIENTED_EDGE ( 'NONE', *, *, #7042, .F. ) ;
#7042 = EDGE_CURVE ( 'NONE', #7381, #7052, #12015, .T. ) ;
#7043 = ORIENTED_EDGE ( 'NONE', *, *, #7380, .T. ) ;
#7044 = ORIENTED_EDGE ( 'NONE', *, *, #7061, .T. ) ;
#7045 = ORIENTED_EDGE ( 'NONE', *, *, #7054, .F. ) ;
#7046 = ADVANCED_FACE ( 'NONE', ( #12011 ), #11995, .T. ) ;
#7047 = EDGE_LOOP ( 'NONE', ( #7048, #7022, #7023, #7024 ) ) ;
#7048 = ORIENTED_EDGE ( 'NONE', *, *, #7021, .F. ) ;
#7049 = VERTEX_POINT ( 'NONE', #11994 ) ;
#7050 = ORIENTED_EDGE ( 'NONE', *, *, #7051, .T. ) ;
#7051 = EDGE_CURVE ( 'NONE', #7049, #7052, #12050, .T. ) ;
#7052 = VERTEX_POINT ( 'NONE', #12046 ) ;
#7053 = ORIENTED_EDGE ( 'NONE', *, *, #7054, .T. ) ;
#7054 = EDGE_CURVE ( 'NONE', #7052, #7055, #12045, .T. ) ;
#7055 = VERTEX_POINT ( 'NONE', #12041 ) ;
#7056 = ORIENTED_EDGE ( 'NONE', *, *, #7057, .T. ) ;
#7057 = EDGE_CURVE ( 'NONE', #7055, #7037, #12039, .T. ) ;
#7058 = ADVANCED_FACE ( 'NONE', ( #12035 ), #12079, .T. ) ;
#7059 = EDGE_LOOP ( 'NONE', ( #7060, #7062, #7033, #7035 ) ) ;
#7060 = ORIENTED_EDGE ( 'NONE', *, *, #7061, .F. ) ;
#7061 = EDGE_CURVE ( 'NONE', #7378, #7055, #12073, .T. ) ;
#7062 = ORIENTED_EDGE ( 'NONE', *, *, #7377, .T. ) ;
#7063 = ORIENTED_EDGE ( 'NONE', *, *, #9488, .F. ) ;
#7064 = ORIENTED_EDGE ( 'NONE', *, *, #9425, .T. ) ;
#7065 = ADVANCED_FACE ( 'NONE', ( #12069 ), #12051, .T. ) ;
#7066 = EDGE_LOOP ( 'NONE', ( #7067, #7068, #7069, #7070 ) ) ;
#7067 = ORIENTED_EDGE ( 'NONE', *, *, #9474, .T. ) ;
#7068 = ORIENTED_EDGE ( 'NONE', *, *, #9471, .T. ) ;
#7069 = ORIENTED_EDGE ( 'NONE', *, *, #9422, .T. ) ;
#7070 = ORIENTED_EDGE ( 'NONE', *, *, #9464, .T. ) ;
#7071 = ADVANCED_FACE ( 'NONE', ( #12110 ), #12095, .T. ) ;
#7072 = EDGE_LOOP ( 'NONE', ( #7073, #7050, #7053, #7056 ) ) ;
#7073 = ORIENTED_EDGE ( 'NONE', *, *, #7036, .T. ) ;
#7074 = ADVANCED_FACE ( 'NONE', ( #12089 ), #12131, .F. ) ;
#7075 = EDGE_LOOP ( 'NONE', ( #7076, #7078, #7079, #7080 ) ) ;
#7076 = ORIENTED_EDGE ( 'NONE', *, *, #7077, .F. ) ;
#7077 = EDGE_CURVE ( 'NONE', #7114, #7087, #12126, .T. ) ;
#7078 = ORIENTED_EDGE ( 'NONE', *, *, #7113, .F. ) ;
#7079 = ORIENTED_EDGE ( 'NONE', *, *, #7154, .F. ) ;
#7080 = ORIENTED_EDGE ( 'NONE', *, *, #7089, .T. ) ;
#7081 = ORIENTED_EDGE ( 'NONE', *, *, #7104, .F. ) ;
#7082 = ORIENTED_EDGE ( 'NONE', *, *, #7083, .T. ) ;
#7083 = EDGE_CURVE ( 'NONE', #7102, #7084, #12122, .T. ) ;
#7084 = VERTEX_POINT ( 'NONE', #12118 ) ;
#7085 = ORIENTED_EDGE ( 'NONE', *, *, #7086, .F. ) ;
#7086 = EDGE_CURVE ( 'NONE', #7087, #7084, #12117, .T. ) ;
#7087 = VERTEX_POINT ( 'NONE', #12162 ) ;
#7088 = ORIENTED_EDGE ( 'NONE', *, *, #7089, .F. ) ;
#7089 = EDGE_CURVE ( 'NONE', #7090, #7087, #12161, .T. ) ;
#7090 = VERTEX_POINT ( 'NONE', #12157 ) ;
#7091 = ORIENTED_EDGE ( 'NONE', *, *, #7092, .T. ) ;
#7092 = EDGE_CURVE ( 'NONE', #7090, #7300, #12155, .T. ) ;
#7093 = ADVANCED_FACE ( 'NONE', ( #12151 ), #12191, .T. ) ;
#7094 = EDGE_LOOP ( 'NONE', ( #7151, #7152, #7153, #7155 ) ) ;
#7095 = ORIENTED_EDGE ( 'NONE', *, *, #7096, .T. ) ;
#7096 = EDGE_CURVE ( 'NONE', #7019, #7304, #12185, .T. ) ;
#7097 = ADVANCED_FACE ( 'NONE', ( #12181 ), #12166, .T. ) ;
#7098 = ORIENTED_EDGE ( 'NONE', *, *, #7306, .F. ) ;
#7099 = ORIENTED_EDGE ( 'NONE', *, *, #7096, .F. ) ;
#7100 = ORIENTED_EDGE ( 'NONE', *, *, #7101, .T. ) ;
#7101 = EDGE_CURVE ( 'NONE', #7019, #7102, #12218, .T. ) ;
#7102 = VERTEX_POINT ( 'NONE', #12214 ) ;
#7103 = ORIENTED_EDGE ( 'NONE', *, *, #7104, .T. ) ;
#7104 = EDGE_CURVE ( 'NONE', #7102, #7307, #12212, .T. ) ;
#7105 = ADVANCED_FACE ( 'NONE', ( #12208 ), #12193, .T. ) ;
#7106 = EDGE_LOOP ( 'NONE', ( #7107, #7081, #7082, #7085, #7088, #7091 ) ) ;
#7107 = ORIENTED_EDGE ( 'NONE', *, *, #7309, .F. ) ;
#7108 = ORIENTED_EDGE ( 'NONE', *, *, #7303, .F. ) ;
#7109 = ORIENTED_EDGE ( 'NONE', *, *, #7110, .F. ) ;
#7110 = EDGE_CURVE ( 'NONE', #7111, #7301, #12248, .T. ) ;
#7111 = VERTEX_POINT ( 'NONE', #12244 ) ;
#7112 = ORIENTED_EDGE ( 'NONE', *, *, #7113, .T. ) ;
#7113 = EDGE_CURVE ( 'NONE', #7111, #7114, #12243, .T. ) ;
#7114 = VERTEX_POINT ( 'NONE', #12239 ) ;
#7115 = ORIENTED_EDGE ( 'NONE', *, *, #7395, .T. ) ;
#7116 = ORIENTED_EDGE ( 'NONE', *, *, #7117, .T. ) ;
#7117 = EDGE_CURVE ( 'NONE', #7392, #7129, #12237, .T. ) ;
#7118 = ORIENTED_EDGE ( 'NONE', *, *, #7138, .F. ) ;
#7119 = ADVANCED_FACE ( 'NONE', ( #12233 ), #12276, .T. ) ;
#7120 = EDGE_LOOP ( 'NONE', ( #7121, #7123, #7179, #7180 ) ) ;
#7121 = ORIENTED_EDGE ( 'NONE', *, *, #7122, .F. ) ;
#7122 = EDGE_CURVE ( 'NONE', #7399, #7133, #12270, .T. ) ;
#7123 = ORIENTED_EDGE ( 'NONE', *, *, #7398, .T. ) ;
#7124 = ORIENTED_EDGE ( 'NONE', *, *, #7077, .T. ) ;
#7125 = ADVANCED_FACE ( 'NONE', ( #12266 ), #12313, .T. ) ;
#7126 = EDGE_LOOP ( 'NONE', ( #7127, #7131, #7134, #7137 ) ) ;
#7127 = ORIENTED_EDGE ( 'NONE', *, *, #7128, .T. ) ;
#7128 = EDGE_CURVE ( 'NONE', #7129, #7130, #12308, .T. ) ;
#7129 = VERTEX_POINT ( 'NONE', #12304 ) ;
#7130 = VERTEX_POINT ( 'NONE', #12303 ) ;
#7131 = ORIENTED_EDGE ( 'NONE', *, *, #7132, .T. ) ;
#7132 = EDGE_CURVE ( 'NONE', #7130, #7133, #12302, .T. ) ;
#7133 = VERTEX_POINT ( 'NONE', #12298 ) ;
#7134 = ORIENTED_EDGE ( 'NONE', *, *, #7135, .T. ) ;
#7135 = EDGE_CURVE ( 'NONE', #7133, #7136, #12297, .T. ) ;
#7136 = VERTEX_POINT ( 'NONE', #12293 ) ;
#7137 = ORIENTED_EDGE ( 'NONE', *, *, #7138, .T. ) ;
#7138 = EDGE_CURVE ( 'NONE', #7136, #7129, #12291, .T. ) ;
#7139 = ADVANCED_FACE ( 'NONE', ( #12287 ), #12335, .F. ) ;
#7140 = EDGE_LOOP ( 'NONE', ( #7141, #7143, #7144, #7145 ) ) ;
#7141 = ORIENTED_EDGE ( 'NONE', *, *, #7142, .F. ) ;
#7142 = EDGE_CURVE ( 'NONE', #7084, #7016, #12329, .T. ) ;
#7143 = ORIENTED_EDGE ( 'NONE', *, *, #7083, .F. ) ;
#7144 = ORIENTED_EDGE ( 'NONE', *, *, #7101, .F. ) ;
#7145 = ORIENTED_EDGE ( 'NONE', *, *, #7018, .T. ) ;
#7146 = ADVANCED_FACE ( 'NONE', ( #12325 ), #12365, .T. ) ;
#7147 = EDGE_LOOP ( 'NONE', ( #7148, #7149, #7150, #7124 ) ) ;
#7148 = ORIENTED_EDGE ( 'NONE', *, *, #7086, .T. ) ;
#7149 = ORIENTED_EDGE ( 'NONE', *, *, #7142, .T. ) ;
#7150 = ORIENTED_EDGE ( 'NONE', *, *, #7015, .T. ) ;
#7151 = ORIENTED_EDGE ( 'NONE', *, *, #7299, .F. ) ;
#7152 = ORIENTED_EDGE ( 'NONE', *, *, #7092, .F. ) ;
#7153 = ORIENTED_EDGE ( 'NONE', *, *, #7154, .T. ) ;
#7154 = EDGE_CURVE ( 'NONE', #7090, #7111, #12359, .T. ) ;
#7155 = ORIENTED_EDGE ( 'NONE', *, *, #7110, .T. ) ;
#7156 = ORIENTED_EDGE ( 'NONE', *, *, #7006, .T. ) ;
#7157 = ADVANCED_FACE ( 'NONE', ( #12355 ), #12394, .T. ) ;
#7158 = EDGE_LOOP ( 'NONE', ( #7159, #7160, #7161, #7164 ) ) ;
#7159 = ORIENTED_EDGE ( 'NONE', *, *, #7325, .F. ) ;
#7160 = ORIENTED_EDGE ( 'NONE', *, *, #7006, .F. ) ;
#7161 = ORIENTED_EDGE ( 'NONE', *, *, #7162, .T. ) ;
#7162 = EDGE_CURVE ( 'NONE', #13549, #7163, #12389, .T. ) ;
#7163 = VERTEX_POINT ( 'NONE', #12385 ) ;
#7164 = ORIENTED_EDGE ( 'NONE', *, *, #13494, .T. ) ;
#7165 = ORIENTED_EDGE ( 'NONE', *, *, #7391, .T. ) ;
#7166 = ORIENTED_EDGE ( 'NONE', *, *, #7184, .T. ) ;
#7167 = ORIENTED_EDGE ( 'NONE', *, *, #7128, .F. ) ;
#7168 = ADVANCED_FACE ( 'NONE', ( #12384 ), #12427, .T. ) ;
#7169 = EDGE_LOOP ( 'NONE', ( #7170, #7171, #7174, #7177, #13533, #7156 ) ) ;
#7170 = ORIENTED_EDGE ( 'NONE', *, *, #7322, .F. ) ;
#7171 = ORIENTED_EDGE ( 'NONE', *, *, #7172, .F. ) ;
#7172 = EDGE_CURVE ( 'NONE', #7173, #7320, #12422, .T. ) ;
#7173 = VERTEX_POINT ( 'NONE', #12418 ) ;
#7174 = ORIENTED_EDGE ( 'NONE', *, *, #7175, .T. ) ;
#7175 = EDGE_CURVE ( 'NONE', #7173, #7176, #12417, .T. ) ;
#7176 = VERTEX_POINT ( 'NONE', #12413 ) ;
#7177 = ORIENTED_EDGE ( 'NONE', *, *, #205, .F. ) ;
#7178 = VERTEX_POINT ( 'NONE', #12412 ) ;
#7179 = ORIENTED_EDGE ( 'NONE', *, *, #7194, .T. ) ;
#7180 = ORIENTED_EDGE ( 'NONE', *, *, #7135, .F. ) ;
#7181 = ADVANCED_FACE ( 'NONE', ( #12411 ), #12454, .T. ) ;
#7182 = EDGE_LOOP ( 'NONE', ( #7183, #7185, #7186, #7187 ) ) ;
#7183 = ORIENTED_EDGE ( 'NONE', *, *, #7184, .F. ) ;
#7184 = EDGE_CURVE ( 'NONE', #7393, #7130, #12447, .T. ) ;
#7185 = ORIENTED_EDGE ( 'NONE', *, *, #7401, .T. ) ;
#7186 = ORIENTED_EDGE ( 'NONE', *, *, #7122, .T. ) ;
#7187 = ORIENTED_EDGE ( 'NONE', *, *, #7132, .F. ) ;
#7188 = ADVANCED_FACE ( 'NONE', ( #12443 ), #12482, .T. ) ;
#7189 = EDGE_LOOP ( 'NONE', ( #7190, #7165, #7166, #7167 ) ) ;
#7190 = ORIENTED_EDGE ( 'NONE', *, *, #7117, .F. ) ;
#7191 = ADVANCED_FACE ( 'NONE', ( #12477 ), #12462, .T. ) ;
#7192 = EDGE_LOOP ( 'NONE', ( #7193, #7115, #7116, #7118 ) ) ;
#7193 = ORIENTED_EDGE ( 'NONE', *, *, #7194, .F. ) ;
#7194 = EDGE_CURVE ( 'NONE', #7396, #7136, #12457, .T. ) ;
#7195 = ORIENTED_EDGE ( 'NONE', *, *, #7196, .T. ) ;
#7196 = EDGE_CURVE ( 'NONE', #7197, #7198, #12513, .T. ) ;
#7197 = VERTEX_POINT ( 'NONE', #12509 ) ;
#7198 = VERTEX_POINT ( 'NONE', #12508 ) ;
#7199 = ORIENTED_EDGE ( 'NONE', *, *, #7200, .T. ) ;
#7200 = EDGE_CURVE ( 'NONE', #7198, #7201, #12507, .T. ) ;
#7201 = VERTEX_POINT ( 'NONE', #12503 ) ;
#7202 = ORIENTED_EDGE ( 'NONE', *, *, #7203, .T. ) ;
#7203 = EDGE_CURVE ( 'NONE', #7222, #7204, #12502, .T. ) ;
#7204 = VERTEX_POINT ( 'NONE', #12498 ) ;
#7205 = ORIENTED_EDGE ( 'NONE', *, *, #7206, .T. ) ;
#7206 = EDGE_CURVE ( 'NONE', #7204, #7207, #12497, .T. ) ;
#7207 = VERTEX_POINT ( 'NONE', #12493 ) ;
#7208 = ORIENTED_EDGE ( 'NONE', *, *, #7209, .T. ) ;
#7209 = EDGE_CURVE ( 'NONE', #7207, #7210, #12492, .T. ) ;
#7210 = VERTEX_POINT ( 'NONE', #12488 ) ;
#7211 = ORIENTED_EDGE ( 'NONE', *, *, #7212, .T. ) ;
#7212 = EDGE_CURVE ( 'NONE', #7210, #7222, #12487, .T. ) ;
#7213 = EDGE_LOOP ( 'NONE', ( #7214, #7272, #7275, #7278 ) ) ;
#7214 = ORIENTED_EDGE ( 'NONE', *, *, #7215, .T. ) ;
#7215 = EDGE_CURVE ( 'NONE', #7216, #7217, #12547, .T. ) ;
#7216 = VERTEX_POINT ( 'NONE', #12543 ) ;
#7217 = VERTEX_POINT ( 'NONE', #12542 ) ;
#7218 = MANIFOLD_SOLID_BREP ( 'NONE', #22 ) ;
#7219 = EDGE_CURVE ( 'NONE', #7248, #7523, #12526, .T. ) ;
#7220 = ADVANCED_FACE ( 'NONE', ( #12522, #12521, #12520, #12519, #12518, #12517, #12516, #12588, #12587, #12586, #12585, #12584, #12583, #12582, #12581, #12580, #12579, #12578, #12577, #12576, #12575, #12574, #12573 ), #12572, .F. ) ;
#7221 = EDGE_LOOP ( 'NONE', ( #7202, #7205, #7208, #7211 ) ) ;
#7222 = VERTEX_POINT ( 'NONE', #12567 ) ;
#7223 = VERTEX_POINT ( 'NONE', #12566 ) ;
#7224 = VERTEX_POINT ( 'NONE', #12565 ) ;
#7225 = ORIENTED_EDGE ( 'NONE', *, *, #7226, .F. ) ;
#7226 = EDGE_CURVE ( 'NONE', #7227, #7223, #12564, .T. ) ;
#7227 = VERTEX_POINT ( 'NONE', #12560 ) ;
#7228 = ORIENTED_EDGE ( 'NONE', *, *, #7229, .F. ) ;
#7229 = EDGE_CURVE ( 'NONE', #6708, #7227, #12559, .T. ) ;
#7230 = ORIENTED_EDGE ( 'NONE', *, *, #6714, .T. ) ;
#7231 = ORIENTED_EDGE ( 'NONE', *, *, #6822, .T. ) ;
#7232 = ORIENTED_EDGE ( 'NONE', *, *, #7233, .F. ) ;
#7233 = EDGE_CURVE ( 'NONE', #7224, #6824, #12555, .T. ) ;
#7234 = ADVANCED_FACE ( 'NONE', ( #12551, #12550, #12549, #12548, #12631, #12630, #12629, #12628, #12627, #12626, #12625, #12624, #12623, #12622, #12621, #12620, #12619, #12618, #12617, #12616, #12615, #12614, #12613 ), #12612, .T. ) ;
#7235 = EDGE_LOOP ( 'NONE', ( #7360, #7365, #7368, #7371 ) ) ;
#7236 = ADVANCED_FACE ( 'NONE', ( #12607, #12606 ), #12605, .F. ) ;
#7237 = EDGE_CURVE ( 'NONE', #7326, #7318, #12600, .T. ) ;
#7238 = EDGE_LOOP ( 'NONE', ( #7298, #7302, #7305, #7308 ) ) ;
#7239 = EDGE_CURVE ( 'NONE', #7269, #7271, #12596, .T. ) ;
#7240 = ORIENTED_EDGE ( 'NONE', *, *, #7241, .T. ) ;
#7241 = EDGE_CURVE ( 'NONE', #7271, #7265, #12592, .T. ) ;
#7242 = EDGE_LOOP ( 'NONE', ( #7243, #7247, #7251, #7254 ) ) ;
#7243 = ORIENTED_EDGE ( 'NONE', *, *, #7244, .T. ) ;
#7244 = EDGE_CURVE ( 'NONE', #7245, #7246, #12661, .T. ) ;
#7245 = VERTEX_POINT ( 'NONE', #12657 ) ;
#7246 = VERTEX_POINT ( 'NONE', #12656 ) ;
#7247 = ORIENTED_EDGE ( 'NONE', *, *, #7249, .T. ) ;
#7248 = VERTEX_POINT ( 'NONE', #12655 ) ;
#7249 = EDGE_CURVE ( 'NONE', #7246, #7250, #12654, .T. ) ;
#7250 = VERTEX_POINT ( 'NONE', #12650 ) ;
#7251 = ORIENTED_EDGE ( 'NONE', *, *, #7252, .T. ) ;
#7252 = EDGE_CURVE ( 'NONE', #7250, #7253, #12649, .T. ) ;
#7253 = VERTEX_POINT ( 'NONE', #12645 ) ;
#7254 = ORIENTED_EDGE ( 'NONE', *, *, #7255, .T. ) ;
#7255 = EDGE_CURVE ( 'NONE', #7253, #7245, #12644, .T. ) ;
#7256 = EDGE_LOOP ( 'NONE', ( #7316, #7321, #7324, #7327 ) ) ;
#7257 = ORIENTED_EDGE ( 'NONE', *, *, #7258, .T. ) ;
#7258 = EDGE_CURVE ( 'NONE', #7201, #7259, #12640, .T. ) ;
#7259 = VERTEX_POINT ( 'NONE', #12636 ) ;
#7260 = ORIENTED_EDGE ( 'NONE', *, *, #7261, .T. ) ;
#7261 = EDGE_CURVE ( 'NONE', #7259, #7197, #12635, .T. ) ;
#7262 = EDGE_LOOP ( 'NONE', ( #7263, #7267, #7270, #7240 ) ) ;
#7263 = ORIENTED_EDGE ( 'NONE', *, *, #7264, .T. ) ;
#7264 = EDGE_CURVE ( 'NONE', #7265, #7266, #12693, .T. ) ;
#7265 = VERTEX_POINT ( 'NONE', #12689 ) ;
#7266 = VERTEX_POINT ( 'NONE', #12688 ) ;
#7267 = ORIENTED_EDGE ( 'NONE', *, *, #7268, .T. ) ;
#7268 = EDGE_CURVE ( 'NONE', #7266, #7269, #12687, .T. ) ;
#7269 = VERTEX_POINT ( 'NONE', #12683 ) ;
#7270 = ORIENTED_EDGE ( 'NONE', *, *, #7239, .T. ) ;
#7271 = VERTEX_POINT ( 'NONE', #12682 ) ;
#7272 = ORIENTED_EDGE ( 'NONE', *, *, #7273, .T. ) ;
#7273 = EDGE_CURVE ( 'NONE', #7217, #7274, #12681, .T. ) ;
#7274 = VERTEX_POINT ( 'NONE', #12677 ) ;
#7275 = ORIENTED_EDGE ( 'NONE', *, *, #7276, .T. ) ;
#7276 = EDGE_CURVE ( 'NONE', #7274, #7277, #12676, .T. ) ;
#7277 = VERTEX_POINT ( 'NONE', #12672 ) ;
#7278 = ORIENTED_EDGE ( 'NONE', *, *, #7279, .T. ) ;
#7279 = EDGE_CURVE ( 'NONE', #7277, #7216, #12671, .T. ) ;
#7280 = EDGE_LOOP ( 'NONE', ( #7195, #7199, #7257, #7260 ) ) ;
#7281 = ORIENTED_EDGE ( 'NONE', *, *, #7282, .F. ) ;
#7282 = EDGE_CURVE ( 'NONE', #7283, #7343, #12667, .T. ) ;
#7283 = VERTEX_POINT ( 'NONE', #12663 ) ;
#7284 = ORIENTED_EDGE ( 'NONE', *, *, #7285, .T. ) ;
#7285 = EDGE_CURVE ( 'NONE', #7314, #7315, #12662, .T. ) ;
#7286 = ORIENTED_EDGE ( 'NONE', *, *, #7287, .T. ) ;
#7287 = EDGE_CURVE ( 'NONE', #7315, #7288, #12723, .T. ) ;
#7288 = VERTEX_POINT ( 'NONE', #12719 ) ;
#7289 = ORIENTED_EDGE ( 'NONE', *, *, #7290, .T. ) ;
#7290 = EDGE_CURVE ( 'NONE', #7288, #7313, #12718, .T. ) ;
#7291 = EDGE_LOOP ( 'NONE', ( #7292, #7296, #26, #31 ) ) ;
#7292 = ORIENTED_EDGE ( 'NONE', *, *, #7293, .T. ) ;
#7293 = EDGE_CURVE ( 'NONE', #7294, #7295, #12714, .T. ) ;
#7294 = VERTEX_POINT ( 'NONE', #12710 ) ;
#7295 = VERTEX_POINT ( 'NONE', #12709 ) ;
#7296 = ORIENTED_EDGE ( 'NONE', *, *, #7297, .T. ) ;
#7297 = EDGE_CURVE ( 'NONE', #7295, #21, #12708, .T. ) ;
#7298 = ORIENTED_EDGE ( 'NONE', *, *, #7299, .T. ) ;
#7299 = EDGE_CURVE ( 'NONE', #7300, #7301, #12704, .T. ) ;
#7300 = VERTEX_POINT ( 'NONE', #12700 ) ;
#7301 = VERTEX_POINT ( 'NONE', #12699 ) ;
#7302 = ORIENTED_EDGE ( 'NONE', *, *, #7303, .T. ) ;
#7303 = EDGE_CURVE ( 'NONE', #7301, #7304, #12698, .T. ) ;
#7304 = VERTEX_POINT ( 'NONE', #12694 ) ;
#7305 = ORIENTED_EDGE ( 'NONE', *, *, #7306, .T. ) ;
#7306 = EDGE_CURVE ( 'NONE', #7304, #7307, #12757, .T. ) ;
#7307 = VERTEX_POINT ( 'NONE', #12753 ) ;
#7308 = ORIENTED_EDGE ( 'NONE', *, *, #7309, .T. ) ;
#7309 = EDGE_CURVE ( 'NONE', #7307, #7300, #12752, .T. ) ;
#7310 = EDGE_LOOP ( 'NONE', ( #7311, #7284, #7286, #7289 ) ) ;
#7311 = ORIENTED_EDGE ( 'NONE', *, *, #7312, .T. ) ;
#7312 = EDGE_CURVE ( 'NONE', #7313, #7314, #12748, .T. ) ;
#7313 = VERTEX_POINT ( 'NONE', #12744 ) ;
#7314 = VERTEX_POINT ( 'NONE', #12743 ) ;
#7315 = VERTEX_POINT ( 'NONE', #12742 ) ;
#7316 = ORIENTED_EDGE ( 'NONE', *, *, #7317, .T. ) ;
#7317 = EDGE_CURVE ( 'NONE', #7318, #7320, #12741, .T. ) ;
#7318 = VERTEX_POINT ( 'NONE', #12737 ) ;
#7319 = EDGE_CURVE ( 'NONE', #7523, #6996, #12736, .T. ) ;
#7320 = VERTEX_POINT ( 'NONE', #12732 ) ;
#7321 = ORIENTED_EDGE ( 'NONE', *, *, #7322, .T. ) ;
#7322 = EDGE_CURVE ( 'NONE', #7320, #7323, #12731, .T. ) ;
#7323 = VERTEX_POINT ( 'NONE', #12727 ) ;
#7324 = ORIENTED_EDGE ( 'NONE', *, *, #7325, .T. ) ;
#7325 = EDGE_CURVE ( 'NONE', #7323, #7326, #12789, .T. ) ;
#7326 = VERTEX_POINT ( 'NONE', #12785 ) ;
#7327 = ORIENTED_EDGE ( 'NONE', *, *, #7237, .T. ) ;
#7328 = ORIENTED_EDGE ( 'NONE', *, *, #7329, .F. ) ;
#7329 = EDGE_CURVE ( 'NONE', #7330, #7359, #12784, .T. ) ;
#7330 = VERTEX_POINT ( 'NONE', #12780 ) ;
#7331 = ORIENTED_EDGE ( 'NONE', *, *, #7332, .F. ) ;
#7332 = EDGE_CURVE ( 'NONE', #7356, #7330, #12779, .T. ) ;
#7333 = EDGE_LOOP ( 'NONE', ( #7334, #7338, #7341, #7404 ) ) ;
#7334 = ORIENTED_EDGE ( 'NONE', *, *, #7335, .F. ) ;
#7335 = EDGE_CURVE ( 'NONE', #7336, #7337, #12775, .T. ) ;
#7336 = VERTEX_POINT ( 'NONE', #12771 ) ;
#7337 = VERTEX_POINT ( 'NONE', #12770 ) ;
#7338 = ORIENTED_EDGE ( 'NONE', *, *, #7339, .F. ) ;
#7339 = EDGE_CURVE ( 'NONE', #7340, #7336, #12769, .T. ) ;
#7340 = VERTEX_POINT ( 'NONE', #12765 ) ;
#7341 = ORIENTED_EDGE ( 'NONE', *, *, #7403, .F. ) ;
#7342 = VERTEX_POINT ( 'NONE', #12764 ) ;
#7343 = VERTEX_POINT ( 'NONE', #12763 ) ;
#7344 = ORIENTED_EDGE ( 'NONE', *, *, #7345, .F. ) ;
#7345 = EDGE_CURVE ( 'NONE', #7346, #7283, #12762, .T. ) ;
#7346 = VERTEX_POINT ( 'NONE', #12758 ) ;
#7347 = ORIENTED_EDGE ( 'NONE', *, *, #7348, .F. ) ;
#7348 = EDGE_CURVE ( 'NONE', #7349, #7346, #12820, .T. ) ;
#7349 = VERTEX_POINT ( 'NONE', #12816 ) ;
#7350 = ORIENTED_EDGE ( 'NONE', *, *, #7351, .F. ) ;
#7351 = EDGE_CURVE ( 'NONE', #7343, #7349, #12815, .T. ) ;
#7352 = EDGE_LOOP ( 'NONE', ( #7353, #7357, #7328, #7331 ) ) ;
#7353 = ORIENTED_EDGE ( 'NONE', *, *, #7354, .F. ) ;
#7354 = EDGE_CURVE ( 'NONE', #7355, #7356, #12811, .T. ) ;
#7355 = VERTEX_POINT ( 'NONE', #12807 ) ;
#7356 = VERTEX_POINT ( 'NONE', #12806 ) ;
#7357 = ORIENTED_EDGE ( 'NONE', *, *, #7358, .F. ) ;
#7358 = EDGE_CURVE ( 'NONE', #7359, #7355, #12805, .T. ) ;
#7359 = VERTEX_POINT ( 'NONE', #12801 ) ;
#7360 = ORIENTED_EDGE ( 'NONE', *, *, #7361, .F. ) ;
#7361 = EDGE_CURVE ( 'NONE', #7362, #7364, #12800, .T. ) ;
#7362 = VERTEX_POINT ( 'NONE', #12796 ) ;
#7363 = EDGE_LOOP ( 'NONE', ( #6682, #6672, #6674, #6668 ) ) ;
#7364 = VERTEX_POINT ( 'NONE', #12795 ) ;
#7365 = ORIENTED_EDGE ( 'NONE', *, *, #7366, .F. ) ;
#7366 = EDGE_CURVE ( 'NONE', #7367, #7362, #12794, .T. ) ;
#7367 = VERTEX_POINT ( 'NONE', #12790 ) ;
#7368 = ORIENTED_EDGE ( 'NONE', *, *, #7369, .F. ) ;
#7369 = EDGE_CURVE ( 'NONE', #7370, #7367, #12855, .T. ) ;
#7370 = VERTEX_POINT ( 'NONE', #12851 ) ;
#7371 = ORIENTED_EDGE ( 'NONE', *, *, #7372, .F. ) ;
#7372 = EDGE_CURVE ( 'NONE', #7364, #7370, #12850, .T. ) ;
#7373 = EDGE_LOOP ( 'NONE', ( #7281, #7344, #7347, #7350 ) ) ;
#7374 = VERTEX_POINT ( 'NONE', #12846 ) ;
#7375 = VERTEX_POINT ( 'NONE', #12845 ) ;
#7376 = ORIENTED_EDGE ( 'NONE', *, *, #7377, .F. ) ;
#7377 = EDGE_CURVE ( 'NONE', #7378, #7374, #12844, .T. ) ;
#7378 = VERTEX_POINT ( 'NONE', #12840 ) ;
#7379 = ORIENTED_EDGE ( 'NONE', *, *, #7380, .F. ) ;
#7380 = EDGE_CURVE ( 'NONE', #7381, #7378, #12839, .T. ) ;
#7381 = VERTEX_POINT ( 'NONE', #12835 ) ;
#7382 = ORIENTED_EDGE ( 'NONE', *, *, #7383, .F. ) ;
#7383 = EDGE_CURVE ( 'NONE', #7375, #7381, #12834, .T. ) ;
#7384 = EDGE_LOOP ( 'NONE', ( #7385, #7450, #7453, #7456 ) ) ;
#7385 = ORIENTED_EDGE ( 'NONE', *, *, #7386, .F. ) ;
#7386 = EDGE_CURVE ( 'NONE', #7387, #7449, #12830, .T. ) ;
#7387 = VERTEX_POINT ( 'NONE', #12826 ) ;
#7388 = ORIENTED_EDGE ( 'NONE', *, *, #7389, .F. ) ;
#7389 = EDGE_CURVE ( 'NONE', #7410, #7416, #12825, .T. ) ;
#7390 = ORIENTED_EDGE ( 'NONE', *, *, #7391, .F. ) ;
#7391 = EDGE_CURVE ( 'NONE', #7392, #7393, #12888, .T. ) ;
#7392 = VERTEX_POINT ( 'NONE', #12884 ) ;
#7393 = VERTEX_POINT ( 'NONE', #12883 ) ;
#7394 = ORIENTED_EDGE ( 'NONE', *, *, #7395, .F. ) ;
#7395 = EDGE_CURVE ( 'NONE', #7396, #7392, #12882, .T. ) ;
#7396 = VERTEX_POINT ( 'NONE', #12878 ) ;
#7397 = ORIENTED_EDGE ( 'NONE', *, *, #7398, .F. ) ;
#7398 = EDGE_CURVE ( 'NONE', #7399, #7396, #12877, .T. ) ;
#7399 = VERTEX_POINT ( 'NONE', #12873 ) ;
#7400 = ORIENTED_EDGE ( 'NONE', *, *, #7401, .F. ) ;
#7401 = EDGE_CURVE ( 'NONE', #7393, #7399, #12872, .T. ) ;
#7402 = EDGE_LOOP ( 'NONE', ( #7465, #7376, #7379, #7382 ) ) ;
#7403 = EDGE_CURVE ( 'NONE', #7342, #7340, #12868, .T. ) ;
#7404 = ORIENTED_EDGE ( 'NONE', *, *, #7405, .F. ) ;
#7405 = EDGE_CURVE ( 'NONE', #7337, #7342, #12864, .T. ) ;
#7406 = EDGE_LOOP ( 'NONE', ( #7407, #7411, #7414, #7388 ) ) ;
#7407 = ORIENTED_EDGE ( 'NONE', *, *, #7408, .F. ) ;
#7408 = EDGE_CURVE ( 'NONE', #7409, #7410, #12859, .T. ) ;
#7409 = VERTEX_POINT ( 'NONE', #12919 ) ;
#7410 = VERTEX_POINT ( 'NONE', #12918 ) ;
#7411 = ORIENTED_EDGE ( 'NONE', *, *, #7412, .F. ) ;
#7412 = EDGE_CURVE ( 'NONE', #7413, #7409, #12917, .T. ) ;
#7413 = VERTEX_POINT ( 'NONE', #12913 ) ;
#7414 = ORIENTED_EDGE ( 'NONE', *, *, #7415, .F. ) ;
#7415 = EDGE_CURVE ( 'NONE', #7416, #7413, #12912, .T. ) ;
#7416 = VERTEX_POINT ( 'NONE', #12908 ) ;
#7417 = EDGE_LOOP ( 'NONE', ( #7390, #7394, #7397, #7400 ) ) ;
#7418 = EDGE_CURVE ( 'NONE', #7444, #7510, #12907, .T. ) ;
#7419 = EDGE_CURVE ( 'NONE', #7424, #7447, #12903, .T. ) ;
#7420 = EDGE_LOOP ( 'NONE', ( #7421, #7426, #7429, #7493 ) ) ;
#7421 = ORIENTED_EDGE ( 'NONE', *, *, #7422, .F. ) ;
#7422 = EDGE_CURVE ( 'NONE', #7423, #7425, #12899, .T. ) ;
#7423 = VERTEX_POINT ( 'NONE', #12895 ) ;
#7424 = VERTEX_POINT ( 'NONE', #12894 ) ;
#7425 = VERTEX_POINT ( 'NONE', #12893 ) ;
#7426 = ORIENTED_EDGE ( 'NONE', *, *, #7427, .F. ) ;
#7427 = EDGE_CURVE ( 'NONE', #7428, #7423, #12892, .T. ) ;
#7428 = VERTEX_POINT ( 'NONE', #12952 ) ;
#7429 = ORIENTED_EDGE ( 'NONE', *, *, #7430, .F. ) ;
#7430 = EDGE_CURVE ( 'NONE', #7431, #7428, #12951, .T. ) ;
#7431 = VERTEX_POINT ( 'NONE', #12947 ) ;
#7432 = EDGE_LOOP ( 'NONE', ( #7495, #7499, #7502, #7505 ) ) ;
#7433 = VERTEX_POINT ( 'NONE', #12946 ) ;
#7434 = ORIENTED_EDGE ( 'NONE', *, *, #7435, .F. ) ;
#7435 = EDGE_CURVE ( 'NONE', #7436, #7433, #12945, .T. ) ;
#7436 = VERTEX_POINT ( 'NONE', #12941 ) ;
#7437 = ORIENTED_EDGE ( 'NONE', *, *, #7438, .F. ) ;
#7438 = EDGE_CURVE ( 'NONE', #7462, #7436, #12940, .T. ) ;
#7439 = EDGE_LOOP ( 'NONE', ( #7440, #7445, #7508, #7511 ) ) ;
#7441 = ORIENTED_EDGE ( 'NONE', *, *, #7219, .T. ) ;
#7440 = ORIENTED_EDGE ( 'NONE', *, *, #7442, .F. ) ;
#7442 = EDGE_CURVE ( 'NONE', #7443, #7444, #12936, .T. ) ;
#7443 = VERTEX_POINT ( 'NONE', #12932 ) ;
#7444 = VERTEX_POINT ( 'NONE', #12931 ) ;
#7445 = ORIENTED_EDGE ( 'NONE', *, *, #7446, .F. ) ;
#7446 = EDGE_CURVE ( 'NONE', #7448, #7443, #12930, .T. ) ;
#7447 = VERTEX_POINT ( 'NONE', #12926 ) ;
#7448 = VERTEX_POINT ( 'NONE', #12925 ) ;
#7449 = VERTEX_POINT ( 'NONE', #12924 ) ;
#7450 = ORIENTED_EDGE ( 'NONE', *, *, #7451, .F. ) ;
#7451 = EDGE_CURVE ( 'NONE', #7452, #7387, #12923, .T. ) ;
#7452 = VERTEX_POINT ( 'NONE', #12982 ) ;
#7453 = ORIENTED_EDGE ( 'NONE', *, *, #7454, .F. ) ;
#7454 = EDGE_CURVE ( 'NONE', #7455, #7452, #12981, .T. ) ;
#7455 = VERTEX_POINT ( 'NONE', #12977 ) ;
#7456 = ORIENTED_EDGE ( 'NONE', *, *, #7457, .F. ) ;
#7457 = EDGE_CURVE ( 'NONE', #7449, #7455, #12976, .T. ) ;
#7458 = EDGE_LOOP ( 'NONE', ( #7459, #7463, #7434, #7437 ) ) ;
#7459 = ORIENTED_EDGE ( 'NONE', *, *, #7460, .F. ) ;
#7460 = EDGE_CURVE ( 'NONE', #7461, #7462, #12972, .T. ) ;
#7461 = VERTEX_POINT ( 'NONE', #12968 ) ;
#7462 = VERTEX_POINT ( 'NONE', #12967 ) ;
#7463 = ORIENTED_EDGE ( 'NONE', *, *, #7464, .F. ) ;
#7464 = EDGE_CURVE ( 'NONE', #7433, #7461, #12966, .T. ) ;
#7465 = ORIENTED_EDGE ( 'NONE', *, *, #7466, .F. ) ;
#7466 = EDGE_CURVE ( 'NONE', #7374, #7375, #12962, .T. ) ;
#7467 = VERTEX_POINT ( 'NONE', #12958 ) ;
#7468 = ORIENTED_EDGE ( 'NONE', *, *, #7469, .F. ) ;
#7469 = EDGE_CURVE ( 'NONE', #7470, #7467, #12957, .T. ) ;
#7470 = VERTEX_POINT ( 'NONE', #12953 ) ;
#7471 = ORIENTED_EDGE ( 'NONE', *, *, #7472, .F. ) ;
#7472 = EDGE_CURVE ( 'NONE', #7558, #7470, #13016, .T. ) ;
#7473 = EDGE_LOOP ( 'NONE', ( #7474, #7540, #7542, #7545 ) ) ;
#7474 = ORIENTED_EDGE ( 'NONE', *, *, #7475, .F. ) ;
#7475 = EDGE_CURVE ( 'NONE', #7476, #7477, #13012, .T. ) ;
#7476 = VERTEX_POINT ( 'NONE', #13008 ) ;
#7477 = VERTEX_POINT ( 'NONE', #13007 ) ;
#7478 = VERTEX_POINT ( 'NONE', #13006 ) ;
#7479 = ORIENTED_EDGE ( 'NONE', *, *, #7480, .F. ) ;
#7480 = EDGE_CURVE ( 'NONE', #7481, #7482, #13005, .T. ) ;
#7481 = VERTEX_POINT ( 'NONE', #13001 ) ;
#7482 = VERTEX_POINT ( 'NONE', #13000 ) ;
#7483 = ORIENTED_EDGE ( 'NONE', *, *, #7484, .F. ) ;
#7484 = EDGE_CURVE ( 'NONE', #7485, #7481, #12999, .T. ) ;
#7485 = VERTEX_POINT ( 'NONE', #12995 ) ;
#7486 = ORIENTED_EDGE ( 'NONE', *, *, #7487, .F. ) ;
#7487 = EDGE_CURVE ( 'NONE', #7488, #7485, #12994, .T. ) ;
#7488 = VERTEX_POINT ( 'NONE', #12990 ) ;
#7489 = ORIENTED_EDGE ( 'NONE', *, *, #7490, .F. ) ;
#7490 = EDGE_CURVE ( 'NONE', #7482, #7488, #12989, .T. ) ;
#7491 = EDGE_LOOP ( 'NONE', ( #7492, #7559, #7468, #7471 ) ) ;
#7492 = ORIENTED_EDGE ( 'NONE', *, *, #7556, .F. ) ;
#7493 = ORIENTED_EDGE ( 'NONE', *, *, #7494, .F. ) ;
#7494 = EDGE_CURVE ( 'NONE', #7425, #7431, #12985, .T. ) ;
#7495 = ORIENTED_EDGE ( 'NONE', *, *, #7496, .F. ) ;
#7496 = EDGE_CURVE ( 'NONE', #7497, #7498, #13047, .T. ) ;
#7497 = VERTEX_POINT ( 'NONE', #13043 ) ;
#7498 = VERTEX_POINT ( 'NONE', #13042 ) ;
#7499 = ORIENTED_EDGE ( 'NONE', *, *, #7500, .F. ) ;
#7500 = EDGE_CURVE ( 'NONE', #7501, #7497, #13041, .T. ) ;
#7501 = VERTEX_POINT ( 'NONE', #13037 ) ;
#7502 = ORIENTED_EDGE ( 'NONE', *, *, #7503, .F. ) ;
#7503 = EDGE_CURVE ( 'NONE', #7504, #7501, #13036, .T. ) ;
#7504 = VERTEX_POINT ( 'NONE', #13032 ) ;
#7505 = ORIENTED_EDGE ( 'NONE', *, *, #7506, .F. ) ;
#7506 = EDGE_CURVE ( 'NONE', #7498, #7504, #13031, .T. ) ;
#7507 = EDGE_LOOP ( 'NONE', ( #7479, #7483, #7486, #7489 ) ) ;
#7508 = ORIENTED_EDGE ( 'NONE', *, *, #7509, .F. ) ;
#7509 = EDGE_CURVE ( 'NONE', #7510, #7448, #13027, .T. ) ;
#7510 = VERTEX_POINT ( 'NONE', #13023 ) ;
#7511 = ORIENTED_EDGE ( 'NONE', *, *, #7418, .F. ) ;
#7512 = VERTEX_POINT ( 'NONE', #13022 ) ;
#7513 = ORIENTED_EDGE ( 'NONE', *, *, #7514, .F. ) ;
#7514 = EDGE_CURVE ( 'NONE', #7515, #211, #13021, .T. ) ;
#7515 = VERTEX_POINT ( 'NONE', #13017 ) ;
#7516 = ORIENTED_EDGE ( 'NONE', *, *, #7517, .F. ) ;
#7517 = EDGE_CURVE ( 'NONE', #7518, #7515, #13078, .T. ) ;
#7518 = VERTEX_POINT ( 'NONE', #13074 ) ;
#7519 = ORIENTED_EDGE ( 'NONE', *, *, #7585, .F. ) ;
#7520 = EDGE_LOOP ( 'NONE', ( #7586, #7590, #7593, #7596 ) ) ;
#7521 = ORIENTED_EDGE ( 'NONE', *, *, #7522, .F. ) ;
#7522 = EDGE_CURVE ( 'NONE', #7524, #7555, #13073, .T. ) ;
#7523 = VERTEX_POINT ( 'NONE', #13069 ) ;
#7524 = VERTEX_POINT ( 'NONE', #13068 ) ;
#7525 = ORIENTED_EDGE ( 'NONE', *, *, #7526, .F. ) ;
#7526 = EDGE_CURVE ( 'NONE', #7551, #7524, #13067, .T. ) ;
#7527 = EDGE_CURVE ( 'NONE', #7447, #7004, #13063, .T. ) ;
#7528 = EDGE_LOOP ( 'NONE', ( #7530, #7534, #7537, #7600 ) ) ;
#7529 = ORIENTED_EDGE ( 'NONE', *, *, #7527, .T. ) ;
#7530 = ORIENTED_EDGE ( 'NONE', *, *, #7531, .F. ) ;
#7531 = EDGE_CURVE ( 'NONE', #7532, #7533, #13059, .T. ) ;
#7532 = VERTEX_POINT ( 'NONE', #13055 ) ;
#7533 = VERTEX_POINT ( 'NONE', #13054 ) ;
#7534 = ORIENTED_EDGE ( 'NONE', *, *, #7535, .F. ) ;
#7535 = EDGE_CURVE ( 'NONE', #7536, #7532, #13053, .T. ) ;
#7536 = VERTEX_POINT ( 'NONE', #13049 ) ;
#7537 = ORIENTED_EDGE ( 'NONE', *, *, #7538, .F. ) ;
#7538 = EDGE_CURVE ( 'NONE', #7539, #7536, #13112, .T. ) ;
#7539 = VERTEX_POINT ( 'NONE', #13108 ) ;
#7540 = ORIENTED_EDGE ( 'NONE', *, *, #7541, .F. ) ;
#7541 = EDGE_CURVE ( 'NONE', #7478, #7476, #13107, .T. ) ;
#7542 = ORIENTED_EDGE ( 'NONE', *, *, #7543, .F. ) ;
#7543 = EDGE_CURVE ( 'NONE', #7544, #7478, #13103, .T. ) ;
#7544 = VERTEX_POINT ( 'NONE', #13099 ) ;
#7545 = ORIENTED_EDGE ( 'NONE', *, *, #7546, .F. ) ;
#7546 = EDGE_CURVE ( 'NONE', #7477, #7544, #13098, .T. ) ;
#7547 = EDGE_LOOP ( 'NONE', ( #7548, #7552, #7521, #7525 ) ) ;
#7548 = ORIENTED_EDGE ( 'NONE', *, *, #7549, .F. ) ;
#7549 = EDGE_CURVE ( 'NONE', #7550, #7551, #13094, .T. ) ;
#7550 = VERTEX_POINT ( 'NONE', #13090 ) ;
#7551 = VERTEX_POINT ( 'NONE', #13089 ) ;
#7552 = ORIENTED_EDGE ( 'NONE', *, *, #7553, .F. ) ;
#7554 = ORIENTED_EDGE ( 'NONE', *, *, #7319, .T. ) ;
#7553 = EDGE_CURVE ( 'NONE', #7555, #7550, #13088, .T. ) ;
#7555 = VERTEX_POINT ( 'NONE', #13084 ) ;
#7556 = EDGE_CURVE ( 'NONE', #7557, #7558, #13083, .T. ) ;
#7557 = VERTEX_POINT ( 'NONE', #13079 ) ;
#7558 = VERTEX_POINT ( 'NONE', #13143 ) ;
#7559 = ORIENTED_EDGE ( 'NONE', *, *, #7560, .F. ) ;
#7560 = EDGE_CURVE ( 'NONE', #7467, #7557, #13142, .T. ) ;
#7561 = EDGE_CURVE ( 'NONE', #7584, #7647, #13138, .T. ) ;
#7562 = EDGE_LOOP ( 'NONE', ( #7563, #7567, #7630, #7633 ) ) ;
#7563 = ORIENTED_EDGE ( 'NONE', *, *, #7564, .F. ) ;
#7564 = EDGE_CURVE ( 'NONE', #7565, #7566, #13134, .T. ) ;
#7565 = VERTEX_POINT ( 'NONE', #13130 ) ;
#7566 = VERTEX_POINT ( 'NONE', #13129 ) ;
#7567 = ORIENTED_EDGE ( 'NONE', *, *, #7568, .F. ) ;
#7568 = EDGE_CURVE ( 'NONE', #7629, #7565, #13128, .T. ) ;
#7569 = EDGE_CURVE ( 'NONE', #7570, #7571, #13124, .T. ) ;
#7570 = VERTEX_POINT ( 'NONE', #13120 ) ;
#7571 = VERTEX_POINT ( 'NONE', #13119 ) ;
#7572 = ORIENTED_EDGE ( 'NONE', *, *, #7573, .F. ) ;
#7573 = EDGE_CURVE ( 'NONE', #7574, #7570, #13118, .T. ) ;
#7574 = VERTEX_POINT ( 'NONE', #13114 ) ;
#7575 = ORIENTED_EDGE ( 'NONE', *, *, #7576, .F. ) ;
#7576 = EDGE_CURVE ( 'NONE', #7577, #7574, #13113, .T. ) ;
#7577 = VERTEX_POINT ( 'NONE', #13173 ) ;
#7578 = ORIENTED_EDGE ( 'NONE', *, *, #7579, .F. ) ;
#7579 = EDGE_CURVE ( 'NONE', #7571, #7577, #13172, .T. ) ;
#7580 = EDGE_LOOP ( 'NONE', ( #7581, #7642, #7645, #7648 ) ) ;
#7581 = ORIENTED_EDGE ( 'NONE', *, *, #7582, .F. ) ;
#7582 = EDGE_CURVE ( 'NONE', #7583, #7584, #13168, .T. ) ;
#7583 = VERTEX_POINT ( 'NONE', #13164 ) ;
#7584 = VERTEX_POINT ( 'NONE', #13163 ) ;
#7585 = EDGE_CURVE ( 'NONE', #7512, #7518, #13162, .T. ) ;
#7586 = ORIENTED_EDGE ( 'NONE', *, *, #7587, .F. ) ;
#7587 = EDGE_CURVE ( 'NONE', #7588, #7589, #13158, .T. ) ;
#7588 = VERTEX_POINT ( 'NONE', #13154 ) ;
#7589 = VERTEX_POINT ( 'NONE', #13153 ) ;
#7590 = ORIENTED_EDGE ( 'NONE', *, *, #7591, .F. ) ;
#7591 = EDGE_CURVE ( 'NONE', #7592, #7588, #13152, .T. ) ;
#7592 = VERTEX_POINT ( 'NONE', #13148 ) ;
#7593 = ORIENTED_EDGE ( 'NONE', *, *, #7594, .F. ) ;
#7594 = EDGE_CURVE ( 'NONE', #7595, #7592, #13147, .T. ) ;
#7595 = VERTEX_POINT ( 'NONE', #13206 ) ;
#7596 = ORIENTED_EDGE ( 'NONE', *, *, #7597, .F. ) ;
#7597 = EDGE_CURVE ( 'NONE', #7589, #7595, #13205, .T. ) ;
#7598 = EDGE_LOOP ( 'NONE', ( #7599, #7572, #7575, #7578 ) ) ;
#7599 = ORIENTED_EDGE ( 'NONE', *, *, #7569, .F. ) ;
#7600 = ORIENTED_EDGE ( 'NONE', *, *, #7601, .F. ) ;
#7601 = EDGE_CURVE ( 'NONE', #7533, #7539, #13201, .T. ) ;
#7602 = EDGE_LOOP ( 'NONE', ( #7603, #7513, #7516, #7519 ) ) ;
#7603 = ORIENTED_EDGE ( 'NONE', *, *, #7604, .F. ) ;
#7604 = EDGE_CURVE ( 'NONE', #211, #7512, #13197, .T. ) ;
#7605 = ORIENTED_EDGE ( 'NONE', *, *, #6726, .T. ) ;
#7606 = ORIENTED_EDGE ( 'NONE', *, *, #7607, .T. ) ;
#7607 = EDGE_CURVE ( 'NONE', #7224, #97, #13193, .T. ) ;
#7608 = ORIENTED_EDGE ( 'NONE', *, *, #96, .T. ) ;
#7609 = ORIENTED_EDGE ( 'NONE', *, *, #7610, .F. ) ;
#7610 = EDGE_CURVE ( 'NONE', #7223, #98, #13189, .T. ) ;
#7611 = ADVANCED_FACE ( 'NONE', ( #13185 ), #13184, .F. ) ;
#7612 = EDGE_LOOP ( 'NONE', ( #7613, #7614, #7615, #7616 ) ) ;
#7613 = ORIENTED_EDGE ( 'NONE', *, *, #7226, .T. ) ;
#7614 = ORIENTED_EDGE ( 'NONE', *, *, #7610, .T. ) ;
#7615 = ORIENTED_EDGE ( 'NONE', *, *, #101, .T. ) ;
#7616 = ORIENTED_EDGE ( 'NONE', *, *, #7639, .F. ) ;
#7617 = EDGE_LOOP ( 'NONE', ( #7676, #7677, #7678, #7679 ) ) ;
#7618 = EDGE_CURVE ( 'NONE', #6808, #80, #13179, .T. ) ;
#7619 = ORIENTED_EDGE ( 'NONE', *, *, #6805, .T. ) ;
#7620 = ORIENTED_EDGE ( 'NONE', *, *, #7621, .T. ) ;
#7621 = EDGE_CURVE ( 'NONE', #6803, #85, #13239, .T. ) ;
#7622 = ORIENTED_EDGE ( 'NONE', *, *, #90, .T. ) ;
#7623 = ORIENTED_EDGE ( 'NONE', *, *, #7624, .F. ) ;
#7624 = EDGE_CURVE ( 'NONE', #6573, #57, #13235, .T. ) ;
#7625 = ORIENTED_EDGE ( 'NONE', *, *, #6571, .T. ) ;
#7626 = ORIENTED_EDGE ( 'NONE', *, *, #6624, .T. ) ;
#7627 = ORIENTED_EDGE ( 'NONE', *, *, #6728, .T. ) ;
#7628 = ADVANCED_FACE ( 'NONE', ( #13231 ), #13230, .F. ) ;
#7629 = VERTEX_POINT ( 'NONE', #13225 ) ;
#7630 = ORIENTED_EDGE ( 'NONE', *, *, #7631, .F. ) ;
#7631 = EDGE_CURVE ( 'NONE', #7632, #7629, #13224, .T. ) ;
#7632 = VERTEX_POINT ( 'NONE', #13220 ) ;
#7633 = ORIENTED_EDGE ( 'NONE', *, *, #7634, .F. ) ;
#7634 = EDGE_CURVE ( 'NONE', #7566, #7632, #13219, .T. ) ;
#7635 = EDGE_LOOP ( 'NONE', ( #7636, #7637, #7638, #7640, #7641, #7619, #7620, #7622, #7623, #7625, #7626, #7627 ) ) ;
#7636 = ORIENTED_EDGE ( 'NONE', *, *, #6717, .T. ) ;
#7637 = ORIENTED_EDGE ( 'NONE', *, *, #7229, .T. ) ;
#7638 = ORIENTED_EDGE ( 'NONE', *, *, #7639, .T. ) ;
#7639 = EDGE_CURVE ( 'NONE', #7227, #81, #13215, .T. ) ;
#7640 = ORIENTED_EDGE ( 'NONE', *, *, #78, .T. ) ;
#7641 = ORIENTED_EDGE ( 'NONE', *, *, #7618, .F. ) ;
#7642 = ORIENTED_EDGE ( 'NONE', *, *, #7643, .F. ) ;
#7643 = EDGE_CURVE ( 'NONE', #7644, #7583, #13211, .T. ) ;
#7644 = VERTEX_POINT ( 'NONE', #13207 ) ;
#7645 = ORIENTED_EDGE ( 'NONE', *, *, #7646, .F. ) ;
#7646 = EDGE_CURVE ( 'NONE', #7647, #7644, #13273, .T. ) ;
#7647 = VERTEX_POINT ( 'NONE', #13269 ) ;
#7648 = ORIENTED_EDGE ( 'NONE', *, *, #7561, .F. ) ;
#7649 = EDGE_LOOP ( 'NONE', ( #7701, #7702, #7704, #7705 ) ) ;
#7650 = ORIENTED_EDGE ( 'NONE', *, *, #7624, .T. ) ;
#7651 = ORIENTED_EDGE ( 'NONE', *, *, #58, .T. ) ;
#7652 = ORIENTED_EDGE ( 'NONE', *, *, #7653, .F. ) ;
#7653 = EDGE_CURVE ( 'NONE', #6564, #62, #13268, .T. ) ;
#7654 = ADVANCED_FACE ( 'NONE', ( #13264 ), #13263, .F. ) ;
#7655 = EDGE_LOOP ( 'NONE', ( #7656, #7657, #7658, #7659 ) ) ;
#7656 = ORIENTED_EDGE ( 'NONE', *, *, #6560, .T. ) ;
#7657 = ORIENTED_EDGE ( 'NONE', *, *, #7653, .T. ) ;
#7658 = ORIENTED_EDGE ( 'NONE', *, *, #64, .T. ) ;
#7659 = ORIENTED_EDGE ( 'NONE', *, *, #7660, .F. ) ;
#7660 = EDGE_CURVE ( 'NONE', #6562, #65, #13258, .T. ) ;
#7661 = ADVANCED_FACE ( 'NONE', ( #13254 ), #13252, .F. ) ;
#7662 = EDGE_LOOP ( 'NONE', ( #7713, #7714, #7715, #7716 ) ) ;
#7663 = ORIENTED_EDGE ( 'NONE', *, *, #76, .T. ) ;
#7664 = ORIENTED_EDGE ( 'NONE', *, *, #7665, .F. ) ;
#7665 = EDGE_CURVE ( 'NONE', #6787, #82, #13247, .T. ) ;
#7666 = ADVANCED_FACE ( 'NONE', ( #13243 ), #13242, .F. ) ;
#7667 = EDGE_LOOP ( 'NONE', ( #7668, #7669, #7670, #7671 ) ) ;
#7668 = ORIENTED_EDGE ( 'NONE', *, *, #6548, .T. ) ;
#7669 = ORIENTED_EDGE ( 'NONE', *, *, #7665, .T. ) ;
#7670 = ORIENTED_EDGE ( 'NONE', *, *, #89, .T. ) ;
#7671 = ORIENTED_EDGE ( 'NONE', *, *, #7621, .F. ) ;
#7672 = ADVANCED_FACE ( 'NONE', ( #13306 ), #13305, .F. ) ;
#7673 = EDGE_LOOP ( 'NONE', ( #7674, #7650, #7651, #7652 ) ) ;
#7674 = ORIENTED_EDGE ( 'NONE', *, *, #6569, .T. ) ;
#7675 = ADVANCED_FACE ( 'NONE', ( #13300 ), #13299, .F. ) ;
#7676 = ORIENTED_EDGE ( 'NONE', *, *, #6791, .T. ) ;
#7677 = ORIENTED_EDGE ( 'NONE', *, *, #7618, .T. ) ;
#7678 = ORIENTED_EDGE ( 'NONE', *, *, #77, .T. ) ;
#7679 = ORIENTED_EDGE ( 'NONE', *, *, #7680, .F. ) ;
#7680 = EDGE_CURVE ( 'NONE', #6790, #74, #13294, .T. ) ;
#7681 = ADVANCED_FACE ( 'NONE', ( #13290 ), #13289, .F. ) ;
#7682 = EDGE_LOOP ( 'NONE', ( #7683, #7684, #7663, #7664 ) ) ;
#7683 = ORIENTED_EDGE ( 'NONE', *, *, #6551, .T. ) ;
#7684 = ORIENTED_EDGE ( 'NONE', *, *, #7680, .T. ) ;
#7685 = EDGE_LOOP ( 'NONE', ( #7605, #7606, #7608, #7609 ) ) ;
#7686 = ADVANCED_FACE ( 'NONE', ( #13284 ), #13283, .F. ) ;
#7687 = EDGE_LOOP ( 'NONE', ( #7688, #7740, #7741, #7742 ) ) ;
#7688 = ORIENTED_EDGE ( 'NONE', *, *, #13474, .T. ) ;
#7689 = EDGE_CURVE ( 'NONE', #6577, #6637, #13278, .T. ) ;
#7690 = ADVANCED_FACE ( 'NONE', ( #13274 ), #13340, .F. ) ;
#7691 = EDGE_LOOP ( 'NONE', ( #7692, #7693, #7694, #7695 ) ) ;
#7692 = ORIENTED_EDGE ( 'NONE', *, *, #6581, .T. ) ;
#7693 = ORIENTED_EDGE ( 'NONE', *, *, #7689, .T. ) ;
#7694 = ORIENTED_EDGE ( 'NONE', *, *, #70, .T. ) ;
#7695 = ORIENTED_EDGE ( 'NONE', *, *, #7696, .F. ) ;
#7696 = EDGE_CURVE ( 'NONE', #6869, #6616, #13335, .T. ) ;
#7697 = ADVANCED_FACE ( 'NONE', ( #13331 ), #13330, .F. ) ;
#7698 = EDGE_LOOP ( 'NONE', ( #7699, #7700, #7752, #7753 ) ) ;
#7699 = ORIENTED_EDGE ( 'NONE', *, *, #6538, .T. ) ;
#7700 = ORIENTED_EDGE ( 'NONE', *, *, #7696, .T. ) ;
#7701 = ORIENTED_EDGE ( 'NONE', *, *, #6872, .T. ) ;
#7702 = ORIENTED_EDGE ( 'NONE', *, *, #7703, .T. ) ;
#7703 = EDGE_CURVE ( 'NONE', #6533, #6617, #13325, .T. ) ;
#7704 = ORIENTED_EDGE ( 'NONE', *, *, #6620, .T. ) ;
#7705 = ORIENTED_EDGE ( 'NONE', *, *, #7706, .F. ) ;
#7706 = EDGE_CURVE ( 'NONE', #6862, #6640, #13321, .T. ) ;
#7707 = ADVANCED_FACE ( 'NONE', ( #13317 ), #13316, .F. ) ;
#7708 = EDGE_LOOP ( 'NONE', ( #7709, #7710, #7711, #7712 ) ) ;
#7709 = ORIENTED_EDGE ( 'NONE', *, *, #6864, .T. ) ;
#7710 = ORIENTED_EDGE ( 'NONE', *, *, #7706, .T. ) ;
#7711 = ORIENTED_EDGE ( 'NONE', *, *, #6638, .T. ) ;
#7712 = ORIENTED_EDGE ( 'NONE', *, *, #7689, .F. ) ;
#7713 = ORIENTED_EDGE ( 'NONE', *, *, #6550, .T. ) ;
#7714 = ORIENTED_EDGE ( 'NONE', *, *, #7660, .T. ) ;
#7715 = ORIENTED_EDGE ( 'NONE', *, *, #67, .T. ) ;
#7716 = ORIENTED_EDGE ( 'NONE', *, *, #5647, .F. ) ;
#7717 = ADVANCED_FACE ( 'NONE', ( #13311 ), #13310, .F. ) ;
#7718 = EDGE_LOOP ( 'NONE', ( #7719, #7720, #7721, #7722 ) ) ;
#7719 = ORIENTED_EDGE ( 'NONE', *, *, #7233, .T. ) ;
#7720 = ORIENTED_EDGE ( 'NONE', *, *, #6845, .T. ) ;
#7721 = ORIENTED_EDGE ( 'NONE', *, *, #94, .T. ) ;
#7722 = ORIENTED_EDGE ( 'NONE', *, *, #7607, .F. ) ;
#7723 = ADVANCED_FACE ( 'NONE', ( #13372 ), #13371, .F. ) ;
#7724 = ADVANCED_FACE ( 'NONE', ( #13366 ), #13365, .F. ) ;
#7725 = EDGE_LOOP ( 'NONE', ( #7726, #7727, #7728, #7779 ) ) ;
#7726 = ORIENTED_EDGE ( 'NONE', *, *, #6611, .T. ) ;
#7727 = ORIENTED_EDGE ( 'NONE', *, *, #7799, .T. ) ;
#7728 = ORIENTED_EDGE ( 'NONE', *, *, #13509, .T. ) ;
#7729 = EDGE_LOOP ( 'NONE', ( #7730, #7731, #7732, #7733 ) ) ;
#7730 = ORIENTED_EDGE ( 'NONE', *, *, #13475, .T. ) ;
#7731 = ORIENTED_EDGE ( 'NONE', *, *, #7750, .T. ) ;
#7732 = ORIENTED_EDGE ( 'NONE', *, *, #60, .T. ) ;
#7733 = ORIENTED_EDGE ( 'NONE', *, *, #7758, .F. ) ;
#7734 = ADVANCED_FACE ( 'NONE', ( #13360 ), #13359, .F. ) ;
#7735 = EDGE_LOOP ( 'NONE', ( #7736, #7737, #7739, #7791 ) ) ;
#7736 = ORIENTED_EDGE ( 'NONE', *, *, #6558, .T. ) ;
#7737 = ORIENTED_EDGE ( 'NONE', *, *, #7738, .T. ) ;
#7738 = EDGE_CURVE ( 'NONE', #6529, #2559, #13354, .T. ) ;
#7739 = ORIENTED_EDGE ( 'NONE', *, *, #2508, .T. ) ;
#7740 = ORIENTED_EDGE ( 'NONE', *, *, #7761, .T. ) ;
#7741 = ORIENTED_EDGE ( 'NONE', *, *, #6592, .T. ) ;
#7742 = ORIENTED_EDGE ( 'NONE', *, *, #7743, .F. ) ;
#7743 = EDGE_CURVE ( 'NONE', #6733, #6583, #13350, .T. ) ;
#7744 = ADVANCED_FACE ( 'NONE', ( #13346 ), #13345, .F. ) ;
#7745 = EDGE_LOOP ( 'NONE', ( #7746, #7747, #7748, #7749 ) ) ;
#7746 = ORIENTED_EDGE ( 'NONE', *, *, #6734, .T. ) ;
#7747 = ORIENTED_EDGE ( 'NONE', *, *, #7743, .T. ) ;
#7748 = ORIENTED_EDGE ( 'NONE', *, *, #6644, .T. ) ;
#7749 = ORIENTED_EDGE ( 'NONE', *, *, #7750, .F. ) ;
#7750 = EDGE_CURVE ( 'NONE', #13459, #116, #13409, .T. ) ;
#7751 = ADVANCED_FACE ( 'NONE', ( #13405 ), #13404, .F. ) ;
#7752 = ORIENTED_EDGE ( 'NONE', *, *, #6614, .T. ) ;
#7753 = ORIENTED_EDGE ( 'NONE', *, *, #7703, .F. ) ;
#7754 = ADVANCED_FACE ( 'NONE', ( #13399 ), #13398, .F. ) ;
#7755 = EDGE_LOOP ( 'NONE', ( #7756, #7757, #7759, #7760 ) ) ;
#7756 = ORIENTED_EDGE ( 'NONE', *, *, #13473, .T. ) ;
#7757 = ORIENTED_EDGE ( 'NONE', *, *, #7758, .T. ) ;
#7758 = EDGE_CURVE ( 'NONE', #13466, #6578, #13393, .T. ) ;
#7759 = ORIENTED_EDGE ( 'NONE', *, *, #6588, .T. ) ;
#7760 = ORIENTED_EDGE ( 'NONE', *, *, #7761, .F. ) ;
#7761 = EDGE_CURVE ( 'NONE', #13455, #6582, #13389, .T. ) ;
#7762 = EDGE_LOOP ( 'NONE', ( #7763, #7764, #7765, #7766 ) ) ;
#7763 = ORIENTED_EDGE ( 'NONE', *, *, #6584, .T. ) ;
#7764 = ORIENTED_EDGE ( 'NONE', *, *, #7836, .T. ) ;
#7765 = ORIENTED_EDGE ( 'NONE', *, *, #106, .T. ) ;
#7766 = ORIENTED_EDGE ( 'NONE', *, *, #7819, .F. ) ;
#7767 = ORIENTED_EDGE ( 'NONE', *, *, #7787, .T. ) ;
#7768 = ORIENTED_EDGE ( 'NONE', *, *, #1659, .T. ) ;
#7769 = ORIENTED_EDGE ( 'NONE', *, *, #7770, .F. ) ;
#7770 = EDGE_CURVE ( 'NONE', #6539, #2065, #13385, .T. ) ;
#7771 = ADVANCED_FACE ( 'NONE', ( #13381 ), #13380, .F. ) ;
#7772 = EDGE_LOOP ( 'NONE', ( #7773, #7774, #7775, #7776 ) ) ;
#7773 = ORIENTED_EDGE ( 'NONE', *, *, #6605, .T. ) ;
#7774 = ORIENTED_EDGE ( 'NONE', *, *, #7770, .T. ) ;
#7775 = ORIENTED_EDGE ( 'NONE', *, *, #2090, .T. ) ;
#7776 = ORIENTED_EDGE ( 'NONE', *, *, #7777, .F. ) ;
#7777 = EDGE_CURVE ( 'NONE', #6600, #100, #278, .T. ) ;
#7778 = ADVANCED_FACE ( 'NONE', ( #274 ), #273, .F. ) ;
#7779 = ORIENTED_EDGE ( 'NONE', *, *, #7780, .F. ) ;
#7780 = EDGE_CURVE ( 'NONE', #6751, #1644, #268, .T. ) ;
#7781 = ADVANCED_FACE ( 'NONE', ( #264 ), #263, .F. ) ;
#7782 = EDGE_LOOP ( 'NONE', ( #7783, #7784, #7785, #7786 ) ) ;
#7783 = ORIENTED_EDGE ( 'NONE', *, *, #6756, .T. ) ;
#7784 = ORIENTED_EDGE ( 'NONE', *, *, #7780, .T. ) ;
#7785 = ORIENTED_EDGE ( 'NONE', *, *, #1826, .T. ) ;
#7786 = ORIENTED_EDGE ( 'NONE', *, *, #7787, .F. ) ;
#7787 = EDGE_CURVE ( 'NONE', #6744, #1737, #258, .T. ) ;
#7788 = ADVANCED_FACE ( 'NONE', ( #254 ), #253, .F. ) ;
#7789 = EDGE_LOOP ( 'NONE', ( #7790, #7767, #7768, #7769 ) ) ;
#7790 = ORIENTED_EDGE ( 'NONE', *, *, #6608, .T. ) ;
#7791 = ORIENTED_EDGE ( 'NONE', *, *, #7792, .F. ) ;
#7792 = EDGE_CURVE ( 'NONE', #6515, #13502, #315, .T. ) ;
#7793 = ADVANCED_FACE ( 'NONE', ( #311 ), #310, .F. ) ;
#7794 = EDGE_LOOP ( 'NONE', ( #7795, #7796, #7797, #7798 ) ) ;
#7795 = ORIENTED_EDGE ( 'NONE', *, *, #6554, .T. ) ;
#7796 = ORIENTED_EDGE ( 'NONE', *, *, #7792, .T. ) ;
#7797 = ORIENTED_EDGE ( 'NONE', *, *, #2416, .T. ) ;
#7798 = ORIENTED_EDGE ( 'NONE', *, *, #7799, .F. ) ;
#7799 = EDGE_CURVE ( 'NONE', #6613, #13507, #305, .T. ) ;
#7800 = EDGE_LOOP ( 'NONE', ( #7801, #7803, #7804, #7857 ) ) ;
#7801 = ORIENTED_EDGE ( 'NONE', *, *, #7802, .F. ) ;
#7802 = EDGE_CURVE ( 'NONE', #7629, #7873, #301, .T. ) ;
#7803 = ORIENTED_EDGE ( 'NONE', *, *, #7568, .T. ) ;
#7804 = ORIENTED_EDGE ( 'NONE', *, *, #7856, .T. ) ;
#7805 = ORIENTED_EDGE ( 'NONE', *, *, #110, .T. ) ;
#7806 = ORIENTED_EDGE ( 'NONE', *, *, #6908, .F. ) ;
#7807 = ADVANCED_FACE ( 'NONE', ( #297 ), #296, .F. ) ;
#7808 = EDGE_LOOP ( 'NONE', ( #7809, #7810, #7811, #7812 ) ) ;
#7809 = ORIENTED_EDGE ( 'NONE', *, *, #6565, .T. ) ;
#7810 = ORIENTED_EDGE ( 'NONE', *, *, #6927, .T. ) ;
#7811 = ORIENTED_EDGE ( 'NONE', *, *, #2384, .T. ) ;
#7812 = ORIENTED_EDGE ( 'NONE', *, *, #7738, .F. ) ;
#7813 = ADVANCED_FACE ( 'NONE', ( #290 ), #339, .F. ) ;
#7814 = EDGE_LOOP ( 'NONE', ( #7815, #7868, #7871, #7874 ) ) ;
#7815 = ORIENTED_EDGE ( 'NONE', *, *, #7816, .T. ) ;
#7816 = EDGE_CURVE ( 'NONE', #7817, #7818, #334, .T. ) ;
#7817 = VERTEX_POINT ( 'NONE', #330 ) ;
#7818 = VERTEX_POINT ( 'NONE', #329 ) ;
#7819 = EDGE_CURVE ( 'NONE', #6741, #104, #328, .T. ) ;
#7820 = ADVANCED_FACE ( 'NONE', ( #324 ), #323, .F. ) ;
#7821 = EDGE_LOOP ( 'NONE', ( #7822, #7823, #7824, #7825 ) ) ;
#7822 = ORIENTED_EDGE ( 'NONE', *, *, #6747, .T. ) ;
#7823 = ORIENTED_EDGE ( 'NONE', *, *, #7819, .T. ) ;
#7824 = ORIENTED_EDGE ( 'NONE', *, *, #109, .T. ) ;
#7825 = ORIENTED_EDGE ( 'NONE', *, *, #7826, .F. ) ;
#7826 = EDGE_CURVE ( 'NONE', #6743, #103, #318, .T. ) ;
#7827 = ADVANCED_FACE ( 'NONE', ( #375 ), #374, .F. ) ;
#7828 = EDGE_LOOP ( 'NONE', ( #7829, #7830, #7805, #7806 ) ) ;
#7829 = ORIENTED_EDGE ( 'NONE', *, *, #6739, .T. ) ;
#7830 = ORIENTED_EDGE ( 'NONE', *, *, #7826, .T. ) ;
#7831 = EDGE_LOOP ( 'NONE', ( #7832, #7833, #7834, #7835 ) ) ;
#7832 = ORIENTED_EDGE ( 'NONE', *, *, #6604, .T. ) ;
#7833 = ORIENTED_EDGE ( 'NONE', *, *, #7777, .T. ) ;
#7834 = ORIENTED_EDGE ( 'NONE', *, *, #2086, .T. ) ;
#7835 = ORIENTED_EDGE ( 'NONE', *, *, #7836, .F. ) ;
#7836 = EDGE_CURVE ( 'NONE', #6580, #102, #369, .T. ) ;
#7837 = ADVANCED_FACE ( 'NONE', ( #365 ), #364, .F. ) ;
#7838 = ORIENTED_EDGE ( 'NONE', *, *, #7839, .F. ) ;
#7839 = EDGE_CURVE ( 'NONE', #7840, #219, #359, .T. ) ;
#7840 = VERTEX_POINT ( 'NONE', #355 ) ;
#7841 = ORIENTED_EDGE ( 'NONE', *, *, #7842, .T. ) ;
#7842 = EDGE_CURVE ( 'NONE', #7840, #6920, #354, .T. ) ;
#7843 = EDGE_LOOP ( 'NONE', ( #8936, #8938, #8939, #8941 ) ) ;
#7844 = EDGE_CURVE ( 'NONE', #7566, #7818, #349, .T. ) ;
#7845 = ORIENTED_EDGE ( 'NONE', *, *, #7634, .T. ) ;
#7846 = ORIENTED_EDGE ( 'NONE', *, *, #7861, .T. ) ;
#7847 = ORIENTED_EDGE ( 'NONE', *, *, #7869, .F. ) ;
#7848 = ADVANCED_FACE ( 'NONE', ( #344 ), #393, .T. ) ;
#7849 = EDGE_LOOP ( 'NONE', ( #7850, #7851, #7852, #7853 ) ) ;
#7850 = ORIENTED_EDGE ( 'NONE', *, *, #7856, .F. ) ;
#7851 = ORIENTED_EDGE ( 'NONE', *, *, #7564, .T. ) ;
#7852 = ORIENTED_EDGE ( 'NONE', *, *, #7844, .T. ) ;
#7853 = ORIENTED_EDGE ( 'NONE', *, *, #7816, .F. ) ;
#7854 = ADVANCED_FACE ( 'NONE', ( #387 ), #428, .T. ) ;
#7855 = EDGE_LOOP ( 'NONE', ( #7908, #7909, #7912, #7915, #7838, #7841 ) ) ;
#7856 = EDGE_CURVE ( 'NONE', #7565, #7817, #422, .T. ) ;
#7857 = ORIENTED_EDGE ( 'NONE', *, *, #7875, .F. ) ;
#7858 = ADVANCED_FACE ( 'NONE', ( #418 ), #456, .T. ) ;
#7859 = EDGE_LOOP ( 'NONE', ( #7860, #7862, #7863, #7864 ) ) ;
#7860 = ORIENTED_EDGE ( 'NONE', *, *, #7861, .F. ) ;
#7861 = EDGE_CURVE ( 'NONE', #7632, #7870, #450, .T. ) ;
#7862 = ORIENTED_EDGE ( 'NONE', *, *, #7631, .T. ) ;
#7863 = ORIENTED_EDGE ( 'NONE', *, *, #7802, .T. ) ;
#7864 = ORIENTED_EDGE ( 'NONE', *, *, #7872, .F. ) ;
#7865 = ADVANCED_FACE ( 'NONE', ( #446 ), #490, .T. ) ;
#7866 = EDGE_LOOP ( 'NONE', ( #7867, #7845, #7846, #7847 ) ) ;
#7867 = ORIENTED_EDGE ( 'NONE', *, *, #7844, .F. ) ;
#7868 = ORIENTED_EDGE ( 'NONE', *, *, #7869, .T. ) ;
#7869 = EDGE_CURVE ( 'NONE', #7818, #7870, #485, .T. ) ;
#7870 = VERTEX_POINT ( 'NONE', #481 ) ;
#7871 = ORIENTED_EDGE ( 'NONE', *, *, #7872, .T. ) ;
#7872 = EDGE_CURVE ( 'NONE', #7870, #7873, #480, .T. ) ;
#7873 = VERTEX_POINT ( 'NONE', #476 ) ;
#7874 = ORIENTED_EDGE ( 'NONE', *, *, #7875, .T. ) ;
#7875 = EDGE_CURVE ( 'NONE', #7873, #7817, #474, .T. ) ;
#7876 = ADVANCED_FACE ( 'NONE', ( #470 ), #512, .T. ) ;
#7877 = ORIENTED_EDGE ( 'NONE', *, *, #7951, .F. ) ;
#7878 = ORIENTED_EDGE ( 'NONE', *, *, #7888, .T. ) ;
#7879 = ADVANCED_FACE ( 'NONE', ( #506 ), #551, .F. ) ;
#7880 = EDGE_LOOP ( 'NONE', ( #7937, #7939, #7940, #7941 ) ) ;
#7881 = ORIENTED_EDGE ( 'NONE', *, *, #7882, .T. ) ;
#7882 = EDGE_CURVE ( 'NONE', #7901, #7883, #546, .T. ) ;
#7883 = VERTEX_POINT ( 'NONE', #542 ) ;
#7884 = ORIENTED_EDGE ( 'NONE', *, *, #7885, .F. ) ;
#7885 = EDGE_CURVE ( 'NONE', #7886, #7883, #541, .T. ) ;
#7886 = VERTEX_POINT ( 'NONE', #537 ) ;
#7887 = ORIENTED_EDGE ( 'NONE', *, *, #7888, .F. ) ;
#7888 = EDGE_CURVE ( 'NONE', #7889, #7886, #536, .T. ) ;
#7889 = VERTEX_POINT ( 'NONE', #532 ) ;
#7890 = ORIENTED_EDGE ( 'NONE', *, *, #7891, .T. ) ;
#7891 = EDGE_CURVE ( 'NONE', #7889, #6870, #530, .T. ) ;
#7892 = ADVANCED_FACE ( 'NONE', ( #526 ), #571, .T. ) ;
#7893 = EDGE_LOOP ( 'NONE', ( #7894, #7949, #7950, #7952 ) ) ;
#7894 = ORIENTED_EDGE ( 'NONE', *, *, #6932, .F. ) ;
#7895 = ADVANCED_FACE ( 'NONE', ( #565 ), #604, .T. ) ;
#7896 = EDGE_LOOP ( 'NONE', ( #7897, #7898, #7899, #7902 ) ) ;
#7897 = ORIENTED_EDGE ( 'NONE', *, *, #6925, .F. ) ;
#7898 = ORIENTED_EDGE ( 'NONE', *, *, #7842, .F. ) ;
#7899 = ORIENTED_EDGE ( 'NONE', *, *, #7900, .T. ) ;
#7900 = EDGE_CURVE ( 'NONE', #7840, #7901, #599, .T. ) ;
#7901 = VERTEX_POINT ( 'NONE', #595 ) ;
#7902 = ORIENTED_EDGE ( 'NONE', *, *, #7903, .T. ) ;
#7903 = EDGE_CURVE ( 'NONE', #7901, #6923, #593, .T. ) ;
#7904 = ADVANCED_FACE ( 'NONE', ( #589 ), #638, .T. ) ;
#7905 = EDGE_LOOP ( 'NONE', ( #7906, #7907, #7881, #7884, #7887, #7890 ) ) ;
#7906 = ORIENTED_EDGE ( 'NONE', *, *, #6924, .F. ) ;
#7907 = ORIENTED_EDGE ( 'NONE', *, *, #7903, .F. ) ;
#7908 = ORIENTED_EDGE ( 'NONE', *, *, #6918, .F. ) ;
#7909 = ORIENTED_EDGE ( 'NONE', *, *, #7910, .F. ) ;
#7910 = EDGE_CURVE ( 'NONE', #7911, #6929, #633, .T. ) ;
#7911 = VERTEX_POINT ( 'NONE', #629 ) ;
#7912 = ORIENTED_EDGE ( 'NONE', *, *, #7913, .T. ) ;
#7913 = EDGE_CURVE ( 'NONE', #7911, #7914, #628, .T. ) ;
#7914 = VERTEX_POINT ( 'NONE', #624 ) ;
#7915 = ORIENTED_EDGE ( 'NONE', *, *, #7916, .F. ) ;
#7916 = EDGE_CURVE ( 'NONE', #219, #7914, #623, .T. ) ;
#7917 = EDGE_LOOP ( 'NONE', ( #7918, #7920, #7921, #7980 ) ) ;
#7918 = ORIENTED_EDGE ( 'NONE', *, *, #7919, .F. ) ;
#7919 = EDGE_CURVE ( 'NONE', #7647, #7929, #618, .T. ) ;
#7920 = ORIENTED_EDGE ( 'NONE', *, *, #7646, .T. ) ;
#7921 = ORIENTED_EDGE ( 'NONE', *, *, #7993, .T. ) ;
#7922 = ADVANCED_FACE ( 'NONE', ( #614 ), #655, .T. ) ;
#7923 = ORIENTED_EDGE ( 'NONE', *, *, #7924, .T. ) ;
#7924 = EDGE_CURVE ( 'NONE', #7925, #7926, #650, .T. ) ;
#7925 = VERTEX_POINT ( 'NONE', #646 ) ;
#7926 = VERTEX_POINT ( 'NONE', #645 ) ;
#7927 = ORIENTED_EDGE ( 'NONE', *, *, #7928, .T. ) ;
#7928 = EDGE_CURVE ( 'NONE', #7926, #7929, #644, .T. ) ;
#7929 = VERTEX_POINT ( 'NONE', #640 ) ;
#7930 = ORIENTED_EDGE ( 'NONE', *, *, #7931, .T. ) ;
#7931 = EDGE_CURVE ( 'NONE', #7929, #7932, #689, .T. ) ;
#7932 = VERTEX_POINT ( 'NONE', #685 ) ;
#7933 = ORIENTED_EDGE ( 'NONE', *, *, #7934, .T. ) ;
#7934 = EDGE_CURVE ( 'NONE', #7932, #7925, #683, .T. ) ;
#7935 = ADVANCED_FACE ( 'NONE', ( #679 ), #663, .T. ) ;
#7936 = EDGE_LOOP ( 'NONE', ( #7992, #7994, #7995, #7997 ) ) ;
#7937 = ORIENTED_EDGE ( 'NONE', *, *, #7938, .F. ) ;
#7938 = EDGE_CURVE ( 'NONE', #7883, #219, #716, .T. ) ;
#7939 = ORIENTED_EDGE ( 'NONE', *, *, #7882, .F. ) ;
#7940 = ORIENTED_EDGE ( 'NONE', *, *, #7900, .F. ) ;
#7941 = ORIENTED_EDGE ( 'NONE', *, *, #7839, .T. ) ;
#7942 = ADVANCED_FACE ( 'NONE', ( #712 ), #696, .T. ) ;
#7943 = EDGE_LOOP ( 'NONE', ( #7944, #7945, #7946, #7947 ) ) ;
#7944 = ORIENTED_EDGE ( 'NONE', *, *, #7885, .T. ) ;
#7945 = ORIENTED_EDGE ( 'NONE', *, *, #7938, .T. ) ;
#7946 = ORIENTED_EDGE ( 'NONE', *, *, #7916, .T. ) ;
#7947 = ORIENTED_EDGE ( 'NONE', *, *, #7957, .T. ) ;
#7948 = EDGE_LOOP ( 'NONE', ( #7923, #7927, #7930, #7933 ) ) ;
#7949 = ORIENTED_EDGE ( 'NONE', *, *, #7891, .F. ) ;
#7950 = ORIENTED_EDGE ( 'NONE', *, *, #7951, .T. ) ;
#7951 = EDGE_CURVE ( 'NONE', #7889, #7911, #746, .T. ) ;
#7952 = ORIENTED_EDGE ( 'NONE', *, *, #7910, .T. ) ;
#7953 = ADVANCED_FACE ( 'NONE', ( #742 ), #727, .F. ) ;
#7954 = EDGE_LOOP ( 'NONE', ( #7955, #7958, #7877, #7878 ) ) ;
#7956 = ORIENTED_EDGE ( 'NONE', *, *, #8023, .T. ) ;
#7955 = ORIENTED_EDGE ( 'NONE', *, *, #7957, .F. ) ;
#7957 = EDGE_CURVE ( 'NONE', #7914, #7886, #722, .T. ) ;
#7958 = ORIENTED_EDGE ( 'NONE', *, *, #7913, .F. ) ;
#7959 = ORIENTED_EDGE ( 'NONE', *, *, #6888, .F. ) ;
#7960 = ORIENTED_EDGE ( 'NONE', *, *, #8036, .F. ) ;
#7961 = ORIENTED_EDGE ( 'NONE', *, *, #7962, .T. ) ;
#7962 = EDGE_CURVE ( 'NONE', #8034, #7963, #774, .T. ) ;
#7963 = VERTEX_POINT ( 'NONE', #770 ) ;
#7964 = ORIENTED_EDGE ( 'NONE', *, *, #8017, .T. ) ;
#7965 = EDGE_LOOP ( 'NONE', ( #8019, #8020, #8021, #8025, #8028, #8031 ) ) ;
#7966 = ORIENTED_EDGE ( 'NONE', *, *, #7984, .T. ) ;
#7967 = ORIENTED_EDGE ( 'NONE', *, *, #7924, .F. ) ;
#7968 = ADVANCED_FACE ( 'NONE', ( #769 ), #753, .T. ) ;
#7969 = EDGE_LOOP ( 'NONE', ( #7970, #7971, #7974, #7977, #8032, #8035 ) ) ;
#7970 = ORIENTED_EDGE ( 'NONE', *, *, #6902, .F. ) ;
#7971 = ORIENTED_EDGE ( 'NONE', *, *, #7972, .F. ) ;
#7972 = EDGE_CURVE ( 'NONE', #7973, #6897, #748, .T. ) ;
#7973 = VERTEX_POINT ( 'NONE', #804 ) ;
#7974 = ORIENTED_EDGE ( 'NONE', *, *, #7975, .T. ) ;
#7975 = EDGE_CURVE ( 'NONE', #7973, #7976, #803, .T. ) ;
#7976 = VERTEX_POINT ( 'NONE', #799 ) ;
#7977 = ORIENTED_EDGE ( 'NONE', *, *, #7978, .F. ) ;
#7978 = EDGE_CURVE ( 'NONE', #7979, #7976, #798, .T. ) ;
#7979 = VERTEX_POINT ( 'NONE', #794 ) ;
#7980 = ORIENTED_EDGE ( 'NONE', *, *, #7931, .F. ) ;
#7981 = ADVANCED_FACE ( 'NONE', ( #793 ), #834, .T. ) ;
#7982 = EDGE_LOOP ( 'NONE', ( #7983, #7985, #7986, #7987 ) ) ;
#7983 = ORIENTED_EDGE ( 'NONE', *, *, #7984, .F. ) ;
#7984 = EDGE_CURVE ( 'NONE', #7584, #7926, #828, .T. ) ;
#7985 = ORIENTED_EDGE ( 'NONE', *, *, #7561, .T. ) ;
#7986 = ORIENTED_EDGE ( 'NONE', *, *, #7919, .T. ) ;
#7987 = ORIENTED_EDGE ( 'NONE', *, *, #7928, .F. ) ;
#7988 = ADVANCED_FACE ( 'NONE', ( #824 ), #809, .T. ) ;
#7989 = EDGE_LOOP ( 'NONE', ( #7990, #7991, #7966, #7967 ) ) ;
#7990 = ORIENTED_EDGE ( 'NONE', *, *, #7996, .F. ) ;
#7991 = ORIENTED_EDGE ( 'NONE', *, *, #7582, .T. ) ;
#7992 = ORIENTED_EDGE ( 'NONE', *, *, #7993, .F. ) ;
#7993 = EDGE_CURVE ( 'NONE', #7644, #7932, #858, .T. ) ;
#7994 = ORIENTED_EDGE ( 'NONE', *, *, #7643, .T. ) ;
#7995 = ORIENTED_EDGE ( 'NONE', *, *, #7996, .T. ) ;
#7996 = EDGE_CURVE ( 'NONE', #7583, #7925, #853, .T. ) ;
#7997 = ORIENTED_EDGE ( 'NONE', *, *, #7934, .F. ) ;
#7998 = ADVANCED_FACE ( 'NONE', ( #849 ), #891, .T. ) ;
#7999 = EDGE_CURVE ( 'NONE', #8024, #7979, #885, .T. ) ;
#8000 = ORIENTED_EDGE ( 'NONE', *, *, #8022, .F. ) ;
#8001 = ORIENTED_EDGE ( 'NONE', *, *, #7962, .F. ) ;
#8002 = ORIENTED_EDGE ( 'NONE', *, *, #8033, .T. ) ;
#8003 = ADVANCED_FACE ( 'NONE', ( #881 ), #866, .T. ) ;
#8004 = EDGE_LOOP ( 'NONE', ( #8056, #8057, #8058, #8059 ) ) ;
#8005 = EDGE_CURVE ( 'NONE', #8030, #6899, #921, .T. ) ;
#8006 = ADVANCED_FACE ( 'NONE', ( #917 ), #901, .T. ) ;
#8007 = EDGE_LOOP ( 'NONE', ( #8008, #8009, #8010, #8012 ) ) ;
#8008 = ORIENTED_EDGE ( 'NONE', *, *, #6896, .F. ) ;
#8009 = ORIENTED_EDGE ( 'NONE', *, *, #8005, .F. ) ;
#8010 = ORIENTED_EDGE ( 'NONE', *, *, #8011, .T. ) ;
#8011 = EDGE_CURVE ( 'NONE', #8030, #7973, #895, .T. ) ;
#8012 = ORIENTED_EDGE ( 'NONE', *, *, #7972, .T. ) ;
#8013 = ADVANCED_FACE ( 'NONE', ( #951 ), #936, .F. ) ;
#8014 = EDGE_LOOP ( 'NONE', ( #8015, #8072, #8073, #8074 ) ) ;
#8015 = ORIENTED_EDGE ( 'NONE', *, *, #8016, .F. ) ;
#8016 = EDGE_CURVE ( 'NONE', #7976, #8027, #931, .T. ) ;
#8017 = EDGE_CURVE ( 'NONE', #7963, #6885, #926, .T. ) ;
#8018 = ADVANCED_FACE ( 'NONE', ( #978 ), #961, .T. ) ;
#8019 = ORIENTED_EDGE ( 'NONE', *, *, #6876, .F. ) ;
#8020 = ORIENTED_EDGE ( 'NONE', *, *, #8017, .F. ) ;
#8021 = ORIENTED_EDGE ( 'NONE', *, *, #8022, .T. ) ;
#8022 = EDGE_CURVE ( 'NONE', #7963, #8024, #956, .T. ) ;
#8023 = EDGE_CURVE ( 'NONE', #6993, #7248, #952, .T. ) ;
#8024 = VERTEX_POINT ( 'NONE', #1010 ) ;
#8025 = ORIENTED_EDGE ( 'NONE', *, *, #8026, .F. ) ;
#8026 = EDGE_CURVE ( 'NONE', #8027, #8024, #1009, .T. ) ;
#8027 = VERTEX_POINT ( 'NONE', #1005 ) ;
#8028 = ORIENTED_EDGE ( 'NONE', *, *, #8029, .F. ) ;
#8029 = EDGE_CURVE ( 'NONE', #8030, #8027, #1004, .T. ) ;
#8030 = VERTEX_POINT ( 'NONE', #1000 ) ;
#8031 = ORIENTED_EDGE ( 'NONE', *, *, #8005, .T. ) ;
#8032 = ORIENTED_EDGE ( 'NONE', *, *, #8033, .F. ) ;
#8033 = EDGE_CURVE ( 'NONE', #8034, #7979, #999, .T. ) ;
#8034 = VERTEX_POINT ( 'NONE', #995 ) ;
#8035 = ORIENTED_EDGE ( 'NONE', *, *, #8036, .T. ) ;
#8036 = EDGE_CURVE ( 'NONE', #8034, #6883, #993, .T. ) ;
#8037 = ADVANCED_FACE ( 'NONE', ( #989 ), #1038, .T. ) ;
#8038 = EDGE_LOOP ( 'NONE', ( #7959, #7960, #7961, #7964 ) ) ;
#8039 = ORIENTED_EDGE ( 'NONE', *, *, #8040, .F. ) ;
#8040 = EDGE_CURVE ( 'NONE', #7571, #8065, #1033, .T. ) ;
#8041 = ORIENTED_EDGE ( 'NONE', *, *, #7579, .T. ) ;
#8042 = ORIENTED_EDGE ( 'NONE', *, *, #8113, .T. ) ;
#8043 = EDGE_LOOP ( 'NONE', ( #8102, #8103, #8104, #8105 ) ) ;
#8044 = ORIENTED_EDGE ( 'NONE', *, *, #8045, .T. ) ;
#8045 = EDGE_CURVE ( 'NONE', #8071, #8064, #1028, .T. ) ;
#8046 = ADVANCED_FACE ( 'NONE', ( #1024 ), #1068, .T. ) ;
#8047 = EDGE_LOOP ( 'NONE', ( #8048, #8050, #8051, #8053 ) ) ;
#8048 = ORIENTED_EDGE ( 'NONE', *, *, #8049, .F. ) ;
#8049 = EDGE_CURVE ( 'NONE', #7574, #8071, #1063, .T. ) ;
#8050 = ORIENTED_EDGE ( 'NONE', *, *, #7573, .T. ) ;
#8051 = ORIENTED_EDGE ( 'NONE', *, *, #8052, .T. ) ;
#8052 = EDGE_CURVE ( 'NONE', #7570, #8064, #1058, .T. ) ;
#8053 = ORIENTED_EDGE ( 'NONE', *, *, #8045, .F. ) ;
#8054 = ADVANCED_FACE ( 'NONE', ( #1054 ), #1092, .T. ) ;
#8055 = EDGE_LOOP ( 'NONE', ( #8112, #8114, #8115, #8116 ) ) ;
#8056 = ORIENTED_EDGE ( 'NONE', *, *, #8026, .T. ) ;
#8057 = ORIENTED_EDGE ( 'NONE', *, *, #7999, .T. ) ;
#8058 = ORIENTED_EDGE ( 'NONE', *, *, #7978, .T. ) ;
#8059 = ORIENTED_EDGE ( 'NONE', *, *, #8016, .T. ) ;
#8060 = ADVANCED_FACE ( 'NONE', ( #1086 ), #1131, .F. ) ;
#8061 = EDGE_LOOP ( 'NONE', ( #8062, #8066, #8069, #8044 ) ) ;
#8062 = ORIENTED_EDGE ( 'NONE', *, *, #8063, .T. ) ;
#8063 = EDGE_CURVE ( 'NONE', #8064, #8065, #1125, .T. ) ;
#8064 = VERTEX_POINT ( 'NONE', #1121 ) ;
#8065 = VERTEX_POINT ( 'NONE', #1119 ) ;
#8066 = ORIENTED_EDGE ( 'NONE', *, *, #8067, .T. ) ;
#8067 = EDGE_CURVE ( 'NONE', #8065, #8068, #1118, .T. ) ;
#8068 = VERTEX_POINT ( 'NONE', #1114 ) ;
#8069 = ORIENTED_EDGE ( 'NONE', *, *, #8070, .T. ) ;
#8070 = EDGE_CURVE ( 'NONE', #8068, #8071, #1113, .T. ) ;
#8071 = VERTEX_POINT ( 'NONE', #1109 ) ;
#8072 = ORIENTED_EDGE ( 'NONE', *, *, #7975, .F. ) ;
#8073 = ORIENTED_EDGE ( 'NONE', *, *, #8011, .F. ) ;
#8074 = ORIENTED_EDGE ( 'NONE', *, *, #8029, .T. ) ;
#8075 = ADVANCED_FACE ( 'NONE', ( #1108 ), #1154, .F. ) ;
#8076 = EDGE_LOOP ( 'NONE', ( #8077, #8000, #8001, #8002 ) ) ;
#8077 = ORIENTED_EDGE ( 'NONE', *, *, #7999, .F. ) ;
#8078 = ADVANCED_FACE ( 'NONE', ( #1148 ), #1185, .T. ) ;
#8079 = EDGE_LOOP ( 'NONE', ( #8080, #8081, #8082, #8085, #8141, #8144 ) ) ;
#8080 = ORIENTED_EDGE ( 'NONE', *, *, #6909, .F. ) ;
#8081 = ORIENTED_EDGE ( 'NONE', *, *, #8157, .F. ) ;
#8082 = ORIENTED_EDGE ( 'NONE', *, *, #8083, .T. ) ;
#8083 = EDGE_CURVE ( 'NONE', #8155, #8084, #1180, .T. ) ;
#8084 = VERTEX_POINT ( 'NONE', #1176 ) ;
#8085 = ORIENTED_EDGE ( 'NONE', *, *, #8139, .F. ) ;
#8086 = ORIENTED_EDGE ( 'NONE', *, *, #8087, .T. ) ;
#8087 = EDGE_CURVE ( 'NONE', #8111, #8088, #1175, .T. ) ;
#8088 = VERTEX_POINT ( 'NONE', #1171 ) ;
#8089 = ORIENTED_EDGE ( 'NONE', *, *, #8090, .F. ) ;
#8090 = EDGE_CURVE ( 'NONE', #8091, #8088, #1170, .T. ) ;
#8091 = VERTEX_POINT ( 'NONE', #1166 ) ;
#8092 = ORIENTED_EDGE ( 'NONE', *, *, #8093, .F. ) ;
#8093 = EDGE_CURVE ( 'NONE', #8094, #8091, #1165, .T. ) ;
#8094 = VERTEX_POINT ( 'NONE', #1161 ) ;
#8095 = ORIENTED_EDGE ( 'NONE', *, *, #8096, .T. ) ;
#8096 = EDGE_CURVE ( 'NONE', #8094, #6849, #1160, .T. ) ;
#8097 = ADVANCED_FACE ( 'NONE', ( #1219 ), #1203, .T. ) ;
#8098 = EDGE_LOOP ( 'NONE', ( #8099, #8152, #8153, #8156 ) ) ;
#8099 = ORIENTED_EDGE ( 'NONE', *, *, #6970, .F. ) ;
#8100 = ORIENTED_EDGE ( 'NONE', *, *, #8067, .F. ) ;
#8101 = ADVANCED_FACE ( 'NONE', ( #1197 ), #1240, .T. ) ;
#8102 = ORIENTED_EDGE ( 'NONE', *, *, #8052, .F. ) ;
#8103 = ORIENTED_EDGE ( 'NONE', *, *, #7569, .T. ) ;
#8104 = ORIENTED_EDGE ( 'NONE', *, *, #8040, .T. ) ;
#8105 = ORIENTED_EDGE ( 'NONE', *, *, #8063, .F. ) ;
#8106 = ADVANCED_FACE ( 'NONE', ( #1234 ), #1273, .T. ) ;
#8107 = EDGE_LOOP ( 'NONE', ( #8108, #8109, #8086, #8089, #8092, #8095 ) ) ;
#8108 = ORIENTED_EDGE ( 'NONE', *, *, #6853, .F. ) ;
#8109 = ORIENTED_EDGE ( 'NONE', *, *, #8110, .F. ) ;
#8110 = EDGE_CURVE ( 'NONE', #8111, #6859, #1268, .T. ) ;
#8111 = VERTEX_POINT ( 'NONE', #1264 ) ;
#8112 = ORIENTED_EDGE ( 'NONE', *, *, #8113, .F. ) ;
#8113 = EDGE_CURVE ( 'NONE', #7577, #8068, #1261, .T. ) ;
#8114 = ORIENTED_EDGE ( 'NONE', *, *, #7576, .T. ) ;
#8115 = ORIENTED_EDGE ( 'NONE', *, *, #8049, .T. ) ;
#8116 = ORIENTED_EDGE ( 'NONE', *, *, #8070, .F. ) ;
#8117 = ADVANCED_FACE ( 'NONE', ( #1257 ), #1296, .T. ) ;
#8118 = EDGE_LOOP ( 'NONE', ( #8039, #8041, #8042, #8100 ) ) ;
#8119 = ORIENTED_EDGE ( 'NONE', *, *, #8090, .T. ) ;
#8120 = ORIENTED_EDGE ( 'NONE', *, *, #8130, .T. ) ;
#8121 = ADVANCED_FACE ( 'NONE', ( #1290 ), #1326, .F. ) ;
#8122 = EDGE_LOOP ( 'NONE', ( #8123, #8178, #8181, #8185 ) ) ;
#8123 = ORIENTED_EDGE ( 'NONE', *, *, #8124, .T. ) ;
#8124 = EDGE_CURVE ( 'NONE', #8125, #8177, #1321, .T. ) ;
#8125 = VERTEX_POINT ( 'NONE', #1317 ) ;
#8126 = ORIENTED_EDGE ( 'NONE', *, *, #8110, .T. ) ;
#8127 = ADVANCED_FACE ( 'NONE', ( #1316 ), #1299, .F. ) ;
#8128 = EDGE_LOOP ( 'NONE', ( #8129, #8131, #8132, #8133 ) ) ;
#8129 = ORIENTED_EDGE ( 'NONE', *, *, #8130, .F. ) ;
#8130 = EDGE_CURVE ( 'NONE', #8088, #8140, #1351, .T. ) ;
#8131 = ORIENTED_EDGE ( 'NONE', *, *, #8087, .F. ) ;
#8132 = ORIENTED_EDGE ( 'NONE', *, *, #8151, .F. ) ;
#8133 = ORIENTED_EDGE ( 'NONE', *, *, #8142, .T. ) ;
#8134 = ADVANCED_FACE ( 'NONE', ( #1347 ), #1332, .F. ) ;
#8135 = EDGE_LOOP ( 'NONE', ( #8136, #8138, #8192, #8193 ) ) ;
#8136 = ORIENTED_EDGE ( 'NONE', *, *, #8137, .F. ) ;
#8137 = EDGE_CURVE ( 'NONE', #8084, #8091, #1327, .T. ) ;
#8138 = ORIENTED_EDGE ( 'NONE', *, *, #8083, .F. ) ;
#8139 = EDGE_CURVE ( 'NONE', #8140, #8084, #1386, .T. ) ;
#8140 = VERTEX_POINT ( 'NONE', #1382 ) ;
#8141 = ORIENTED_EDGE ( 'NONE', *, *, #8142, .F. ) ;
#8142 = EDGE_CURVE ( 'NONE', #8143, #8140, #1381, .T. ) ;
#8143 = VERTEX_POINT ( 'NONE', #1377 ) ;
#8144 = ORIENTED_EDGE ( 'NONE', *, *, #8145, .T. ) ;
#8145 = EDGE_CURVE ( 'NONE', #8143, #6855, #1375, .T. ) ;
#8146 = ADVANCED_FACE ( 'NONE', ( #1370 ), #1420, .T. ) ;
#8147 = EDGE_LOOP ( 'NONE', ( #8148, #8149, #8150, #8126 ) ) ;
#8148 = ORIENTED_EDGE ( 'NONE', *, *, #6858, .F. ) ;
#8149 = ORIENTED_EDGE ( 'NONE', *, *, #8145, .F. ) ;
#8150 = ORIENTED_EDGE ( 'NONE', *, *, #8151, .T. ) ;
#8151 = EDGE_CURVE ( 'NONE', #8143, #8111, #1415, .T. ) ;
#8152 = ORIENTED_EDGE ( 'NONE', *, *, #8096, .F. ) ;
#8153 = ORIENTED_EDGE ( 'NONE', *, *, #8154, .T. ) ;
#8154 = EDGE_CURVE ( 'NONE', #8094, #8155, #1411, .T. ) ;
#8155 = VERTEX_POINT ( 'NONE', #1407 ) ;
#8156 = ORIENTED_EDGE ( 'NONE', *, *, #8157, .T. ) ;
#8157 = EDGE_CURVE ( 'NONE', #8155, #6969, #1405, .T. ) ;
#8158 = EDGE_LOOP ( 'NONE', ( #8159, #8160, #8161, #8162 ) ) ;
#8159 = ORIENTED_EDGE ( 'NONE', *, *, #8166, .F. ) ;
#8160 = ORIENTED_EDGE ( 'NONE', *, *, #7587, .T. ) ;
#8161 = ORIENTED_EDGE ( 'NONE', *, *, #8235, .T. ) ;
#8162 = ORIENTED_EDGE ( 'NONE', *, *, #8124, .F. ) ;
#8163 = ADVANCED_FACE ( 'NONE', ( #1401 ), #1446, .T. ) ;
#8164 = EDGE_LOOP ( 'NONE', ( #8219, #8220, #8223, #8226, #8229, #8232 ) ) ;
#8165 = ORIENTED_EDGE ( 'NONE', *, *, #8166, .T. ) ;
#8166 = EDGE_CURVE ( 'NONE', #7588, #8125, #1439, .T. ) ;
#8167 = ORIENTED_EDGE ( 'NONE', *, *, #8186, .F. ) ;
#8168 = ADVANCED_FACE ( 'NONE', ( #1435 ), #1476, .T. ) ;
#8169 = EDGE_LOOP ( 'NONE', ( #8170, #8172, #8173, #8174 ) ) ;
#8170 = ORIENTED_EDGE ( 'NONE', *, *, #8171, .F. ) ;
#8171 = EDGE_CURVE ( 'NONE', #7595, #8180, #1469, .T. ) ;
#8172 = ORIENTED_EDGE ( 'NONE', *, *, #7594, .T. ) ;
#8173 = ORIENTED_EDGE ( 'NONE', *, *, #8190, .T. ) ;
#8174 = ORIENTED_EDGE ( 'NONE', *, *, #8182, .F. ) ;
#8175 = ADVANCED_FACE ( 'NONE', ( #1465 ), #1510, .T. ) ;
#8176 = EDGE_LOOP ( 'NONE', ( #8234, #8236, #8237, #8238 ) ) ;
#8177 = VERTEX_POINT ( 'NONE', #1505 ) ;
#8178 = ORIENTED_EDGE ( 'NONE', *, *, #8179, .T. ) ;
#8179 = EDGE_CURVE ( 'NONE', #8177, #8180, #1504, .T. ) ;
#8180 = VERTEX_POINT ( 'NONE', #1500 ) ;
#8181 = ORIENTED_EDGE ( 'NONE', *, *, #8182, .T. ) ;
#8182 = EDGE_CURVE ( 'NONE', #8180, #8183, #1499, .T. ) ;
#8184 = ORIENTED_EDGE ( 'NONE', *, *, #13540, .F. ) ;
#8183 = VERTEX_POINT ( 'NONE', #1495 ) ;
#8185 = ORIENTED_EDGE ( 'NONE', *, *, #8186, .T. ) ;
#8186 = EDGE_CURVE ( 'NONE', #8183, #8125, #1493, .T. ) ;
#8187 = ADVANCED_FACE ( 'NONE', ( #1489 ), #1534, .T. ) ;
#8188 = EDGE_LOOP ( 'NONE', ( #8189, #8191, #8165, #8167 ) ) ;
#8189 = ORIENTED_EDGE ( 'NONE', *, *, #8190, .F. ) ;
#8190 = EDGE_CURVE ( 'NONE', #7592, #8183, #1528, .T. ) ;
#8191 = ORIENTED_EDGE ( 'NONE', *, *, #7591, .T. ) ;
#8192 = ORIENTED_EDGE ( 'NONE', *, *, #8154, .F. ) ;
#8193 = ORIENTED_EDGE ( 'NONE', *, *, #8093, .T. ) ;
#8194 = ADVANCED_FACE ( 'NONE', ( #1524 ), #1564, .T. ) ;
#8195 = EDGE_LOOP ( 'NONE', ( #8196, #8197, #8119, #8120 ) ) ;
#8196 = ORIENTED_EDGE ( 'NONE', *, *, #8139, .T. ) ;
#8197 = ORIENTED_EDGE ( 'NONE', *, *, #8137, .T. ) ;
#8198 = EDGE_CURVE ( 'NONE', #8199, #8280, #1559, .T. ) ;
#8199 = VERTEX_POINT ( 'NONE', #1555 ) ;
#8200 = ORIENTED_EDGE ( 'NONE', *, *, #8201, .T. ) ;
#8201 = EDGE_CURVE ( 'NONE', #8199, #9453, #1553, .T. ) ;
#8202 = ADVANCED_FACE ( 'NONE', ( #1549 ), #1586, .T. ) ;
#8203 = EDGE_LOOP ( 'NONE', ( #8204, #8264, #8265, #8267 ) ) ;
#8204 = ORIENTED_EDGE ( 'NONE', *, *, #9459, .F. ) ;
#8205 = ADVANCED_FACE ( 'NONE', ( #1580 ), #1619, .T. ) ;
#8206 = EDGE_LOOP ( 'NONE', ( #8208, #8209, #8210, #8213 ) ) ;
#8207 = ORIENTED_EDGE ( 'NONE', *, *, #7369, .T. ) ;
#8208 = ORIENTED_EDGE ( 'NONE', *, *, #6871, .F. ) ;
#8209 = ORIENTED_EDGE ( 'NONE', *, *, #8233, .F. ) ;
#8210 = ORIENTED_EDGE ( 'NONE', *, *, #8211, .T. ) ;
#8211 = EDGE_CURVE ( 'NONE', #8231, #8212, #1614, .T. ) ;
#8212 = VERTEX_POINT ( 'NONE', #1610 ) ;
#8213 = ORIENTED_EDGE ( 'NONE', *, *, #8214, .T. ) ;
#8214 = EDGE_CURVE ( 'NONE', #8212, #6868, #1608, .T. ) ;
#8215 = ADVANCED_FACE ( 'NONE', ( #1604 ), #1651, .T. ) ;
#8216 = EDGE_LOOP ( 'NONE', ( #8217, #8218, #8275, #8278, #8281, #8200 ) ) ;
#8217 = ORIENTED_EDGE ( 'NONE', *, *, #6861, .F. ) ;
#8218 = ORIENTED_EDGE ( 'NONE', *, *, #8214, .F. ) ;
#8219 = ORIENTED_EDGE ( 'NONE', *, *, #9518, .F. ) ;
#8220 = ORIENTED_EDGE ( 'NONE', *, *, #8221, .F. ) ;
#8221 = EDGE_CURVE ( 'NONE', #8222, #9454, #1646, .T. ) ;
#8222 = VERTEX_POINT ( 'NONE', #1641 ) ;
#8223 = ORIENTED_EDGE ( 'NONE', *, *, #8224, .T. ) ;
#8224 = EDGE_CURVE ( 'NONE', #8222, #8225, #1640, .T. ) ;
#8225 = VERTEX_POINT ( 'NONE', #1636 ) ;
#8226 = ORIENTED_EDGE ( 'NONE', *, *, #8227, .F. ) ;
#8227 = EDGE_CURVE ( 'NONE', #8228, #8225, #1635, .T. ) ;
#8228 = VERTEX_POINT ( 'NONE', #1631 ) ;
#8229 = ORIENTED_EDGE ( 'NONE', *, *, #8230, .F. ) ;
#8230 = EDGE_CURVE ( 'NONE', #8231, #8228, #1630, .T. ) ;
#8231 = VERTEX_POINT ( 'NONE', #1626 ) ;
#8232 = ORIENTED_EDGE ( 'NONE', *, *, #8233, .T. ) ;
#8233 = EDGE_CURVE ( 'NONE', #8231, #9458, #1625, .T. ) ;
#8234 = ORIENTED_EDGE ( 'NONE', *, *, #8235, .F. ) ;
#8235 = EDGE_CURVE ( 'NONE', #7589, #8177, #1681, .T. ) ;
#8236 = ORIENTED_EDGE ( 'NONE', *, *, #7597, .T. ) ;
#8237 = ORIENTED_EDGE ( 'NONE', *, *, #8171, .T. ) ;
#8238 = ORIENTED_EDGE ( 'NONE', *, *, #8179, .F. ) ;
#8239 = ADVANCED_FACE ( 'NONE', ( #1677 ), #1658, .T. ) ;
#8240 = ORIENTED_EDGE ( 'NONE', *, *, #8241, .T. ) ;
#8241 = EDGE_CURVE ( 'NONE', #8322, #8242, #1713, .T. ) ;
#8242 = VERTEX_POINT ( 'NONE', #1709 ) ;
#8243 = ORIENTED_EDGE ( 'NONE', *, *, #8244, .T. ) ;
#8244 = EDGE_CURVE ( 'NONE', #8242, #8245, #1708, .T. ) ;
#8245 = VERTEX_POINT ( 'NONE', #1704 ) ;
#8246 = ORIENTED_EDGE ( 'NONE', *, *, #8247, .T. ) ;
#8247 = EDGE_CURVE ( 'NONE', #8245, #8321, #1702, .T. ) ;
#8248 = ADVANCED_FACE ( 'NONE', ( #1698 ), #1683, .T. ) ;
#8249 = EDGE_LOOP ( 'NONE', ( #8305, #8307, #8308, #8310 ) ) ;
#8250 = ADVANCED_FACE ( 'NONE', ( #1739 ), #1722, .F. ) ;
#8251 = EDGE_LOOP ( 'NONE', ( #8252, #8255, #8256, #8257 ) ) ;
#8252 = ORIENTED_EDGE ( 'NONE', *, *, #8253, .F. ) ;
#8253 = EDGE_CURVE ( 'NONE', #8277, #8228, #1716, .T. ) ;
#8254 = ORIENTED_EDGE ( 'NONE', *, *, #6998, .T. ) ;
#8255 = ORIENTED_EDGE ( 'NONE', *, *, #8276, .F. ) ;
#8256 = ORIENTED_EDGE ( 'NONE', *, *, #8211, .F. ) ;
#8257 = ORIENTED_EDGE ( 'NONE', *, *, #8230, .T. ) ;
#8258 = ADVANCED_FACE ( 'NONE', ( #1776 ), #1761, .T. ) ;
#8259 = EDGE_LOOP ( 'NONE', ( #8260, #8261, #8262, #8263 ) ) ;
#8260 = ORIENTED_EDGE ( 'NONE', *, *, #8279, .T. ) ;
#8261 = ORIENTED_EDGE ( 'NONE', *, *, #8253, .T. ) ;
#8262 = ORIENTED_EDGE ( 'NONE', *, *, #8227, .T. ) ;
#8263 = ORIENTED_EDGE ( 'NONE', *, *, #8271, .T. ) ;
#8264 = ORIENTED_EDGE ( 'NONE', *, *, #8201, .F. ) ;
#8265 = ORIENTED_EDGE ( 'NONE', *, *, #8266, .T. ) ;
#8266 = EDGE_CURVE ( 'NONE', #8199, #8222, #1755, .T. ) ;
#8267 = ORIENTED_EDGE ( 'NONE', *, *, #8221, .T. ) ;
#8268 = ADVANCED_FACE ( 'NONE', ( #1751 ), #1791, .F. ) ;
#8269 = EDGE_LOOP ( 'NONE', ( #8270, #8272, #8273, #8274 ) ) ;
#8270 = ORIENTED_EDGE ( 'NONE', *, *, #8271, .F. ) ;
#8271 = EDGE_CURVE ( 'NONE', #8225, #8280, #1786, .T. ) ;
#8272 = ORIENTED_EDGE ( 'NONE', *, *, #8224, .F. ) ;
#8273 = ORIENTED_EDGE ( 'NONE', *, *, #8266, .F. ) ;
#8274 = ORIENTED_EDGE ( 'NONE', *, *, #8198, .T. ) ;
#8275 = ORIENTED_EDGE ( 'NONE', *, *, #8276, .T. ) ;
#8276 = EDGE_CURVE ( 'NONE', #8212, #8277, #1782, .T. ) ;
#8277 = VERTEX_POINT ( 'NONE', #1778 ) ;
#8278 = ORIENTED_EDGE ( 'NONE', *, *, #8279, .F. ) ;
#8279 = EDGE_CURVE ( 'NONE', #8280, #8277, #1836, .T. ) ;
#8280 = VERTEX_POINT ( 'NONE', #1832 ) ;
#8281 = ORIENTED_EDGE ( 'NONE', *, *, #8198, .F. ) ;
#8282 = ORIENTED_EDGE ( 'NONE', *, *, #41, .F. ) ;
#8283 = ORIENTED_EDGE ( 'NONE', *, *, #8284, .F. ) ;
#8284 = EDGE_CURVE ( 'NONE', #8285, #43, #1831, .T. ) ;
#8285 = VERTEX_POINT ( 'NONE', #1827 ) ;
#8286 = ORIENTED_EDGE ( 'NONE', *, *, #8287, .T. ) ;
#8287 = EDGE_CURVE ( 'NONE', #8285, #8288, #1825, .T. ) ;
#8288 = VERTEX_POINT ( 'NONE', #1820 ) ;
#8289 = ORIENTED_EDGE ( 'NONE', *, *, #8290, .F. ) ;
#8290 = EDGE_CURVE ( 'NONE', #8291, #8288, #1819, .T. ) ;
#8291 = VERTEX_POINT ( 'NONE', #1815 ) ;
#8292 = ORIENTED_EDGE ( 'NONE', *, *, #8244, .F. ) ;
#8293 = ADVANCED_FACE ( 'NONE', ( #1814 ), #1860, .T. ) ;
#8294 = EDGE_LOOP ( 'NONE', ( #8295, #8297, #8298, #8299 ) ) ;
#8295 = ORIENTED_EDGE ( 'NONE', *, *, #8296, .F. ) ;
#8296 = EDGE_CURVE ( 'NONE', #7512, #8322, #1854, .T. ) ;
#8297 = ORIENTED_EDGE ( 'NONE', *, *, #7585, .T. ) ;
#8298 = ORIENTED_EDGE ( 'NONE', *, *, #8314, .T. ) ;
#8299 = ORIENTED_EDGE ( 'NONE', *, *, #8241, .F. ) ;
#8300 = ADVANCED_FACE ( 'NONE', ( #1850 ), #1891, .T. ) ;
#8301 = ORIENTED_EDGE ( 'NONE', *, *, #8530, .T. ) ;
#8302 = EDGE_LOOP ( 'NONE', ( #8303, #8304, #8360, #8361 ) ) ;
#8303 = ORIENTED_EDGE ( 'NONE', *, *, #8309, .F. ) ;
#8304 = ORIENTED_EDGE ( 'NONE', *, *, #7604, .T. ) ;
#8305 = ORIENTED_EDGE ( 'NONE', *, *, #8306, .F. ) ;
#8306 = EDGE_CURVE ( 'NONE', #7515, #8245, #1886, .T. ) ;
#8307 = ORIENTED_EDGE ( 'NONE', *, *, #7514, .T. ) ;
#8308 = ORIENTED_EDGE ( 'NONE', *, *, #8309, .T. ) ;
#8309 = EDGE_CURVE ( 'NONE', #211, #8321, #1881, .T. ) ;
#8310 = ORIENTED_EDGE ( 'NONE', *, *, #8247, .F. ) ;
#8311 = ADVANCED_FACE ( 'NONE', ( #1876 ), #1918, .T. ) ;
#8312 = EDGE_LOOP ( 'NONE', ( #8313, #8315, #8316, #8292 ) ) ;
#8313 = ORIENTED_EDGE ( 'NONE', *, *, #8314, .F. ) ;
#8314 = EDGE_CURVE ( 'NONE', #7518, #8242, #1912, .T. ) ;
#8315 = ORIENTED_EDGE ( 'NONE', *, *, #7517, .T. ) ;
#8316 = ORIENTED_EDGE ( 'NONE', *, *, #8306, .T. ) ;
#8317 = ADVANCED_FACE ( 'NONE', ( #1908 ), #1893, .F. ) ;
#8318 = EDGE_LOOP ( 'NONE', ( #8319, #8240, #8243, #8246 ) ) ;
#8319 = ORIENTED_EDGE ( 'NONE', *, *, #8320, .T. ) ;
#8320 = EDGE_CURVE ( 'NONE', #8321, #8322, #1945, .T. ) ;
#8321 = VERTEX_POINT ( 'NONE', #1941 ) ;
#8322 = VERTEX_POINT ( 'NONE', #1940 ) ;
#8323 = ORIENTED_EDGE ( 'NONE', *, *, #7011, .F. ) ;
#8324 = ORIENTED_EDGE ( 'NONE', *, *, #47, .F. ) ;
#8325 = ORIENTED_EDGE ( 'NONE', *, *, #8400, .F. ) ;
#8326 = ORIENTED_EDGE ( 'NONE', *, *, #8327, .T. ) ;
#8327 = EDGE_CURVE ( 'NONE', #8346, #8285, #1938, .T. ) ;
#8328 = ORIENTED_EDGE ( 'NONE', *, *, #8284, .T. ) ;
#8329 = ADVANCED_FACE ( 'NONE', ( #1934 ), #1978, .F. ) ;
#8330 = EDGE_LOOP ( 'NONE', ( #8331, #8386, #8387, #8388 ) ) ;
#8331 = ORIENTED_EDGE ( 'NONE', *, *, #8332, .F. ) ;
#8332 = EDGE_CURVE ( 'NONE', #8288, #8343, #1972, .T. ) ;
#8333 = ORIENTED_EDGE ( 'NONE', *, *, #8334, .T. ) ;
#8334 = EDGE_CURVE ( 'NONE', #8358, #38, #1967, .T. ) ;
#8335 = ADVANCED_FACE ( 'NONE', ( #1963 ), #2009, .T. ) ;
#8336 = ORIENTED_EDGE ( 'NONE', *, *, #9456, .F. ) ;
#8337 = ORIENTED_EDGE ( 'NONE', *, *, #8334, .F. ) ;
#8338 = ORIENTED_EDGE ( 'NONE', *, *, #8339, .T. ) ;
#8339 = EDGE_CURVE ( 'NONE', #8358, #8340, #2004, .T. ) ;
#8340 = VERTEX_POINT ( 'NONE', #2000 ) ;
#8341 = ORIENTED_EDGE ( 'NONE', *, *, #8342, .F. ) ;
#8342 = EDGE_CURVE ( 'NONE', #8343, #8340, #1999, .T. ) ;
#8343 = VERTEX_POINT ( 'NONE', #1995 ) ;
#8344 = ORIENTED_EDGE ( 'NONE', *, *, #8345, .F. ) ;
#8345 = EDGE_CURVE ( 'NONE', #8346, #8343, #1994, .T. ) ;
#8346 = VERTEX_POINT ( 'NONE', #1990 ) ;
#8347 = ORIENTED_EDGE ( 'NONE', *, *, #8348, .F. ) ;
#8348 = EDGE_CURVE ( 'NONE', #8349, #8291, #1989, .T. ) ;
#8349 = VERTEX_POINT ( 'NONE', #1985 ) ;
#8350 = ORIENTED_EDGE ( 'NONE', *, *, #8351, .T. ) ;
#8351 = EDGE_CURVE ( 'NONE', #8349, #45, #1983, .T. ) ;
#8352 = ADVANCED_FACE ( 'NONE', ( #2042 ), #2027, .T. ) ;
#8353 = EDGE_LOOP ( 'NONE', ( #8354, #8355, #8356, #8333 ) ) ;
#8354 = ORIENTED_EDGE ( 'NONE', *, *, #37, .F. ) ;
#8355 = ORIENTED_EDGE ( 'NONE', *, *, #8351, .F. ) ;
#8356 = ORIENTED_EDGE ( 'NONE', *, *, #8357, .T. ) ;
#8357 = EDGE_CURVE ( 'NONE', #8349, #8358, #2022, .T. ) ;
#8358 = VERTEX_POINT ( 'NONE', #2018 ) ;
#8359 = EDGE_LOOP ( 'NONE', ( #8336, #8337, #8338, #8341, #8344, #8399 ) ) ;
#8360 = ORIENTED_EDGE ( 'NONE', *, *, #8296, .T. ) ;
#8361 = ORIENTED_EDGE ( 'NONE', *, *, #8320, .F. ) ;
#8362 = ADVANCED_FACE ( 'NONE', ( #2017 ), #2062, .T. ) ;
#8363 = EDGE_LOOP ( 'NONE', ( #8282, #8283, #8286, #8289, #8347, #8350 ) ) ;
#8364 = EDGE_LOOP ( 'NONE', ( #8365, #8367, #8368, #8370 ) ) ;
#8365 = ORIENTED_EDGE ( 'NONE', *, *, #8366, .F. ) ;
#8366 = EDGE_CURVE ( 'NONE', #7536, #8439, #2057, .T. ) ;
#8367 = ORIENTED_EDGE ( 'NONE', *, *, #7535, .T. ) ;
#8368 = ORIENTED_EDGE ( 'NONE', *, *, #8369, .T. ) ;
#8369 = EDGE_CURVE ( 'NONE', #7532, #8380, #2052, .T. ) ;
#8370 = ORIENTED_EDGE ( 'NONE', *, *, #8441, .F. ) ;
#8371 = ADVANCED_FACE ( 'NONE', ( #2044 ), #2093, .T. ) ;
#8372 = EDGE_LOOP ( 'NONE', ( #8426, #8428, #8429, #8430 ) ) ;
#8373 = ORIENTED_EDGE ( 'NONE', *, *, #8392, .T. ) ;
#8374 = ORIENTED_EDGE ( 'NONE', *, *, #8290, .T. ) ;
#8375 = ORIENTED_EDGE ( 'NONE', *, *, #8332, .T. ) ;
#8376 = ADVANCED_FACE ( 'NONE', ( #2084 ), #2131, .F. ) ;
#8377 = EDGE_LOOP ( 'NONE', ( #8378, #8382, #8385, #8440 ) ) ;
#8378 = ORIENTED_EDGE ( 'NONE', *, *, #8379, .T. ) ;
#8379 = EDGE_CURVE ( 'NONE', #8380, #8381, #2126, .T. ) ;
#8380 = VERTEX_POINT ( 'NONE', #2122 ) ;
#8381 = VERTEX_POINT ( 'NONE', #2121 ) ;
#8382 = ORIENTED_EDGE ( 'NONE', *, *, #8383, .T. ) ;
#8383 = EDGE_CURVE ( 'NONE', #8381, #8384, #2120, .T. ) ;
#8384 = VERTEX_POINT ( 'NONE', #2115 ) ;
#8385 = ORIENTED_EDGE ( 'NONE', *, *, #8438, .T. ) ;
#8386 = ORIENTED_EDGE ( 'NONE', *, *, #8287, .F. ) ;
#8387 = ORIENTED_EDGE ( 'NONE', *, *, #8327, .F. ) ;
#8388 = ORIENTED_EDGE ( 'NONE', *, *, #8345, .T. ) ;
#8389 = ADVANCED_FACE ( 'NONE', ( #2114 ), #2156, .F. ) ;
#8390 = EDGE_LOOP ( 'NONE', ( #8391, #8393, #8394, #8395 ) ) ;
#8391 = ORIENTED_EDGE ( 'NONE', *, *, #8392, .F. ) ;
#8392 = EDGE_CURVE ( 'NONE', #8340, #8291, #2150, .T. ) ;
#8393 = ORIENTED_EDGE ( 'NONE', *, *, #8339, .F. ) ;
#8394 = ORIENTED_EDGE ( 'NONE', *, *, #8357, .F. ) ;
#8395 = ORIENTED_EDGE ( 'NONE', *, *, #8348, .T. ) ;
#8396 = ADVANCED_FACE ( 'NONE', ( #2146 ), #2185, .T. ) ;
#8397 = EDGE_LOOP ( 'NONE', ( #8398, #8373, #8374, #8375 ) ) ;
#8398 = ORIENTED_EDGE ( 'NONE', *, *, #8342, .T. ) ;
#8399 = ORIENTED_EDGE ( 'NONE', *, *, #8400, .T. ) ;
#8400 = EDGE_CURVE ( 'NONE', #8346, #42, #2178, .T. ) ;
#8401 = ADVANCED_FACE ( 'NONE', ( #2174 ), #2219, .T. ) ;
#8402 = EDGE_LOOP ( 'NONE', ( #8324, #8325, #8326, #8328 ) ) ;
#8403 = VERTEX_POINT ( 'NONE', #2214 ) ;
#8404 = ORIENTED_EDGE ( 'NONE', *, *, #8405, .F. ) ;
#8405 = EDGE_CURVE ( 'NONE', #8406, #8403, #2212, .T. ) ;
#8406 = VERTEX_POINT ( 'NONE', #2208 ) ;
#8407 = ORIENTED_EDGE ( 'NONE', *, *, #8408, .T. ) ;
#8408 = EDGE_CURVE ( 'NONE', #8406, #7248, #2205, .T. ) ;
#8409 = ADVANCED_FACE ( 'NONE', ( #2201 ), #2244, .T. ) ;
#8410 = EDGE_LOOP ( 'NONE', ( #8411, #8465, #8466, #8469 ) ) ;
#8411 = ORIENTED_EDGE ( 'NONE', *, *, #7219, .F. ) ;
#8412 = EDGE_LOOP ( 'NONE', ( #8484, #8207, #8254, #8323 ) ) ;
#8413 = ORIENTED_EDGE ( 'NONE', *, *, #8383, .F. ) ;
#8414 = ADVANCED_FACE ( 'NONE', ( #2238 ), #2273, .T. ) ;
#8415 = EDGE_LOOP ( 'NONE', ( #8416, #8417, #8418, #8419 ) ) ;
#8416 = ORIENTED_EDGE ( 'NONE', *, *, #8369, .F. ) ;
#8417 = ORIENTED_EDGE ( 'NONE', *, *, #7531, .T. ) ;
#8418 = ORIENTED_EDGE ( 'NONE', *, *, #8434, .T. ) ;
#8419 = ORIENTED_EDGE ( 'NONE', *, *, #8379, .F. ) ;
#8420 = ADVANCED_FACE ( 'NONE', ( #2267 ), #2252, .T. ) ;
#8421 = EDGE_LOOP ( 'NONE', ( #8422, #8423, #8480, #8483, #8404, #8407 ) ) ;
#8422 = ORIENTED_EDGE ( 'NONE', *, *, #8023, .F. ) ;
#8423 = ORIENTED_EDGE ( 'NONE', *, *, #8424, .F. ) ;
#8424 = EDGE_CURVE ( 'NONE', #8425, #6993, #2309, .T. ) ;
#8425 = VERTEX_POINT ( 'NONE', #2304 ) ;
#8426 = ORIENTED_EDGE ( 'NONE', *, *, #8427, .F. ) ;
#8427 = EDGE_CURVE ( 'NONE', #7539, #8384, #2300, .T. ) ;
#8428 = ORIENTED_EDGE ( 'NONE', *, *, #7538, .T. ) ;
#8429 = ORIENTED_EDGE ( 'NONE', *, *, #8366, .T. ) ;
#8430 = ORIENTED_EDGE ( 'NONE', *, *, #8438, .F. ) ;
#8431 = ADVANCED_FACE ( 'NONE', ( #2296 ), #2278, .T. ) ;
#8432 = EDGE_LOOP ( 'NONE', ( #8433, #8435, #8436, #8413 ) ) ;
#8433 = ORIENTED_EDGE ( 'NONE', *, *, #8434, .F. ) ;
#8434 = EDGE_CURVE ( 'NONE', #7533, #8381, #2339, .T. ) ;
#8435 = ORIENTED_EDGE ( 'NONE', *, *, #7601, .T. ) ;
#8436 = ORIENTED_EDGE ( 'NONE', *, *, #8427, .T. ) ;
#8437 = ORIENTED_EDGE ( 'NONE', *, *, #9210, .T. ) ;
#8438 = EDGE_CURVE ( 'NONE', #8384, #8439, #2335, .T. ) ;
#8439 = VERTEX_POINT ( 'NONE', #2331 ) ;
#8440 = ORIENTED_EDGE ( 'NONE', *, *, #8441, .T. ) ;
#8441 = EDGE_CURVE ( 'NONE', #8439, #8380, #2329, .T. ) ;
#8442 = ADVANCED_FACE ( 'NONE', ( #2325 ), #2373, .T. ) ;
#8443 = ORIENTED_EDGE ( 'NONE', *, *, #8481, .F. ) ;
#8444 = ORIENTED_EDGE ( 'NONE', *, *, #8463, .F. ) ;
#8445 = ORIENTED_EDGE ( 'NONE', *, *, #8454, .T. ) ;
#8446 = ADVANCED_FACE ( 'NONE', ( #2366 ), #2351, .F. ) ;
#8447 = EDGE_LOOP ( 'NONE', ( #8449, #8451, #8508, #8509 ) ) ;
#8448 = ADVANCED_FACE ( 'NONE', ( #2344 ), #2388, .T. ) ;
#8449 = ORIENTED_EDGE ( 'NONE', *, *, #8450, .F. ) ;
#8450 = EDGE_CURVE ( 'NONE', #8477, #8403, #2382, .T. ) ;
#8451 = ORIENTED_EDGE ( 'NONE', *, *, #8476, .F. ) ;
#8452 = EDGE_CURVE ( 'NONE', #8479, #8477, #2378, .T. ) ;
#8453 = ORIENTED_EDGE ( 'NONE', *, *, #8454, .F. ) ;
#8454 = EDGE_CURVE ( 'NONE', #8455, #8479, #2427, .T. ) ;
#8455 = VERTEX_POINT ( 'NONE', #2423 ) ;
#8456 = ORIENTED_EDGE ( 'NONE', *, *, #8457, .T. ) ;
#8457 = EDGE_CURVE ( 'NONE', #8455, #6996, #2421, .T. ) ;
#8458 = ADVANCED_FACE ( 'NONE', ( #2417 ), #2401, .T. ) ;
#8459 = EDGE_LOOP ( 'NONE', ( #8460, #8461, #8462, #8522 ) ) ;
#8460 = ORIENTED_EDGE ( 'NONE', *, *, #8530, .F. ) ;
#8461 = ORIENTED_EDGE ( 'NONE', *, *, #8457, .F. ) ;
#8462 = ORIENTED_EDGE ( 'NONE', *, *, #8463, .T. ) ;
#8463 = EDGE_CURVE ( 'NONE', #8455, #8425, #2456, .T. ) ;
#8464 = EDGE_LOOP ( 'NONE', ( #8524, #8443, #8444, #8445 ) ) ;
#8465 = ORIENTED_EDGE ( 'NONE', *, *, #8408, .F. ) ;
#8466 = ORIENTED_EDGE ( 'NONE', *, *, #8467, .T. ) ;
#8467 = EDGE_CURVE ( 'NONE', #8406, #8468, #2452, .T. ) ;
#8468 = VERTEX_POINT ( 'NONE', #2448 ) ;
#8469 = ORIENTED_EDGE ( 'NONE', *, *, #8470, .T. ) ;
#8470 = EDGE_CURVE ( 'NONE', #8468, #7523, #2446, .T. ) ;
#8471 = ADVANCED_FACE ( 'NONE', ( #2442 ), #2492, .T. ) ;
#8472 = EDGE_LOOP ( 'NONE', ( #8473, #8474, #8475, #8478, #8453, #8456 ) ) ;
#8473 = ORIENTED_EDGE ( 'NONE', *, *, #7319, .F. ) ;
#8474 = ORIENTED_EDGE ( 'NONE', *, *, #8470, .F. ) ;
#8475 = ORIENTED_EDGE ( 'NONE', *, *, #8476, .T. ) ;
#8476 = EDGE_CURVE ( 'NONE', #8468, #8477, #2487, .T. ) ;
#8477 = VERTEX_POINT ( 'NONE', #2483 ) ;
#8478 = ORIENTED_EDGE ( 'NONE', *, *, #8452, .F. ) ;
#8479 = VERTEX_POINT ( 'NONE', #2482 ) ;
#8480 = ORIENTED_EDGE ( 'NONE', *, *, #8481, .T. ) ;
#8481 = EDGE_CURVE ( 'NONE', #8425, #8482, #2481, .T. ) ;
#8482 = VERTEX_POINT ( 'NONE', #2477 ) ;
#8483 = ORIENTED_EDGE ( 'NONE', *, *, #8485, .F. ) ;
#8484 = ORIENTED_EDGE ( 'NONE', *, *, #8519, .F. ) ;
#8485 = EDGE_CURVE ( 'NONE', #8403, #8482, #2476, .T. ) ;
#8486 = VERTEX_POINT ( 'NONE', #2472 ) ;
#8487 = EDGE_LOOP ( 'NONE', ( #8488, #8490, #8491, #8492 ) ) ;
#8488 = ORIENTED_EDGE ( 'NONE', *, *, #8489, .F. ) ;
#8489 = EDGE_CURVE ( 'NONE', #7524, #8498, #2470, .T. ) ;
#8490 = ORIENTED_EDGE ( 'NONE', *, *, #7522, .T. ) ;
#8491 = ORIENTED_EDGE ( 'NONE', *, *, #8507, .T. ) ;
#8492 = ORIENTED_EDGE ( 'NONE', *, *, #8500, .F. ) ;
#8493 = ADVANCED_FACE ( 'NONE', ( #2466 ), #2509, .T. ) ;
#8494 = EDGE_LOOP ( 'NONE', ( #8553, #8555, #8556, #8557 ) ) ;
#8495 = VERTEX_POINT ( 'NONE', #2503 ) ;
#8496 = ORIENTED_EDGE ( 'NONE', *, *, #8497, .T. ) ;
#8497 = EDGE_CURVE ( 'NONE', #8495, #8498, #2502, .T. ) ;
#8498 = VERTEX_POINT ( 'NONE', #2498 ) ;
#8499 = ORIENTED_EDGE ( 'NONE', *, *, #8500, .T. ) ;
#8500 = EDGE_CURVE ( 'NONE', #8498, #8501, #2497, .T. ) ;
#8501 = VERTEX_POINT ( 'NONE', #2493 ) ;
#8502 = ORIENTED_EDGE ( 'NONE', *, *, #8503, .T. ) ;
#8503 = EDGE_CURVE ( 'NONE', #8501, #8521, #2548, .T. ) ;
#8504 = ADVANCED_FACE ( 'NONE', ( #2543 ), #2527, .T. ) ;
#8505 = EDGE_LOOP ( 'NONE', ( #8506, #8564, #8565, #8567 ) ) ;
#8506 = ORIENTED_EDGE ( 'NONE', *, *, #8507, .F. ) ;
#8507 = EDGE_CURVE ( 'NONE', #7555, #8501, #2521, .T. ) ;
#8508 = ORIENTED_EDGE ( 'NONE', *, *, #8467, .F. ) ;
#8509 = ORIENTED_EDGE ( 'NONE', *, *, #8405, .T. ) ;
#8510 = ADVANCED_FACE ( 'NONE', ( #2517 ), #2567, .T. ) ;
#8511 = EDGE_LOOP ( 'NONE', ( #8512, #8513, #8514, #8515 ) ) ;
#8512 = ORIENTED_EDGE ( 'NONE', *, *, #8452, .T. ) ;
#8513 = ORIENTED_EDGE ( 'NONE', *, *, #8450, .T. ) ;
#8514 = ORIENTED_EDGE ( 'NONE', *, *, #8485, .T. ) ;
#8515 = ORIENTED_EDGE ( 'NONE', *, *, #8525, .T. ) ;
#8516 = ADVANCED_FACE ( 'NONE', ( #2561 ), #2606, .F. ) ;
#8517 = EDGE_LOOP ( 'NONE', ( #8518, #8496, #8499, #8502 ) ) ;
#8518 = ORIENTED_EDGE ( 'NONE', *, *, #8520, .T. ) ;
#8519 = EDGE_CURVE ( 'NONE', #7370, #7004, #2601, .T. ) ;
#8520 = EDGE_CURVE ( 'NONE', #8521, #8495, #2597, .T. ) ;
#8521 = VERTEX_POINT ( 'NONE', #2593 ) ;
#8522 = ORIENTED_EDGE ( 'NONE', *, *, #8424, .T. ) ;
#8523 = ADVANCED_FACE ( 'NONE', ( #2592 ), #2631, .F. ) ;
#8524 = ORIENTED_EDGE ( 'NONE', *, *, #8525, .F. ) ;
#8525 = EDGE_CURVE ( 'NONE', #8482, #8479, #2626, .T. ) ;
#8526 = EDGE_LOOP ( 'NONE', ( #8527, #8528, #8529, #8533 ) ) ;
#8527 = ORIENTED_EDGE ( 'NONE', *, *, #8951, .F. ) ;
#8528 = ORIENTED_EDGE ( 'NONE', *, *, #8605, .F. ) ;
#8530 = EDGE_CURVE ( 'NONE', #6996, #6993, #2622, .T. ) ;
#8529 = ORIENTED_EDGE ( 'NONE', *, *, #8531, .T. ) ;
#8531 = EDGE_CURVE ( 'NONE', #8552, #8532, #2618, .T. ) ;
#8532 = VERTEX_POINT ( 'NONE', #2612 ) ;
#8533 = ORIENTED_EDGE ( 'NONE', *, *, #8534, .T. ) ;
#8534 = EDGE_CURVE ( 'NONE', #8532, #8683, #2613, .T. ) ;
#8535 = ADVANCED_FACE ( 'NONE', ( #2666 ), #2651, .T. ) ;
#8536 = EDGE_LOOP ( 'NONE', ( #8537, #8590, #8591, #8594, #8597, #8600 ) ) ;
#8537 = ORIENTED_EDGE ( 'NONE', *, *, #8818, .F. ) ;
#8538 = ADVANCED_FACE ( 'NONE', ( #2645 ), #2686, .T. ) ;
#8539 = EDGE_LOOP ( 'NONE', ( #8540, #8541, #8544, #8547, #8550, #8604 ) ) ;
#8540 = ORIENTED_EDGE ( 'NONE', *, *, #9418, .F. ) ;
#8541 = ORIENTED_EDGE ( 'NONE', *, *, #8542, .F. ) ;
#8542 = EDGE_CURVE ( 'NONE', #8543, #7007, #2681, .T. ) ;
#8543 = VERTEX_POINT ( 'NONE', #2677 ) ;
#8544 = ORIENTED_EDGE ( 'NONE', *, *, #8545, .T. ) ;
#8545 = EDGE_CURVE ( 'NONE', #8543, #8546, #2676, .T. ) ;
#8546 = VERTEX_POINT ( 'NONE', #2672 ) ;
#8547 = ORIENTED_EDGE ( 'NONE', *, *, #8548, .F. ) ;
#8548 = EDGE_CURVE ( 'NONE', #8549, #8546, #2671, .T. ) ;
#8549 = VERTEX_POINT ( 'NONE', #2717 ) ;
#8550 = ORIENTED_EDGE ( 'NONE', *, *, #8551, .F. ) ;
#8551 = EDGE_CURVE ( 'NONE', #8552, #8549, #2716, .T. ) ;
#8552 = VERTEX_POINT ( 'NONE', #2712 ) ;
#8553 = ORIENTED_EDGE ( 'NONE', *, *, #8554, .F. ) ;
#8554 = EDGE_CURVE ( 'NONE', #7551, #8495, #2710, .T. ) ;
#8555 = ORIENTED_EDGE ( 'NONE', *, *, #7526, .T. ) ;
#8556 = ORIENTED_EDGE ( 'NONE', *, *, #8489, .T. ) ;
#8557 = ORIENTED_EDGE ( 'NONE', *, *, #8497, .F. ) ;
#8558 = ADVANCED_FACE ( 'NONE', ( #2706 ), #2750, .T. ) ;
#8559 = EDGE_LOOP ( 'NONE', ( #8560, #8561, #8562, #8563 ) ) ;
#8560 = ORIENTED_EDGE ( 'NONE', *, *, #8566, .F. ) ;
#8561 = ORIENTED_EDGE ( 'NONE', *, *, #7549, .T. ) ;
#8562 = ORIENTED_EDGE ( 'NONE', *, *, #8554, .T. ) ;
#8563 = ORIENTED_EDGE ( 'NONE', *, *, #8520, .F. ) ;
#8564 = ORIENTED_EDGE ( 'NONE', *, *, #7553, .T. ) ;
#8565 = ORIENTED_EDGE ( 'NONE', *, *, #8566, .T. ) ;
#8566 = EDGE_CURVE ( 'NONE', #7550, #8521, #2744, .T. ) ;
#8567 = ORIENTED_EDGE ( 'NONE', *, *, #8503, .F. ) ;
#8568 = ADVANCED_FACE ( 'NONE', ( #2740 ), #2725, .T. ) ;
#8569 = ORIENTED_EDGE ( 'NONE', *, *, #8531, .F. ) ;
#8570 = ORIENTED_EDGE ( 'NONE', *, *, #8551, .T. ) ;
#8571 = ADVANCED_FACE ( 'NONE', ( #2724 ), #2766, .T. ) ;
#8572 = EDGE_LOOP ( 'NONE', ( #8573, #8574, #8575, #8629 ) ) ;
#8573 = ORIENTED_EDGE ( 'NONE', *, *, #8595, .T. ) ;
#8574 = ORIENTED_EDGE ( 'NONE', *, *, #8645, .T. ) ;
#8575 = ORIENTED_EDGE ( 'NONE', *, *, #8548, .T. ) ;
#8576 = EDGE_LOOP ( 'NONE', ( #8631, #8635, #8638, #8641 ) ) ;
#8577 = ORIENTED_EDGE ( 'NONE', *, *, #9661, .F. ) ;
#8578 = ORIENTED_EDGE ( 'NONE', *, *, #8601, .F. ) ;
#8579 = ORIENTED_EDGE ( 'NONE', *, *, #8580, .T. ) ;
#8580 = EDGE_CURVE ( 'NONE', #8599, #8543, #2760, .T. ) ;
#8581 = ORIENTED_EDGE ( 'NONE', *, *, #8542, .T. ) ;
#8582 = ADVANCED_FACE ( 'NONE', ( #2756 ), #2795, .F. ) ;
#8583 = EDGE_LOOP ( 'NONE', ( #8584, #8586, #8587, #8588 ) ) ;
#8584 = ORIENTED_EDGE ( 'NONE', *, *, #8585, .F. ) ;
#8585 = EDGE_CURVE ( 'NONE', #8546, #8596, #2790, .T. ) ;
#8586 = ORIENTED_EDGE ( 'NONE', *, *, #8545, .F. ) ;
#8587 = ORIENTED_EDGE ( 'NONE', *, *, #8580, .F. ) ;
#8588 = ORIENTED_EDGE ( 'NONE', *, *, #8598, .T. ) ;
#8589 = EDGE_LOOP ( 'NONE', ( #8644, #8646, #8569, #8570 ) ) ;
#8590 = ORIENTED_EDGE ( 'NONE', *, *, #8534, .F. ) ;
#8591 = ORIENTED_EDGE ( 'NONE', *, *, #8592, .T. ) ;
#8592 = EDGE_CURVE ( 'NONE', #8532, #8593, #2786, .T. ) ;
#8593 = VERTEX_POINT ( 'NONE', #2782 ) ;
#8594 = ORIENTED_EDGE ( 'NONE', *, *, #8595, .F. ) ;
#8595 = EDGE_CURVE ( 'NONE', #8596, #8593, #2834, .T. ) ;
#8596 = VERTEX_POINT ( 'NONE', #2830 ) ;
#8597 = ORIENTED_EDGE ( 'NONE', *, *, #8598, .F. ) ;
#8598 = EDGE_CURVE ( 'NONE', #8599, #8596, #2829, .T. ) ;
#8599 = VERTEX_POINT ( 'NONE', #2825 ) ;
#8600 = ORIENTED_EDGE ( 'NONE', *, *, #8601, .T. ) ;
#8601 = EDGE_CURVE ( 'NONE', #8599, #7013, #2823, .T. ) ;
#8602 = ADVANCED_FACE ( 'NONE', ( #2819 ), #2861, .T. ) ;
#8603 = EDGE_LOOP ( 'NONE', ( #8577, #8578, #8579, #8581 ) ) ;
#8604 = ORIENTED_EDGE ( 'NONE', *, *, #8605, .T. ) ;
#8605 = EDGE_CURVE ( 'NONE', #8552, #7005, #2855, .T. ) ;
#8606 = ADVANCED_FACE ( 'NONE', ( #2851 ), #2836, .T. ) ;
#8607 = EDGE_LOOP ( 'NONE', ( #8608, #8610, #8611, #8612 ) ) ;
#8608 = ORIENTED_EDGE ( 'NONE', *, *, #8609, .F. ) ;
#8609 = EDGE_CURVE ( 'NONE', #7477, #8634, #2890, .T. ) ;
#8610 = ORIENTED_EDGE ( 'NONE', *, *, #7546, .T. ) ;
#8611 = ORIENTED_EDGE ( 'NONE', *, *, #8627, .T. ) ;
#8612 = ORIENTED_EDGE ( 'NONE', *, *, #8636, .F. ) ;
#8613 = ADVANCED_FACE ( 'NONE', ( #2886 ), #2871, .T. ) ;
#8614 = EDGE_LOOP ( 'NONE', ( #8615, #8671, #8672, #8673 ) ) ;
#8615 = ORIENTED_EDGE ( 'NONE', *, *, #8622, .F. ) ;
#8616 = ADVANCED_FACE ( 'NONE', ( #2865 ), #2912, .T. ) ;
#8617 = EDGE_LOOP ( 'NONE', ( #8618, #8620, #8621, #8623 ) ) ;
#8618 = ORIENTED_EDGE ( 'NONE', *, *, #8619, .F. ) ;
#8619 = EDGE_CURVE ( 'NONE', #7478, #8640, #2907, .T. ) ;
#8620 = ORIENTED_EDGE ( 'NONE', *, *, #7541, .T. ) ;
#8621 = ORIENTED_EDGE ( 'NONE', *, *, #8622, .T. ) ;
#8622 = EDGE_CURVE ( 'NONE', #7476, #8633, #2902, .T. ) ;
#8623 = ORIENTED_EDGE ( 'NONE', *, *, #8642, .F. ) ;
#8624 = ADVANCED_FACE ( 'NONE', ( #2898 ), #2943, .T. ) ;
#8625 = EDGE_LOOP ( 'NONE', ( #8626, #8628, #8687, #8688 ) ) ;
#8626 = ORIENTED_EDGE ( 'NONE', *, *, #8627, .F. ) ;
#8627 = EDGE_CURVE ( 'NONE', #7544, #8637, #2937, .T. ) ;
#8628 = ORIENTED_EDGE ( 'NONE', *, *, #7543, .T. ) ;
#8629 = ORIENTED_EDGE ( 'NONE', *, *, #8585, .T. ) ;
#8630 = ADVANCED_FACE ( 'NONE', ( #2933 ), #2970, .F. ) ;
#8631 = ORIENTED_EDGE ( 'NONE', *, *, #8632, .T. ) ;
#8632 = EDGE_CURVE ( 'NONE', #8633, #8634, #2965, .T. ) ;
#8633 = VERTEX_POINT ( 'NONE', #2961 ) ;
#8634 = VERTEX_POINT ( 'NONE', #2960 ) ;
#8635 = ORIENTED_EDGE ( 'NONE', *, *, #8636, .T. ) ;
#8636 = EDGE_CURVE ( 'NONE', #8634, #8637, #2959, .T. ) ;
#8637 = VERTEX_POINT ( 'NONE', #2955 ) ;
#8638 = ORIENTED_EDGE ( 'NONE', *, *, #8639, .T. ) ;
#8639 = EDGE_CURVE ( 'NONE', #8637, #8640, #3005, .T. ) ;
#8640 = VERTEX_POINT ( 'NONE', #3001 ) ;
#8641 = ORIENTED_EDGE ( 'NONE', *, *, #8642, .T. ) ;
#8642 = EDGE_CURVE ( 'NONE', #8640, #8633, #2999, .T. ) ;
#8643 = ADVANCED_FACE ( 'NONE', ( #2995 ), #2980, .F. ) ;
#8644 = ORIENTED_EDGE ( 'NONE', *, *, #8645, .F. ) ;
#8645 = EDGE_CURVE ( 'NONE', #8593, #8549, #3032, .T. ) ;
#8646 = ORIENTED_EDGE ( 'NONE', *, *, #8592, .F. ) ;
#8647 = ADVANCED_FACE ( 'NONE', ( #3028 ), #3013, .T. ) ;
#8648 = EDGE_LOOP ( 'NONE', ( #8649, #8650, #8651, #8654, #8657, #8714 ) ) ;
#8649 = ORIENTED_EDGE ( 'NONE', *, *, #10112, .F. ) ;
#8650 = ORIENTED_EDGE ( 'NONE', *, *, #8728, .F. ) ;
#8651 = ORIENTED_EDGE ( 'NONE', *, *, #8652, .T. ) ;
#8652 = EDGE_CURVE ( 'NONE', #8670, #8653, #3008, .T. ) ;
#8653 = VERTEX_POINT ( 'NONE', #3066 ) ;
#8654 = ORIENTED_EDGE ( 'NONE', *, *, #8655, .F. ) ;
#8655 = EDGE_CURVE ( 'NONE', #8656, #8653, #3065, .T. ) ;
#8656 = VERTEX_POINT ( 'NONE', #3061 ) ;
#8657 = ORIENTED_EDGE ( 'NONE', *, *, #8658, .F. ) ;
#8658 = EDGE_CURVE ( 'NONE', #8713, #8656, #3060, .T. ) ;
#8659 = ORIENTED_EDGE ( 'NONE', *, *, #8660, .F. ) ;
#8660 = EDGE_CURVE ( 'NONE', #8661, #8686, #3056, .T. ) ;
#8661 = VERTEX_POINT ( 'NONE', #3052 ) ;
#8662 = ORIENTED_EDGE ( 'NONE', *, *, #8663, .T. ) ;
#8663 = EDGE_CURVE ( 'NONE', #8661, #10318, #3050, .T. ) ;
#8664 = ADVANCED_FACE ( 'NONE', ( #3046 ), #3094, .T. ) ;
#8665 = EDGE_LOOP ( 'NONE', ( #8666, #8667, #8668, #8727 ) ) ;
#8666 = ORIENTED_EDGE ( 'NONE', *, *, #10223, .F. ) ;
#8667 = ORIENTED_EDGE ( 'NONE', *, *, #8663, .F. ) ;
#8668 = ORIENTED_EDGE ( 'NONE', *, *, #8669, .T. ) ;
#8669 = EDGE_CURVE ( 'NONE', #8661, #8670, #3088, .T. ) ;
#8670 = VERTEX_POINT ( 'NONE', #3084 ) ;
#8671 = ORIENTED_EDGE ( 'NONE', *, *, #7475, .T. ) ;
#8672 = ORIENTED_EDGE ( 'NONE', *, *, #8609, .T. ) ;
#8673 = ORIENTED_EDGE ( 'NONE', *, *, #8632, .F. ) ;
#8674 = ADVANCED_FACE ( 'NONE', ( #3083 ), #3128, .T. ) ;
#8675 = EDGE_LOOP ( 'NONE', ( #8676, #8677, #8680, #8684, #8659, #8662 ) ) ;
#8676 = ORIENTED_EDGE ( 'NONE', *, *, #10309, .F. ) ;
#8677 = ORIENTED_EDGE ( 'NONE', *, *, #8678, .F. ) ;
#8678 = EDGE_CURVE ( 'NONE', #8679, #10674, #3123, .T. ) ;
#8679 = VERTEX_POINT ( 'NONE', #3119 ) ;
#8680 = ORIENTED_EDGE ( 'NONE', *, *, #8681, .T. ) ;
#8681 = EDGE_CURVE ( 'NONE', #8679, #8682, #3118, .T. ) ;
#8682 = VERTEX_POINT ( 'NONE', #3114 ) ;
#8683 = VERTEX_POINT ( 'NONE', #3113 ) ;
#8684 = ORIENTED_EDGE ( 'NONE', *, *, #8685, .F. ) ;
#8685 = EDGE_CURVE ( 'NONE', #8686, #8682, #3112, .T. ) ;
#8686 = VERTEX_POINT ( 'NONE', #3108 ) ;
#8687 = ORIENTED_EDGE ( 'NONE', *, *, #8619, .T. ) ;
#8688 = ORIENTED_EDGE ( 'NONE', *, *, #8639, .F. ) ;
#8689 = ADVANCED_FACE ( 'NONE', ( #3107 ), #3149, .T. ) ;
#8690 = ADVANCED_FACE ( 'NONE', ( #3142 ), #3184, .F. ) ;
#8691 = EDGE_LOOP ( 'NONE', ( #8692, #8696, #8752, #8754 ) ) ;
#8692 = ORIENTED_EDGE ( 'NONE', *, *, #8693, .T. ) ;
#8693 = EDGE_CURVE ( 'NONE', #8694, #8695, #3179, .T. ) ;
#8694 = VERTEX_POINT ( 'NONE', #3174 ) ;
#8695 = VERTEX_POINT ( 'NONE', #3173 ) ;
#8696 = ORIENTED_EDGE ( 'NONE', *, *, #8697, .T. ) ;
#8697 = EDGE_CURVE ( 'NONE', #8695, #8699, #3172, .T. ) ;
#8698 = ORIENTED_EDGE ( 'NONE', *, *, #8818, .T. ) ;
#8699 = VERTEX_POINT ( 'NONE', #3168 ) ;
#8700 = VERTEX_POINT ( 'NONE', #3167 ) ;
#8701 = ORIENTED_EDGE ( 'NONE', *, *, #8681, .F. ) ;
#8702 = ORIENTED_EDGE ( 'NONE', *, *, #8721, .F. ) ;
#8703 = ORIENTED_EDGE ( 'NONE', *, *, #8658, .T. ) ;
#8704 = ADVANCED_FACE ( 'NONE', ( #3166 ), #3210, .F. ) ;
#8705 = EDGE_LOOP ( 'NONE', ( #8706, #8708, #8709, #8710 ) ) ;
#8706 = ORIENTED_EDGE ( 'NONE', *, *, #8707, .F. ) ;
#8707 = EDGE_CURVE ( 'NONE', #8653, #8686, #3204, .T. ) ;
#8708 = ORIENTED_EDGE ( 'NONE', *, *, #8652, .F. ) ;
#8709 = ORIENTED_EDGE ( 'NONE', *, *, #8669, .F. ) ;
#8710 = ORIENTED_EDGE ( 'NONE', *, *, #8660, .T. ) ;
#8711 = ADVANCED_FACE ( 'NONE', ( #3200 ), #3239, .T. ) ;
#8712 = EDGE_LOOP ( 'NONE', ( #8765, #8766, #8767, #8768 ) ) ;
#8713 = VERTEX_POINT ( 'NONE', #3234 ) ;
#8714 = ORIENTED_EDGE ( 'NONE', *, *, #8715, .T. ) ;
#8715 = EDGE_CURVE ( 'NONE', #8713, #10516, #3232, .T. ) ;
#8716 = ADVANCED_FACE ( 'NONE', ( #3228 ), #3267, .T. ) ;
#8717 = EDGE_LOOP ( 'NONE', ( #8718, #8719, #8720, #8722 ) ) ;
#8718 = ORIENTED_EDGE ( 'NONE', *, *, #10512, .F. ) ;
#8719 = ORIENTED_EDGE ( 'NONE', *, *, #8715, .F. ) ;
#8720 = ORIENTED_EDGE ( 'NONE', *, *, #8721, .T. ) ;
#8721 = EDGE_CURVE ( 'NONE', #8713, #8679, #3261, .T. ) ;
#8722 = ORIENTED_EDGE ( 'NONE', *, *, #8678, .T. ) ;
#8723 = ADVANCED_FACE ( 'NONE', ( #3257 ), #3297, .F. ) ;
#8724 = EDGE_LOOP ( 'NONE', ( #8725, #8701, #8702, #8703 ) ) ;
#8725 = ORIENTED_EDGE ( 'NONE', *, *, #8726, .F. ) ;
#8726 = EDGE_CURVE ( 'NONE', #8682, #8656, #3292, .T. ) ;
#8727 = ORIENTED_EDGE ( 'NONE', *, *, #8728, .T. ) ;
#8728 = EDGE_CURVE ( 'NONE', #8670, #10084, #3287, .T. ) ;
#8729 = ADVANCED_FACE ( 'NONE', ( #3283 ), #3326, .T. ) ;
#8730 = EDGE_LOOP ( 'NONE', ( #8731, #8732, #8733, #8734 ) ) ;
#8731 = ORIENTED_EDGE ( 'NONE', *, *, #8762, .F. ) ;
#8732 = ORIENTED_EDGE ( 'NONE', *, *, #7556, .T. ) ;
#8733 = ORIENTED_EDGE ( 'NONE', *, *, #8749, .T. ) ;
#8734 = ORIENTED_EDGE ( 'NONE', *, *, #8693, .F. ) ;
#8735 = ADVANCED_FACE ( 'NONE', ( #3319 ), #3303, .T. ) ;
#8736 = EDGE_LOOP ( 'NONE', ( #8737, #8738, #8794, #8797, #8800, #8803 ) ) ;
#8737 = ORIENTED_EDGE ( 'NONE', *, *, #11439, .F. ) ;
#8738 = ORIENTED_EDGE ( 'NONE', *, *, #8739, .F. ) ;
#8739 = EDGE_CURVE ( 'NONE', #8740, #4483, #3298, .T. ) ;
#8740 = VERTEX_POINT ( 'NONE', #3352 ) ;
#8741 = ORIENTED_EDGE ( 'NONE', *, *, #8742, .F. ) ;
#8742 = EDGE_CURVE ( 'NONE', #7470, #8699, #3350, .T. ) ;
#8743 = ORIENTED_EDGE ( 'NONE', *, *, #7469, .T. ) ;
#8744 = ORIENTED_EDGE ( 'NONE', *, *, #8759, .T. ) ;
#8745 = ORIENTED_EDGE ( 'NONE', *, *, #8753, .F. ) ;
#8746 = ADVANCED_FACE ( 'NONE', ( #3346 ), #3331, .T. ) ;
#8747 = EDGE_LOOP ( 'NONE', ( #8748, #8750, #8751, #8809 ) ) ;
#8748 = ORIENTED_EDGE ( 'NONE', *, *, #8749, .F. ) ;
#8749 = EDGE_CURVE ( 'NONE', #7558, #8695, #3384, .T. ) ;
#8750 = ORIENTED_EDGE ( 'NONE', *, *, #7472, .T. ) ;
#8751 = ORIENTED_EDGE ( 'NONE', *, *, #8742, .T. ) ;
#8752 = ORIENTED_EDGE ( 'NONE', *, *, #8753, .T. ) ;
#8753 = EDGE_CURVE ( 'NONE', #8699, #8700, #3380, .T. ) ;
#8754 = ORIENTED_EDGE ( 'NONE', *, *, #8755, .T. ) ;
#8755 = EDGE_CURVE ( 'NONE', #8700, #8694, #3375, .T. ) ;
#8756 = ADVANCED_FACE ( 'NONE', ( #3371 ), #3413, .T. ) ;
#8757 = EDGE_LOOP ( 'NONE', ( #8758, #8760, #8761, #8763 ) ) ;
#8758 = ORIENTED_EDGE ( 'NONE', *, *, #8759, .F. ) ;
#8759 = EDGE_CURVE ( 'NONE', #7467, #8700, #3408, .T. ) ;
#8760 = ORIENTED_EDGE ( 'NONE', *, *, #7560, .T. ) ;
#8761 = ORIENTED_EDGE ( 'NONE', *, *, #8762, .T. ) ;
#8762 = EDGE_CURVE ( 'NONE', #7557, #8694, #3403, .T. ) ;
#8763 = ORIENTED_EDGE ( 'NONE', *, *, #8755, .F. ) ;
#8764 = ADVANCED_FACE ( 'NONE', ( #3399 ), #3444, .T. ) ;
#8765 = ORIENTED_EDGE ( 'NONE', *, *, #8655, .T. ) ;
#8766 = ORIENTED_EDGE ( 'NONE', *, *, #8707, .T. ) ;
#8767 = ORIENTED_EDGE ( 'NONE', *, *, #8685, .T. ) ;
#8768 = ORIENTED_EDGE ( 'NONE', *, *, #8726, .T. ) ;
#8769 = VERTEX_POINT ( 'NONE', #3439 ) ;
#8770 = ORIENTED_EDGE ( 'NONE', *, *, #8771, .F. ) ;
#8771 = EDGE_CURVE ( 'NONE', #8772, #8769, #3438, .T. ) ;
#8772 = VERTEX_POINT ( 'NONE', #3434 ) ;
#8773 = ORIENTED_EDGE ( 'NONE', *, *, #8774, .T. ) ;
#8774 = EDGE_CURVE ( 'NONE', #8772, #4572, #3432, .T. ) ;
#8775 = ADVANCED_FACE ( 'NONE', ( #3428 ), #3477, .T. ) ;
#8776 = EDGE_LOOP ( 'NONE', ( #8777, #8778, #8779, #8781 ) ) ;
#8777 = ORIENTED_EDGE ( 'NONE', *, *, #4547, .F. ) ;
#8778 = ORIENTED_EDGE ( 'NONE', *, *, #8774, .F. ) ;
#8779 = ORIENTED_EDGE ( 'NONE', *, *, #8780, .T. ) ;
#8780 = EDGE_CURVE ( 'NONE', #8772, #8740, #3472, .T. ) ;
#8781 = ORIENTED_EDGE ( 'NONE', *, *, #8739, .T. ) ;
#8782 = ORIENTED_EDGE ( 'NONE', *, *, #8783, .T. ) ;
#8783 = EDGE_CURVE ( 'NONE', #8802, #8784, #3468, .T. ) ;
#8784 = VERTEX_POINT ( 'NONE', #3464 ) ;
#8785 = ORIENTED_EDGE ( 'NONE', *, *, #8786, .T. ) ;
#8786 = EDGE_CURVE ( 'NONE', #8784, #11266, #3462, .T. ) ;
#8787 = ADVANCED_FACE ( 'NONE', ( #3458 ), #3501, .T. ) ;
#8788 = EDGE_LOOP ( 'NONE', ( #8789, #8790, #8791, #8849, #8770, #8773 ) ) ;
#8789 = ORIENTED_EDGE ( 'NONE', *, *, #10883, .F. ) ;
#8790 = ORIENTED_EDGE ( 'NONE', *, *, #8786, .F. ) ;
#8791 = ORIENTED_EDGE ( 'NONE', *, *, #8792, .T. ) ;
#8792 = EDGE_CURVE ( 'NONE', #8784, #8793, #3495, .T. ) ;
#8793 = VERTEX_POINT ( 'NONE', #3491 ) ;
#8794 = ORIENTED_EDGE ( 'NONE', *, *, #8795, .T. ) ;
#8795 = EDGE_CURVE ( 'NONE', #8740, #8796, #3490, .T. ) ;
#8796 = VERTEX_POINT ( 'NONE', #3486 ) ;
#8797 = ORIENTED_EDGE ( 'NONE', *, *, #8798, .F. ) ;
#8798 = EDGE_CURVE ( 'NONE', #8799, #8796, #3484, .T. ) ;
#8799 = VERTEX_POINT ( 'NONE', #3480 ) ;
#8800 = ORIENTED_EDGE ( 'NONE', *, *, #8801, .F. ) ;
#8801 = EDGE_CURVE ( 'NONE', #8802, #8799, #3479, .T. ) ;
#8802 = VERTEX_POINT ( 'NONE', #3531 ) ;
#8803 = ORIENTED_EDGE ( 'NONE', *, *, #8804, .T. ) ;
#8804 = EDGE_CURVE ( 'NONE', #8802, #4573, #3529, .T. ) ;
#8805 = ADVANCED_FACE ( 'NONE', ( #3525 ), #3510, .T. ) ;
#8806 = EDGE_LOOP ( 'NONE', ( #8807, #8808, #8782, #8785 ) ) ;
#8807 = ORIENTED_EDGE ( 'NONE', *, *, #11447, .F. ) ;
#8808 = ORIENTED_EDGE ( 'NONE', *, *, #8804, .F. ) ;
#8809 = ORIENTED_EDGE ( 'NONE', *, *, #8697, .F. ) ;
#8810 = ORIENTED_EDGE ( 'NONE', *, *, #8811, .T. ) ;
#8811 = EDGE_CURVE ( 'NONE', #8486, #8812, #3568, .T. ) ;
#8812 = VERTEX_POINT ( 'NONE', #3564 ) ;
#8813 = ORIENTED_EDGE ( 'NONE', *, *, #8814, .T. ) ;
#8814 = EDGE_CURVE ( 'NONE', #8812, #8815, #3563, .T. ) ;
#8815 = VERTEX_POINT ( 'NONE', #3559 ) ;
#8816 = ORIENTED_EDGE ( 'NONE', *, *, #8817, .T. ) ;
#8818 = EDGE_CURVE ( 'NONE', #8683, #7013, #3553, .T. ) ;
#8817 = EDGE_CURVE ( 'NONE', #8815, #667, #3558, .T. ) ;
#8819 = ADVANCED_FACE ( 'NONE', ( #3549 ), #3593, .T. ) ;
#8820 = EDGE_LOOP ( 'NONE', ( #8821, #8823, #8882, #8884 ) ) ;
#8821 = ORIENTED_EDGE ( 'NONE', *, *, #8822, .F. ) ;
#8822 = EDGE_CURVE ( 'NONE', #7485, #8815, #3586, .T. ) ;
#8823 = ORIENTED_EDGE ( 'NONE', *, *, #7484, .T. ) ;
#8824 = ORIENTED_EDGE ( 'NONE', *, *, #8783, .F. ) ;
#8825 = ORIENTED_EDGE ( 'NONE', *, *, #8801, .T. ) ;
#8826 = ADVANCED_FACE ( 'NONE', ( #3582 ), #3621, .T. ) ;
#8827 = CARTESIAN_POINT ( 'NONE',  ( 7.749999999999996400, 0.3999999999999999700, -0.2500000000000565100 ) ) ;
#8828 = EDGE_LOOP ( 'NONE', ( #8829, #8830, #8831, #8832 ) ) ;
#8829 = ORIENTED_EDGE ( 'NONE', *, *, #8850, .T. ) ;
#8830 = ORIENTED_EDGE ( 'NONE', *, *, #8847, .T. ) ;
#8831 = ORIENTED_EDGE ( 'NONE', *, *, #8798, .T. ) ;
#8832 = ORIENTED_EDGE ( 'NONE', *, *, #8840, .T. ) ;
#8833 = ADVANCED_FACE ( 'NONE', ( #3615 ), #3600, .F. ) ;
#8834 = EDGE_LOOP ( 'NONE', ( #8835, #8810, #8813, #8816 ) ) ;
#8835 = ORIENTED_EDGE ( 'NONE', *, *, #8836, .T. ) ;
#8836 = EDGE_CURVE ( 'NONE', #667, #8486, #3649, .T. ) ;
#8837 = ADVANCED_FACE ( 'NONE', ( #3645 ), #3630, .F. ) ;
#8838 = EDGE_LOOP ( 'NONE', ( #8839, #8841, #8842, #8843 ) ) ;
#8839 = ORIENTED_EDGE ( 'NONE', *, *, #8840, .F. ) ;
#8840 = EDGE_CURVE ( 'NONE', #8796, #8769, #3624, .T. ) ;
#8841 = ORIENTED_EDGE ( 'NONE', *, *, #8795, .F. ) ;
#8842 = ORIENTED_EDGE ( 'NONE', *, *, #8780, .F. ) ;
#8843 = ORIENTED_EDGE ( 'NONE', *, *, #8771, .T. ) ;
#8844 = ADVANCED_FACE ( 'NONE', ( #3677 ), #3661, .F. ) ;
#8845 = EDGE_LOOP ( 'NONE', ( #8846, #8848, #8824, #8825 ) ) ;
#8846 = ORIENTED_EDGE ( 'NONE', *, *, #8847, .F. ) ;
#8847 = EDGE_CURVE ( 'NONE', #8793, #8799, #3656, .T. ) ;
#8848 = ORIENTED_EDGE ( 'NONE', *, *, #8792, .F. ) ;
#8849 = ORIENTED_EDGE ( 'NONE', *, *, #8850, .F. ) ;
#8850 = EDGE_CURVE ( 'NONE', #8769, #8793, #3652, .T. ) ;
#8851 = EDGE_LOOP ( 'NONE', ( #8852, #8853, #8909, #8912, #8915, #8918 ) ) ;
#8852 = ORIENTED_EDGE ( 'NONE', *, *, #3243, .F. ) ;
#8853 = ORIENTED_EDGE ( 'NONE', *, *, #8931, .F. ) ;
#8854 = ORIENTED_EDGE ( 'NONE', *, *, #3456, .F. ) ;
#8855 = ORIENTED_EDGE ( 'NONE', *, *, #8856, .F. ) ;
#8856 = EDGE_CURVE ( 'NONE', #8857, #3426, #3712, .T. ) ;
#8857 = VERTEX_POINT ( 'NONE', #3708 ) ;
#8858 = ORIENTED_EDGE ( 'NONE', *, *, #8859, .T. ) ;
#8859 = EDGE_CURVE ( 'NONE', #8857, #8860, #3707, .T. ) ;
#8860 = VERTEX_POINT ( 'NONE', #3703 ) ;
#8861 = ORIENTED_EDGE ( 'NONE', *, *, #8862, .F. ) ;
#8862 = EDGE_CURVE ( 'NONE', #8863, #8860, #3702, .T. ) ;
#8863 = VERTEX_POINT ( 'NONE', #3698 ) ;
#8864 = ORIENTED_EDGE ( 'NONE', *, *, #8865, .F. ) ;
#8865 = EDGE_CURVE ( 'NONE', #8866, #8863, #3696, .T. ) ;
#8866 = VERTEX_POINT ( 'NONE', #3692 ) ;
#8867 = ORIENTED_EDGE ( 'NONE', *, *, #8868, .T. ) ;
#8868 = EDGE_CURVE ( 'NONE', #8866, #3356, #3691, .T. ) ;
#8869 = ORIENTED_EDGE ( 'NONE', *, *, #8870, .F. ) ;
#8870 = EDGE_CURVE ( 'NONE', #7482, #8486, #3686, .T. ) ;
#8871 = ORIENTED_EDGE ( 'NONE', *, *, #7490, .T. ) ;
#8872 = ORIENTED_EDGE ( 'NONE', *, *, #8888, .T. ) ;
#8873 = ORIENTED_EDGE ( 'NONE', *, *, #8811, .F. ) ;
#8874 = ADVANCED_FACE ( 'NONE', ( #3682 ), #3733, .T. ) ;
#8875 = EDGE_LOOP ( 'NONE', ( #8876, #8877, #8878, #8879 ) ) ;
#8876 = ORIENTED_EDGE ( 'NONE', *, *, #8883, .F. ) ;
#8877 = ORIENTED_EDGE ( 'NONE', *, *, #7480, .T. ) ;
#8878 = ORIENTED_EDGE ( 'NONE', *, *, #8870, .T. ) ;
#8879 = ORIENTED_EDGE ( 'NONE', *, *, #8836, .F. ) ;
#8880 = ADVANCED_FACE ( 'NONE', ( #3727 ), #3769, .T. ) ;
#8881 = EDGE_LOOP ( 'NONE', ( #8854, #8855, #8858, #8861, #8864, #8867 ) ) ;
#8882 = ORIENTED_EDGE ( 'NONE', *, *, #8883, .T. ) ;
#8883 = EDGE_CURVE ( 'NONE', #7481, #667, #3762, .T. ) ;
#8884 = ORIENTED_EDGE ( 'NONE', *, *, #8817, .F. ) ;
#8885 = ADVANCED_FACE ( 'NONE', ( #3758 ), #3801, .T. ) ;
#8886 = EDGE_LOOP ( 'NONE', ( #8887, #8889, #8890, #8891 ) ) ;
#8887 = ORIENTED_EDGE ( 'NONE', *, *, #8888, .F. ) ;
#8888 = EDGE_CURVE ( 'NONE', #7488, #8812, #3794, .T. ) ;
#8889 = ORIENTED_EDGE ( 'NONE', *, *, #7487, .T. ) ;
#8890 = ORIENTED_EDGE ( 'NONE', *, *, #8822, .T. ) ;
#8891 = ORIENTED_EDGE ( 'NONE', *, *, #8814, .F. ) ;
#8892 = ADVANCED_FACE ( 'NONE', ( #3790 ), #3775, .T. ) ;
#8893 = EDGE_LOOP ( 'NONE', ( #8894, #8895, #8896, #8897 ) ) ;
#8894 = ORIENTED_EDGE ( 'NONE', *, *, #8913, .T. ) ;
#8895 = ORIENTED_EDGE ( 'NONE', *, *, #8966, .T. ) ;
#8896 = ORIENTED_EDGE ( 'NONE', *, *, #8862, .T. ) ;
#8897 = ORIENTED_EDGE ( 'NONE', *, *, #8905, .T. ) ;
#8898 = ORIENTED_EDGE ( 'NONE', *, *, #8919, .F. ) ;
#8899 = ORIENTED_EDGE ( 'NONE', *, *, #8900, .T. ) ;
#8900 = EDGE_CURVE ( 'NONE', #8917, #8857, #3825, .T. ) ;
#8901 = ORIENTED_EDGE ( 'NONE', *, *, #8856, .T. ) ;
#8902 = ADVANCED_FACE ( 'NONE', ( #3821 ), #3806, .F. ) ;
#8903 = EDGE_LOOP ( 'NONE', ( #8904, #8906, #8907, #8908 ) ) ;
#8904 = ORIENTED_EDGE ( 'NONE', *, *, #8905, .F. ) ;
#8905 = EDGE_CURVE ( 'NONE', #8860, #8914, #3865, .T. ) ;
#8906 = ORIENTED_EDGE ( 'NONE', *, *, #8859, .F. ) ;
#8907 = ORIENTED_EDGE ( 'NONE', *, *, #8900, .F. ) ;
#8908 = ORIENTED_EDGE ( 'NONE', *, *, #8916, .T. ) ;
#8909 = ORIENTED_EDGE ( 'NONE', *, *, #8910, .T. ) ;
#8910 = EDGE_CURVE ( 'NONE', #8929, #8911, #3861, .T. ) ;
#8911 = VERTEX_POINT ( 'NONE', #3857 ) ;
#8912 = ORIENTED_EDGE ( 'NONE', *, *, #8913, .F. ) ;
#8913 = EDGE_CURVE ( 'NONE', #8914, #8911, #3856, .T. ) ;
#8914 = VERTEX_POINT ( 'NONE', #3852 ) ;
#8915 = ORIENTED_EDGE ( 'NONE', *, *, #8916, .F. ) ;
#8916 = EDGE_CURVE ( 'NONE', #8917, #8914, #3851, .T. ) ;
#8917 = VERTEX_POINT ( 'NONE', #3847 ) ;
#8918 = ORIENTED_EDGE ( 'NONE', *, *, #8919, .T. ) ;
#8919 = EDGE_CURVE ( 'NONE', #8917, #3718, #3845, .T. ) ;
#8920 = ADVANCED_FACE ( 'NONE', ( #3841 ), #3888, .T. ) ;
#8921 = EDGE_LOOP ( 'NONE', ( #8922, #8898, #8899, #8901 ) ) ;
#8922 = ORIENTED_EDGE ( 'NONE', *, *, #3536, .F. ) ;
#8923 = ADVANCED_FACE ( 'NONE', ( #3882 ), #3922, .T. ) ;
#8924 = EDGE_LOOP ( 'NONE', ( #8925, #8926, #8927, #8930 ) ) ;
#8925 = ORIENTED_EDGE ( 'NONE', *, *, #3445, .F. ) ;
#8926 = ORIENTED_EDGE ( 'NONE', *, *, #8868, .F. ) ;
#8927 = ORIENTED_EDGE ( 'NONE', *, *, #8928, .T. ) ;
#8928 = EDGE_CURVE ( 'NONE', #8866, #8929, #3917, .T. ) ;
#8929 = VERTEX_POINT ( 'NONE', #3913 ) ;
#8930 = ORIENTED_EDGE ( 'NONE', *, *, #8931, .T. ) ;
#8931 = EDGE_CURVE ( 'NONE', #8929, #2610, #3911, .T. ) ;
#8932 = ADVANCED_FACE ( 'NONE', ( #3907 ), #3946, .T. ) ;
#8933 = ADVANCED_FACE ( 'NONE', ( #3940 ), #3925, .T. ) ;
#8934 = EDGE_LOOP ( 'NONE', ( #8935, #8989, #8990, #8991 ) ) ;
#8935 = ORIENTED_EDGE ( 'NONE', *, *, #8940, .F. ) ;
#8936 = ORIENTED_EDGE ( 'NONE', *, *, #8937, .F. ) ;
#8937 = EDGE_CURVE ( 'NONE', #7501, #8959, #3972, .T. ) ;
#8938 = ORIENTED_EDGE ( 'NONE', *, *, #7500, .T. ) ;
#8939 = ORIENTED_EDGE ( 'NONE', *, *, #8940, .T. ) ;
#8940 = EDGE_CURVE ( 'NONE', #7497, #8952, #3967, .T. ) ;
#8941 = ORIENTED_EDGE ( 'NONE', *, *, #8961, .F. ) ;
#8942 = ADVANCED_FACE ( 'NONE', ( #3963 ), #4004, .T. ) ;
#8943 = EDGE_LOOP ( 'NONE', ( #8944, #8946, #9004, #9005 ) ) ;
#8944 = ORIENTED_EDGE ( 'NONE', *, *, #8945, .F. ) ;
#8945 = EDGE_CURVE ( 'NONE', #7504, #8956, #3998, .T. ) ;
#8946 = ORIENTED_EDGE ( 'NONE', *, *, #7503, .T. ) ;
#8947 = ADVANCED_FACE ( 'NONE', ( #3994 ), #3979, .F. ) ;
#8948 = EDGE_LOOP ( 'NONE', ( #8949, #8954, #8957, #8960 ) ) ;
#8949 = ORIENTED_EDGE ( 'NONE', *, *, #8950, .T. ) ;
#8950 = EDGE_CURVE ( 'NONE', #8952, #8953, #4043, .T. ) ;
#8951 = EDGE_CURVE ( 'NONE', #7005, #8683, #4037, .T. ) ;
#8952 = VERTEX_POINT ( 'NONE', #4033 ) ;
#8953 = VERTEX_POINT ( 'NONE', #4032 ) ;
#8954 = ORIENTED_EDGE ( 'NONE', *, *, #8955, .T. ) ;
#8955 = EDGE_CURVE ( 'NONE', #8953, #8956, #4031, .T. ) ;
#8956 = VERTEX_POINT ( 'NONE', #4027 ) ;
#8957 = ORIENTED_EDGE ( 'NONE', *, *, #8958, .T. ) ;
#8958 = EDGE_CURVE ( 'NONE', #8956, #8959, #4026, .T. ) ;
#8959 = VERTEX_POINT ( 'NONE', #4022 ) ;
#8960 = ORIENTED_EDGE ( 'NONE', *, *, #8961, .T. ) ;
#8961 = EDGE_CURVE ( 'NONE', #8959, #8952, #4020, .T. ) ;
#8962 = ADVANCED_FACE ( 'NONE', ( #4016 ), #4065, .T. ) ;
#8963 = ADVANCED_FACE ( 'NONE', ( #4059 ), #4095, .F. ) ;
#8964 = EDGE_LOOP ( 'NONE', ( #8965, #8967, #8968, #8969 ) ) ;
#8965 = ORIENTED_EDGE ( 'NONE', *, *, #8966, .F. ) ;
#8966 = EDGE_CURVE ( 'NONE', #8911, #8863, #4089, .T. ) ;
#8967 = ORIENTED_EDGE ( 'NONE', *, *, #8910, .F. ) ;
#8968 = ORIENTED_EDGE ( 'NONE', *, *, #8928, .F. ) ;
#8969 = ORIENTED_EDGE ( 'NONE', *, *, #8865, .T. ) ;
#8970 = ADVANCED_FACE ( 'NONE', ( #4085 ), #4129, .T. ) ;
#8971 = ORIENTED_EDGE ( 'NONE', *, *, #8972, .F. ) ;
#8972 = EDGE_CURVE ( 'NONE', #8973, #9051, #4124, .T. ) ;
#8973 = VERTEX_POINT ( 'NONE', #4120 ) ;
#8974 = ORIENTED_EDGE ( 'NONE', *, *, #9030, .T. ) ;
#8975 = ORIENTED_EDGE ( 'NONE', *, *, #8976, .F. ) ;
#8976 = EDGE_CURVE ( 'NONE', #8977, #9003, #4119, .T. ) ;
#8977 = VERTEX_POINT ( 'NONE', #4115 ) ;
#8978 = ORIENTED_EDGE ( 'NONE', *, *, #8979, .T. ) ;
#8979 = EDGE_CURVE ( 'NONE', #8977, #4380, #4113, .T. ) ;
#8980 = ADVANCED_FACE ( 'NONE', ( #4109 ), #4154, .T. ) ;
#8981 = EDGE_LOOP ( 'NONE', ( #8982, #8983, #8984, #8987 ) ) ;
#8982 = ORIENTED_EDGE ( 'NONE', *, *, #4440, .F. ) ;
#8983 = ORIENTED_EDGE ( 'NONE', *, *, #8979, .F. ) ;
#8984 = ORIENTED_EDGE ( 'NONE', *, *, #8985, .T. ) ;
#8985 = EDGE_CURVE ( 'NONE', #8977, #8986, #4149, .T. ) ;
#8986 = VERTEX_POINT ( 'NONE', #4145 ) ;
#8987 = ORIENTED_EDGE ( 'NONE', *, *, #9042, .T. ) ;
#8988 = EDGE_LOOP ( 'NONE', ( #9044, #9045, #9046, #9049, #8971, #8974 ) ) ;
#8989 = ORIENTED_EDGE ( 'NONE', *, *, #7496, .T. ) ;
#8990 = ORIENTED_EDGE ( 'NONE', *, *, #9009, .T. ) ;
#8991 = ORIENTED_EDGE ( 'NONE', *, *, #8950, .F. ) ;
#8992 = ADVANCED_FACE ( 'NONE', ( #4144 ), #4188, .T. ) ;
#8993 = EDGE_LOOP ( 'NONE', ( #8994, #8995, #8998, #9001, #8975, #8978 ) ) ;
#8994 = ORIENTED_EDGE ( 'NONE', *, *, #6972, .F. ) ;
#8995 = ORIENTED_EDGE ( 'NONE', *, *, #8996, .F. ) ;
#8996 = EDGE_CURVE ( 'NONE', #8997, #6967, #4183, .T. ) ;
#8997 = VERTEX_POINT ( 'NONE', #4179 ) ;
#8998 = ORIENTED_EDGE ( 'NONE', *, *, #8999, .T. ) ;
#8999 = EDGE_CURVE ( 'NONE', #8997, #9000, #4178, .T. ) ;
#9000 = VERTEX_POINT ( 'NONE', #4174 ) ;
#9001 = ORIENTED_EDGE ( 'NONE', *, *, #9002, .F. ) ;
#9002 = EDGE_CURVE ( 'NONE', #9003, #9000, #4173, .T. ) ;
#9003 = VERTEX_POINT ( 'NONE', #4169 ) ;
#9004 = ORIENTED_EDGE ( 'NONE', *, *, #8937, .T. ) ;
#9005 = ORIENTED_EDGE ( 'NONE', *, *, #8958, .F. ) ;
#9006 = ADVANCED_FACE ( 'NONE', ( #4168 ), #4215, .T. ) ;
#9007 = EDGE_LOOP ( 'NONE', ( #9008, #9010, #9011, #9012 ) ) ;
#9008 = ORIENTED_EDGE ( 'NONE', *, *, #9009, .F. ) ;
#9009 = EDGE_CURVE ( 'NONE', #7498, #8953, #4210, .T. ) ;
#9010 = ORIENTED_EDGE ( 'NONE', *, *, #7506, .T. ) ;
#9011 = ORIENTED_EDGE ( 'NONE', *, *, #8945, .T. ) ;
#9012 = ORIENTED_EDGE ( 'NONE', *, *, #8955, .F. ) ;
#9013 = ORIENTED_EDGE ( 'NONE', *, *, #9014, .T. ) ;
#9014 = EDGE_CURVE ( 'NONE', #9091, #9015, #4206, .T. ) ;
#9015 = VERTEX_POINT ( 'NONE', #4202 ) ;
#9016 = ORIENTED_EDGE ( 'NONE', *, *, #9068, .T. ) ;
#9017 = VERTEX_POINT ( 'NONE', #4201 ) ;
#9018 = ORIENTED_EDGE ( 'NONE', *, *, #8999, .F. ) ;
#9019 = ORIENTED_EDGE ( 'NONE', *, *, #9036, .F. ) ;
#9020 = ORIENTED_EDGE ( 'NONE', *, *, #8972, .T. ) ;
#9021 = ADVANCED_FACE ( 'NONE', ( #4200 ), #4240, .F. ) ;
#9022 = EDGE_LOOP ( 'NONE', ( #9023, #9025, #9026, #9027 ) ) ;
#9023 = ORIENTED_EDGE ( 'NONE', *, *, #9024, .F. ) ;
#9024 = EDGE_CURVE ( 'NONE', #9048, #9003, #4234, .T. ) ;
#9025 = ORIENTED_EDGE ( 'NONE', *, *, #9047, .F. ) ;
#9026 = ORIENTED_EDGE ( 'NONE', *, *, #8985, .F. ) ;
#9027 = ORIENTED_EDGE ( 'NONE', *, *, #8976, .T. ) ;
#9028 = ADVANCED_FACE ( 'NONE', ( #4230 ), #4269, .T. ) ;
#9029 = EDGE_LOOP ( 'NONE', ( #9082, #9083, #9084, #9085 ) ) ;
#9030 = EDGE_CURVE ( 'NONE', #8973, #6965, #4263, .T. ) ;
#9031 = ADVANCED_FACE ( 'NONE', ( #4259 ), #4296, .T. ) ;
#9032 = EDGE_LOOP ( 'NONE', ( #9033, #9034, #9035, #9037 ) ) ;
#9033 = ORIENTED_EDGE ( 'NONE', *, *, #6971, .F. ) ;
#9034 = ORIENTED_EDGE ( 'NONE', *, *, #9030, .F. ) ;
#9035 = ORIENTED_EDGE ( 'NONE', *, *, #9036, .T. ) ;
#9036 = EDGE_CURVE ( 'NONE', #8973, #8997, #4290, .T. ) ;
#9037 = ORIENTED_EDGE ( 'NONE', *, *, #8996, .T. ) ;
#9038 = ADVANCED_FACE ( 'NONE', ( #4286 ), #4325, .F. ) ;
#9039 = EDGE_LOOP ( 'NONE', ( #9040, #9018, #9019, #9020 ) ) ;
#9040 = ORIENTED_EDGE ( 'NONE', *, *, #9041, .F. ) ;
#9041 = EDGE_CURVE ( 'NONE', #9000, #9051, #4320, .T. ) ;
#9042 = EDGE_CURVE ( 'NONE', #8986, #4339, #4315, .T. ) ;
#9043 = ADVANCED_FACE ( 'NONE', ( #4311 ), #4362, .T. ) ;
#9044 = ORIENTED_EDGE ( 'NONE', *, *, #4005, .F. ) ;
#9045 = ORIENTED_EDGE ( 'NONE', *, *, #9042, .F. ) ;
#9046 = ORIENTED_EDGE ( 'NONE', *, *, #9047, .T. ) ;
#9047 = EDGE_CURVE ( 'NONE', #8986, #9048, #4357, .T. ) ;
#9048 = VERTEX_POINT ( 'NONE', #4353 ) ;
#9049 = ORIENTED_EDGE ( 'NONE', *, *, #9050, .F. ) ;
#9050 = EDGE_CURVE ( 'NONE', #9051, #9048, #4352, .T. ) ;
#9051 = VERTEX_POINT ( 'NONE', #4348 ) ;
#9052 = ORIENTED_EDGE ( 'NONE', *, *, #56, .F. ) ;
#9053 = ORIENTED_EDGE ( 'NONE', *, *, #9054, .F. ) ;
#9054 = EDGE_CURVE ( 'NONE', #9055, #6979, #4347, .T. ) ;
#9055 = VERTEX_POINT ( 'NONE', #4341 ) ;
#9056 = ORIENTED_EDGE ( 'NONE', *, *, #9057, .F. ) ;
#9057 = EDGE_CURVE ( 'NONE', #7431, #9015, #4338, .T. ) ;
#9058 = ORIENTED_EDGE ( 'NONE', *, *, #7430, .T. ) ;
#9059 = ORIENTED_EDGE ( 'NONE', *, *, #9075, .T. ) ;
#9060 = ORIENTED_EDGE ( 'NONE', *, *, #9068, .F. ) ;
#9061 = ADVANCED_FACE ( 'NONE', ( #4334 ), #4378, .T. ) ;
#9062 = EDGE_LOOP ( 'NONE', ( #9063, #9065, #9066, #9125 ) ) ;
#9063 = ORIENTED_EDGE ( 'NONE', *, *, #9064, .F. ) ;
#9064 = EDGE_CURVE ( 'NONE', #7425, #9091, #4373, .T. ) ;
#9065 = ORIENTED_EDGE ( 'NONE', *, *, #7494, .T. ) ;
#9066 = ORIENTED_EDGE ( 'NONE', *, *, #9057, .T. ) ;
#9067 = EDGE_LOOP ( 'NONE', ( #9127, #9128, #9129, #9130 ) ) ;
#9068 = EDGE_CURVE ( 'NONE', #9015, #9069, #4369, .T. ) ;
#9069 = VERTEX_POINT ( 'NONE', #4364 ) ;
#9070 = ORIENTED_EDGE ( 'NONE', *, *, #9071, .T. ) ;
#9071 = EDGE_CURVE ( 'NONE', #9069, #9090, #4416, .T. ) ;
#9072 = ADVANCED_FACE ( 'NONE', ( #4412 ), #4396, .T. ) ;
#9073 = EDGE_LOOP ( 'NONE', ( #9074, #9076, #9077, #9079 ) ) ;
#9074 = ORIENTED_EDGE ( 'NONE', *, *, #9075, .F. ) ;
#9075 = EDGE_CURVE ( 'NONE', #7428, #9069, #4391, .T. ) ;
#9076 = ORIENTED_EDGE ( 'NONE', *, *, #7427, .T. ) ;
#9077 = ORIENTED_EDGE ( 'NONE', *, *, #9078, .T. ) ;
#9078 = EDGE_CURVE ( 'NONE', #7423, #9090, #4453, .T. ) ;
#9079 = ORIENTED_EDGE ( 'NONE', *, *, #9071, .F. ) ;
#9080 = ADVANCED_FACE ( 'NONE', ( #4449 ), #4432, .T. ) ;
#9081 = EDGE_LOOP ( 'NONE', ( #9056, #9058, #9059, #9060 ) ) ;
#9082 = ORIENTED_EDGE ( 'NONE', *, *, #9050, .T. ) ;
#9083 = ORIENTED_EDGE ( 'NONE', *, *, #9024, .T. ) ;
#9084 = ORIENTED_EDGE ( 'NONE', *, *, #9002, .T. ) ;
#9085 = ORIENTED_EDGE ( 'NONE', *, *, #9041, .T. ) ;
#9086 = ADVANCED_FACE ( 'NONE', ( #4425 ), #4471, .F. ) ;
#9087 = EDGE_LOOP ( 'NONE', ( #9088, #9013, #9016, #9070 ) ) ;
#9088 = ORIENTED_EDGE ( 'NONE', *, *, #9089, .T. ) ;
#9089 = EDGE_CURVE ( 'NONE', #9090, #9091, #4466, .T. ) ;
#9090 = VERTEX_POINT ( 'NONE', #4462 ) ;
#9091 = VERTEX_POINT ( 'NONE', #4461 ) ;
#9092 = EDGE_LOOP ( 'NONE', ( #9093, #9094, #9095, #9151 ) ) ;
#9093 = ORIENTED_EDGE ( 'NONE', *, *, #6989, .F. ) ;
#9094 = ORIENTED_EDGE ( 'NONE', *, *, #9169, .F. ) ;
#9095 = ORIENTED_EDGE ( 'NONE', *, *, #9096, .T. ) ;
#9096 = EDGE_CURVE ( 'NONE', #9167, #9055, #4460, .T. ) ;
#9097 = ORIENTED_EDGE ( 'NONE', *, *, #9121, .F. ) ;
#9098 = ORIENTED_EDGE ( 'NONE', *, *, #9099, .T. ) ;
#9099 = EDGE_CURVE ( 'NONE', #9119, #9100, #4455, .T. ) ;
#9100 = VERTEX_POINT ( 'NONE', #4504 ) ;
#9101 = ORIENTED_EDGE ( 'NONE', *, *, #9102, .T. ) ;
#9102 = EDGE_CURVE ( 'NONE', #9100, #54, #4502, .T. ) ;
#9103 = ADVANCED_FACE ( 'NONE', ( #4498 ), #4482, .T. ) ;
#9104 = EDGE_LOOP ( 'NONE', ( #9105, #9106, #9107, #9163, #9165, #9168 ) ) ;
#9105 = ORIENTED_EDGE ( 'NONE', *, *, #50, .F. ) ;
#9106 = ORIENTED_EDGE ( 'NONE', *, *, #9102, .F. ) ;
#9107 = ORIENTED_EDGE ( 'NONE', *, *, #9108, .T. ) ;
#9108 = EDGE_CURVE ( 'NONE', #9100, #9109, #4543, .T. ) ;
#9109 = VERTEX_POINT ( 'NONE', #4539 ) ;
#9110 = VERTEX_POINT ( 'NONE', #4538 ) ;
#9111 = ORIENTED_EDGE ( 'NONE', *, *, #9112, .T. ) ;
#9112 = EDGE_CURVE ( 'NONE', #9055, #9113, #4537, .T. ) ;
#9113 = VERTEX_POINT ( 'NONE', #4533 ) ;
#9114 = ORIENTED_EDGE ( 'NONE', *, *, #9115, .F. ) ;
#9115 = EDGE_CURVE ( 'NONE', #9116, #9113, #4532, .T. ) ;
#9116 = VERTEX_POINT ( 'NONE', #4528 ) ;
#9117 = ORIENTED_EDGE ( 'NONE', *, *, #9118, .F. ) ;
#9118 = EDGE_CURVE ( 'NONE', #9119, #9116, #4527, .T. ) ;
#9119 = VERTEX_POINT ( 'NONE', #4523 ) ;
#9120 = ORIENTED_EDGE ( 'NONE', *, *, #9121, .T. ) ;
#9121 = EDGE_CURVE ( 'NONE', #9119, #51, #4521, .T. ) ;
#9122 = ADVANCED_FACE ( 'NONE', ( #4517 ), #4564, .T. ) ;
#9123 = EDGE_LOOP ( 'NONE', ( #9124, #9097, #9098, #9101 ) ) ;
#9124 = ORIENTED_EDGE ( 'NONE', *, *, #53, .F. ) ;
#9125 = ORIENTED_EDGE ( 'NONE', *, *, #9014, .F. ) ;
#9126 = ADVANCED_FACE ( 'NONE', ( #4558 ), #4593, .T. ) ;
#9127 = ORIENTED_EDGE ( 'NONE', *, *, #9078, .F. ) ;
#9128 = ORIENTED_EDGE ( 'NONE', *, *, #7422, .T. ) ;
#9129 = ORIENTED_EDGE ( 'NONE', *, *, #9064, .T. ) ;
#9130 = ORIENTED_EDGE ( 'NONE', *, *, #9089, .F. ) ;
#9131 = ADVANCED_FACE ( 'NONE', ( #4587 ), #4570, .T. ) ;
#9132 = EDGE_LOOP ( 'NONE', ( #9052, #9053, #9111, #9114, #9117, #9120 ) ) ;
#9133 = EDGE_LOOP ( 'NONE', ( #9134, #9136, #9189, #9191 ) ) ;
#9134 = ORIENTED_EDGE ( 'NONE', *, *, #9135, .F. ) ;
#9135 = EDGE_CURVE ( 'NONE', #7448, #9206, #4622, .T. ) ;
#9136 = ORIENTED_EDGE ( 'NONE', *, *, #7446, .T. ) ;
#9137 = ORIENTED_EDGE ( 'NONE', *, *, #9108, .F. ) ;
#9138 = ORIENTED_EDGE ( 'NONE', *, *, #9099, .F. ) ;
#9139 = ORIENTED_EDGE ( 'NONE', *, *, #9118, .T. ) ;
#9140 = ADVANCED_FACE ( 'NONE', ( #4618 ), #4602, .T. ) ;
#9141 = EDGE_LOOP ( 'NONE', ( #9142, #9143, #9144, #9145 ) ) ;
#9142 = ORIENTED_EDGE ( 'NONE', *, *, #9164, .T. ) ;
#9143 = ORIENTED_EDGE ( 'NONE', *, *, #9162, .T. ) ;
#9144 = ORIENTED_EDGE ( 'NONE', *, *, #9115, .T. ) ;
#9145 = ORIENTED_EDGE ( 'NONE', *, *, #9155, .T. ) ;
#9146 = ADVANCED_FACE ( 'NONE', ( #4601 ), #4644, .T. ) ;
#9147 = EDGE_LOOP ( 'NONE', ( #9148, #9201, #9204, #9207 ) ) ;
#9148 = ORIENTED_EDGE ( 'NONE', *, *, #9149, .T. ) ;
#9149 = EDGE_CURVE ( 'NONE', #9150, #9017, #4639, .T. ) ;
#9150 = VERTEX_POINT ( 'NONE', #4635 ) ;
#9151 = ORIENTED_EDGE ( 'NONE', *, *, #9054, .T. ) ;
#9152 = ADVANCED_FACE ( 'NONE', ( #4634 ), #4679, .F. ) ;
#9153 = EDGE_LOOP ( 'NONE', ( #9154, #9156, #9157, #9158 ) ) ;
#9154 = ORIENTED_EDGE ( 'NONE', *, *, #9155, .F. ) ;
#9155 = EDGE_CURVE ( 'NONE', #9113, #9110, #4673, .T. ) ;
#9156 = ORIENTED_EDGE ( 'NONE', *, *, #9112, .F. ) ;
#9157 = ORIENTED_EDGE ( 'NONE', *, *, #9096, .F. ) ;
#9158 = ORIENTED_EDGE ( 'NONE', *, *, #9166, .T. ) ;
#9159 = ADVANCED_FACE ( 'NONE', ( #4669 ), #4707, .F. ) ;
#9160 = EDGE_LOOP ( 'NONE', ( #9161, #9137, #9138, #9139 ) ) ;
#9161 = ORIENTED_EDGE ( 'NONE', *, *, #9162, .F. ) ;
#9162 = EDGE_CURVE ( 'NONE', #9109, #9116, #4702, .T. ) ;
#9163 = ORIENTED_EDGE ( 'NONE', *, *, #9164, .F. ) ;
#9164 = EDGE_CURVE ( 'NONE', #9110, #9109, #4698, .T. ) ;
#9165 = ORIENTED_EDGE ( 'NONE', *, *, #9166, .F. ) ;
#9166 = EDGE_CURVE ( 'NONE', #9167, #9110, #4694, .T. ) ;
#9167 = VERTEX_POINT ( 'NONE', #4689 ) ;
#9168 = ORIENTED_EDGE ( 'NONE', *, *, #9169, .T. ) ;
#9169 = EDGE_CURVE ( 'NONE', #9167, #6978, #115, .T. ) ;
#9170 = ADVANCED_FACE ( 'NONE', ( #4738 ), #4721, .T. ) ;
#9171 = ORIENTED_EDGE ( 'NONE', *, *, #9172, .F. ) ;
#9172 = EDGE_CURVE ( 'NONE', #9173, #9251, #4716, .T. ) ;
#9173 = VERTEX_POINT ( 'NONE', #4712 ) ;
#9174 = ORIENTED_EDGE ( 'NONE', *, *, #9230, .T. ) ;
#9175 = EDGE_LOOP ( 'NONE', ( #9232, #9233, #9234, #9237 ) ) ;
#9176 = ORIENTED_EDGE ( 'NONE', *, *, #9177, .F. ) ;
#9177 = EDGE_CURVE ( 'NONE', #7444, #9017, #4775, .T. ) ;
#9178 = ORIENTED_EDGE ( 'NONE', *, *, #7418, .T. ) ;
#9179 = ORIENTED_EDGE ( 'NONE', *, *, #9195, .T. ) ;
#9180 = ORIENTED_EDGE ( 'NONE', *, *, #9202, .F. ) ;
#9181 = ADVANCED_FACE ( 'NONE', ( #4771 ), #4756, .T. ) ;
#9182 = EDGE_LOOP ( 'NONE', ( #9183, #9184, #9185, #9186 ) ) ;
#9183 = ORIENTED_EDGE ( 'NONE', *, *, #9190, .F. ) ;
#9184 = ORIENTED_EDGE ( 'NONE', *, *, #7442, .T. ) ;
#9185 = ORIENTED_EDGE ( 'NONE', *, *, #9177, .T. ) ;
#9186 = ORIENTED_EDGE ( 'NONE', *, *, #9149, .F. ) ;
#9187 = ADVANCED_FACE ( 'NONE', ( #4749 ), #4797, .T. ) ;
#9188 = EDGE_LOOP ( 'NONE', ( #9242, #9243, #9246, #9249, #9171, #9174 ) ) ;
#9189 = ORIENTED_EDGE ( 'NONE', *, *, #9190, .T. ) ;
#9190 = EDGE_CURVE ( 'NONE', #7443, #9150, #4791, .T. ) ;
#9191 = ORIENTED_EDGE ( 'NONE', *, *, #9208, .F. ) ;
#9192 = ADVANCED_FACE ( 'NONE', ( #4787 ), #4826, .T. ) ;
#9193 = EDGE_LOOP ( 'NONE', ( #9194, #9196, #9197, #9198 ) ) ;
#9194 = ORIENTED_EDGE ( 'NONE', *, *, #9195, .F. ) ;
#9195 = EDGE_CURVE ( 'NONE', #7510, #9203, #4820, .T. ) ;
#9196 = ORIENTED_EDGE ( 'NONE', *, *, #7509, .T. ) ;
#9197 = ORIENTED_EDGE ( 'NONE', *, *, #9135, .T. ) ;
#9198 = ORIENTED_EDGE ( 'NONE', *, *, #9205, .F. ) ;
#9199 = ADVANCED_FACE ( 'NONE', ( #4815 ), #4860, .T. ) ;
#9200 = EDGE_LOOP ( 'NONE', ( #9176, #9178, #9179, #9180 ) ) ;
#9201 = ORIENTED_EDGE ( 'NONE', *, *, #9202, .T. ) ;
#9202 = EDGE_CURVE ( 'NONE', #9017, #9203, #4855, .T. ) ;
#9203 = VERTEX_POINT ( 'NONE', #4851 ) ;
#9204 = ORIENTED_EDGE ( 'NONE', *, *, #9205, .T. ) ;
#9205 = EDGE_CURVE ( 'NONE', #9203, #9206, #4850, .T. ) ;
#9206 = VERTEX_POINT ( 'NONE', #4846 ) ;
#9207 = ORIENTED_EDGE ( 'NONE', *, *, #9208, .T. ) ;
#9208 = EDGE_CURVE ( 'NONE', #9206, #9150, #4844, .T. ) ;
#9209 = ADVANCED_FACE ( 'NONE', ( #4840 ), #4881, .T. ) ;
#9210 = EDGE_CURVE ( 'NONE', #9248, #9221, #4876, .T. ) ;
#9211 = ORIENTED_EDGE ( 'NONE', *, *, #9247, .F. ) ;
#9212 = ORIENTED_EDGE ( 'NONE', *, *, #9286, .F. ) ;
#9213 = ORIENTED_EDGE ( 'NONE', *, *, #9223, .T. ) ;
#9214 = EDGE_LOOP ( 'NONE', ( #9274, #9276, #9277, #9278 ) ) ;
#9215 = ORIENTED_EDGE ( 'NONE', *, *, #9238, .F. ) ;
#9216 = ORIENTED_EDGE ( 'NONE', *, *, #9217, .T. ) ;
#9217 = EDGE_CURVE ( 'NONE', #9236, #9218, #4871, .T. ) ;
#9218 = VERTEX_POINT ( 'NONE', #4867 ) ;
#9219 = ORIENTED_EDGE ( 'NONE', *, *, #9220, .F. ) ;
#9220 = EDGE_CURVE ( 'NONE', #9221, #9218, #4866, .T. ) ;
#9221 = VERTEX_POINT ( 'NONE', #4913 ) ;
#9222 = ORIENTED_EDGE ( 'NONE', *, *, #9223, .F. ) ;
#9223 = EDGE_CURVE ( 'NONE', #9224, #9221, #4912, .T. ) ;
#9224 = VERTEX_POINT ( 'NONE', #4908 ) ;
#9225 = ORIENTED_EDGE ( 'NONE', *, *, #9226, .T. ) ;
#9226 = EDGE_CURVE ( 'NONE', #9224, #23, #4906, .T. ) ;
#9227 = ADVANCED_FACE ( 'NONE', ( #4902 ), #4941, .T. ) ;
#9228 = EDGE_LOOP ( 'NONE', ( #9229, #9284, #9285, #9287 ) ) ;
#9229 = ORIENTED_EDGE ( 'NONE', *, *, #28, .F. ) ;
#9230 = EDGE_CURVE ( 'NONE', #9173, #36, #4935, .T. ) ;
#9231 = ADVANCED_FACE ( 'NONE', ( #4931 ), #4916, .T. ) ;
#9232 = ORIENTED_EDGE ( 'NONE', *, *, #30, .F. ) ;
#9233 = ORIENTED_EDGE ( 'NONE', *, *, #9230, .F. ) ;
#9234 = ORIENTED_EDGE ( 'NONE', *, *, #9235, .T. ) ;
#9235 = EDGE_CURVE ( 'NONE', #9173, #9236, #4970, .T. ) ;
#9236 = VERTEX_POINT ( 'NONE', #4965 ) ;
#9237 = ORIENTED_EDGE ( 'NONE', *, *, #9238, .T. ) ;
#9238 = EDGE_CURVE ( 'NONE', #9236, #6977, #4963, .T. ) ;
#9239 = ADVANCED_FACE ( 'NONE', ( #4958 ), #4943, .T. ) ;
#9240 = EDGE_LOOP ( 'NONE', ( #9241, #9215, #9216, #9219, #9222, #9225 ) ) ;
#9241 = ORIENTED_EDGE ( 'NONE', *, *, #7002, .F. ) ;
#9242 = ORIENTED_EDGE ( 'NONE', *, *, #35, .F. ) ;
#9243 = ORIENTED_EDGE ( 'NONE', *, *, #9244, .F. ) ;
#9244 = EDGE_CURVE ( 'NONE', #9245, #24, #5003, .T. ) ;
#9245 = VERTEX_POINT ( 'NONE', #4999 ) ;
#9246 = ORIENTED_EDGE ( 'NONE', *, *, #9247, .T. ) ;
#9247 = EDGE_CURVE ( 'NONE', #9245, #9248, #4998, .T. ) ;
#9248 = VERTEX_POINT ( 'NONE', #4994 ) ;
#9249 = ORIENTED_EDGE ( 'NONE', *, *, #9250, .F. ) ;
#9250 = EDGE_CURVE ( 'NONE', #9251, #9248, #4993, .T. ) ;
#9251 = VERTEX_POINT ( 'NONE', #4989 ) ;
#9252 = EDGE_LOOP ( 'NONE', ( #9253, #9255, #9256, #9312 ) ) ;
#9253 = ORIENTED_EDGE ( 'NONE', *, *, #9254, .F. ) ;
#9254 = EDGE_CURVE ( 'NONE', #7436, #9265, #4987, .T. ) ;
#9255 = ORIENTED_EDGE ( 'NONE', *, *, #7435, .T. ) ;
#9256 = ORIENTED_EDGE ( 'NONE', *, *, #9325, .T. ) ;
#9257 = ADVANCED_FACE ( 'NONE', ( #4983 ), #5028, .T. ) ;
#9258 = EDGE_LOOP ( 'NONE', ( #9259, #9263, #9266, #9269 ) ) ;
#9259 = ORIENTED_EDGE ( 'NONE', *, *, #9260, .T. ) ;
#9260 = EDGE_CURVE ( 'NONE', #9261, #9262, #5022, .T. ) ;
#9261 = VERTEX_POINT ( 'NONE', #5018 ) ;
#9262 = VERTEX_POINT ( 'NONE', #5017 ) ;
#9263 = ORIENTED_EDGE ( 'NONE', *, *, #9264, .T. ) ;
#9264 = EDGE_CURVE ( 'NONE', #9262, #9265, #5016, .T. ) ;
#9265 = VERTEX_POINT ( 'NONE', #5012 ) ;
#9266 = ORIENTED_EDGE ( 'NONE', *, *, #9267, .T. ) ;
#9267 = EDGE_CURVE ( 'NONE', #9265, #9268, #5011, .T. ) ;
#9268 = VERTEX_POINT ( 'NONE', #5007 ) ;
#9269 = ORIENTED_EDGE ( 'NONE', *, *, #9270, .T. ) ;
#9270 = EDGE_CURVE ( 'NONE', #9268, #9261, #5068, .T. ) ;
#9271 = ADVANCED_FACE ( 'NONE', ( #5064 ), #5048, .T. ) ;
#9272 = EDGE_LOOP ( 'NONE', ( #9324, #9326, #9327, #9329 ) ) ;
#9273 = ADVANCED_FACE ( 'NONE', ( #5042 ), #5091, .F. ) ;
#9274 = ORIENTED_EDGE ( 'NONE', *, *, #9275, .F. ) ;
#9275 = EDGE_CURVE ( 'NONE', #9218, #9251, #5085, .T. ) ;
#9276 = ORIENTED_EDGE ( 'NONE', *, *, #9217, .F. ) ;
#9277 = ORIENTED_EDGE ( 'NONE', *, *, #9235, .F. ) ;
#9278 = ORIENTED_EDGE ( 'NONE', *, *, #9172, .T. ) ;
#9279 = ADVANCED_FACE ( 'NONE', ( #5080 ), #5120, .T. ) ;
#9280 = EDGE_LOOP ( 'NONE', ( #9281, #9282, #9283, #8437 ) ) ;
#9281 = ORIENTED_EDGE ( 'NONE', *, *, #9220, .T. ) ;
#9282 = ORIENTED_EDGE ( 'NONE', *, *, #9275, .T. ) ;
#9283 = ORIENTED_EDGE ( 'NONE', *, *, #9250, .T. ) ;
#9284 = ORIENTED_EDGE ( 'NONE', *, *, #9226, .F. ) ;
#9285 = ORIENTED_EDGE ( 'NONE', *, *, #9286, .T. ) ;
#9286 = EDGE_CURVE ( 'NONE', #9224, #9245, #5114, .T. ) ;
#9287 = ORIENTED_EDGE ( 'NONE', *, *, #9244, .T. ) ;
#9288 = ADVANCED_FACE ( 'NONE', ( #5110 ), #5152, .F. ) ;
#9289 = EDGE_LOOP ( 'NONE', ( #9290, #9211, #9212, #9213 ) ) ;
#9290 = ORIENTED_EDGE ( 'NONE', *, *, #9210, .F. ) ;
#9291 = ORIENTED_EDGE ( 'NONE', *, *, #27, .F. ) ;
#9292 = ORIENTED_EDGE ( 'NONE', *, *, #9367, .F. ) ;
#9293 = ORIENTED_EDGE ( 'NONE', *, *, #9294, .T. ) ;
#9294 = EDGE_CURVE ( 'NONE', #9365, #9295, #5146, .T. ) ;
#9295 = VERTEX_POINT ( 'NONE', #5142 ) ;
#9296 = ORIENTED_EDGE ( 'NONE', *, *, #9297, .T. ) ;
#9297 = EDGE_CURVE ( 'NONE', #9295, #33, #5140, .T. ) ;
#9298 = EDGE_LOOP ( 'NONE', ( #9351, #9352, #9353, #9356, #9359, #9337 ) ) ;
#9299 = ORIENTED_EDGE ( 'NONE', *, *, #9316, .T. ) ;
#9300 = ORIENTED_EDGE ( 'NONE', *, *, #9260, .F. ) ;
#9301 = ADVANCED_FACE ( 'NONE', ( #5136 ), #5185, .T. ) ;
#9302 = EDGE_LOOP ( 'NONE', ( #9303, #9304, #9307, #9310, #9363, #9366 ) ) ;
#9303 = ORIENTED_EDGE ( 'NONE', *, *, #7297, .F. ) ;
#9304 = ORIENTED_EDGE ( 'NONE', *, *, #9305, .F. ) ;
#9305 = EDGE_CURVE ( 'NONE', #9306, #7295, #5180, .T. ) ;
#9306 = VERTEX_POINT ( 'NONE', #5176 ) ;
#9307 = ORIENTED_EDGE ( 'NONE', *, *, #9308, .T. ) ;
#9308 = EDGE_CURVE ( 'NONE', #9306, #9309, #5175, .T. ) ;
#9309 = VERTEX_POINT ( 'NONE', #5171 ) ;
#9310 = ORIENTED_EDGE ( 'NONE', *, *, #9311, .F. ) ;
#9311 = EDGE_CURVE ( 'NONE', #9362, #9309, #5169, .T. ) ;
#9312 = ORIENTED_EDGE ( 'NONE', *, *, #9267, .F. ) ;
#9313 = ADVANCED_FACE ( 'NONE', ( #5165 ), #5210, .T. ) ;
#9314 = EDGE_LOOP ( 'NONE', ( #9315, #9317, #9318, #9319 ) ) ;
#9315 = ORIENTED_EDGE ( 'NONE', *, *, #9316, .F. ) ;
#9316 = EDGE_CURVE ( 'NONE', #7462, #9262, #5204, .T. ) ;
#9317 = ORIENTED_EDGE ( 'NONE', *, *, #7438, .T. ) ;
#9318 = ORIENTED_EDGE ( 'NONE', *, *, #9254, .T. ) ;
#9319 = ORIENTED_EDGE ( 'NONE', *, *, #9264, .F. ) ;
#9320 = ADVANCED_FACE ( 'NONE', ( #5200 ), #5241, .T. ) ;
#9321 = EDGE_LOOP ( 'NONE', ( #9322, #9323, #9299, #9300 ) ) ;
#9322 = ORIENTED_EDGE ( 'NONE', *, *, #9328, .F. ) ;
#9323 = ORIENTED_EDGE ( 'NONE', *, *, #7460, .T. ) ;
#9324 = ORIENTED_EDGE ( 'NONE', *, *, #9325, .F. ) ;
#9325 = EDGE_CURVE ( 'NONE', #7433, #9268, #5236, .T. ) ;
#9326 = ORIENTED_EDGE ( 'NONE', *, *, #7464, .T. ) ;
#9327 = ORIENTED_EDGE ( 'NONE', *, *, #9328, .T. ) ;
#9328 = EDGE_CURVE ( 'NONE', #7461, #9261, #5231, .T. ) ;
#9329 = ORIENTED_EDGE ( 'NONE', *, *, #9270, .F. ) ;
#9330 = ADVANCED_FACE ( 'NONE', ( #5227 ), #5268, .T. ) ;
#9331 = EDGE_CURVE ( 'NONE', #9355, #9362, #5262, .T. ) ;
#9332 = ORIENTED_EDGE ( 'NONE', *, *, #9354, .F. ) ;
#9333 = ORIENTED_EDGE ( 'NONE', *, *, #9294, .F. ) ;
#9334 = ORIENTED_EDGE ( 'NONE', *, *, #9364, .T. ) ;
#9335 = ADVANCED_FACE ( 'NONE', ( #5258 ), #5296, .T. ) ;
#9336 = EDGE_LOOP ( 'NONE', ( #9390, #9392, #9393, #9394 ) ) ;
#9337 = ORIENTED_EDGE ( 'NONE', *, *, #9338, .T. ) ;
#9338 = EDGE_CURVE ( 'NONE', #9361, #7294, #5290, .T. ) ;
#9339 = ADVANCED_FACE ( 'NONE', ( #5286 ), #5324, .T. ) ;
#9340 = EDGE_LOOP ( 'NONE', ( #9341, #9342, #9343, #9345 ) ) ;
#9341 = ORIENTED_EDGE ( 'NONE', *, *, #7293, .F. ) ;
#9342 = ORIENTED_EDGE ( 'NONE', *, *, #9338, .F. ) ;
#9343 = ORIENTED_EDGE ( 'NONE', *, *, #9344, .T. ) ;
#9344 = EDGE_CURVE ( 'NONE', #9361, #9306, #5318, .T. ) ;
#9345 = ORIENTED_EDGE ( 'NONE', *, *, #9305, .T. ) ;
#9346 = ADVANCED_FACE ( 'NONE', ( #5314 ), #5351, .F. ) ;
#9347 = EDGE_LOOP ( 'NONE', ( #9348, #9404, #9405, #9406 ) ) ;
#9348 = ORIENTED_EDGE ( 'NONE', *, *, #9349, .F. ) ;
#9349 = EDGE_CURVE ( 'NONE', #9309, #9358, #5345, .T. ) ;
#9350 = ADVANCED_FACE ( 'NONE', ( #5341 ), #5326, .T. ) ;
#9351 = ORIENTED_EDGE ( 'NONE', *, *, #32, .F. ) ;
#9352 = ORIENTED_EDGE ( 'NONE', *, *, #9297, .F. ) ;
#9353 = ORIENTED_EDGE ( 'NONE', *, *, #9354, .T. ) ;
#9354 = EDGE_CURVE ( 'NONE', #9295, #9355, #5387, .T. ) ;
#9355 = VERTEX_POINT ( 'NONE', #5383 ) ;
#9356 = ORIENTED_EDGE ( 'NONE', *, *, #9357, .F. ) ;
#9357 = EDGE_CURVE ( 'NONE', #9358, #9355, #5382, .T. ) ;
#9358 = VERTEX_POINT ( 'NONE', #5378 ) ;
#9359 = ORIENTED_EDGE ( 'NONE', *, *, #9360, .F. ) ;
#9360 = EDGE_CURVE ( 'NONE', #9361, #9358, #5377, .T. ) ;
#9361 = VERTEX_POINT ( 'NONE', #5373 ) ;
#9362 = VERTEX_POINT ( 'NONE', #5372 ) ;
#9363 = ORIENTED_EDGE ( 'NONE', *, *, #9364, .F. ) ;
#9364 = EDGE_CURVE ( 'NONE', #9365, #9362, #5371, .T. ) ;
#9365 = VERTEX_POINT ( 'NONE', #5367 ) ;
#9366 = ORIENTED_EDGE ( 'NONE', *, *, #9367, .T. ) ;
#9367 = EDGE_CURVE ( 'NONE', #9365, #21, #5365, .T. ) ;
#9368 = ADVANCED_FACE ( 'NONE', ( #5361 ), #5405, .T. ) ;
#9369 = EDGE_LOOP ( 'NONE', ( #9291, #9292, #9293, #9296 ) ) ;
#9370 = EDGE_LOOP ( 'NONE', ( #9371, #9373, #9374, #9433 ) ) ;
#9371 = ORIENTED_EDGE ( 'NONE', *, *, #9372, .F. ) ;
#9372 = EDGE_CURVE ( 'NONE', #7449, #9400, #5400, .T. ) ;
#9373 = ORIENTED_EDGE ( 'NONE', *, *, #7457, .T. ) ;
#9374 = ORIENTED_EDGE ( 'NONE', *, *, #9447, .T. ) ;
#9375 = ORIENTED_EDGE ( 'NONE', *, *, #9376, .T. ) ;
#9376 = EDGE_CURVE ( 'NONE', #9403, #9377, #5396, .T. ) ;
#9377 = VERTEX_POINT ( 'NONE', #5392 ) ;
#9378 = ORIENTED_EDGE ( 'NONE', *, *, #9379, .T. ) ;
#9379 = EDGE_CURVE ( 'NONE', #9377, #9399, #5441, .T. ) ;
#9380 = ADVANCED_FACE ( 'NONE', ( #5437 ), #5420, .T. ) ;
#9381 = EDGE_LOOP ( 'NONE', ( #9382, #9384, #9385, #9387 ) ) ;
#9382 = ORIENTED_EDGE ( 'NONE', *, *, #9383, .F. ) ;
#9383 = EDGE_CURVE ( 'NONE', #7452, #9377, #5415, .T. ) ;
#9384 = ORIENTED_EDGE ( 'NONE', *, *, #7451, .T. ) ;
#9385 = ORIENTED_EDGE ( 'NONE', *, *, #9386, .T. ) ;
#9386 = EDGE_CURVE ( 'NONE', #7387, #9399, #5476, .T. ) ;
#9387 = ORIENTED_EDGE ( 'NONE', *, *, #9379, .F. ) ;
#9388 = ADVANCED_FACE ( 'NONE', ( #5472 ), #5456, .T. ) ;
#9389 = EDGE_LOOP ( 'NONE', ( #9446, #9448, #9449, #9450 ) ) ;
#9391 = ORIENTED_EDGE ( 'NONE', *, *, #9418, .T. ) ;
#9390 = ORIENTED_EDGE ( 'NONE', *, *, #9357, .T. ) ;
#9392 = ORIENTED_EDGE ( 'NONE', *, *, #9331, .T. ) ;
#9393 = ORIENTED_EDGE ( 'NONE', *, *, #9311, .T. ) ;
#9394 = ORIENTED_EDGE ( 'NONE', *, *, #9349, .T. ) ;
#9395 = ADVANCED_FACE ( 'NONE', ( #5450 ), #5497, .T. ) ;
#9396 = EDGE_LOOP ( 'NONE', ( #9397, #9401, #9375, #9378 ) ) ;
#9397 = ORIENTED_EDGE ( 'NONE', *, *, #9398, .T. ) ;
#9398 = EDGE_CURVE ( 'NONE', #9399, #9400, #5492, .T. ) ;
#9399 = VERTEX_POINT ( 'NONE', #5488 ) ;
#9400 = VERTEX_POINT ( 'NONE', #5487 ) ;
#9401 = ORIENTED_EDGE ( 'NONE', *, *, #9402, .T. ) ;
#9402 = EDGE_CURVE ( 'NONE', #9400, #9403, #5486, .T. ) ;
#9403 = VERTEX_POINT ( 'NONE', #5482 ) ;
#9404 = ORIENTED_EDGE ( 'NONE', *, *, #9308, .F. ) ;
#9405 = ORIENTED_EDGE ( 'NONE', *, *, #9344, .F. ) ;
#9406 = ORIENTED_EDGE ( 'NONE', *, *, #9360, .T. ) ;
#9407 = ADVANCED_FACE ( 'NONE', ( #5481 ), #5521, .F. ) ;
#9408 = EDGE_LOOP ( 'NONE', ( #9409, #9332, #9333, #9334 ) ) ;
#9409 = ORIENTED_EDGE ( 'NONE', *, *, #9331, .F. ) ;
#9410 = ADVANCED_FACE ( 'NONE', ( #5515 ), #5556, .T. ) ;
#9411 = EDGE_LOOP ( 'NONE', ( #9412, #9413, #9414, #9473, #9476, #9479 ) ) ;
#9412 = ORIENTED_EDGE ( 'NONE', *, *, #7290, .F. ) ;
#9413 = ORIENTED_EDGE ( 'NONE', *, *, #9491, .F. ) ;
#9414 = ORIENTED_EDGE ( 'NONE', *, *, #9415, .T. ) ;
#9415 = EDGE_CURVE ( 'NONE', #9489, #9416, #5551, .T. ) ;
#9416 = VERTEX_POINT ( 'NONE', #5546 ) ;
#9417 = ORIENTED_EDGE ( 'NONE', *, *, #9419, .T. ) ;
#9418 = EDGE_CURVE ( 'NONE', #7007, #7005, #5545, .T. ) ;
#9419 = EDGE_CURVE ( 'NONE', #9445, #9420, #5541, .T. ) ;
#9420 = VERTEX_POINT ( 'NONE', #5536 ) ;
#9421 = ORIENTED_EDGE ( 'NONE', *, *, #9422, .F. ) ;
#9422 = EDGE_CURVE ( 'NONE', #9423, #9420, #5537, .T. ) ;
#9423 = VERTEX_POINT ( 'NONE', #5591 ) ;
#9424 = ORIENTED_EDGE ( 'NONE', *, *, #9425, .F. ) ;
#9425 = EDGE_CURVE ( 'NONE', #9426, #9423, #5590, .T. ) ;
#9426 = VERTEX_POINT ( 'NONE', #5586 ) ;
#9427 = ORIENTED_EDGE ( 'NONE', *, *, #9428, .T. ) ;
#9428 = EDGE_CURVE ( 'NONE', #9426, #7315, #5584, .T. ) ;
#9429 = ADVANCED_FACE ( 'NONE', ( #5580 ), #5627, .T. ) ;
#9430 = EDGE_LOOP ( 'NONE', ( #9431, #9432, #9487, #9490 ) ) ;
#9431 = ORIENTED_EDGE ( 'NONE', *, *, #7287, .F. ) ;
#9432 = ORIENTED_EDGE ( 'NONE', *, *, #9428, .F. ) ;
#9433 = ORIENTED_EDGE ( 'NONE', *, *, #9402, .F. ) ;
#9434 = ADVANCED_FACE ( 'NONE', ( #5620 ), #5604, .T. ) ;
#9435 = EDGE_LOOP ( 'NONE', ( #9436, #9437, #9438, #9439 ) ) ;
#9436 = ORIENTED_EDGE ( 'NONE', *, *, #9386, .F. ) ;
#9437 = ORIENTED_EDGE ( 'NONE', *, *, #7386, .T. ) ;
#9438 = ORIENTED_EDGE ( 'NONE', *, *, #9372, .T. ) ;
#9439 = ORIENTED_EDGE ( 'NONE', *, *, #9398, .F. ) ;
#9440 = ADVANCED_FACE ( 'NONE', ( #5598 ), #5642, .T. ) ;
#9441 = EDGE_LOOP ( 'NONE', ( #9442, #9443, #9417, #9421, #9424, #9427 ) ) ;
#9442 = ORIENTED_EDGE ( 'NONE', *, *, #7285, .F. ) ;
#9443 = ORIENTED_EDGE ( 'NONE', *, *, #9444, .F. ) ;
#9444 = EDGE_CURVE ( 'NONE', #9445, #7314, #5637, .T. ) ;
#9445 = VERTEX_POINT ( 'NONE', #5633 ) ;
#9446 = ORIENTED_EDGE ( 'NONE', *, *, #9447, .F. ) ;
#9447 = EDGE_CURVE ( 'NONE', #7455, #9403, #5632, .T. ) ;
#9448 = ORIENTED_EDGE ( 'NONE', *, *, #7454, .T. ) ;
#9449 = ORIENTED_EDGE ( 'NONE', *, *, #9383, .T. ) ;
#9450 = ORIENTED_EDGE ( 'NONE', *, *, #9376, .F. ) ;
#9451 = ADVANCED_FACE ( 'NONE', ( #5682 ), #5666, .T. ) ;
#9452 = EDGE_LOOP ( 'NONE', ( #6671, #9457, #9517, #6860 ) ) ;
#9453 = VERTEX_POINT ( 'NONE', #5661 ) ;
#9454 = VERTEX_POINT ( 'NONE', #5660 ) ;
#9455 = ORIENTED_EDGE ( 'NONE', *, *, #9456, .T. ) ;
#9456 = EDGE_CURVE ( 'NONE', #38, #42, #5659, .T. ) ;
#9457 = ORIENTED_EDGE ( 'NONE', *, *, #9518, .T. ) ;
#9458 = VERTEX_POINT ( 'NONE', #5655 ) ;
#9459 = EDGE_CURVE ( 'NONE', #9453, #9454, #5712, .T. ) ;
#9460 = ORIENTED_EDGE ( 'NONE', *, *, #9444, .T. ) ;
#9461 = ADVANCED_FACE ( 'NONE', ( #5708 ), #5692, .F. ) ;
#9462 = EDGE_LOOP ( 'NONE', ( #9463, #9465, #9466, #9467 ) ) ;
#9463 = ORIENTED_EDGE ( 'NONE', *, *, #9464, .F. ) ;
#9464 = EDGE_CURVE ( 'NONE', #9420, #9475, #5686, .T. ) ;
#9465 = ORIENTED_EDGE ( 'NONE', *, *, #9419, .F. ) ;
#9466 = ORIENTED_EDGE ( 'NONE', *, *, #9486, .F. ) ;
#9467 = ORIENTED_EDGE ( 'NONE', *, *, #9477, .T. ) ;
#9468 = ADVANCED_FACE ( 'NONE', ( #5743 ), #5727, .F. ) ;
#9469 = EDGE_LOOP ( 'NONE', ( #9470, #9472, #7063, #7064 ) ) ;
#9470 = ORIENTED_EDGE ( 'NONE', *, *, #9471, .F. ) ;
#9471 = EDGE_CURVE ( 'NONE', #9416, #9423, #5721, .T. ) ;
#9472 = ORIENTED_EDGE ( 'NONE', *, *, #9415, .F. ) ;
#9473 = ORIENTED_EDGE ( 'NONE', *, *, #9474, .F. ) ;
#9474 = EDGE_CURVE ( 'NONE', #9475, #9416, #5717, .T. ) ;
#9475 = VERTEX_POINT ( 'NONE', #5770 ) ;
#9476 = ORIENTED_EDGE ( 'NONE', *, *, #9477, .F. ) ;
#9477 = EDGE_CURVE ( 'NONE', #9478, #9475, #5769, .T. ) ;
#9478 = VERTEX_POINT ( 'NONE', #5765 ) ;
#9479 = ORIENTED_EDGE ( 'NONE', *, *, #9480, .T. ) ;
#9480 = EDGE_CURVE ( 'NONE', #9478, #7313, #5763, .T. ) ;
#9481 = ADVANCED_FACE ( 'NONE', ( #5759 ), #5744, .T. ) ;
#9482 = EDGE_LOOP ( 'NONE', ( #9483, #9484, #9485, #9460 ) ) ;
#9483 = ORIENTED_EDGE ( 'NONE', *, *, #7312, .F. ) ;
#9484 = ORIENTED_EDGE ( 'NONE', *, *, #9480, .F. ) ;
#9485 = ORIENTED_EDGE ( 'NONE', *, *, #9486, .T. ) ;
#9486 = EDGE_CURVE ( 'NONE', #9478, #9445, #5797, .T. ) ;
#9487 = ORIENTED_EDGE ( 'NONE', *, *, #9488, .T. ) ;
#9488 = EDGE_CURVE ( 'NONE', #9426, #9489, #5793, .T. ) ;
#9489 = VERTEX_POINT ( 'NONE', #5789 ) ;
#9490 = ORIENTED_EDGE ( 'NONE', *, *, #9491, .T. ) ;
#9491 = EDGE_CURVE ( 'NONE', #9489, #7288, #5788, .T. ) ;
#9492 = UNCERTAINTY_MEASURE_WITH_UNIT (LENGTH_MEASURE( 1.000000000000000100E-005 ), #9495, 'distance_accuracy_value', 'NONE');
#9493 =( NAMED_UNIT ( * ) SI_UNIT ( $, .STERADIAN. ) SOLID_ANGLE_UNIT ( ) );
#9494 =( NAMED_UNIT ( * ) PLANE_ANGLE_UNIT ( ) SI_UNIT ( $, .RADIAN. ) );
#9495 =( LENGTH_UNIT ( ) NAMED_UNIT ( * ) SI_UNIT ( .MILLI., .METRE. ) );
#9496 = MECHANICAL_DESIGN_GEOMETRIC_PRESENTATION_REPRESENTATION (  '', ( #9498 ), #9545 ) ;
#9497 = PRESENTATION_LAYER_ASSIGNMENT (  '', '', ( #9498 ) ) ;
#9498 = STYLED_ITEM ( 'NONE', ( #9499 ), #13 ) ;
#9499 = PRESENTATION_STYLE_ASSIGNMENT (( #9500 ) ) ;
#9500 = SURFACE_STYLE_USAGE ( .BOTH. , #9501 ) ;
#9501 = SURFACE_SIDE_STYLE ('',( #9502 ) ) ;
#9502 = SURFACE_STYLE_FILL_AREA ( #9503 ) ;
#9503 = FILL_AREA_STYLE ('',( #9510 ) ) ;
#9504 = COLOUR_RGB ( '',0.7529411764705882200, 0.7529411764705882200, 0.7529411764705882200 ) ;
#9505 = FACE_OUTER_BOUND ( 'NONE', #15, .T. ) ;
#9506 = DIRECTION ( 'NONE',  ( -3.469446951953586600E-015, 1.000000000000000000, 3.491483361109406100E-015 ) ) ;
#9507 = VECTOR ( 'NONE', #9506, 1000.000000000000000 ) ;
#9508 = CARTESIAN_POINT ( 'NONE',  ( -7.749999999999986700, 3.749999999999991100, 2.650000000000063400 ) ) ;
#9509 = LINE ( 'NONE', #9508, #9507 ) ;
#9510 = FILL_AREA_STYLE_COLOUR ( '', #9504 ) ;
#9511 = CARTESIAN_POINT ( 'NONE',  ( -7.750000000000036400, -2.999999999999984500, -4.499999999999960900 ) ) ;
#9512 = CARTESIAN_POINT ( 'NONE',  ( -7.750000000000036400, 3.750000000000016400, -4.499999999999936900 ) ) ;
#9513 = DIRECTION ( 'NONE',  ( -2.438091212180733800E-029, -1.000000000000000000, -3.491483361109382500E-015 ) ) ;
#9514 = VECTOR ( 'NONE', #9513, 1000.000000000000000 ) ;
#9515 = CARTESIAN_POINT ( 'NONE',  ( -7.750000000000036400, 3.750000000000016400, -4.499999999999936900 ) ) ;
#9516 = LINE ( 'NONE', #9515, #9514 ) ;
#9517 = ORIENTED_EDGE ( 'NONE', *, *, #6871, .T. ) ;
#9518 = EDGE_CURVE ( 'NONE', #9454, #9458, #5784, .T. ) ;
#9519 = DIRECTION ( 'NONE',  ( 1.000000000000000000, 0.0000000000000000000, -6.982966722218764100E-015 ) ) ;
#9520 = VECTOR ( 'NONE', #9519, 1000.000000000000000 ) ;
#9521 = CARTESIAN_POINT ( 'NONE',  ( -11.95000000000001200, 3.250000000000006200, -1.749999999999907600 ) ) ;
#9522 = LINE ( 'NONE', #9521, #9520 ) ;
#9523 = CARTESIAN_POINT ( 'NONE',  ( 7.749999999999987600, 3.750000000000006700, -1.750000000000043500 ) ) ;
#9524 = CARTESIAN_POINT ( 'NONE',  ( 8.249999999999984000, 3.750000000000006700, -1.750000000000047100 ) ) ;
#9525 = CARTESIAN_POINT ( 'NONE',  ( 5.749999999999985800, 3.250000000000006200, -1.750000000000031300 ) ) ;
#9526 = DIRECTION ( 'NONE',  ( -6.047426575222822800E-015, -0.4999999999999950000, -0.8660254037844414800 ) ) ;
#9527 = DIRECTION ( 'NONE',  ( -3.491483361109348100E-015, 0.8660254037844415900, -0.4999999999999950600 ) ) ;
#9528 = CARTESIAN_POINT ( 'NONE',  ( -11.95000000000003100, 3.276239569296612900, -4.749999999999907600 ) ) ;
#9529 = AXIS2_PLACEMENT_3D ( 'NONE', #9528, #9527, #9526 ) ;
#9530 = PLANE ( 'NONE',  #9529 ) ;
#9531 = FACE_OUTER_BOUND ( 'NONE', #7, .T. ) ;
#9532 = DIRECTION ( 'NONE',  ( 1.045241367417237500E-014, -3.491483361109382100E-015, 1.000000000000000000 ) ) ;
#9533 = VECTOR ( 'NONE', #9532, 1000.000000000000000 ) ;
#9534 = CARTESIAN_POINT ( 'NONE',  ( -7.750000000000039100, -2.999999999999984500, -4.728553390593234900 ) ) ;
#9535 = LINE ( 'NONE', #9534, #9533 ) ;
#9536 = DIRECTION ( 'NONE',  ( -1.000000000000000000, 0.0000000000000000000, 6.982966722218764100E-015 ) ) ;
#9537 = VECTOR ( 'NONE', #9536, 1000.000000000000000 ) ;
#9538 = CARTESIAN_POINT ( 'NONE',  ( -8.250000000000032000, -2.999999999999986200, -3.999999999999956900 ) ) ;
#9539 = LINE ( 'NONE', #9538, #9537 ) ;
#9540 = DIRECTION ( 'NONE',  ( -2.438091212180733500E-029, -1.000000000000000000, -3.491483361109382100E-015 ) ) ;
#9541 = DIRECTION ( 'NONE',  ( -6.982966722218764100E-015, 3.491483361109382100E-015, -1.000000000000000000 ) ) ;
#9542 = CARTESIAN_POINT ( 'NONE',  ( -8.250000000000032000, 3.250000000000014200, -3.999999999999935200 ) ) ;
#9543 = AXIS2_PLACEMENT_3D ( 'NONE', #9542, #9541, #9540 ) ;
#9544 = PLANE ( 'NONE',  #9543 ) ;
#9545 =( GEOMETRIC_REPRESENTATION_CONTEXT ( 3 ) GLOBAL_UNCERTAINTY_ASSIGNED_CONTEXT ( ( #9492 ) ) GLOBAL_UNIT_ASSIGNED_CONTEXT ( ( #9495, #9494, #9493 ) ) REPRESENTATION_CONTEXT ( 'NONE', 'WORKASPACE' ) );
#9546 = LINE ( 'NONE', #9608, #9607 ) ;
#9547 = CARTESIAN_POINT ( 'NONE',  ( 4.249999999999986700, 1.750000000000007300, -1.750000000000026000 ) ) ;
#9548 = CARTESIAN_POINT ( 'NONE',  ( 4.249999999999984900, 1.250000000000006900, -1.750000000000027800 ) ) ;
#9549 = CARTESIAN_POINT ( 'NONE',  ( 3.749999999999985800, 1.250000000000006900, -1.750000000000024400 ) ) ;
#9550 = DIRECTION ( 'NONE',  ( 2.438091212180733500E-029, 1.000000000000000000, 3.491483361109382100E-015 ) ) ;
#9551 = VECTOR ( 'NONE', #9550, 1000.000000000000000 ) ;
#9552 = CARTESIAN_POINT ( 'NONE',  ( 4.249999999999988500, 5.000000000000005300, -1.750000000000014900 ) ) ;
#9553 = LINE ( 'NONE', #9552, #9551 ) ;
#9554 = CARTESIAN_POINT ( 'NONE',  ( 3.749999999999985800, 1.750000000000007300, -1.750000000000022600 ) ) ;
#9555 = DIRECTION ( 'NONE',  ( -1.000000000000000000, 0.0000000000000000000, 6.982966722218764100E-015 ) ) ;
#9556 = VECTOR ( 'NONE', #9555, 1000.000000000000000 ) ;
#9557 = CARTESIAN_POINT ( 'NONE',  ( -11.95000000000001200, 1.750000000000007300, -1.749999999999913000 ) ) ;
#9558 = LINE ( 'NONE', #9557, #9556 ) ;
#9559 = CARTESIAN_POINT ( 'NONE',  ( 7.749999999999985800, 3.250000000000006200, -1.750000000000045300 ) ) ;
#9560 = DIRECTION ( 'NONE',  ( -2.438091212180733500E-029, -1.000000000000000000, -3.491483361109382100E-015 ) ) ;
#9561 = VECTOR ( 'NONE', #9560, 1000.000000000000000 ) ;
#9562 = CARTESIAN_POINT ( 'NONE',  ( 7.749999999999984000, 5.000000000000005300, -1.750000000000039300 ) ) ;
#9563 = LINE ( 'NONE', #9562, #9561 ) ;
#9564 = CARTESIAN_POINT ( 'NONE',  ( 6.249999999999986700, 3.250000000000006200, -1.750000000000034600 ) ) ;
#9565 = DIRECTION ( 'NONE',  ( -3.469446951953587000E-015, 1.000000000000000000, 3.491483361109406100E-015 ) ) ;
#9566 = VECTOR ( 'NONE', #9565, 1000.000000000000000 ) ;
#9567 = CARTESIAN_POINT ( 'NONE',  ( 6.249999999999979600, 5.000000000000068400, -1.750000000000028600 ) ) ;
#9568 = LINE ( 'NONE', #9567, #9566 ) ;
#9569 = DIRECTION ( 'NONE',  ( 1.000000000000000000, 0.0000000000000000000, -6.982966722218764100E-015 ) ) ;
#9570 = VECTOR ( 'NONE', #9569, 1000.000000000000000 ) ;
#9571 = CARTESIAN_POINT ( 'NONE',  ( -11.95000000000001200, 3.250000000000006200, -1.749999999999907600 ) ) ;
#9572 = LINE ( 'NONE', #9571, #9570 ) ;
#9573 = DIRECTION ( 'NONE',  ( -1.000000000000000000, 0.0000000000000000000, 6.982966722218764100E-015 ) ) ;
#9574 = VECTOR ( 'NONE', #9573, 1000.000000000000000 ) ;
#9575 = CARTESIAN_POINT ( 'NONE',  ( -11.95000000000001200, 3.750000000000006700, -1.749999999999905900 ) ) ;
#9576 = LINE ( 'NONE', #9575, #9574 ) ;
#9577 = CARTESIAN_POINT ( 'NONE',  ( -10.79999999999997600, 4.999999999999986700, 3.450000000000089400 ) ) ;
#9578 = DIRECTION ( 'NONE',  ( -1.000000000000000000, 0.0000000000000000000, 6.982966722218764100E-015 ) ) ;
#9579 = VECTOR ( 'NONE', #9578, 1000.000000000000000 ) ;
#9580 = CARTESIAN_POINT ( 'NONE',  ( -9.474999999999971200, 4.999999999999986700, 3.450000000000080100 ) ) ;
#9581 = LINE ( 'NONE', #9580, #9579 ) ;
#9582 = CARTESIAN_POINT ( 'NONE',  ( -9.474999999999971200, 4.999999999999986700, 3.450000000000080100 ) ) ;
#9583 = DIRECTION ( 'NONE',  ( 6.982966722218764100E-015, -3.491483361109382100E-015, 1.000000000000000000 ) ) ;
#9584 = VECTOR ( 'NONE', #9583, 1000.000000000000000 ) ;
#9585 = CARTESIAN_POINT ( 'NONE',  ( 10.45000000000001200, 4.999999999999992900, 1.749999999999942300 ) ) ;
#9586 = LINE ( 'NONE', #9585, #9584 ) ;
#9587 = DIRECTION ( 'NONE',  ( 7.451810904915198000E-015, -3.491483361109382100E-015, 1.000000000000000000 ) ) ;
#9588 = VECTOR ( 'NONE', #9587, 1000.000000000000000 ) ;
#9589 = CARTESIAN_POINT ( 'NONE',  ( -9.474999999999971200, 4.999999999999986700, 3.450000000000080100 ) ) ;
#9590 = LINE ( 'NONE', #9589, #9588 ) ;
#9591 = CARTESIAN_POINT ( 'NONE',  ( -9.474999999999999600, 5.000000000000000000, -0.2499999999999201500 ) ) ;
#9592 = DIRECTION ( 'NONE',  ( 2.438091212180733500E-029, 1.000000000000000000, 3.491483361109382100E-015 ) ) ;
#9593 = VECTOR ( 'NONE', #9592, 1000.000000000000000 ) ;
#9594 = CARTESIAN_POINT ( 'NONE',  ( -9.750000000000014200, 5.000000000000005300, -1.749999999999917000 ) ) ;
#9595 = LINE ( 'NONE', #9594, #9593 ) ;
#9596 = CARTESIAN_POINT ( 'NONE',  ( -10.25000000000001400, 1.750000000000007300, -1.749999999999924700 ) ) ;
#9597 = DIRECTION ( 'NONE',  ( -1.000000000000000000, 0.0000000000000000000, 6.982966722218764100E-015 ) ) ;
#9598 = VECTOR ( 'NONE', #9597, 1000.000000000000000 ) ;
#9599 = CARTESIAN_POINT ( 'NONE',  ( -11.95000000000001200, 1.750000000000007300, -1.749999999999913000 ) ) ;
#9600 = LINE ( 'NONE', #9599, #9598 ) ;
#9601 = CARTESIAN_POINT ( 'NONE',  ( -9.750000000000014200, 1.750000000000007300, -1.749999999999928300 ) ) ;
#9602 = DIRECTION ( 'NONE',  ( -2.438091212180733500E-029, -1.000000000000000000, -3.491483361109382100E-015 ) ) ;
#9603 = VECTOR ( 'NONE', #9602, 1000.000000000000000 ) ;
#9604 = CARTESIAN_POINT ( 'NONE',  ( -10.25000000000001400, 5.000000000000005300, -1.749999999999913600 ) ) ;
#9605 = LINE ( 'NONE', #9604, #9603 ) ;
#9606 = DIRECTION ( 'NONE',  ( 1.000000000000000000, 0.0000000000000000000, -6.982966722218764100E-015 ) ) ;
#9607 = VECTOR ( 'NONE', #9606, 1000.000000000000000 ) ;
#9608 = CARTESIAN_POINT ( 'NONE',  ( -11.95000000000001200, 1.250000000000006900, -1.749999999999914500 ) ) ;
#9609 = CARTESIAN_POINT ( 'NONE',  ( -8.524999999999998600, 5.000000000000000000, -0.2499999999999268100 ) ) ;
#9610 = CARTESIAN_POINT ( 'NONE',  ( -8.524999999999970200, 4.999999999999986700, 3.450000000000073500 ) ) ;
#9611 = CARTESIAN_POINT ( 'NONE',  ( 9.474999999999996100, 5.000000000000000000, -0.2500000000000525100 ) ) ;
#9612 = CARTESIAN_POINT ( 'NONE',  ( 8.524999999999995000, 5.000000000000000000, -0.2500000000000458500 ) ) ;
#9613 = DIRECTION ( 'NONE',  ( -1.000000000000000000, -7.969418621709007900E-031, 7.211219811163080400E-015 ) ) ;
#9614 = VECTOR ( 'NONE', #9613, 1000.000000000000000 ) ;
#9615 = CARTESIAN_POINT ( 'NONE',  ( 9.474999999999996100, 5.000000000000000000, -0.2500000000000525100 ) ) ;
#9616 = LINE ( 'NONE', #9615, #9614 ) ;
#9617 = DIRECTION ( 'NONE',  ( 7.451810904915198000E-015, -3.491483361109382100E-015, 1.000000000000000000 ) ) ;
#9618 = VECTOR ( 'NONE', #9617, 1000.000000000000000 ) ;
#9619 = CARTESIAN_POINT ( 'NONE',  ( 8.525000000000021700, 4.999999999999986700, 3.449999999999954400 ) ) ;
#9620 = LINE ( 'NONE', #9619, #9618 ) ;
#9621 = DIRECTION ( 'NONE',  ( -1.000000000000000000, 0.0000000000000000000, 6.982966722218764100E-015 ) ) ;
#9622 = VECTOR ( 'NONE', #9621, 1000.000000000000000 ) ;
#9623 = CARTESIAN_POINT ( 'NONE',  ( 8.525000000000021700, 4.999999999999986700, 3.449999999999954400 ) ) ;
#9624 = LINE ( 'NONE', #9623, #9622 ) ;
#9625 = CARTESIAN_POINT ( 'NONE',  ( 8.525000000000021700, 4.999999999999986700, 3.449999999999954400 ) ) ;
#9626 = DIRECTION ( 'NONE',  ( 1.000000000000000000, 0.0000000000000000000, -6.982966722218764900E-015 ) ) ;
#9627 = VECTOR ( 'NONE', #9626, 1000.000000000000000 ) ;
#9628 = CARTESIAN_POINT ( 'NONE',  ( -11.94999999999996600, 4.999999999999983100, 4.750000000000097700 ) ) ;
#9629 = LINE ( 'NONE', #9628, #9627 ) ;
#9630 = DIRECTION ( 'NONE',  ( 1.000000000000000000, 2.163127911606735700E-030, -7.602510820781910700E-015 ) ) ;
#9631 = VECTOR ( 'NONE', #9630, 1000.000000000000000 ) ;
#9632 = CARTESIAN_POINT ( 'NONE',  ( -10.44999999999998700, 4.999999999999992900, 1.750000000000088600 ) ) ;
#9633 = LINE ( 'NONE', #9632, #9631 ) ;
#9634 = CARTESIAN_POINT ( 'NONE',  ( -11.94999999999996600, 4.999999999999983100, 4.750000000000097700 ) ) ;
#9635 = CARTESIAN_POINT ( 'NONE',  ( -10.79999999999996700, 4.999999999999983100, 4.750000000000089700 ) ) ;
#9636 = DIRECTION ( 'NONE',  ( 6.982966722218764100E-015, -3.491483361109382100E-015, 1.000000000000000000 ) ) ;
#9637 = VECTOR ( 'NONE', #9636, 1000.000000000000000 ) ;
#9638 = CARTESIAN_POINT ( 'NONE',  ( -10.79999999999996700, 4.999999999999983100, 4.750000000000089700 ) ) ;
#9639 = LINE ( 'NONE', #9638, #9637 ) ;
#9640 = DIRECTION ( 'NONE',  ( 6.982966722218764100E-015, -3.491483361109382100E-015, 1.000000000000000000 ) ) ;
#9641 = CARTESIAN_POINT ( 'NONE',  ( 10.00000000000002300, -1.322726650432315400E-014, 3.449999999999926500 ) ) ;
#9642 = LINE ( 'NONE', #9641, #9704 ) ;
#9643 = CARTESIAN_POINT ( 'NONE',  ( 10.00000000000002300, -1.322726650432315400E-014, 3.449999999999926500 ) ) ;
#9644 = CARTESIAN_POINT ( 'NONE',  ( 10.80000000000002600, -1.322726650432315400E-014, 3.449999999999921100 ) ) ;
#9645 = CARTESIAN_POINT ( 'NONE',  ( 10.00000000000001200, -8.023096076392732800E-015, 2.049999999999926500 ) ) ;
#9646 = DIRECTION ( 'NONE',  ( -6.982966722218764100E-015, 3.491483361109382100E-015, -1.000000000000000000 ) ) ;
#9647 = VECTOR ( 'NONE', #9646, 1000.000000000000000 ) ;
#9648 = CARTESIAN_POINT ( 'NONE',  ( 9.475000000000021000, 4.999999999999986700, 3.449999999999947300 ) ) ;
#9649 = LINE ( 'NONE', #9648, #9647 ) ;
#9650 = CARTESIAN_POINT ( 'NONE',  ( 8.500000000000012400, -8.023096076392732800E-015, 2.049999999999936800 ) ) ;
#9651 = CARTESIAN_POINT ( 'NONE',  ( 9.475000000000021000, 4.999999999999986700, 3.449999999999947300 ) ) ;
#9652 = CARTESIAN_POINT ( 'NONE',  ( 10.80000000000002200, 4.999999999999986700, 3.449999999999938400 ) ) ;
#9653 = DIRECTION ( 'NONE',  ( -1.000000000000000000, 0.0000000000000000000, 6.982966722218764100E-015 ) ) ;
#9654 = VECTOR ( 'NONE', #9653, 1000.000000000000000 ) ;
#9655 = CARTESIAN_POINT ( 'NONE',  ( 10.80000000000002200, 4.999999999999986700, 3.449999999999938400 ) ) ;
#9656 = LINE ( 'NONE', #9655, #9654 ) ;
#9657 = DIRECTION ( 'NONE',  ( -6.982966722218764100E-015, 3.491483361109382100E-015, -1.000000000000000000 ) ) ;
#9658 = VECTOR ( 'NONE', #9657, 1000.000000000000000 ) ;
#9659 = CARTESIAN_POINT ( 'NONE',  ( 10.80000000000003100, 4.999999999999983100, 4.749999999999939600 ) ) ;
#9660 = LINE ( 'NONE', #9659, #9658 ) ;
#9661 = EDGE_CURVE ( 'NONE', #7013, #7007, #5780, .T. ) ;
#9662 = DIRECTION ( 'NONE',  ( -1.000000000000000000, 7.969418621709007900E-031, 6.754713633274447800E-015 ) ) ;
#9663 = VECTOR ( 'NONE', #9662, 1000.000000000000000 ) ;
#9664 = CARTESIAN_POINT ( 'NONE',  ( -9.474999999999999600, 5.000000000000000000, -0.2499999999999201500 ) ) ;
#9665 = LINE ( 'NONE', #9664, #9663 ) ;
#9666 = DIRECTION ( 'NONE',  ( -7.451810904915198000E-015, 3.491483361109382100E-015, -1.000000000000000000 ) ) ;
#9667 = VECTOR ( 'NONE', #9666, 1000.000000000000000 ) ;
#9668 = CARTESIAN_POINT ( 'NONE',  ( -8.524999999999970200, 4.999999999999986700, 3.450000000000073500 ) ) ;
#9669 = LINE ( 'NONE', #9668, #9667 ) ;
#9670 = DIRECTION ( 'NONE',  ( -6.982966722218764100E-015, 3.491483361109382100E-015, -1.000000000000000000 ) ) ;
#9671 = VECTOR ( 'NONE', #9670, 1000.000000000000000 ) ;
#9672 = CARTESIAN_POINT ( 'NONE',  ( 11.94999999999998700, 5.000000000000005300, -1.750000000000068600 ) ) ;
#9673 = LINE ( 'NONE', #9672, #9671 ) ;
#9674 = CARTESIAN_POINT ( 'NONE',  ( -4.250000000000032900, -2.999999999999984500, -4.499999999999984900 ) ) ;
#9675 = CARTESIAN_POINT ( 'NONE',  ( -4.250000000000030200, -2.999999999999986200, -3.999999999999984500 ) ) ;
#9676 = DIRECTION ( 'NONE',  ( -6.982966722218764100E-015, 3.491483361109382100E-015, -1.000000000000000000 ) ) ;
#9677 = VECTOR ( 'NONE', #9676, 1000.000000000000000 ) ;
#9678 = CARTESIAN_POINT ( 'NONE',  ( -4.250000000000034600, -2.999999999999984500, -4.728553390593258900 ) ) ;
#9679 = LINE ( 'NONE', #9678, #9677 ) ;
#9680 = DIRECTION ( 'NONE',  ( 6.982966722218764100E-015, -3.491483361109382100E-015, 1.000000000000000000 ) ) ;
#9681 = VECTOR ( 'NONE', #9680, 1000.000000000000000 ) ;
#9682 = CARTESIAN_POINT ( 'NONE',  ( -4.250000000000036400, 3.250000000000017800, -4.957106781186512400 ) ) ;
#9683 = LINE ( 'NONE', #9682, #9681 ) ;
#9684 = CARTESIAN_POINT ( 'NONE',  ( -4.250000000000030200, 3.250000000000014200, -3.999999999999962700 ) ) ;
#9685 = DIRECTION ( 'NONE',  ( -2.438091212180733800E-029, -1.000000000000000000, -3.491483361109382500E-015 ) ) ;
#9686 = VECTOR ( 'NONE', #9685, 1000.000000000000000 ) ;
#9687 = CARTESIAN_POINT ( 'NONE',  ( -4.250000000000030200, 3.250000000000014200, -3.999999999999962700 ) ) ;
#9688 = LINE ( 'NONE', #9687, #9686 ) ;
#9689 = CARTESIAN_POINT ( 'NONE',  ( 10.44999999999999900, 4.999999999999998200, 0.2499999999999419900 ) ) ;
#9690 = DIRECTION ( 'NONE',  ( -6.982966722218764100E-015, 3.358043093726550800E-015, -1.000000000000000000 ) ) ;
#9691 = DIRECTION ( 'NONE',  ( 2.344910317526904900E-029, 1.000000000000000000, 3.358043093726550800E-015 ) ) ;
#9692 = CARTESIAN_POINT ( 'NONE',  ( -11.95000000000001200, 4.119968255444916800E-015, -1.749999999999919000 ) ) ;
#9693 = AXIS2_PLACEMENT_3D ( 'NONE', #9692, #9691, #9690 ) ;
#9694 = PLANE ( 'NONE',  #9693 ) ;
#9695 = FACE_OUTER_BOUND ( 'NONE', #112, .T. ) ;
#9696 = DIRECTION ( 'NONE',  ( 6.982966722218764100E-015, -3.491483361109382100E-015, 1.000000000000000000 ) ) ;
#9697 = VECTOR ( 'NONE', #9696, 1000.000000000000000 ) ;
#9698 = CARTESIAN_POINT ( 'NONE',  ( 10.80000000000003300, -1.756407519426517200E-014, 4.749999999999921800 ) ) ;
#9699 = LINE ( 'NONE', #9698, #9697 ) ;
#9700 = DIRECTION ( 'NONE',  ( 1.000000000000000000, 0.0000000000000000000, -6.982966722218764100E-015 ) ) ;
#9701 = VECTOR ( 'NONE', #9700, 1000.000000000000000 ) ;
#9702 = CARTESIAN_POINT ( 'NONE',  ( 10.00000000000002300, -1.322726650432315400E-014, 3.449999999999926500 ) ) ;
#9703 = LINE ( 'NONE', #9702, #9701 ) ;
#9704 = VECTOR ( 'NONE', #9640, 1000.000000000000000 ) ;
#9705 =( LENGTH_UNIT ( ) NAMED_UNIT ( * ) SI_UNIT ( .MILLI., .METRE. ) );
#9706 = DIRECTION ( 'NONE',  ( 6.982966722218764100E-015, -3.491483361109382100E-015, 1.000000000000000000 ) ) ;
#9707 = VECTOR ( 'NONE', #9706, 1000.000000000000000 ) ;
#9708 = CARTESIAN_POINT ( 'NONE',  ( -4.250000000000036400, 3.750000000000018200, -4.957106781186510600 ) ) ;
#9709 = LINE ( 'NONE', #9708, #9707 ) ;
#9710 = DIRECTION ( 'NONE',  ( -1.000000000000000000, 0.0000000000000000000, 6.982966722218764100E-015 ) ) ;
#9711 = DIRECTION ( 'NONE',  ( 2.438091212180733500E-029, 1.000000000000000000, 3.491483361109382100E-015 ) ) ;
#9712 = CARTESIAN_POINT ( 'NONE',  ( -2.250000000000036900, 3.750000000000018200, -4.957106781186524800 ) ) ;
#9713 = AXIS2_PLACEMENT_3D ( 'NONE', #9712, #9711, #9710 ) ;
#9714 = PLANE ( 'NONE',  #9713 ) ;
#9715 =( GEOMETRIC_REPRESENTATION_CONTEXT ( 3 ) GLOBAL_UNCERTAINTY_ASSIGNED_CONTEXT ( ( #9716 ) ) GLOBAL_UNIT_ASSIGNED_CONTEXT ( ( #9719, #9718, #9717 ) ) REPRESENTATION_CONTEXT ( 'NONE', 'WORKASPACE' ) );
#9716 = UNCERTAINTY_MEASURE_WITH_UNIT (LENGTH_MEASURE( 1.000000000000000100E-005 ), #9719, 'distance_accuracy_value', 'NONE');
#9717 =( NAMED_UNIT ( * ) SI_UNIT ( $, .STERADIAN. ) SOLID_ANGLE_UNIT ( ) );
#9718 =( NAMED_UNIT ( * ) PLANE_ANGLE_UNIT ( ) SI_UNIT ( $, .RADIAN. ) );
#9719 =( LENGTH_UNIT ( ) NAMED_UNIT ( * ) SI_UNIT ( .MILLI., .METRE. ) );
#9720 = MECHANICAL_DESIGN_GEOMETRIC_PRESENTATION_REPRESENTATION (  '', ( #9722 ), #9715 ) ;
#9721 = PRESENTATION_LAYER_ASSIGNMENT (  '', '', ( #9722 ) ) ;
#9722 = STYLED_ITEM ( 'NONE', ( #9723 ), #132 ) ;
#9723 = PRESENTATION_STYLE_ASSIGNMENT (( #9724 ) ) ;
#9724 = SURFACE_STYLE_USAGE ( .BOTH. , #9725 ) ;
#9725 = SURFACE_SIDE_STYLE ('',( #9726 ) ) ;
#9726 = SURFACE_STYLE_FILL_AREA ( #9727 ) ;
#9727 = FILL_AREA_STYLE ('',( #9728 ) ) ;
#9728 = FILL_AREA_STYLE_COLOUR ( '', #9729 ) ;
#9729 = COLOUR_RGB ( '',0.7529411764705882200, 0.7529411764705882200, 0.7529411764705882200 ) ;
#9730 = FACE_OUTER_BOUND ( 'NONE', #13450, .T. ) ;
#9731 = CARTESIAN_POINT ( 'NONE',  ( -4.250000000000032900, 3.750000000000016400, -4.499999999999961800 ) ) ;
#9732 = DIRECTION ( 'NONE',  ( -2.438091212180733800E-029, -1.000000000000000000, -3.491483361109382500E-015 ) ) ;
#9733 = VECTOR ( 'NONE', #9732, 1000.000000000000000 ) ;
#9734 = CARTESIAN_POINT ( 'NONE',  ( -4.250000000000032900, 3.750000000000016400, -4.499999999999961800 ) ) ;
#9735 = LINE ( 'NONE', #9734, #9733 ) ;
#9736 = CARTESIAN_POINT ( 'NONE',  ( -3.750000000000029800, 3.250000000000014200, -3.999999999999966200 ) ) ;
#9737 = DIRECTION ( 'NONE',  ( 1.000000000000000000, 0.0000000000000000000, -6.982966722218764100E-015 ) ) ;
#9738 = VECTOR ( 'NONE', #9737, 1000.000000000000000 ) ;
#9739 = CARTESIAN_POINT ( 'NONE',  ( -4.250000000000030200, 3.250000000000014200, -3.999999999999962700 ) ) ;
#9740 = LINE ( 'NONE', #9739, #9738 ) ;
#9741 = DIRECTION ( 'NONE',  ( -3.469446951953586600E-015, 1.000000000000000000, 3.491483361109406100E-015 ) ) ;
#9742 = DIRECTION ( 'NONE',  ( 1.000000000000000000, 3.469446951953611000E-015, -6.982966722218752300E-015 ) ) ;
#9743 = CARTESIAN_POINT ( 'NONE',  ( -3.750000000000038200, 3.750000000000018200, -4.957106781186514200 ) ) ;
#9744 = AXIS2_PLACEMENT_3D ( 'NONE', #9743, #9742, #9741 ) ;
#9745 = PLANE ( 'NONE',  #9744 ) ;
#9746 =( GEOMETRIC_REPRESENTATION_CONTEXT ( 3 ) GLOBAL_UNCERTAINTY_ASSIGNED_CONTEXT ( ( #9747 ) ) GLOBAL_UNIT_ASSIGNED_CONTEXT ( ( #9750, #9749, #9748 ) ) REPRESENTATION_CONTEXT ( 'NONE', 'WORKASPACE' ) );
#9747 = UNCERTAINTY_MEASURE_WITH_UNIT (LENGTH_MEASURE( 1.000000000000000100E-005 ), #9750, 'distance_accuracy_value', 'NONE');
#9748 =( NAMED_UNIT ( * ) SI_UNIT ( $, .STERADIAN. ) SOLID_ANGLE_UNIT ( ) );
#9749 =( NAMED_UNIT ( * ) PLANE_ANGLE_UNIT ( ) SI_UNIT ( $, .RADIAN. ) );
#9750 =( LENGTH_UNIT ( ) NAMED_UNIT ( * ) SI_UNIT ( .MILLI., .METRE. ) );
#9751 = MECHANICAL_DESIGN_GEOMETRIC_PRESENTATION_REPRESENTATION (  '', ( #9753 ), #9746 ) ;
#9752 = PRESENTATION_LAYER_ASSIGNMENT (  '', '', ( #9753 ) ) ;
#9753 = STYLED_ITEM ( 'NONE', ( #9754 ), #140 ) ;
#9754 = PRESENTATION_STYLE_ASSIGNMENT (( #9755 ) ) ;
#9755 = SURFACE_STYLE_USAGE ( .BOTH. , #9756 ) ;
#9756 = SURFACE_SIDE_STYLE ('',( #9757 ) ) ;
#9757 = SURFACE_STYLE_FILL_AREA ( #9758 ) ;
#9758 = FILL_AREA_STYLE ('',( #9759 ) ) ;
#9759 = FILL_AREA_STYLE_COLOUR ( '', #9760 ) ;
#9760 = COLOUR_RGB ( '',0.7529411764705882200, 0.7529411764705882200, 0.7529411764705882200 ) ;
#9761 = FACE_OUTER_BOUND ( 'NONE', #131, .T. ) ;
#9762 = DIRECTION ( 'NONE',  ( -1.000000000000000000, 0.0000000000000000000, 6.982966722218764100E-015 ) ) ;
#9763 = VECTOR ( 'NONE', #9762, 1000.000000000000000 ) ;
#9764 = CARTESIAN_POINT ( 'NONE',  ( -2.250000000000029800, -2.999999999999986200, -3.999999999999998200 ) ) ;
#9765 = LINE ( 'NONE', #9764, #9763 ) ;
#9766 = DIRECTION ( 'NONE',  ( -2.438091212180733500E-029, -1.000000000000000000, -3.491483361109382100E-015 ) ) ;
#9767 = DIRECTION ( 'NONE',  ( -6.982966722218764100E-015, 3.491483361109382100E-015, -1.000000000000000000 ) ) ;
#9768 = CARTESIAN_POINT ( 'NONE',  ( -2.250000000000029800, 3.250000000000014200, -3.999999999999976500 ) ) ;
#9769 = AXIS2_PLACEMENT_3D ( 'NONE', #9768, #9767, #9766 ) ;
#9770 = PLANE ( 'NONE',  #9769 ) ;
#9771 =( GEOMETRIC_REPRESENTATION_CONTEXT ( 3 ) GLOBAL_UNCERTAINTY_ASSIGNED_CONTEXT ( ( #9772 ) ) GLOBAL_UNIT_ASSIGNED_CONTEXT ( ( #9775, #9774, #9773 ) ) REPRESENTATION_CONTEXT ( 'NONE', 'WORKASPACE' ) );
#9772 = UNCERTAINTY_MEASURE_WITH_UNIT (LENGTH_MEASURE( 1.000000000000000100E-005 ), #9775, 'distance_accuracy_value', 'NONE');
#9773 =( NAMED_UNIT ( * ) SI_UNIT ( $, .STERADIAN. ) SOLID_ANGLE_UNIT ( ) );
#9774 =( NAMED_UNIT ( * ) PLANE_ANGLE_UNIT ( ) SI_UNIT ( $, .RADIAN. ) );
#9775 =( LENGTH_UNIT ( ) NAMED_UNIT ( * ) SI_UNIT ( .MILLI., .METRE. ) );
#9776 = MECHANICAL_DESIGN_GEOMETRIC_PRESENTATION_REPRESENTATION (  '', ( #9778 ), #9771 ) ;
#9777 = PRESENTATION_LAYER_ASSIGNMENT (  '', '', ( #9778 ) ) ;
#9778 = STYLED_ITEM ( 'NONE', ( #9779 ), #147 ) ;
#9779 = PRESENTATION_STYLE_ASSIGNMENT (( #9780 ) ) ;
#9780 = SURFACE_STYLE_USAGE ( .BOTH. , #9781 ) ;
#9781 = SURFACE_SIDE_STYLE ('',( #9782 ) ) ;
#9782 = SURFACE_STYLE_FILL_AREA ( #9783 ) ;
#9783 = FILL_AREA_STYLE ('',( #9784 ) ) ;
#9784 = FILL_AREA_STYLE_COLOUR ( '', #9785 ) ;
#9785 = COLOUR_RGB ( '',0.7529411764705882200, 0.7529411764705882200, 0.7529411764705882200 ) ;
#9786 = FACE_OUTER_BOUND ( 'NONE', #148, .T. ) ;
#9787 = CARTESIAN_POINT ( 'NONE',  ( -1.750000000000034600, 3.750000000000016400, -4.499999999999978700 ) ) ;
#9788 = DIRECTION ( 'NONE',  ( 6.982966722218764100E-015, -3.491483361109382100E-015, 1.000000000000000000 ) ) ;
#9789 = VECTOR ( 'NONE', #9788, 1000.000000000000000 ) ;
#9790 = CARTESIAN_POINT ( 'NONE',  ( -3.750000000000036400, 3.250000000000017800, -4.957106781186515900 ) ) ;
#9791 = LINE ( 'NONE', #9790, #9789 ) ;
#9792 =( GEOMETRIC_REPRESENTATION_CONTEXT ( 3 ) GLOBAL_UNCERTAINTY_ASSIGNED_CONTEXT ( ( #9793 ) ) GLOBAL_UNIT_ASSIGNED_CONTEXT ( ( #9797, #9796, #9795 ) ) REPRESENTATION_CONTEXT ( 'NONE', 'WORKASPACE' ) );
#9793 = UNCERTAINTY_MEASURE_WITH_UNIT (LENGTH_MEASURE( 1.000000000000000100E-005 ), #9797, 'distance_accuracy_value', 'NONE');
#9794 = EDGE_LOOP ( 'NONE', ( #7012, #9391, #7000, #8698 ) ) ;
#9795 =( NAMED_UNIT ( * ) SI_UNIT ( $, .STERADIAN. ) SOLID_ANGLE_UNIT ( ) );
#9796 =( NAMED_UNIT ( * ) PLANE_ANGLE_UNIT ( ) SI_UNIT ( $, .RADIAN. ) );
#9797 =( LENGTH_UNIT ( ) NAMED_UNIT ( * ) SI_UNIT ( .MILLI., .METRE. ) );
#9798 = MECHANICAL_DESIGN_GEOMETRIC_PRESENTATION_REPRESENTATION (  '', ( #9800 ), #9792 ) ;
#9799 = PRESENTATION_LAYER_ASSIGNMENT (  '', '', ( #9800 ) ) ;
#9800 = STYLED_ITEM ( 'NONE', ( #9801 ), #161 ) ;
#9801 = PRESENTATION_STYLE_ASSIGNMENT (( #9802 ) ) ;
#9802 = SURFACE_STYLE_USAGE ( .BOTH. , #9803 ) ;
#9803 = SURFACE_SIDE_STYLE ('',( #9804 ) ) ;
#9804 = SURFACE_STYLE_FILL_AREA ( #9805 ) ;
#9805 = FILL_AREA_STYLE ('',( #9812 ) ) ;
#9806 = COLOUR_RGB ( '',0.7529411764705882200, 0.7529411764705882200, 0.7529411764705882200 ) ;
#9807 = FACE_OUTER_BOUND ( 'NONE', #163, .T. ) ;
#9808 = DIRECTION ( 'NONE',  ( 6.982966722218764100E-015, -3.491483361109382100E-015, 1.000000000000000000 ) ) ;
#9809 = VECTOR ( 'NONE', #9808, 1000.000000000000000 ) ;
#9810 = CARTESIAN_POINT ( 'NONE',  ( -1.750000000000038000, 3.750000000000018200, -4.957106781186528400 ) ) ;
#9811 = LINE ( 'NONE', #9810, #9809 ) ;
#9812 = FILL_AREA_STYLE_COLOUR ( '', #9806 ) ;
#9813 = DIRECTION ( 'NONE',  ( -2.438091212180733800E-029, -1.000000000000000000, -3.491483361109382500E-015 ) ) ;
#9814 = VECTOR ( 'NONE', #9813, 1000.000000000000000 ) ;
#9815 = CARTESIAN_POINT ( 'NONE',  ( -1.750000000000034600, 3.750000000000016400, -4.499999999999978700 ) ) ;
#9816 = LINE ( 'NONE', #9815, #9814 ) ;
#9817 = DIRECTION ( 'NONE',  ( 1.045241367417237500E-014, -3.491483361109382100E-015, 1.000000000000000000 ) ) ;
#9818 = VECTOR ( 'NONE', #9817, 1000.000000000000000 ) ;
#9819 = CARTESIAN_POINT ( 'NONE',  ( -1.750000000000037100, -2.999999999999984500, -4.728553390593276600 ) ) ;
#9820 = LINE ( 'NONE', #9819, #9818 ) ;
#9821 = CARTESIAN_POINT ( 'NONE',  ( -2.250000000000033300, -2.999999999999984500, -4.499999999999999100 ) ) ;
#9822 = LINE ( 'NONE', #9821, #9878 ) ;
#9823 = DIRECTION ( 'NONE',  ( 2.438091212180733500E-029, 1.000000000000000000, 3.491483361109382100E-015 ) ) ;
#9824 = DIRECTION ( 'NONE',  ( 6.982966722218764100E-015, -3.491483361109382100E-015, 1.000000000000000000 ) ) ;
#9825 = CARTESIAN_POINT ( 'NONE',  ( -2.250000000000033300, 3.750000000000016400, -4.499999999999975100 ) ) ;
#9826 = AXIS2_PLACEMENT_3D ( 'NONE', #9825, #9824, #9823 ) ;
#9827 = PLANE ( 'NONE',  #9826 ) ;
#9828 =( GEOMETRIC_REPRESENTATION_CONTEXT ( 3 ) GLOBAL_UNCERTAINTY_ASSIGNED_CONTEXT ( ( #9829 ) ) GLOBAL_UNIT_ASSIGNED_CONTEXT ( ( #9832, #9831, #9830 ) ) REPRESENTATION_CONTEXT ( 'NONE', 'WORKASPACE' ) );
#9829 = UNCERTAINTY_MEASURE_WITH_UNIT (LENGTH_MEASURE( 1.000000000000000100E-005 ), #9832, 'distance_accuracy_value', 'NONE');
#9830 =( NAMED_UNIT ( * ) SI_UNIT ( $, .STERADIAN. ) SOLID_ANGLE_UNIT ( ) );
#9831 =( NAMED_UNIT ( * ) PLANE_ANGLE_UNIT ( ) SI_UNIT ( $, .RADIAN. ) );
#9832 =( LENGTH_UNIT ( ) NAMED_UNIT ( * ) SI_UNIT ( .MILLI., .METRE. ) );
#9833 = MECHANICAL_DESIGN_GEOMETRIC_PRESENTATION_REPRESENTATION (  '', ( #9835 ), #9828 ) ;
#9834 = PRESENTATION_LAYER_ASSIGNMENT (  '', '', ( #9835 ) ) ;
#9835 = STYLED_ITEM ( 'NONE', ( #9836 ), #162 ) ;
#9836 = PRESENTATION_STYLE_ASSIGNMENT (( #9837 ) ) ;
#9837 = SURFACE_STYLE_USAGE ( .BOTH. , #9838 ) ;
#9838 = SURFACE_SIDE_STYLE ('',( #9839 ) ) ;
#9839 = SURFACE_STYLE_FILL_AREA ( #9840 ) ;
#9840 = FILL_AREA_STYLE ('',( #9848 ) ) ;
#9841 = COLOUR_RGB ( '',0.7529411764705882200, 0.7529411764705882200, 0.7529411764705882200 ) ;
#9842 = FACE_OUTER_BOUND ( 'NONE', #166, .T. ) ;
#9843 = DIRECTION ( 'NONE',  ( 2.438091212180733500E-029, 1.000000000000000000, 3.491483361109382100E-015 ) ) ;
#9844 = DIRECTION ( 'NONE',  ( 6.982966722218764100E-015, -3.491483361109382100E-015, 1.000000000000000000 ) ) ;
#9845 = CARTESIAN_POINT ( 'NONE',  ( -4.249999999999984000, 3.249999999999990700, 2.650000000000036800 ) ) ;
#9846 = AXIS2_PLACEMENT_3D ( 'NONE', #9845, #9844, #9843 ) ;
#9847 = PLANE ( 'NONE',  #9846 ) ;
#9848 = FILL_AREA_STYLE_COLOUR ( '', #9841 ) ;
#9849 = CARTESIAN_POINT ( 'NONE',  ( -4.250000000000036400, 3.250000000000017800, -4.957106781186512400 ) ) ;
#9850 = AXIS2_PLACEMENT_3D ( 'NONE', #9849, #9908, #9907 ) ;
#9851 = FILL_AREA_STYLE_COLOUR ( '', #9905 ) ;
#9852 = PLANE ( 'NONE',  #9850 ) ;
#9853 =( GEOMETRIC_REPRESENTATION_CONTEXT ( 3 ) GLOBAL_UNCERTAINTY_ASSIGNED_CONTEXT ( ( #9854 ) ) GLOBAL_UNIT_ASSIGNED_CONTEXT ( ( #9857, #9856, #9855 ) ) REPRESENTATION_CONTEXT ( 'NONE', 'WORKASPACE' ) );
#9854 = UNCERTAINTY_MEASURE_WITH_UNIT (LENGTH_MEASURE( 1.000000000000000100E-005 ), #9857, 'distance_accuracy_value', 'NONE');
#9855 =( NAMED_UNIT ( * ) SI_UNIT ( $, .STERADIAN. ) SOLID_ANGLE_UNIT ( ) );
#9856 =( NAMED_UNIT ( * ) PLANE_ANGLE_UNIT ( ) SI_UNIT ( $, .RADIAN. ) );
#9857 =( LENGTH_UNIT ( ) NAMED_UNIT ( * ) SI_UNIT ( .MILLI., .METRE. ) );
#9858 = MECHANICAL_DESIGN_GEOMETRIC_PRESENTATION_REPRESENTATION (  '', ( #9860 ), #9853 ) ;
#9859 = PRESENTATION_LAYER_ASSIGNMENT (  '', '', ( #9860 ) ) ;
#9860 = STYLED_ITEM ( 'NONE', ( #9861 ), #176 ) ;
#9861 = PRESENTATION_STYLE_ASSIGNMENT (( #9862 ) ) ;
#9862 = SURFACE_STYLE_USAGE ( .BOTH. , #9863 ) ;
#9863 = SURFACE_SIDE_STYLE ('',( #9864 ) ) ;
#9864 = SURFACE_STYLE_FILL_AREA ( #9865 ) ;
#9865 = FILL_AREA_STYLE ('',( #9872 ) ) ;
#9866 = COLOUR_RGB ( '',0.7529411764705882200, 0.7529411764705882200, 0.7529411764705882200 ) ;
#9867 = FACE_OUTER_BOUND ( 'NONE', #170, .T. ) ;
#9868 = DIRECTION ( 'NONE',  ( 6.982966722218764100E-015, -3.491483361109382100E-015, 1.000000000000000000 ) ) ;
#9869 = VECTOR ( 'NONE', #9868, 1000.000000000000000 ) ;
#9870 = CARTESIAN_POINT ( 'NONE',  ( -4.250000000000036400, 3.250000000000017800, -4.957106781186512400 ) ) ;
#9871 = LINE ( 'NONE', #9870, #9869 ) ;
#9872 = FILL_AREA_STYLE_COLOUR ( '', #9866 ) ;
#9873 = DIRECTION ( 'NONE',  ( -2.438091212180733500E-029, -1.000000000000000000, -3.491483361109382100E-015 ) ) ;
#9874 = VECTOR ( 'NONE', #9873, 1000.000000000000000 ) ;
#9875 = CARTESIAN_POINT ( 'NONE',  ( -4.249999999999984000, 3.749999999999991100, 2.650000000000038500 ) ) ;
#9876 = LINE ( 'NONE', #9875, #9874 ) ;
#9877 = DIRECTION ( 'NONE',  ( 1.000000000000000000, 0.0000000000000000000, -6.982966722218764100E-015 ) ) ;
#9878 = VECTOR ( 'NONE', #9877, 1000.000000000000000 ) ;
#9879 = FILL_AREA_STYLE_COLOUR ( '', #9880 ) ;
#9880 = COLOUR_RGB ( '',0.7529411764705882200, 0.7529411764705882200, 0.7529411764705882200 ) ;
#9881 = FACE_OUTER_BOUND ( 'NONE', #181, .T. ) ;
#9882 = CARTESIAN_POINT ( 'NONE',  ( -3.750000000000034600, 3.750000000000016400, -4.499999999999965400 ) ) ;
#9883 = DIRECTION ( 'NONE',  ( 6.982966722218764100E-015, -3.491483361109382100E-015, 1.000000000000000000 ) ) ;
#9884 = VECTOR ( 'NONE', #9883, 1000.000000000000000 ) ;
#9885 = CARTESIAN_POINT ( 'NONE',  ( -3.750000000000038200, 3.750000000000018200, -4.957106781186514200 ) ) ;
#9886 = LINE ( 'NONE', #9885, #9884 ) ;
#9887 = DIRECTION ( 'NONE',  ( -1.000000000000000000, 0.0000000000000000000, 6.982966722218764100E-015 ) ) ;
#9888 = DIRECTION ( 'NONE',  ( 2.438091212180733500E-029, 1.000000000000000000, 3.491483361109382100E-015 ) ) ;
#9889 = CARTESIAN_POINT ( 'NONE',  ( -4.250000000000036400, 3.750000000000018200, -4.957106781186510600 ) ) ;
#9890 = AXIS2_PLACEMENT_3D ( 'NONE', #9889, #9888, #9887 ) ;
#9891 = PLANE ( 'NONE',  #9890 ) ;
#9892 =( GEOMETRIC_REPRESENTATION_CONTEXT ( 3 ) GLOBAL_UNCERTAINTY_ASSIGNED_CONTEXT ( ( #9893 ) ) GLOBAL_UNIT_ASSIGNED_CONTEXT ( ( #9896, #9895, #9894 ) ) REPRESENTATION_CONTEXT ( 'NONE', 'WORKASPACE' ) );
#9893 = UNCERTAINTY_MEASURE_WITH_UNIT (LENGTH_MEASURE( 1.000000000000000100E-005 ), #9896, 'distance_accuracy_value', 'NONE');
#9894 =( NAMED_UNIT ( * ) SI_UNIT ( $, .STERADIAN. ) SOLID_ANGLE_UNIT ( ) );
#9895 =( NAMED_UNIT ( * ) PLANE_ANGLE_UNIT ( ) SI_UNIT ( $, .RADIAN. ) );
#9896 =( LENGTH_UNIT ( ) NAMED_UNIT ( * ) SI_UNIT ( .MILLI., .METRE. ) );
#9897 = MECHANICAL_DESIGN_GEOMETRIC_PRESENTATION_REPRESENTATION (  '', ( #9899 ), #9892 ) ;
#9898 = PRESENTATION_LAYER_ASSIGNMENT (  '', '', ( #9899 ) ) ;
#9899 = STYLED_ITEM ( 'NONE', ( #9900 ), #178 ) ;
#9900 = PRESENTATION_STYLE_ASSIGNMENT (( #9901 ) ) ;
#9901 = SURFACE_STYLE_USAGE ( .BOTH. , #9902 ) ;
#9902 = SURFACE_SIDE_STYLE ('',( #9903 ) ) ;
#9903 = SURFACE_STYLE_FILL_AREA ( #9904 ) ;
#9904 = FILL_AREA_STYLE ('',( #9851 ) ) ;
#9905 = COLOUR_RGB ( '',0.7529411764705882200, 0.7529411764705882200, 0.7529411764705882200 ) ;
#9906 = FACE_OUTER_BOUND ( 'NONE', #173, .T. ) ;
#9907 = DIRECTION ( 'NONE',  ( 1.000000000000000000, 0.0000000000000000000, -6.982966722218764100E-015 ) ) ;
#9908 = DIRECTION ( 'NONE',  ( -2.438091212180733500E-029, -1.000000000000000000, -3.491483361109382100E-015 ) ) ;
#9909 = DIRECTION ( 'NONE',  ( 1.045241367417237500E-014, -3.491483361109382100E-015, 1.000000000000000000 ) ) ;
#9910 = VECTOR ( 'NONE', #9909, 1000.000000000000000 ) ;
#9911 = CARTESIAN_POINT ( 'NONE',  ( -3.750000000000037300, -2.999999999999984500, -4.728553390593262400 ) ) ;
#9912 = LINE ( 'NONE', #9911, #9910 ) ;
#9913 = CARTESIAN_POINT ( 'NONE',  ( -3.750000000000035100, -2.999999999999984500, -4.499999999999988500 ) ) ;
#9914 = DIRECTION ( 'NONE',  ( -2.438091212180733800E-029, -1.000000000000000000, -3.491483361109382500E-015 ) ) ;
#9915 = VECTOR ( 'NONE', #9914, 1000.000000000000000 ) ;
#9916 = CARTESIAN_POINT ( 'NONE',  ( -3.750000000000034600, 3.750000000000016400, -4.499999999999965400 ) ) ;
#9917 = LINE ( 'NONE', #9916, #9915 ) ;
#9918 = DIRECTION ( 'NONE',  ( 1.000000000000000000, 0.0000000000000000000, -6.982966722218764100E-015 ) ) ;
#9919 = DIRECTION ( 'NONE',  ( -2.438091212180733500E-029, -1.000000000000000000, -3.491483361109382100E-015 ) ) ;
#9920 = CARTESIAN_POINT ( 'NONE',  ( -2.000000000000031100, -2.999999999999986200, -4.250000000000000000 ) ) ;
#9921 = AXIS2_PLACEMENT_3D ( 'NONE', #9920, #9919, #9918 ) ;
#9922 = PLANE ( 'NONE',  #9921 ) ;
#9923 =( GEOMETRIC_REPRESENTATION_CONTEXT ( 3 ) GLOBAL_UNCERTAINTY_ASSIGNED_CONTEXT ( ( #9924 ) ) GLOBAL_UNIT_ASSIGNED_CONTEXT ( ( #9927, #9926, #9925 ) ) REPRESENTATION_CONTEXT ( 'NONE', 'WORKASPACE' ) );
#9924 = UNCERTAINTY_MEASURE_WITH_UNIT (LENGTH_MEASURE( 1.000000000000000100E-005 ), #9927, 'distance_accuracy_value', 'NONE');
#9925 =( NAMED_UNIT ( * ) SI_UNIT ( $, .STERADIAN. ) SOLID_ANGLE_UNIT ( ) );
#9926 =( NAMED_UNIT ( * ) PLANE_ANGLE_UNIT ( ) SI_UNIT ( $, .RADIAN. ) );
#9927 =( LENGTH_UNIT ( ) NAMED_UNIT ( * ) SI_UNIT ( .MILLI., .METRE. ) );
#9928 = MECHANICAL_DESIGN_GEOMETRIC_PRESENTATION_REPRESENTATION (  '', ( #9930 ), #9923 ) ;
#9929 = PRESENTATION_LAYER_ASSIGNMENT (  '', '', ( #9930 ) ) ;
#9930 = STYLED_ITEM ( 'NONE', ( #9931 ), #183 ) ;
#9931 = PRESENTATION_STYLE_ASSIGNMENT (( #9932 ) ) ;
#9932 = SURFACE_STYLE_USAGE ( .BOTH. , #9933 ) ;
#9933 = SURFACE_SIDE_STYLE ('',( #9934 ) ) ;
#9934 = SURFACE_STYLE_FILL_AREA ( #9935 ) ;
#9935 = FILL_AREA_STYLE ('',( #9879 ) ) ;
#9936 = DIRECTION ( 'NONE',  ( 6.982966722218764100E-015, -3.491483361109382100E-015, 1.000000000000000000 ) ) ;
#9937 = VECTOR ( 'NONE', #9936, 1000.000000000000000 ) ;
#9938 = DIRECTION ( 'NONE',  ( -2.438091212180733500E-029, -1.000000000000000000, -3.491483361109382100E-015 ) ) ;
#9939 = DIRECTION ( 'NONE',  ( -1.000000000000000000, 0.0000000000000000000, 6.982966722218764100E-015 ) ) ;
#9940 = CARTESIAN_POINT ( 'NONE',  ( -4.250000000000036400, 3.750000000000018200, -4.957106781186510600 ) ) ;
#9941 = AXIS2_PLACEMENT_3D ( 'NONE', #9940, #9939, #9938 ) ;
#9942 = CARTESIAN_POINT ( 'NONE',  ( 10.94999999999996600, 4.200000000000015300, -4.750000000000063900 ) ) ;
#9943 = LINE ( 'NONE', #9942, #9937 ) ;
#9944 = PLANE ( 'NONE',  #9941 ) ;
#9945 =( GEOMETRIC_REPRESENTATION_CONTEXT ( 3 ) GLOBAL_UNCERTAINTY_ASSIGNED_CONTEXT ( ( #9946 ) ) GLOBAL_UNIT_ASSIGNED_CONTEXT ( ( #9949, #9948, #9947 ) ) REPRESENTATION_CONTEXT ( 'NONE', 'WORKASPACE' ) );
#9946 = UNCERTAINTY_MEASURE_WITH_UNIT (LENGTH_MEASURE( 1.000000000000000100E-005 ), #9949, 'distance_accuracy_value', 'NONE');
#9947 =( NAMED_UNIT ( * ) SI_UNIT ( $, .STERADIAN. ) SOLID_ANGLE_UNIT ( ) );
#9948 =( NAMED_UNIT ( * ) PLANE_ANGLE_UNIT ( ) SI_UNIT ( $, .RADIAN. ) );
#9949 =( LENGTH_UNIT ( ) NAMED_UNIT ( * ) SI_UNIT ( .MILLI., .METRE. ) );
#9950 = MECHANICAL_DESIGN_GEOMETRIC_PRESENTATION_REPRESENTATION (  '', ( #9952 ), #9945 ) ;
#9951 = PRESENTATION_LAYER_ASSIGNMENT (  '', '', ( #9952 ) ) ;
#9952 = STYLED_ITEM ( 'NONE', ( #9953 ), #199 ) ;
#9953 = PRESENTATION_STYLE_ASSIGNMENT (( #9954 ) ) ;
#9954 = SURFACE_STYLE_USAGE ( .BOTH. , #9955 ) ;
#9955 = SURFACE_SIDE_STYLE ('',( #9956 ) ) ;
#9956 = SURFACE_STYLE_FILL_AREA ( #9957 ) ;
#9957 = FILL_AREA_STYLE ('',( #9964 ) ) ;
#9958 = COLOUR_RGB ( '',0.7529411764705882200, 0.7529411764705882200, 0.7529411764705882200 ) ;
#9959 = FACE_OUTER_BOUND ( 'NONE', #244, .T. ) ;
#9960 = DIRECTION ( 'NONE',  ( -2.438091212180733800E-029, -1.000000000000000000, -3.491483361109382500E-015 ) ) ;
#9961 = VECTOR ( 'NONE', #9960, 1000.000000000000000 ) ;
#9962 = CARTESIAN_POINT ( 'NONE',  ( -3.750000000000029800, 3.250000000000014200, -3.999999999999966200 ) ) ;
#9963 = LINE ( 'NONE', #9962, #9961 ) ;
#9964 = FILL_AREA_STYLE_COLOUR ( '', #9958 ) ;
#9965 = CARTESIAN_POINT ( 'NONE',  ( -3.750000000000029800, -2.999999999999984500, -3.999999999999988000 ) ) ;
#9966 = DIRECTION ( 'NONE',  ( -1.000000000000000000, 0.0000000000000000000, 6.982966722218764100E-015 ) ) ;
#9967 = DIRECTION ( 'NONE',  ( 2.438091212180733500E-029, 1.000000000000000000, 3.491483361109382100E-015 ) ) ;
#9968 = CARTESIAN_POINT ( 'NONE',  ( -4.250000000000036400, 3.750000000000018200, -4.957106781186510600 ) ) ;
#9969 = AXIS2_PLACEMENT_3D ( 'NONE', #9968, #9967, #9966 ) ;
#9970 = PLANE ( 'NONE',  #9969 ) ;
#9971 =( GEOMETRIC_REPRESENTATION_CONTEXT ( 3 ) GLOBAL_UNCERTAINTY_ASSIGNED_CONTEXT ( ( #9972 ) ) GLOBAL_UNIT_ASSIGNED_CONTEXT ( ( #9975, #9974, #9973 ) ) REPRESENTATION_CONTEXT ( 'NONE', 'WORKASPACE' ) );
#9972 = UNCERTAINTY_MEASURE_WITH_UNIT (LENGTH_MEASURE( 1.000000000000000100E-005 ), #9975, 'distance_accuracy_value', 'NONE');
#9973 =( NAMED_UNIT ( * ) SI_UNIT ( $, .STERADIAN. ) SOLID_ANGLE_UNIT ( ) );
#9974 =( NAMED_UNIT ( * ) PLANE_ANGLE_UNIT ( ) SI_UNIT ( $, .RADIAN. ) );
#9975 =( LENGTH_UNIT ( ) NAMED_UNIT ( * ) SI_UNIT ( .MILLI., .METRE. ) );
#9976 = MECHANICAL_DESIGN_GEOMETRIC_PRESENTATION_REPRESENTATION (  '', ( #9978 ), #9971 ) ;
#9977 = PRESENTATION_LAYER_ASSIGNMENT (  '', '', ( #9978 ) ) ;
#9978 = STYLED_ITEM ( 'NONE', ( #9979 ), #204 ) ;
#9979 = PRESENTATION_STYLE_ASSIGNMENT (( #9980 ) ) ;
#9980 = SURFACE_STYLE_USAGE ( .BOTH. , #9981 ) ;
#9981 = SURFACE_SIDE_STYLE ('',( #9982 ) ) ;
#9982 = SURFACE_STYLE_FILL_AREA ( #9983 ) ;
#9983 = FILL_AREA_STYLE ('',( #9990 ) ) ;
#9984 = COLOUR_RGB ( '',0.7529411764705882200, 0.7529411764705882200, 0.7529411764705882200 ) ;
#9985 = FACE_OUTER_BOUND ( 'NONE', #194, .T. ) ;
#9986 = DIRECTION ( 'NONE',  ( 6.982966722218764100E-015, -3.491483361109382100E-015, 1.000000000000000000 ) ) ;
#9987 = VECTOR ( 'NONE', #9986, 1000.000000000000000 ) ;
#9988 = CARTESIAN_POINT ( 'NONE',  ( -3.750000000000038200, 3.750000000000018200, -4.957106781186514200 ) ) ;
#9989 = LINE ( 'NONE', #9988, #9987 ) ;
#9990 = FILL_AREA_STYLE_COLOUR ( '', #9984 ) ;
#9991 = PLANE ( 'NONE',  #10053 ) ;
#9992 =( GEOMETRIC_REPRESENTATION_CONTEXT ( 3 ) GLOBAL_UNCERTAINTY_ASSIGNED_CONTEXT ( ( #9993 ) ) GLOBAL_UNIT_ASSIGNED_CONTEXT ( ( #9996, #9995, #9994 ) ) REPRESENTATION_CONTEXT ( 'NONE', 'WORKASPACE' ) );
#9993 = UNCERTAINTY_MEASURE_WITH_UNIT (LENGTH_MEASURE( 1.000000000000000100E-005 ), #9996, 'distance_accuracy_value', 'NONE');
#9994 =( NAMED_UNIT ( * ) SI_UNIT ( $, .STERADIAN. ) SOLID_ANGLE_UNIT ( ) );
#9995 =( NAMED_UNIT ( * ) PLANE_ANGLE_UNIT ( ) SI_UNIT ( $, .RADIAN. ) );
#9996 =( LENGTH_UNIT ( ) NAMED_UNIT ( * ) SI_UNIT ( .MILLI., .METRE. ) );
#9997 = MECHANICAL_DESIGN_GEOMETRIC_PRESENTATION_REPRESENTATION (  '', ( #9999 ), #9992 ) ;
#9998 = PRESENTATION_LAYER_ASSIGNMENT (  '', '', ( #9999 ) ) ;
#9999 = STYLED_ITEM ( 'NONE', ( #10000 ), #214 ) ;
#10000 = PRESENTATION_STYLE_ASSIGNMENT (( #10001 ) ) ;
#10001 = SURFACE_STYLE_USAGE ( .BOTH. , #10002 ) ;
#10002 = SURFACE_SIDE_STYLE ('',( #10003 ) ) ;
#10003 = SURFACE_STYLE_FILL_AREA ( #10004 ) ;
#10004 = FILL_AREA_STYLE ('',( #10005 ) ) ;
#10005 = FILL_AREA_STYLE_COLOUR ( '', #10006 ) ;
#10006 = COLOUR_RGB ( '',0.7529411764705882200, 0.7529411764705882200, 0.7529411764705882200 ) ;
#10007 = FACE_OUTER_BOUND ( 'NONE', #220, .T. ) ;
#10008 = CARTESIAN_POINT ( 'NONE',  ( -3.749999999999983100, 3.249999999999990700, 2.650000000000033200 ) ) ;
#10009 = CARTESIAN_POINT ( 'NONE',  ( 4.249999999999996400, 1.250000000000002200, -0.2500000000000290300 ) ) ;
#10010 = CARTESIAN_POINT ( 'NONE',  ( -3.749999999999984900, 3.749999999999991100, 2.650000000000035000 ) ) ;
#10011 = CARTESIAN_POINT ( 'NONE',  ( 0.2499999999999653100, 3.750000000000016400, -4.499999999999992900 ) ) ;
#10012 = DIRECTION ( 'NONE',  ( -1.000000000000000000, 0.0000000000000000000, 6.982966722218764100E-015 ) ) ;
#10013 = VECTOR ( 'NONE', #10012, 1000.000000000000000 ) ;
#10014 = CARTESIAN_POINT ( 'NONE',  ( -4.249999999999984000, 3.749999999999991100, 2.650000000000038500 ) ) ;
#10015 = LINE ( 'NONE', #10014, #10013 ) ;
#10016 = DIRECTION ( 'NONE',  ( -6.982966722218764100E-015, 3.491483361109382100E-015, -1.000000000000000000 ) ) ;
#10017 = VECTOR ( 'NONE', #10016, 1000.000000000000000 ) ;
#10018 = CARTESIAN_POINT ( 'NONE',  ( -0.2500000000000349700, -2.999999999999984500, -4.728553390593286400 ) ) ;
#10019 = LINE ( 'NONE', #10018, #10017 ) ;
#10020 = UNCERTAINTY_MEASURE_WITH_UNIT (LENGTH_MEASURE( 1.000000000000000100E-005 ), #10023, 'distance_accuracy_value', 'NONE');
#10021 =( NAMED_UNIT ( * ) SI_UNIT ( $, .STERADIAN. ) SOLID_ANGLE_UNIT ( ) );
#10022 =( NAMED_UNIT ( * ) PLANE_ANGLE_UNIT ( ) SI_UNIT ( $, .RADIAN. ) );
#10023 =( LENGTH_UNIT ( ) NAMED_UNIT ( * ) SI_UNIT ( .MILLI., .METRE. ) );
#10024 = MECHANICAL_DESIGN_GEOMETRIC_PRESENTATION_REPRESENTATION (  '', ( #10026 ), #10085 ) ;
#10025 = PRESENTATION_LAYER_ASSIGNMENT (  '', '', ( #10026 ) ) ;
#10026 = STYLED_ITEM ( 'NONE', ( #10027 ), #229 ) ;
#10027 = PRESENTATION_STYLE_ASSIGNMENT (( #10028 ) ) ;
#10028 = SURFACE_STYLE_USAGE ( .BOTH. , #10029 ) ;
#10029 = SURFACE_SIDE_STYLE ('',( #10030 ) ) ;
#10030 = SURFACE_STYLE_FILL_AREA ( #10031 ) ;
#10031 = FILL_AREA_STYLE ('',( #10038 ) ) ;
#10032 = COLOUR_RGB ( '',0.7529411764705882200, 0.7529411764705882200, 0.7529411764705882200 ) ;
#10033 = FACE_OUTER_BOUND ( 'NONE', #231, .T. ) ;
#10034 = DIRECTION ( 'NONE',  ( 6.982966722218764100E-015, -3.491483361109382100E-015, 1.000000000000000000 ) ) ;
#10035 = VECTOR ( 'NONE', #10034, 1000.000000000000000 ) ;
#10036 = CARTESIAN_POINT ( 'NONE',  ( -4.250000000000036400, 3.750000000000018200, -4.957106781186510600 ) ) ;
#10037 = LINE ( 'NONE', #10036, #10035 ) ;
#10038 = FILL_AREA_STYLE_COLOUR ( '', #10032 ) ;
#10039 = CARTESIAN_POINT ( 'NONE',  ( -4.249999999999984000, 3.249999999999990700, 2.650000000000036800 ) ) ;
#10040 = CARTESIAN_POINT ( 'NONE',  ( -4.249999999999984000, 3.749999999999991100, 2.650000000000038500 ) ) ;
#10041 = CARTESIAN_POINT ( 'NONE',  ( 10.24999999999998200, -2.999999999999991600, -2.500000000000087900 ) ) ;
#10042 = DIRECTION ( 'NONE',  ( -3.469446951953586600E-015, 1.000000000000000000, 3.491483361109406100E-015 ) ) ;
#10043 = VECTOR ( 'NONE', #10042, 1000.000000000000000 ) ;
#10044 = CARTESIAN_POINT ( 'NONE',  ( -3.749999999999984900, 3.749999999999991100, 2.650000000000035000 ) ) ;
#10045 = LINE ( 'NONE', #10044, #10043 ) ;
#10046 = DIRECTION ( 'NONE',  ( 1.000000000000000000, 0.0000000000000000000, -6.982966722218764100E-015 ) ) ;
#10047 = VECTOR ( 'NONE', #10046, 1000.000000000000000 ) ;
#10048 = CARTESIAN_POINT ( 'NONE',  ( -4.249999999999984000, 3.249999999999990700, 2.650000000000036800 ) ) ;
#10049 = LINE ( 'NONE', #10048, #10047 ) ;
#10050 = DIRECTION ( 'NONE',  ( 1.000000000000000000, 0.0000000000000000000, -6.982966722218764100E-015 ) ) ;
#10051 = DIRECTION ( 'NONE',  ( -2.438091212180733500E-029, -1.000000000000000000, -3.491483361109382100E-015 ) ) ;
#10052 = CARTESIAN_POINT ( 'NONE',  ( -4.250000000000036400, 3.250000000000017800, -4.957106781186512400 ) ) ;
#10053 = AXIS2_PLACEMENT_3D ( 'NONE', #10052, #10051, #10050 ) ;
#10054 =( NAMED_UNIT ( * ) PLANE_ANGLE_UNIT ( ) SI_UNIT ( $, .RADIAN. ) );
#10055 =( LENGTH_UNIT ( ) NAMED_UNIT ( * ) SI_UNIT ( .MILLI., .METRE. ) );
#10056 = MECHANICAL_DESIGN_GEOMETRIC_PRESENTATION_REPRESENTATION (  '', ( #10058 ), #10114 ) ;
#10057 = PRESENTATION_LAYER_ASSIGNMENT (  '', '', ( #10058 ) ) ;
#10058 = STYLED_ITEM ( 'NONE', ( #10059 ), #243 ) ;
#10059 = PRESENTATION_STYLE_ASSIGNMENT (( #10060 ) ) ;
#10060 = SURFACE_STYLE_USAGE ( .BOTH. , #10061 ) ;
#10061 = SURFACE_SIDE_STYLE ('',( #10062 ) ) ;
#10062 = SURFACE_STYLE_FILL_AREA ( #10063 ) ;
#10063 = FILL_AREA_STYLE ('',( #10070 ) ) ;
#10064 = COLOUR_RGB ( '',0.7529411764705882200, 0.7529411764705882200, 0.7529411764705882200 ) ;
#10065 = FACE_OUTER_BOUND ( 'NONE', #223, .T. ) ;
#10066 = DIRECTION ( 'NONE',  ( -1.000000000000000000, 0.0000000000000000000, 6.982966722218764900E-015 ) ) ;
#10067 = VECTOR ( 'NONE', #10066, 1000.000000000000000 ) ;
#10068 = CARTESIAN_POINT ( 'NONE',  ( 11.95100000000001500, 1.599999999999990100, 2.149999999999919500 ) ) ;
#10069 = LINE ( 'NONE', #10068, #10067 ) ;
#10070 = FILL_AREA_STYLE_COLOUR ( '', #10064 ) ;
#10071 = DIRECTION ( 'NONE',  ( -1.000000000000000000, 0.0000000000000000000, 6.982966722218764900E-015 ) ) ;
#10072 = VECTOR ( 'NONE', #10071, 1000.000000000000000 ) ;
#10073 = CARTESIAN_POINT ( 'NONE',  ( 11.95100000000001500, 2.399999999999989700, 2.149999999999920900 ) ) ;
#10074 = LINE ( 'NONE', #10073, #10072 ) ;
#10075 = DIRECTION ( 'NONE',  ( 6.982966722218764100E-015, -3.491483361109382100E-015, 1.000000000000000000 ) ) ;
#10076 = VECTOR ( 'NONE', #10075, 1000.000000000000000 ) ;
#10077 = CARTESIAN_POINT ( 'NONE',  ( -3.750000000000036400, 3.250000000000017800, -4.957106781186515900 ) ) ;
#10078 = LINE ( 'NONE', #10077, #10076 ) ;
#10079 = DIRECTION ( 'NONE',  ( -3.469446951953586600E-015, 1.000000000000000000, 3.491483361109406100E-015 ) ) ;
#10080 = DIRECTION ( 'NONE',  ( 1.000000000000000000, 3.469446951953611000E-015, -6.982966722218752300E-015 ) ) ;
#10081 = CARTESIAN_POINT ( 'NONE',  ( -3.750000000000038200, 3.750000000000018200, -4.957106781186514200 ) ) ;
#10082 = AXIS2_PLACEMENT_3D ( 'NONE', #10081, #10080, #10079 ) ;
#10083 = PLANE ( 'NONE',  #10082 ) ;
#10084 = VERTEX_POINT ( 'NONE', #5776 ) ;
#10085 =( GEOMETRIC_REPRESENTATION_CONTEXT ( 3 ) GLOBAL_UNCERTAINTY_ASSIGNED_CONTEXT ( ( #10020 ) ) GLOBAL_UNIT_ASSIGNED_CONTEXT ( ( #10023, #10022, #10021 ) ) REPRESENTATION_CONTEXT ( 'NONE', 'WORKASPACE' ) );
#10086 = ORIENTED_EDGE ( 'NONE', *, *, #10112, .T. ) ;
#10087 = PLANE ( 'NONE',  #10144 ) ;
#10088 = FACE_OUTER_BOUND ( 'NONE', #248, .T. ) ;
#10089 = DIRECTION ( 'NONE',  ( -6.982966722218764100E-015, 3.324683026880842900E-015, -1.000000000000000000 ) ) ;
#10090 = DIRECTION ( 'NONE',  ( 2.321615093863447800E-029, 1.000000000000000000, 3.324683026880842900E-015 ) ) ;
#10091 = CARTESIAN_POINT ( 'NONE',  ( 11.95100000000003200, 2.399999999999981300, 4.749999999999921000 ) ) ;
#10092 = AXIS2_PLACEMENT_3D ( 'NONE', #10091, #10090, #10089 ) ;
#10093 = PLANE ( 'NONE',  #10092 ) ;
#10094 = FACE_OUTER_BOUND ( 'NONE', #966, .T. ) ;
#10095 = DIRECTION ( 'NONE',  ( 6.982966722218764100E-015, -3.658283695337921300E-015, 1.000000000000000000 ) ) ;
#10096 = DIRECTION ( 'NONE',  ( -2.554567330498018900E-029, -1.000000000000000000, -3.658283695337921300E-015 ) ) ;
#10097 = CARTESIAN_POINT ( 'NONE',  ( -11.95099999999996700, 1.599999999999981400, 4.750000000000084400 ) ) ;
#10098 = AXIS2_PLACEMENT_3D ( 'NONE', #10097, #10096, #10095 ) ;
#10099 = PLANE ( 'NONE',  #10098 ) ;
#10100 = DIRECTION ( 'NONE',  ( -2.438091212180733500E-029, -1.000000000000000000, -3.491483361109382100E-015 ) ) ;
#10101 = DIRECTION ( 'NONE',  ( -6.982966722218764100E-015, 3.491483361109382100E-015, -1.000000000000000000 ) ) ;
#10102 = CARTESIAN_POINT ( 'NONE',  ( 11.95100000000001500, 2.399999999999989700, 2.149999999999920900 ) ) ;
#10103 = AXIS2_PLACEMENT_3D ( 'NONE', #10102, #10101, #10100 ) ;
#10104 = FACE_OUTER_BOUND ( 'NONE', #210, .T. ) ;
#10105 = PLANE ( 'NONE',  #10103 ) ;
#10106 = FACE_OUTER_BOUND ( 'NONE', #200, .T. ) ;
#10107 = CARTESIAN_POINT ( 'NONE',  ( -5.749999999999983100, 1.249999999999992200, 2.650000000000040800 ) ) ;
#10108 = DIRECTION ( 'NONE',  ( -2.438091212180733500E-029, -1.000000000000000000, -3.491483361109382100E-015 ) ) ;
#10109 = DIRECTION ( 'NONE',  ( -1.000000000000000000, 0.0000000000000000000, 6.982966722218764100E-015 ) ) ;
#10110 = CARTESIAN_POINT ( 'NONE',  ( -4.250000000000036400, 3.750000000000018200, -4.957106781186510600 ) ) ;
#10111 = AXIS2_PLACEMENT_3D ( 'NONE', #10110, #10109, #10108 ) ;
#10112 = EDGE_CURVE ( 'NONE', #10084, #10516, #5775, .T. ) ;
#10113 = PLANE ( 'NONE',  #10111 ) ;
#10114 =( GEOMETRIC_REPRESENTATION_CONTEXT ( 3 ) GLOBAL_UNCERTAINTY_ASSIGNED_CONTEXT ( ( #10115 ) ) GLOBAL_UNIT_ASSIGNED_CONTEXT ( ( #10055, #10054, #10116 ) ) REPRESENTATION_CONTEXT ( 'NONE', 'WORKASPACE' ) );
#10115 = UNCERTAINTY_MEASURE_WITH_UNIT (LENGTH_MEASURE( 1.000000000000000100E-005 ), #10055, 'distance_accuracy_value', 'NONE');
#10116 =( NAMED_UNIT ( * ) SI_UNIT ( $, .STERADIAN. ) SOLID_ANGLE_UNIT ( ) );
#10117 =( GEOMETRIC_REPRESENTATION_CONTEXT ( 3 ) GLOBAL_UNCERTAINTY_ASSIGNED_CONTEXT ( ( #10118 ) ) GLOBAL_UNIT_ASSIGNED_CONTEXT ( ( #10121, #10120, #10119 ) ) REPRESENTATION_CONTEXT ( 'NONE', 'WORKASPACE' ) );
#10118 = UNCERTAINTY_MEASURE_WITH_UNIT (LENGTH_MEASURE( 1.000000000000000100E-005 ), #10121, 'distance_accuracy_value', 'NONE');
#10119 =( NAMED_UNIT ( * ) SI_UNIT ( $, .STERADIAN. ) SOLID_ANGLE_UNIT ( ) );
#10120 =( NAMED_UNIT ( * ) PLANE_ANGLE_UNIT ( ) SI_UNIT ( $, .RADIAN. ) );
#10121 =( LENGTH_UNIT ( ) NAMED_UNIT ( * ) SI_UNIT ( .MILLI., .METRE. ) );
#10122 = MECHANICAL_DESIGN_GEOMETRIC_PRESENTATION_REPRESENTATION (  '', ( #10124 ), #10117 ) ;
#10123 = PRESENTATION_LAYER_ASSIGNMENT (  '', '', ( #10124 ) ) ;
#10124 = STYLED_ITEM ( 'NONE', ( #10125 ), #1621 ) ;
#10125 = PRESENTATION_STYLE_ASSIGNMENT (( #10126 ) ) ;
#10126 = SURFACE_STYLE_USAGE ( .BOTH. , #10127 ) ;
#10127 = SURFACE_SIDE_STYLE ('',( #10128 ) ) ;
#10128 = SURFACE_STYLE_FILL_AREA ( #10129 ) ;
#10129 = FILL_AREA_STYLE ('',( #10136 ) ) ;
#10130 = COLOUR_RGB ( '',0.7529411764705882200, 0.7529411764705882200, 0.7529411764705882200 ) ;
#10131 = FACE_OUTER_BOUND ( 'NONE', #6804, .T. ) ;
#10132 = DIRECTION ( 'NONE',  ( 6.982966722218764100E-015, -3.491483361109382100E-015, 1.000000000000000000 ) ) ;
#10133 = VECTOR ( 'NONE', #10132, 1000.000000000000000 ) ;
#10134 = CARTESIAN_POINT ( 'NONE',  ( -6.250000000000036400, 3.750000000000018200, -4.957106781186496400 ) ) ;
#10135 = LINE ( 'NONE', #10134, #10133 ) ;
#10136 = FILL_AREA_STYLE_COLOUR ( '', #10130 ) ;
#10137 = DIRECTION ( 'NONE',  ( 6.982966722218764100E-015, -3.491483361109382100E-015, 1.000000000000000000 ) ) ;
#10138 = VECTOR ( 'NONE', #10137, 1000.000000000000000 ) ;
#10139 = CARTESIAN_POINT ( 'NONE',  ( -5.750000000000038200, 3.750000000000018200, -4.957106781186499900 ) ) ;
#10140 = LINE ( 'NONE', #10139, #10138 ) ;
#10141 = DIRECTION ( 'NONE',  ( -2.438091212180733500E-029, -1.000000000000000000, -3.491483361109382100E-015 ) ) ;
#10142 = DIRECTION ( 'NONE',  ( -6.982966722218764100E-015, 3.491483361109382100E-015, -1.000000000000000000 ) ) ;
#10143 = CARTESIAN_POINT ( 'NONE',  ( -11.95099999999998500, 1.599999999999991000, 2.150000000000086100 ) ) ;
#10144 = AXIS2_PLACEMENT_3D ( 'NONE', #10143, #10142, #10141 ) ;
#10145 =( NAMED_UNIT ( * ) SI_UNIT ( $, .STERADIAN. ) SOLID_ANGLE_UNIT ( ) );
#10146 =( NAMED_UNIT ( * ) PLANE_ANGLE_UNIT ( ) SI_UNIT ( $, .RADIAN. ) );
#10147 =( LENGTH_UNIT ( ) NAMED_UNIT ( * ) SI_UNIT ( .MILLI., .METRE. ) );
#10148 = MECHANICAL_DESIGN_GEOMETRIC_PRESENTATION_REPRESENTATION (  '', ( #10150 ), #10203 ) ;
#10149 = PRESENTATION_LAYER_ASSIGNMENT (  '', '', ( #10150 ) ) ;
#10150 = STYLED_ITEM ( 'NONE', ( #10151 ), #1920 ) ;
#10151 = PRESENTATION_STYLE_ASSIGNMENT (( #10152 ) ) ;
#10152 = SURFACE_STYLE_USAGE ( .BOTH. , #10153 ) ;
#10153 = SURFACE_SIDE_STYLE ('',( #10154 ) ) ;
#10154 = SURFACE_STYLE_FILL_AREA ( #10155 ) ;
#10155 = FILL_AREA_STYLE ('',( #10162 ) ) ;
#10156 = COLOUR_RGB ( '',0.7529411764705882200, 0.7529411764705882200, 0.7529411764705882200 ) ;
#10157 = FACE_OUTER_BOUND ( 'NONE', #1824, .T. ) ;
#10158 = DIRECTION ( 'NONE',  ( 6.982966722218764100E-015, -3.491483361109382100E-015, 1.000000000000000000 ) ) ;
#10159 = VECTOR ( 'NONE', #10158, 1000.000000000000000 ) ;
#10160 = CARTESIAN_POINT ( 'NONE',  ( -8.499999999999980500, -1.062518129035794300E-014, 2.750000000000056000 ) ) ;
#10161 = LINE ( 'NONE', #10160, #10159 ) ;
#10162 = FILL_AREA_STYLE_COLOUR ( '', #10156 ) ;
#10163 = CARTESIAN_POINT ( 'NONE',  ( -8.499999999999980500, -1.062518129035794300E-014, 2.750000000000056000 ) ) ;
#10164 = DIRECTION ( 'NONE',  ( 1.000000000000000000, 0.0000000000000000000, -6.982966722218764900E-015 ) ) ;
#10165 = VECTOR ( 'NONE', #10164, 1000.000000000000000 ) ;
#10166 = CARTESIAN_POINT ( 'NONE',  ( -11.95099999999998500, 2.399999999999990600, 2.150000000000087400 ) ) ;
#10167 = LINE ( 'NONE', #10166, #10165 ) ;
#10168 = DIRECTION ( 'NONE',  ( 1.000000000000000000, 0.0000000000000000000, -6.982966722218764100E-015 ) ) ;
#10169 = VECTOR ( 'NONE', #10168, 1000.000000000000000 ) ;
#10170 = CARTESIAN_POINT ( 'NONE',  ( -8.499999999999980500, -1.062518129035794300E-014, 2.750000000000056000 ) ) ;
#10171 = LINE ( 'NONE', #10170, #10169 ) ;
#10172 = CARTESIAN_POINT ( 'NONE',  ( -8.499999999999985800, -8.023096076392732800E-015, 2.050000000000055800 ) ) ;
#10173 = DIRECTION ( 'NONE',  ( -1.000000000000000000, 0.0000000000000000000, 6.982966722218764100E-015 ) ) ;
#10174 = DIRECTION ( 'NONE',  ( 2.438091212180733500E-029, 1.000000000000000000, 3.491483361109382100E-015 ) ) ;
#10175 = CARTESIAN_POINT ( 'NONE',  ( -6.250000000000036400, 3.750000000000018200, -4.957106781186496400 ) ) ;
#10176 = AXIS2_PLACEMENT_3D ( 'NONE', #10175, #10174, #10173 ) ;
#10177 = PLANE ( 'NONE',  #10176 ) ;
#10178 = CARTESIAN_POINT ( 'NONE',  ( 10.94999999999996600, 3.276239569296612900, -4.750000000000067500 ) ) ;
#10179 = DIRECTION ( 'NONE',  ( -6.047426575222823600E-015, -0.4999999999999950000, -0.8660254037844414800 ) ) ;
#10180 = VECTOR ( 'NONE', #10179, 999.9999999999998900 ) ;
#10181 = CARTESIAN_POINT ( 'NONE',  ( 10.94999999999996600, 3.276239569296612900, -4.750000000000067500 ) ) ;
#10182 = LINE ( 'NONE', #10181, #10180 ) ;
#10183 = DIRECTION ( 'NONE',  ( -6.982966722218764100E-015, 3.658283695337921300E-015, -1.000000000000000000 ) ) ;
#10184 = DIRECTION ( 'NONE',  ( 2.554567330498018900E-029, 1.000000000000000000, 3.658283695337921300E-015 ) ) ;
#10185 = CARTESIAN_POINT ( 'NONE',  ( -11.95099999999996700, 2.399999999999981300, 4.750000000000087000 ) ) ;
#10186 = AXIS2_PLACEMENT_3D ( 'NONE', #10185, #10184, #10183 ) ;
#10187 = PLANE ( 'NONE',  #10186 ) ;
#10188 = FACE_OUTER_BOUND ( 'NONE', #1665, .T. ) ;
#10189 = DIRECTION ( 'NONE',  ( -6.982966722218764100E-015, 3.491483361109382100E-015, -1.000000000000000000 ) ) ;
#10190 = VECTOR ( 'NONE', #10189, 1000.000000000000000 ) ;
#10191 = CARTESIAN_POINT ( 'NONE',  ( 8.500000000000017800, -1.062518129035794300E-014, 2.749999999999936900 ) ) ;
#10192 = LINE ( 'NONE', #10191, #10190 ) ;
#10193 = DIRECTION ( 'NONE',  ( 1.000000000000000000, 0.0000000000000000000, -6.982966722218764100E-015 ) ) ;
#10194 = VECTOR ( 'NONE', #10193, 1000.000000000000000 ) ;
#10195 = CARTESIAN_POINT ( 'NONE',  ( 8.500000000000012400, -8.023096076392732800E-015, 2.049999999999936800 ) ) ;
#10196 = LINE ( 'NONE', #10195, #10194 ) ;
#10197 = CARTESIAN_POINT ( 'NONE',  ( 8.500000000000017800, -1.062518129035794300E-014, 2.749999999999936900 ) ) ;
#10198 = DIRECTION ( 'NONE',  ( -2.438091212180733500E-029, -1.000000000000000000, -3.491483361109382100E-015 ) ) ;
#10199 = DIRECTION ( 'NONE',  ( -1.000000000000000000, 0.0000000000000000000, 6.982966722218764100E-015 ) ) ;
#10200 = CARTESIAN_POINT ( 'NONE',  ( -6.250000000000036400, 3.750000000000018200, -4.957106781186496400 ) ) ;
#10201 = AXIS2_PLACEMENT_3D ( 'NONE', #10200, #10199, #10198 ) ;
#10202 = PLANE ( 'NONE',  #10201 ) ;
#10203 =( GEOMETRIC_REPRESENTATION_CONTEXT ( 3 ) GLOBAL_UNCERTAINTY_ASSIGNED_CONTEXT ( ( #10204 ) ) GLOBAL_UNIT_ASSIGNED_CONTEXT ( ( #10147, #10146, #10145 ) ) REPRESENTATION_CONTEXT ( 'NONE', 'WORKASPACE' ) );
#10204 = UNCERTAINTY_MEASURE_WITH_UNIT (LENGTH_MEASURE( 1.000000000000000100E-005 ), #10147, 'distance_accuracy_value', 'NONE');
#10205 = CARTESIAN_POINT ( 'NONE',  ( -6.250000000000014200, 1.750000000000007300, -1.749999999999952700 ) ) ;
#10206 = CARTESIAN_POINT ( 'NONE',  ( -10.79999999999997200, -1.322726650432315400E-014, 3.450000000000072100 ) ) ;
#10207 = DIRECTION ( 'NONE',  ( 1.000000000000000000, 0.0000000000000000000, -6.982966722218764900E-015 ) ) ;
#10208 = VECTOR ( 'NONE', #10207, 1000.000000000000000 ) ;
#10209 = CARTESIAN_POINT ( 'NONE',  ( -10.79999999999997200, -1.322726650432315400E-014, 3.450000000000072100 ) ) ;
#10210 = LINE ( 'NONE', #10209, #10208 ) ;
#10211 = DIRECTION ( 'NONE',  ( -6.982966722218764100E-015, 3.491483361109382100E-015, -1.000000000000000000 ) ) ;
#10212 = VECTOR ( 'NONE', #10211, 1000.000000000000000 ) ;
#10213 = CARTESIAN_POINT ( 'NONE',  ( -9.999999999999973400, -1.322726650432315400E-014, 3.450000000000066300 ) ) ;
#10214 = LINE ( 'NONE', #10213, #10212 ) ;
#10215 = DIRECTION ( 'NONE',  ( -6.982966722218764100E-015, 3.491483361109382100E-015, -1.000000000000000000 ) ) ;
#10216 = VECTOR ( 'NONE', #10215, 1000.000000000000000 ) ;
#10217 = CARTESIAN_POINT ( 'NONE',  ( -10.79999999999996300, -1.756407519426517200E-014, 4.750000000000072800 ) ) ;
#10218 = LINE ( 'NONE', #10217, #10216 ) ;
#10219 = CARTESIAN_POINT ( 'NONE',  ( 10.94999999999997600, 4.200000000000009900, -3.150000000000052800 ) ) ;
#10220 = DIRECTION ( 'NONE',  ( -1.000000000000000000, 0.0000000000000000000, 6.982966722218764100E-015 ) ) ;
#10221 = VECTOR ( 'NONE', #10220, 1000.000000000000000 ) ;
#10223 = EDGE_CURVE ( 'NONE', #10318, #10084, #5771, .T. ) ;
#10222 = CARTESIAN_POINT ( 'NONE',  ( -11.95000000000003100, 1.452830911130575900E-014, -4.749999999999919200 ) ) ;
#10224 = LINE ( 'NONE', #10222, #10221 ) ;
#10225 = CARTESIAN_POINT ( 'NONE',  ( -10.95000000000003100, 1.452830911130575900E-014, -4.749999999999926300 ) ) ;
#10226 = DIRECTION ( 'NONE',  ( 6.982966722218764100E-015, -3.358043093726550800E-015, 1.000000000000000000 ) ) ;
#10227 = VECTOR ( 'NONE', #10226, 1000.000000000000000 ) ;
#10228 = CARTESIAN_POINT ( 'NONE',  ( -11.95000000000001200, 4.119968255444916800E-015, -1.749999999999919000 ) ) ;
#10229 = LINE ( 'NONE', #10228, #10227 ) ;
#10230 = CARTESIAN_POINT ( 'NONE',  ( -11.95000000000003100, 1.452830911130575900E-014, -4.749999999999919200 ) ) ;
#10231 = DIRECTION ( 'NONE',  ( 1.000000000000000000, 0.0000000000000000000, -6.982966722218764900E-015 ) ) ;
#10232 = VECTOR ( 'NONE', #10231, 1000.000000000000000 ) ;
#10233 = CARTESIAN_POINT ( 'NONE',  ( -11.95099999999998500, 1.599999999999991000, 2.150000000000086100 ) ) ;
#10234 = LINE ( 'NONE', #10233, #10232 ) ;
#10235 = DIRECTION ( 'NONE',  ( -1.000000000000000000, 0.0000000000000000000, 6.982966722218764100E-015 ) ) ;
#10236 = VECTOR ( 'NONE', #10235, 1000.000000000000000 ) ;
#10237 = CARTESIAN_POINT ( 'NONE',  ( 11.94999999999996600, 1.452830911130575900E-014, -4.750000000000086200 ) ) ;
#10238 = LINE ( 'NONE', #10237, #10236 ) ;
#10239 = CARTESIAN_POINT ( 'NONE',  ( 11.94999999999996600, 1.452830911130575900E-014, -4.750000000000086200 ) ) ;
#10240 = DIRECTION ( 'NONE',  ( 1.000000000000000000, 0.0000000000000000000, -6.982966722218764100E-015 ) ) ;
#10241 = VECTOR ( 'NONE', #10240, 1000.000000000000000 ) ;
#10242 = CARTESIAN_POINT ( 'NONE',  ( -11.95000000000001200, 1.250000000000006900, -1.749999999999914500 ) ) ;
#10243 = LINE ( 'NONE', #10242, #10241 ) ;
#10244 = DIRECTION ( 'NONE',  ( 2.438091212180733500E-029, 1.000000000000000000, 3.491483361109382100E-015 ) ) ;
#10245 = VECTOR ( 'NONE', #10244, 1000.000000000000000 ) ;
#10246 = CARTESIAN_POINT ( 'NONE',  ( -5.750000000000014200, 5.000000000000005300, -1.749999999999944900 ) ) ;
#10247 = LINE ( 'NONE', #10246, #10245 ) ;
#10248 = DIRECTION ( 'NONE',  ( -1.000000000000000000, 0.0000000000000000000, 6.982966722218764100E-015 ) ) ;
#10249 = VECTOR ( 'NONE', #10248, 1000.000000000000000 ) ;
#10250 = CARTESIAN_POINT ( 'NONE',  ( -11.95000000000001200, 1.750000000000007300, -1.749999999999913000 ) ) ;
#10251 = LINE ( 'NONE', #10250, #10249 ) ;
#10252 = CARTESIAN_POINT ( 'NONE',  ( -5.750000000000014200, 1.250000000000006900, -1.749999999999958000 ) ) ;
#10253 = CARTESIAN_POINT ( 'NONE',  ( -5.750000000000014200, 1.750000000000007300, -1.749999999999956300 ) ) ;
#10254 = DIRECTION ( 'NONE',  ( -2.438091212180733500E-029, -1.000000000000000000, -3.491483361109382100E-015 ) ) ;
#10255 = VECTOR ( 'NONE', #10254, 1000.000000000000000 ) ;
#10256 = CARTESIAN_POINT ( 'NONE',  ( -6.250000000000014200, 5.000000000000005300, -1.749999999999941400 ) ) ;
#10257 = LINE ( 'NONE', #10256, #10255 ) ;
#10258 = DIRECTION ( 'NONE',  ( -2.438091212180733500E-029, -1.000000000000000000, -3.491483361109382100E-015 ) ) ;
#10259 = DIRECTION ( 'NONE',  ( -6.982966722218764100E-015, 3.491483361109382100E-015, -1.000000000000000000 ) ) ;
#10260 = CARTESIAN_POINT ( 'NONE',  ( -11.94999999999996600, 4.999999999999983100, 4.750000000000097700 ) ) ;
#10261 = AXIS2_PLACEMENT_3D ( 'NONE', #10260, #10259, #10258 ) ;
#10262 = PLANE ( 'NONE',  #10261 ) ;
#10263 = FACE_OUTER_BOUND ( 'NONE', #3146, .T. ) ;
#10264 = DIRECTION ( 'NONE',  ( 6.982966722218764100E-015, -3.358043093726550800E-015, 1.000000000000000000 ) ) ;
#10265 = VECTOR ( 'NONE', #10264, 1000.000000000000000 ) ;
#10266 = CARTESIAN_POINT ( 'NONE',  ( 11.94999999999998700, 4.119968255444916800E-015, -1.750000000000085900 ) ) ;
#10267 = LINE ( 'NONE', #10266, #10265 ) ;
#10268 =( GEOMETRIC_REPRESENTATION_CONTEXT ( 3 ) GLOBAL_UNCERTAINTY_ASSIGNED_CONTEXT ( ( #10269 ) ) GLOBAL_UNIT_ASSIGNED_CONTEXT ( ( #10272, #10271, #10270 ) ) REPRESENTATION_CONTEXT ( 'NONE', 'WORKASPACE' ) );
#10269 = UNCERTAINTY_MEASURE_WITH_UNIT (LENGTH_MEASURE( 1.000000000000000100E-005 ), #10272, 'distance_accuracy_value', 'NONE');
#10270 =( NAMED_UNIT ( * ) SI_UNIT ( $, .STERADIAN. ) SOLID_ANGLE_UNIT ( ) );
#10271 =( NAMED_UNIT ( * ) PLANE_ANGLE_UNIT ( ) SI_UNIT ( $, .RADIAN. ) );
#10272 =( LENGTH_UNIT ( ) NAMED_UNIT ( * ) SI_UNIT ( .MILLI., .METRE. ) );
#10273 = MECHANICAL_DESIGN_GEOMETRIC_PRESENTATION_REPRESENTATION (  '', ( #10275 ), #10268 ) ;
#10274 = PRESENTATION_LAYER_ASSIGNMENT (  '', '', ( #10275 ) ) ;
#10275 = STYLED_ITEM ( 'NONE', ( #10276 ), #4041 ) ;
#10276 = PRESENTATION_STYLE_ASSIGNMENT (( #10277 ) ) ;
#10277 = SURFACE_STYLE_USAGE ( .BOTH. , #10278 ) ;
#10278 = SURFACE_SIDE_STYLE ('',( #10279 ) ) ;
#10279 = SURFACE_STYLE_FILL_AREA ( #10280 ) ;
#10280 = FILL_AREA_STYLE ('',( #10287 ) ) ;
#10281 = COLOUR_RGB ( '',0.7529411764705882200, 0.7529411764705882200, 0.7529411764705882200 ) ;
#10282 = FACE_OUTER_BOUND ( 'NONE', #3950, .T. ) ;
#10283 = DIRECTION ( 'NONE',  ( -2.438091212180733500E-029, -1.000000000000000000, -3.491483361109382100E-015 ) ) ;
#10284 = VECTOR ( 'NONE', #10283, 1000.000000000000000 ) ;
#10285 = CARTESIAN_POINT ( 'NONE',  ( -8.250000000000016000, 5.000000000000005300, -1.749999999999927400 ) ) ;
#10286 = LINE ( 'NONE', #10285, #10284 ) ;
#10287 = FILL_AREA_STYLE_COLOUR ( '', #10281 ) ;
#10288 = CARTESIAN_POINT ( 'NONE',  ( 10.94999999999996600, 1.452830911130575900E-014, -4.750000000000079000 ) ) ;
#10289 = DIRECTION ( 'NONE',  ( 6.982966722218764100E-015, -3.491483361109382100E-015, 1.000000000000000000 ) ) ;
#10290 = VECTOR ( 'NONE', #10289, 1000.000000000000000 ) ;
#10291 = CARTESIAN_POINT ( 'NONE',  ( 10.94999999999996600, 1.452830911130575900E-014, -4.750000000000079000 ) ) ;
#10292 = LINE ( 'NONE', #10291, #10290 ) ;
#10293 = DIRECTION ( 'NONE',  ( 6.982966722218764100E-015, -3.491483361109382100E-015, 1.000000000000000000 ) ) ;
#10294 = VECTOR ( 'NONE', #10293, 1000.000000000000000 ) ;
#10295 = CARTESIAN_POINT ( 'NONE',  ( -6.250000000000036400, 3.250000000000017800, -4.957106781186498200 ) ) ;
#10296 = LINE ( 'NONE', #10295, #10294 ) ;
#10297 = CARTESIAN_POINT ( 'NONE',  ( -6.250000000000014200, 1.250000000000006900, -1.749999999999954500 ) ) ;
#10298 = CARTESIAN_POINT ( 'NONE',  ( -6.250000000000033800, 3.750000000000016400, -4.499999999999947600 ) ) ;
#10299 = LINE ( 'NONE', #10298, #10361 ) ;
#10300 = CARTESIAN_POINT ( 'NONE',  ( -6.250000000000033800, 3.750000000000016400, -4.499999999999947600 ) ) ;
#10301 = DIRECTION ( 'NONE',  ( 6.982966722218764100E-015, -3.491483361109382100E-015, 1.000000000000000000 ) ) ;
#10302 = VECTOR ( 'NONE', #10301, 1000.000000000000000 ) ;
#10303 = CARTESIAN_POINT ( 'NONE',  ( -6.250000000000036400, 3.750000000000018200, -4.957106781186496400 ) ) ;
#10304 = LINE ( 'NONE', #10303, #10302 ) ;
#10305 = CARTESIAN_POINT ( 'NONE',  ( -6.250000000000033800, -2.999999999999984500, -4.499999999999970700 ) ) ;
#10306 = CARTESIAN_POINT ( 'NONE',  ( -3.750000000000013800, 1.750000000000007300, -1.749999999999970000 ) ) ;
#10307 = CARTESIAN_POINT ( 'NONE',  ( -4.250000000000014200, 1.250000000000006900, -1.749999999999968500 ) ) ;
#10308 = DIRECTION ( 'NONE',  ( 1.000000000000000000, 0.0000000000000000000, -6.982966722218764100E-015 ) ) ;
#10309 = EDGE_CURVE ( 'NONE', #10674, #10318, #5834, .T. ) ;
#10310 = VECTOR ( 'NONE', #10308, 1000.000000000000000 ) ;
#10311 = CARTESIAN_POINT ( 'NONE',  ( -11.95000000000001200, 1.250000000000006900, -1.749999999999914500 ) ) ;
#10312 = LINE ( 'NONE', #10311, #10310 ) ;
#10313 = CARTESIAN_POINT ( 'NONE',  ( -3.750000000000013800, 1.250000000000006900, -1.749999999999971800 ) ) ;
#10314 = DIRECTION ( 'NONE',  ( -1.000000000000000000, 0.0000000000000000000, 6.982966722218764100E-015 ) ) ;
#10315 = VECTOR ( 'NONE', #10314, 1000.000000000000000 ) ;
#10316 = CARTESIAN_POINT ( 'NONE',  ( -11.95000000000001200, 1.750000000000007300, -1.749999999999913000 ) ) ;
#10317 = LINE ( 'NONE', #10316, #10315 ) ;
#10318 = VERTEX_POINT ( 'NONE', #5830 ) ;
#10319 = DIRECTION ( 'NONE',  ( 6.982966722218764100E-015, -3.491483361109382100E-015, 1.000000000000000000 ) ) ;
#10320 = VECTOR ( 'NONE', #10319, 1000.000000000000000 ) ;
#10321 = CARTESIAN_POINT ( 'NONE',  ( -10.95000000000003100, 1.452830911130575900E-014, -4.749999999999926300 ) ) ;
#10322 = LINE ( 'NONE', #10321, #10320 ) ;
#10323 = CARTESIAN_POINT ( 'NONE',  ( -6.250000000000030200, -2.999999999999986200, -3.999999999999970700 ) ) ;
#10324 = CARTESIAN_POINT ( 'NONE',  ( -7.750000000000016000, 1.750000000000007300, -1.749999999999942000 ) ) ;
#10325 = CARTESIAN_POINT ( 'NONE',  ( -8.250000000000016000, 1.750000000000007300, -1.749999999999938700 ) ) ;
#10326 = DIRECTION ( 'NONE',  ( 1.000000000000000000, 0.0000000000000000000, -6.982966722218764100E-015 ) ) ;
#10327 = DIRECTION ( 'NONE',  ( -2.438091212180733500E-029, -1.000000000000000000, -3.491483361109382100E-015 ) ) ;
#10328 = CARTESIAN_POINT ( 'NONE',  ( -6.250000000000036400, 3.250000000000017800, -4.957106781186498200 ) ) ;
#10329 = AXIS2_PLACEMENT_3D ( 'NONE', #10328, #10327, #10326 ) ;
#10330 = PLANE ( 'NONE',  #10329 ) ;
#10331 = PLANE ( 'NONE',  #10397 ) ;
#10332 = FACE_OUTER_BOUND ( 'NONE', #4594, .T. ) ;
#10333 = DIRECTION ( 'NONE',  ( 1.000000000000000000, 0.0000000000000000000, -6.982966722218764100E-015 ) ) ;
#10334 = VECTOR ( 'NONE', #10333, 1000.000000000000000 ) ;
#10335 = CARTESIAN_POINT ( 'NONE',  ( -6.250000000000030200, 3.250000000000014200, -3.999999999999948900 ) ) ;
#10336 = LINE ( 'NONE', #10335, #10334 ) ;
#10337 = CARTESIAN_POINT ( 'NONE',  ( -11.94999999999998300, 1.599999999999990100, 2.150000000000086100 ) ) ;
#10338 = DIRECTION ( 'NONE',  ( -2.438091212180733500E-029, -1.000000000000000000, -3.491483361109382100E-015 ) ) ;
#10339 = DIRECTION ( 'NONE',  ( -1.000000000000000000, 0.0000000000000000000, 6.982966722218764100E-015 ) ) ;
#10340 = CARTESIAN_POINT ( 'NONE',  ( -6.250000000000036400, 3.750000000000018200, -4.957106781186496400 ) ) ;
#10341 = AXIS2_PLACEMENT_3D ( 'NONE', #10340, #10339, #10338 ) ;
#10342 = PLANE ( 'NONE',  #10341 ) ;
#10343 =( GEOMETRIC_REPRESENTATION_CONTEXT ( 3 ) GLOBAL_UNCERTAINTY_ASSIGNED_CONTEXT ( ( #10344 ) ) GLOBAL_UNIT_ASSIGNED_CONTEXT ( ( #10347, #10346, #10345 ) ) REPRESENTATION_CONTEXT ( 'NONE', 'WORKASPACE' ) );
#10344 = UNCERTAINTY_MEASURE_WITH_UNIT (LENGTH_MEASURE( 1.000000000000000100E-005 ), #10347, 'distance_accuracy_value', 'NONE');
#10345 =( NAMED_UNIT ( * ) SI_UNIT ( $, .STERADIAN. ) SOLID_ANGLE_UNIT ( ) );
#10346 =( NAMED_UNIT ( * ) PLANE_ANGLE_UNIT ( ) SI_UNIT ( $, .RADIAN. ) );
#10347 =( LENGTH_UNIT ( ) NAMED_UNIT ( * ) SI_UNIT ( .MILLI., .METRE. ) );
#10348 = MECHANICAL_DESIGN_GEOMETRIC_PRESENTATION_REPRESENTATION (  '', ( #10350 ), #10343 ) ;
#10349 = PRESENTATION_LAYER_ASSIGNMENT (  '', '', ( #10350 ) ) ;
#10350 = STYLED_ITEM ( 'NONE', ( #10351 ), #5062 ) ;
#10351 = PRESENTATION_STYLE_ASSIGNMENT (( #10352 ) ) ;
#10352 = SURFACE_STYLE_USAGE ( .BOTH. , #10353 ) ;
#10353 = SURFACE_SIDE_STYLE ('',( #10354 ) ) ;
#10354 = SURFACE_STYLE_FILL_AREA ( #10355 ) ;
#10355 = FILL_AREA_STYLE ('',( #10356 ) ) ;
#10356 = FILL_AREA_STYLE_COLOUR ( '', #10357 ) ;
#10357 = COLOUR_RGB ( '',0.7529411764705882200, 0.7529411764705882200, 0.7529411764705882200 ) ;
#10358 = FACE_OUTER_BOUND ( 'NONE', #5154, .T. ) ;
#10359 = CARTESIAN_POINT ( 'NONE',  ( -5.750000000000029300, 3.250000000000014200, -3.999999999999952500 ) ) ;
#10360 = DIRECTION ( 'NONE',  ( -2.438091212180733800E-029, -1.000000000000000000, -3.491483361109382500E-015 ) ) ;
#10361 = VECTOR ( 'NONE', #10360, 1000.000000000000000 ) ;
#10362 = PRESENTATION_LAYER_ASSIGNMENT (  '', '', ( #10363 ) ) ;
#10363 = STYLED_ITEM ( 'NONE', ( #10364 ), #5871 ) ;
#10364 = PRESENTATION_STYLE_ASSIGNMENT (( #10365 ) ) ;
#10365 = SURFACE_STYLE_USAGE ( .BOTH. , #10366 ) ;
#10366 = SURFACE_SIDE_STYLE ('',( #10367 ) ) ;
#10367 = SURFACE_STYLE_FILL_AREA ( #10368 ) ;
#10368 = FILL_AREA_STYLE ('',( #10375 ) ) ;
#10369 = COLOUR_RGB ( '',0.7529411764705882200, 0.7529411764705882200, 0.7529411764705882200 ) ;
#10370 = FACE_OUTER_BOUND ( 'NONE', #5547, .T. ) ;
#10371 = DIRECTION ( 'NONE',  ( 6.982966722218764100E-015, -3.324683026880842900E-015, 1.000000000000000000 ) ) ;
#10372 = VECTOR ( 'NONE', #10371, 1000.000000000000000 ) ;
#10373 = CARTESIAN_POINT ( 'NONE',  ( -11.94999999999996600, 1.599999999999981400, 4.750000000000084400 ) ) ;
#10374 = LINE ( 'NONE', #10373, #10372 ) ;
#10375 = FILL_AREA_STYLE_COLOUR ( '', #10369 ) ;
#10376 = DIRECTION ( 'NONE',  ( 2.438091212180733500E-029, 1.000000000000000000, 3.491483361109382100E-015 ) ) ;
#10377 = VECTOR ( 'NONE', #10376, 1000.000000000000000 ) ;
#10378 = CARTESIAN_POINT ( 'NONE',  ( -10.79999999999996700, -0.001000000000018564200, 4.750000000000072800 ) ) ;
#10379 = LINE ( 'NONE', #10378, #10377 ) ;
#10380 = DIRECTION ( 'NONE',  ( -2.438091212180733500E-029, -1.000000000000000000, -3.491483361109382100E-015 ) ) ;
#10381 = VECTOR ( 'NONE', #10380, 1000.000000000000000 ) ;
#10382 = CARTESIAN_POINT ( 'NONE',  ( -11.19999999999996600, 0.3999999999999800400, 4.750000000000075500 ) ) ;
#10383 = LINE ( 'NONE', #10382, #10381 ) ;
#10384 = DIRECTION ( 'NONE',  ( -1.000000000000000000, 0.0000000000000000000, 6.982966722218764900E-015 ) ) ;
#10385 = VECTOR ( 'NONE', #10384, 1000.000000000000000 ) ;
#10386 = CARTESIAN_POINT ( 'NONE',  ( 11.95100000000003200, 2.399999999999981300, 4.749999999999921000 ) ) ;
#10387 = LINE ( 'NONE', #10386, #10385 ) ;
#10388 = CARTESIAN_POINT ( 'NONE',  ( -11.94999999999996600, 2.399999999999981300, 4.750000000000087000 ) ) ;
#10389 = CARTESIAN_POINT ( 'NONE',  ( -11.19999999999995800, 2.399999999999981300, 4.750000000000082600 ) ) ;
#10390 = DIRECTION ( 'NONE',  ( 2.438091212180733500E-029, 1.000000000000000000, 3.491483361109382100E-015 ) ) ;
#10391 = VECTOR ( 'NONE', #10390, 1000.000000000000000 ) ;
#10392 = CARTESIAN_POINT ( 'NONE',  ( -11.94999999999996600, 4.999999999999983100, 4.750000000000097700 ) ) ;
#10393 = LINE ( 'NONE', #10392, #10391 ) ;
#10394 = DIRECTION ( 'NONE',  ( 2.438091212180733500E-029, 1.000000000000000000, 3.491483361109382100E-015 ) ) ;
#10395 = DIRECTION ( 'NONE',  ( 1.000000000000000000, 0.0000000000000000000, -6.982966722218764100E-015 ) ) ;
#10396 = CARTESIAN_POINT ( 'NONE',  ( -11.94999999999996600, 4.999999999999983100, 4.750000000000097700 ) ) ;
#10397 = AXIS2_PLACEMENT_3D ( 'NONE', #10396, #10395, #10394 ) ;
#10398 = VECTOR ( 'NONE', #10452, 999.9999999999998900 ) ;
#10399 = CARTESIAN_POINT ( 'NONE',  ( -11.95000000000003100, 3.276239569296612900, -4.749999999999907600 ) ) ;
#10400 = LINE ( 'NONE', #10399, #10398 ) ;
#10401 = CARTESIAN_POINT ( 'NONE',  ( -11.95000000000002100, 4.200000000000009900, -3.149999999999893300 ) ) ;
#10402 = DIRECTION ( 'NONE',  ( 6.982966722218764100E-015, -3.491483361109382100E-015, 1.000000000000000000 ) ) ;
#10403 = VECTOR ( 'NONE', #10402, 1000.000000000000000 ) ;
#10404 = CARTESIAN_POINT ( 'NONE',  ( -6.250000000000036400, 3.250000000000017800, -4.957106781186498200 ) ) ;
#10405 = LINE ( 'NONE', #10404, #10403 ) ;
#10406 = DIRECTION ( 'NONE',  ( 2.438091212180733500E-029, 1.000000000000000000, 3.491483361109382100E-015 ) ) ;
#10407 = VECTOR ( 'NONE', #10406, 1000.000000000000000 ) ;
#10408 = CARTESIAN_POINT ( 'NONE',  ( -11.95000000000003100, 1.452830911130575900E-014, -4.749999999999919200 ) ) ;
#10409 = LINE ( 'NONE', #10408, #10407 ) ;
#10410 = DIRECTION ( 'NONE',  ( 1.000000000000000000, 0.0000000000000000000, -6.982966722218764100E-015 ) ) ;
#10411 = DIRECTION ( 'NONE',  ( -2.438091212180733500E-029, -1.000000000000000000, -3.491483361109382100E-015 ) ) ;
#10412 = CARTESIAN_POINT ( 'NONE',  ( -6.250000000000036400, 3.250000000000017800, -4.957106781186498200 ) ) ;
#10413 = AXIS2_PLACEMENT_3D ( 'NONE', #10412, #10411, #10410 ) ;
#10414 = PLANE ( 'NONE',  #10413 ) ;
#10415 =( GEOMETRIC_REPRESENTATION_CONTEXT ( 3 ) GLOBAL_UNCERTAINTY_ASSIGNED_CONTEXT ( ( #10416 ) ) GLOBAL_UNIT_ASSIGNED_CONTEXT ( ( #10419, #10418, #10417 ) ) REPRESENTATION_CONTEXT ( 'NONE', 'WORKASPACE' ) );
#10416 = UNCERTAINTY_MEASURE_WITH_UNIT (LENGTH_MEASURE( 1.000000000000000100E-005 ), #10419, 'distance_accuracy_value', 'NONE');
#10417 =( NAMED_UNIT ( * ) SI_UNIT ( $, .STERADIAN. ) SOLID_ANGLE_UNIT ( ) );
#10418 =( NAMED_UNIT ( * ) PLANE_ANGLE_UNIT ( ) SI_UNIT ( $, .RADIAN. ) );
#10419 =( LENGTH_UNIT ( ) NAMED_UNIT ( * ) SI_UNIT ( .MILLI., .METRE. ) );
#10420 = MECHANICAL_DESIGN_GEOMETRIC_PRESENTATION_REPRESENTATION (  '', ( #10363 ), #10415 ) ;
#10421 = DIRECTION ( 'NONE',  ( 2.438091212180733500E-029, 1.000000000000000000, 3.491483361109382100E-015 ) ) ;
#10422 = DIRECTION ( 'NONE',  ( 1.000000000000000000, 0.0000000000000000000, -6.982966722218764100E-015 ) ) ;
#10423 = CARTESIAN_POINT ( 'NONE',  ( 11.95000000000003100, 4.999999999999983100, 4.749999999999931600 ) ) ;
#10424 = AXIS2_PLACEMENT_3D ( 'NONE', #10423, #10422, #10421 ) ;
#10425 = PLANE ( 'NONE',  #10424 ) ;
#10426 = FACE_OUTER_BOUND ( 'NONE', #6384, .T. ) ;
#10427 = DIRECTION ( 'NONE',  ( -2.438091212180733500E-029, -1.000000000000000000, -3.491483361109382100E-015 ) ) ;
#10428 = VECTOR ( 'NONE', #10427, 1000.000000000000000 ) ;
#10429 = CARTESIAN_POINT ( 'NONE',  ( 11.94999999999996600, 1.452830911130575900E-014, -4.750000000000086200 ) ) ;
#10430 = LINE ( 'NONE', #10429, #10428 ) ;
#10431 = DIRECTION ( 'NONE',  ( 6.982966722218764100E-015, -3.491483361109382100E-015, 1.000000000000000000 ) ) ;
#10432 = VECTOR ( 'NONE', #10431, 1000.000000000000000 ) ;
#10433 = CARTESIAN_POINT ( 'NONE',  ( -11.95000000000003100, 4.200000000000015300, -4.749999999999904100 ) ) ;
#10434 = LINE ( 'NONE', #10433, #10432 ) ;
#10435 = CARTESIAN_POINT ( 'NONE',  ( 11.94999999999997600, 4.200000000000009900, -3.150000000000059900 ) ) ;
#10436 = DIRECTION ( 'NONE',  ( -2.438091212180733800E-029, -1.000000000000000000, -3.491483361109382500E-015 ) ) ;
#10437 = VECTOR ( 'NONE', #10436, 1000.000000000000000 ) ;
#10438 = CARTESIAN_POINT ( 'NONE',  ( -6.250000000000030200, 3.250000000000014200, -3.999999999999948900 ) ) ;
#10439 = LINE ( 'NONE', #10438, #10437 ) ;
#10440 = DIRECTION ( 'NONE',  ( -6.982966722218764100E-015, 3.491483361109382100E-015, -1.000000000000000000 ) ) ;
#10441 = VECTOR ( 'NONE', #10440, 1000.000000000000000 ) ;
#10442 = CARTESIAN_POINT ( 'NONE',  ( -6.250000000000034600, -2.999999999999984500, -4.728553390593245500 ) ) ;
#10443 = LINE ( 'NONE', #10442, #10441 ) ;
#10444 = ORIENTED_EDGE ( 'NONE', *, *, #10223, .T. ) ;
#10445 = CARTESIAN_POINT ( 'NONE',  ( 11.94999999999996600, 3.276239569296611100, -4.750000000000075500 ) ) ;
#10446 = DIRECTION ( 'NONE',  ( -2.438091212180733800E-029, -1.000000000000000000, -3.491483361109382500E-015 ) ) ;
#10447 = VECTOR ( 'NONE', #10446, 1000.000000000000000 ) ;
#10448 = CARTESIAN_POINT ( 'NONE',  ( -5.750000000000034600, 3.750000000000016400, -4.499999999999951200 ) ) ;
#10449 = LINE ( 'NONE', #10448, #10447 ) ;
#10450 = CARTESIAN_POINT ( 'NONE',  ( -11.95000000000003100, 3.276239569296612900, -4.749999999999907600 ) ) ;
#10451 = CARTESIAN_POINT ( 'NONE',  ( -6.250000000000030200, 3.250000000000014200, -3.999999999999948900 ) ) ;
#10452 = DIRECTION ( 'NONE',  ( -6.047426575222823600E-015, -0.4999999999999950600, -0.8660254037844414800 ) ) ;
#10453 = PLANE ( 'NONE',  #10511 ) ;
#10454 =( GEOMETRIC_REPRESENTATION_CONTEXT ( 3 ) GLOBAL_UNCERTAINTY_ASSIGNED_CONTEXT ( ( #10455 ) ) GLOBAL_UNIT_ASSIGNED_CONTEXT ( ( #10458, #10457, #10456 ) ) REPRESENTATION_CONTEXT ( 'NONE', 'WORKASPACE' ) );
#10455 = UNCERTAINTY_MEASURE_WITH_UNIT (LENGTH_MEASURE( 1.000000000000000100E-005 ), #10458, 'distance_accuracy_value', 'NONE');
#10456 =( NAMED_UNIT ( * ) SI_UNIT ( $, .STERADIAN. ) SOLID_ANGLE_UNIT ( ) );
#10457 =( NAMED_UNIT ( * ) PLANE_ANGLE_UNIT ( ) SI_UNIT ( $, .RADIAN. ) );
#10458 =( LENGTH_UNIT ( ) NAMED_UNIT ( * ) SI_UNIT ( .MILLI., .METRE. ) );
#10459 = MECHANICAL_DESIGN_GEOMETRIC_PRESENTATION_REPRESENTATION (  '', ( #10461 ), #10454 ) ;
#10460 = PRESENTATION_LAYER_ASSIGNMENT (  '', '', ( #10461 ) ) ;
#10461 = STYLED_ITEM ( 'NONE', ( #10462 ), #6383 ) ;
#10462 = PRESENTATION_STYLE_ASSIGNMENT (( #10463 ) ) ;
#10463 = SURFACE_STYLE_USAGE ( .BOTH. , #10464 ) ;
#10464 = SURFACE_SIDE_STYLE ('',( #10465 ) ) ;
#10465 = SURFACE_STYLE_FILL_AREA ( #10466 ) ;
#10466 = FILL_AREA_STYLE ('',( #10473 ) ) ;
#10467 = COLOUR_RGB ( '',0.7529411764705882200, 0.7529411764705882200, 0.7529411764705882200 ) ;
#10468 = FACE_OUTER_BOUND ( 'NONE', #5030, .T. ) ;
#10469 = DIRECTION ( 'NONE',  ( -2.438091212180733800E-029, -1.000000000000000000, -3.491483361109382500E-015 ) ) ;
#10470 = VECTOR ( 'NONE', #10469, 1000.000000000000000 ) ;
#10471 = CARTESIAN_POINT ( 'NONE',  ( -5.750000000000029300, 3.250000000000014200, -3.999999999999952500 ) ) ;
#10472 = LINE ( 'NONE', #10471, #10470 ) ;
#10473 = FILL_AREA_STYLE_COLOUR ( '', #10467 ) ;
#10474 = CARTESIAN_POINT ( 'NONE',  ( -5.750000000000034600, -2.999999999999984500, -4.499999999999974200 ) ) ;
#10475 = CARTESIAN_POINT ( 'NONE',  ( -5.750000000000029300, -2.999999999999984500, -3.999999999999974200 ) ) ;
#10476 = DIRECTION ( 'NONE',  ( 6.982966722218764100E-015, -3.491483361109382100E-015, 1.000000000000000000 ) ) ;
#10477 = VECTOR ( 'NONE', #10476, 1000.000000000000000 ) ;
#10478 = CARTESIAN_POINT ( 'NONE',  ( -5.750000000000036400, 3.250000000000017800, -4.957106781186501700 ) ) ;
#10479 = LINE ( 'NONE', #10478, #10477 ) ;
#10480 = UNCERTAINTY_MEASURE_WITH_UNIT (LENGTH_MEASURE( 1.000000000000000100E-005 ), #10483, 'distance_accuracy_value', 'NONE');
#10481 =( NAMED_UNIT ( * ) SI_UNIT ( $, .STERADIAN. ) SOLID_ANGLE_UNIT ( ) );
#10482 =( NAMED_UNIT ( * ) PLANE_ANGLE_UNIT ( ) SI_UNIT ( $, .RADIAN. ) );
#10483 =( LENGTH_UNIT ( ) NAMED_UNIT ( * ) SI_UNIT ( .MILLI., .METRE. ) );
#10484 = MECHANICAL_DESIGN_GEOMETRIC_PRESENTATION_REPRESENTATION (  '', ( #10486 ), #10540 ) ;
#10485 = PRESENTATION_LAYER_ASSIGNMENT (  '', '', ( #10486 ) ) ;
#10486 = STYLED_ITEM ( 'NONE', ( #10487 ), #6396 ) ;
#10487 = PRESENTATION_STYLE_ASSIGNMENT (( #10488 ) ) ;
#10488 = SURFACE_STYLE_USAGE ( .BOTH. , #10489 ) ;
#10489 = SURFACE_SIDE_STYLE ('',( #10490 ) ) ;
#10490 = SURFACE_STYLE_FILL_AREA ( #10491 ) ;
#10491 = FILL_AREA_STYLE ('',( #10493 ) ) ;
#10492 = COLOUR_RGB ( '',0.7529411764705882200, 0.7529411764705882200, 0.7529411764705882200 ) ;
#10493 = FILL_AREA_STYLE_COLOUR ( '', #10492 ) ;
#10494 = FACE_OUTER_BOUND ( 'NONE', #6434, .T. ) ;
#10495 = CARTESIAN_POINT ( 'NONE',  ( -11.94999999999998300, 2.399999999999989700, 2.150000000000087400 ) ) ;
#10496 = DIRECTION ( 'NONE',  ( -2.438091212180733800E-029, -1.000000000000000000, -3.491483361109382500E-015 ) ) ;
#10497 = VECTOR ( 'NONE', #10496, 1000.000000000000000 ) ;
#10498 = CARTESIAN_POINT ( 'NONE',  ( -11.94999999999998300, 2.399999999999989700, 2.150000000000087400 ) ) ;
#10499 = LINE ( 'NONE', #10498, #10497 ) ;
#10500 = DIRECTION ( 'NONE',  ( -6.982966722218764100E-015, 3.324683026880842900E-015, -1.000000000000000000 ) ) ;
#10501 = VECTOR ( 'NONE', #10500, 1000.000000000000000 ) ;
#10502 = CARTESIAN_POINT ( 'NONE',  ( -11.94999999999996600, 2.399999999999981300, 4.750000000000087000 ) ) ;
#10503 = LINE ( 'NONE', #10502, #10501 ) ;
#10504 = DIRECTION ( 'NONE',  ( 1.045241367417237500E-014, -3.491483361109382100E-015, 1.000000000000000000 ) ) ;
#10505 = VECTOR ( 'NONE', #10504, 1000.000000000000000 ) ;
#10506 = CARTESIAN_POINT ( 'NONE',  ( -5.750000000000037300, -2.999999999999984500, -4.728553390593248200 ) ) ;
#10507 = LINE ( 'NONE', #10506, #10505 ) ;
#10508 = DIRECTION ( 'NONE',  ( -3.469446951953586600E-015, 1.000000000000000000, 3.491483361109406100E-015 ) ) ;
#10509 = DIRECTION ( 'NONE',  ( 1.000000000000000000, 3.469446951953611000E-015, -6.982966722218752300E-015 ) ) ;
#10510 = CARTESIAN_POINT ( 'NONE',  ( -5.750000000000038200, 3.750000000000018200, -4.957106781186499900 ) ) ;
#10511 = AXIS2_PLACEMENT_3D ( 'NONE', #10510, #10509, #10508 ) ;
#10512 = EDGE_CURVE ( 'NONE', #10516, #10674, #5829, .T. ) ;
#10514 = ORIENTED_EDGE ( 'NONE', *, *, #10512, .T. ) ;
#10513 = UNCERTAINTY_MEASURE_WITH_UNIT (LENGTH_MEASURE( 1.000000000000000100E-005 ), #10518, 'distance_accuracy_value', 'NONE');
#10515 =( NAMED_UNIT ( * ) SI_UNIT ( $, .STERADIAN. ) SOLID_ANGLE_UNIT ( ) );
#10516 = VERTEX_POINT ( 'NONE', #5825 ) ;
#10517 =( NAMED_UNIT ( * ) PLANE_ANGLE_UNIT ( ) SI_UNIT ( $, .RADIAN. ) );
#10518 =( LENGTH_UNIT ( ) NAMED_UNIT ( * ) SI_UNIT ( .MILLI., .METRE. ) );
#10519 = MECHANICAL_DESIGN_GEOMETRIC_PRESENTATION_REPRESENTATION (  '', ( #10521 ), #10567 ) ;
#10520 = PRESENTATION_LAYER_ASSIGNMENT (  '', '', ( #10521 ) ) ;
#10521 = STYLED_ITEM ( 'NONE', ( #10522 ), #6405 ) ;
#10522 = PRESENTATION_STYLE_ASSIGNMENT (( #10523 ) ) ;
#10523 = SURFACE_STYLE_USAGE ( .BOTH. , #10524 ) ;
#10524 = SURFACE_SIDE_STYLE ('',( #10525 ) ) ;
#10525 = SURFACE_STYLE_FILL_AREA ( #10526 ) ;
#10526 = FILL_AREA_STYLE ('',( #10527 ) ) ;
#10527 = FILL_AREA_STYLE_COLOUR ( '', #10528 ) ;
#10528 = COLOUR_RGB ( '',0.7529411764705882200, 0.7529411764705882200, 0.7529411764705882200 ) ;
#10529 = FACE_OUTER_BOUND ( 'NONE', #6387, .T. ) ;
#10530 = CARTESIAN_POINT ( 'NONE',  ( 11.95000000000001500, 1.599999999999991000, 2.149999999999919500 ) ) ;
#10531 = DIRECTION ( 'NONE',  ( 6.982966722218764100E-015, -3.491483361109382100E-015, 1.000000000000000000 ) ) ;
#10532 = VECTOR ( 'NONE', #10531, 1000.000000000000000 ) ;
#10533 = CARTESIAN_POINT ( 'NONE',  ( 0.2499999999999621100, 3.750000000000018200, -4.957106781186541700 ) ) ;
#10534 = LINE ( 'NONE', #10533, #10532 ) ;
#10535 = DIRECTION ( 'NONE',  ( -1.000000000000000000, 0.0000000000000000000, 6.982966722218764100E-015 ) ) ;
#10536 = DIRECTION ( 'NONE',  ( 2.438091212180733500E-029, 1.000000000000000000, 3.491483361109382100E-015 ) ) ;
#10537 = CARTESIAN_POINT ( 'NONE',  ( -0.2500000000000365800, 3.750000000000018200, -4.957106781186538100 ) ) ;
#10538 = AXIS2_PLACEMENT_3D ( 'NONE', #10537, #10536, #10535 ) ;
#10539 = PLANE ( 'NONE',  #10538 ) ;
#10540 =( GEOMETRIC_REPRESENTATION_CONTEXT ( 3 ) GLOBAL_UNCERTAINTY_ASSIGNED_CONTEXT ( ( #10480 ) ) GLOBAL_UNIT_ASSIGNED_CONTEXT ( ( #10483, #10482, #10481 ) ) REPRESENTATION_CONTEXT ( 'NONE', 'WORKASPACE' ) );
#10541 = PLANE ( 'NONE',  #10593 ) ;
#10542 =( GEOMETRIC_REPRESENTATION_CONTEXT ( 3 ) GLOBAL_UNCERTAINTY_ASSIGNED_CONTEXT ( ( #10543 ) ) GLOBAL_UNIT_ASSIGNED_CONTEXT ( ( #10546, #10545, #10544 ) ) REPRESENTATION_CONTEXT ( 'NONE', 'WORKASPACE' ) );
#10543 = UNCERTAINTY_MEASURE_WITH_UNIT (LENGTH_MEASURE( 1.000000000000000100E-005 ), #10546, 'distance_accuracy_value', 'NONE');
#10544 =( NAMED_UNIT ( * ) SI_UNIT ( $, .STERADIAN. ) SOLID_ANGLE_UNIT ( ) );
#10545 =( NAMED_UNIT ( * ) PLANE_ANGLE_UNIT ( ) SI_UNIT ( $, .RADIAN. ) );
#10546 =( LENGTH_UNIT ( ) NAMED_UNIT ( * ) SI_UNIT ( .MILLI., .METRE. ) );
#10547 = MECHANICAL_DESIGN_GEOMETRIC_PRESENTATION_REPRESENTATION (  '', ( #10549 ), #10542 ) ;
#10548 = PRESENTATION_LAYER_ASSIGNMENT (  '', '', ( #10549 ) ) ;
#10549 = STYLED_ITEM ( 'NONE', ( #10550 ), #6410 ) ;
#10550 = PRESENTATION_STYLE_ASSIGNMENT (( #10551 ) ) ;
#10551 = SURFACE_STYLE_USAGE ( .BOTH. , #10552 ) ;
#10552 = SURFACE_SIDE_STYLE ('',( #10553 ) ) ;
#10553 = SURFACE_STYLE_FILL_AREA ( #10554 ) ;
#10554 = FILL_AREA_STYLE ('',( #10561 ) ) ;
#10555 = COLOUR_RGB ( '',0.7529411764705882200, 0.7529411764705882200, 0.7529411764705882200 ) ;
#10556 = FACE_OUTER_BOUND ( 'NONE', #6399, .T. ) ;
#10557 = DIRECTION ( 'NONE',  ( -1.000000000000000000, 0.0000000000000000000, 6.982966722218764100E-015 ) ) ;
#10558 = VECTOR ( 'NONE', #10557, 1000.000000000000000 ) ;
#10559 = CARTESIAN_POINT ( 'NONE',  ( -0.2500000000000298600, -2.999999999999986200, -4.000000000000012400 ) ) ;
#10560 = LINE ( 'NONE', #10559, #10558 ) ;
#10561 = FILL_AREA_STYLE_COLOUR ( '', #10555 ) ;
#10562 = DIRECTION ( 'NONE',  ( 2.438091212180733500E-029, 1.000000000000000000, 3.491483361109382100E-015 ) ) ;
#10563 = DIRECTION ( 'NONE',  ( 6.982966722218764100E-015, -3.491483361109382100E-015, 1.000000000000000000 ) ) ;
#10564 = CARTESIAN_POINT ( 'NONE',  ( -6.250000000000033800, 3.750000000000016400, -4.499999999999947600 ) ) ;
#10565 = AXIS2_PLACEMENT_3D ( 'NONE', #10564, #10563, #10562 ) ;
#10566 = PLANE ( 'NONE',  #10565 ) ;
#10567 =( GEOMETRIC_REPRESENTATION_CONTEXT ( 3 ) GLOBAL_UNCERTAINTY_ASSIGNED_CONTEXT ( ( #10513 ) ) GLOBAL_UNIT_ASSIGNED_CONTEXT ( ( #10518, #10517, #10515 ) ) REPRESENTATION_CONTEXT ( 'NONE', 'WORKASPACE' ) );
#10568 = LINE ( 'NONE', #10625, #10624 ) ;
#10569 = CARTESIAN_POINT ( 'NONE',  ( -1.749999999999984900, 3.749999999999991100, 2.650000000000021200 ) ) ;
#10570 = DIRECTION ( 'NONE',  ( -2.438091212180733500E-029, -1.000000000000000000, -3.491483361109382100E-015 ) ) ;
#10571 = DIRECTION ( 'NONE',  ( -6.982966722218764100E-015, 3.491483361109382100E-015, -1.000000000000000000 ) ) ;
#10572 = CARTESIAN_POINT ( 'NONE',  ( -0.2500000000000298600, 3.250000000000014200, -3.999999999999990700 ) ) ;
#10573 = AXIS2_PLACEMENT_3D ( 'NONE', #10572, #10571, #10570 ) ;
#10574 = PLANE ( 'NONE',  #10573 ) ;
#10575 =( GEOMETRIC_REPRESENTATION_CONTEXT ( 3 ) GLOBAL_UNCERTAINTY_ASSIGNED_CONTEXT ( ( #10576 ) ) GLOBAL_UNIT_ASSIGNED_CONTEXT ( ( #10579, #10578, #10577 ) ) REPRESENTATION_CONTEXT ( 'NONE', 'WORKASPACE' ) );
#10576 = UNCERTAINTY_MEASURE_WITH_UNIT (LENGTH_MEASURE( 1.000000000000000100E-005 ), #10579, 'distance_accuracy_value', 'NONE');
#10577 =( NAMED_UNIT ( * ) SI_UNIT ( $, .STERADIAN. ) SOLID_ANGLE_UNIT ( ) );
#10578 =( NAMED_UNIT ( * ) PLANE_ANGLE_UNIT ( ) SI_UNIT ( $, .RADIAN. ) );
#10579 =( LENGTH_UNIT ( ) NAMED_UNIT ( * ) SI_UNIT ( .MILLI., .METRE. ) );
#10580 = MECHANICAL_DESIGN_GEOMETRIC_PRESENTATION_REPRESENTATION (  '', ( #10582 ), #10575 ) ;
#10581 = PRESENTATION_LAYER_ASSIGNMENT (  '', '', ( #10582 ) ) ;
#10582 = STYLED_ITEM ( 'NONE', ( #10583 ), #6413 ) ;
#10583 = PRESENTATION_STYLE_ASSIGNMENT (( #10584 ) ) ;
#10584 = SURFACE_STYLE_USAGE ( .BOTH. , #10585 ) ;
#10585 = SURFACE_SIDE_STYLE ('',( #10586 ) ) ;
#10586 = SURFACE_STYLE_FILL_AREA ( #10587 ) ;
#10587 = FILL_AREA_STYLE ('',( #10594 ) ) ;
#10588 = COLOUR_RGB ( '',0.7529411764705882200, 0.7529411764705882200, 0.7529411764705882200 ) ;
#10589 = FACE_OUTER_BOUND ( 'NONE', #6364, .T. ) ;
#10590 = DIRECTION ( 'NONE',  ( 1.000000000000000000, 0.0000000000000000000, -6.982966722218764100E-015 ) ) ;
#10591 = DIRECTION ( 'NONE',  ( -2.438091212180733500E-029, -1.000000000000000000, -3.491483361109382100E-015 ) ) ;
#10592 = CARTESIAN_POINT ( 'NONE',  ( -3.146654215403092500E-014, -2.999999999999986200, -4.250000000000014200 ) ) ;
#10593 = AXIS2_PLACEMENT_3D ( 'NONE', #10592, #10591, #10590 ) ;
#10594 = FILL_AREA_STYLE_COLOUR ( '', #10588 ) ;
#10595 = CARTESIAN_POINT ( 'NONE',  ( -2.249999999999983600, 3.249999999999990700, 2.650000000000023000 ) ) ;
#10596 = AXIS2_PLACEMENT_3D ( 'NONE', #10595, #10654, #10653 ) ;
#10597 = FILL_AREA_STYLE_COLOUR ( '', #10651 ) ;
#10598 = PLANE ( 'NONE',  #10596 ) ;
#10599 =( GEOMETRIC_REPRESENTATION_CONTEXT ( 3 ) GLOBAL_UNCERTAINTY_ASSIGNED_CONTEXT ( ( #10600 ) ) GLOBAL_UNIT_ASSIGNED_CONTEXT ( ( #10603, #10602, #10601 ) ) REPRESENTATION_CONTEXT ( 'NONE', 'WORKASPACE' ) );
#10600 = UNCERTAINTY_MEASURE_WITH_UNIT (LENGTH_MEASURE( 1.000000000000000100E-005 ), #10603, 'distance_accuracy_value', 'NONE');
#10601 =( NAMED_UNIT ( * ) SI_UNIT ( $, .STERADIAN. ) SOLID_ANGLE_UNIT ( ) );
#10602 =( NAMED_UNIT ( * ) PLANE_ANGLE_UNIT ( ) SI_UNIT ( $, .RADIAN. ) );
#10603 =( LENGTH_UNIT ( ) NAMED_UNIT ( * ) SI_UNIT ( .MILLI., .METRE. ) );
#10604 = MECHANICAL_DESIGN_GEOMETRIC_PRESENTATION_REPRESENTATION (  '', ( #10606 ), #10599 ) ;
#10605 = PRESENTATION_LAYER_ASSIGNMENT (  '', '', ( #10606 ) ) ;
#10606 = STYLED_ITEM ( 'NONE', ( #10607 ), #6430 ) ;
#10607 = PRESENTATION_STYLE_ASSIGNMENT (( #10608 ) ) ;
#10608 = SURFACE_STYLE_USAGE ( .BOTH. , #10609 ) ;
#10609 = SURFACE_SIDE_STYLE ('',( #10610 ) ) ;
#10610 = SURFACE_STYLE_FILL_AREA ( #10611 ) ;
#10611 = FILL_AREA_STYLE ('',( #10618 ) ) ;
#10612 = COLOUR_RGB ( '',0.7529411764705882200, 0.7529411764705882200, 0.7529411764705882200 ) ;
#10613 = FACE_OUTER_BOUND ( 'NONE', #6424, .T. ) ;
#10614 = DIRECTION ( 'NONE',  ( -2.438091212180733500E-029, -1.000000000000000000, -3.491483361109382100E-015 ) ) ;
#10615 = VECTOR ( 'NONE', #10614, 1000.000000000000000 ) ;
#10616 = CARTESIAN_POINT ( 'NONE',  ( -2.249999999999983600, 3.749999999999991100, 2.650000000000024800 ) ) ;
#10617 = LINE ( 'NONE', #10616, #10615 ) ;
#10618 = FILL_AREA_STYLE_COLOUR ( '', #10612 ) ;
#10619 = CARTESIAN_POINT ( 'NONE',  ( 11.95000000000001500, 2.399999999999990600, 2.149999999999920900 ) ) ;
#10620 = CARTESIAN_POINT ( 'NONE',  ( -1.749999999999983100, 3.249999999999990700, 2.650000000000019500 ) ) ;
#10621 = CARTESIAN_POINT ( 'NONE',  ( -2.249999999999983600, 3.249999999999990700, 2.650000000000023000 ) ) ;
#10622 = CARTESIAN_POINT ( 'NONE',  ( -2.249999999999983600, 3.749999999999991100, 2.650000000000024800 ) ) ;
#10623 = DIRECTION ( 'NONE',  ( 1.000000000000000000, 0.0000000000000000000, -6.982966722218764100E-015 ) ) ;
#10624 = VECTOR ( 'NONE', #10623, 1000.000000000000000 ) ;
#10625 = CARTESIAN_POINT ( 'NONE',  ( -2.249999999999983600, 3.249999999999990700, 2.650000000000023000 ) ) ;
#10626 = FACE_OUTER_BOUND ( 'NONE', #6490, .T. ) ;
#10627 = DIRECTION ( 'NONE',  ( 2.438091212180733800E-029, 1.000000000000000000, 3.491483361109382500E-015 ) ) ;
#10628 = VECTOR ( 'NONE', #10627, 1000.000000000000000 ) ;
#10629 = CARTESIAN_POINT ( 'NONE',  ( 11.95000000000001500, 1.599999999999991000, 2.149999999999919500 ) ) ;
#10630 = LINE ( 'NONE', #10629, #10628 ) ;
#10631 = PLANE ( 'NONE',  #10688 ) ;
#10632 = DIRECTION ( 'NONE',  ( -3.469446951953586600E-015, 1.000000000000000000, 3.491483361109406100E-015 ) ) ;
#10633 = DIRECTION ( 'NONE',  ( 1.000000000000000000, 3.469446951953611000E-015, -6.982966722218752300E-015 ) ) ;
#10634 = CARTESIAN_POINT ( 'NONE',  ( -1.750000000000038000, 3.750000000000018200, -4.957106781186528400 ) ) ;
#10635 = AXIS2_PLACEMENT_3D ( 'NONE', #10634, #10633, #10632 ) ;
#10636 = PLANE ( 'NONE',  #10635 ) ;
#10637 =( GEOMETRIC_REPRESENTATION_CONTEXT ( 3 ) GLOBAL_UNCERTAINTY_ASSIGNED_CONTEXT ( ( #10638 ) ) GLOBAL_UNIT_ASSIGNED_CONTEXT ( ( #10641, #10640, #10639 ) ) REPRESENTATION_CONTEXT ( 'NONE', 'WORKASPACE' ) );
#10638 = UNCERTAINTY_MEASURE_WITH_UNIT (LENGTH_MEASURE( 1.000000000000000100E-005 ), #10641, 'distance_accuracy_value', 'NONE');
#10639 =( NAMED_UNIT ( * ) SI_UNIT ( $, .STERADIAN. ) SOLID_ANGLE_UNIT ( ) );
#10640 =( NAMED_UNIT ( * ) PLANE_ANGLE_UNIT ( ) SI_UNIT ( $, .RADIAN. ) );
#10641 =( LENGTH_UNIT ( ) NAMED_UNIT ( * ) SI_UNIT ( .MILLI., .METRE. ) );
#10642 = MECHANICAL_DESIGN_GEOMETRIC_PRESENTATION_REPRESENTATION (  '', ( #10644 ), #10637 ) ;
#10643 = PRESENTATION_LAYER_ASSIGNMENT (  '', '', ( #10644 ) ) ;
#10644 = STYLED_ITEM ( 'NONE', ( #10645 ), #6432 ) ;
#10645 = PRESENTATION_STYLE_ASSIGNMENT (( #10646 ) ) ;
#10646 = SURFACE_STYLE_USAGE ( .BOTH. , #10647 ) ;
#10647 = SURFACE_SIDE_STYLE ('',( #10649 ) ) ;
#10648 = ORIENTED_EDGE ( 'NONE', *, *, #10309, .T. ) ;
#10649 = SURFACE_STYLE_FILL_AREA ( #10650 ) ;
#10650 = FILL_AREA_STYLE ('',( #10597 ) ) ;
#10651 = COLOUR_RGB ( '',0.7529411764705882200, 0.7529411764705882200, 0.7529411764705882200 ) ;
#10652 = FACE_OUTER_BOUND ( 'NONE', #6426, .T. ) ;
#10653 = DIRECTION ( 'NONE',  ( 2.438091212180733500E-029, 1.000000000000000000, 3.491483361109382100E-015 ) ) ;
#10654 = DIRECTION ( 'NONE',  ( 6.982966722218764100E-015, -3.491483361109382100E-015, 1.000000000000000000 ) ) ;
#10655 =( NAMED_UNIT ( * ) PLANE_ANGLE_UNIT ( ) SI_UNIT ( $, .RADIAN. ) );
#10656 = DIRECTION ( 'NONE',  ( 6.047426575222823600E-015, 0.4999999999999950000, 0.8660254037844414800 ) ) ;
#10657 = VECTOR ( 'NONE', #10656, 999.9999999999998900 ) ;
#10658 = CARTESIAN_POINT ( 'NONE',  ( 11.95000000000002100, 7.820800344948502800, 3.121410161513733500 ) ) ;
#10659 = LINE ( 'NONE', #10658, #10657 ) ;
#10660 = CARTESIAN_POINT ( 'NONE',  ( 11.20000000000001400, 2.399999999999990600, 2.149999999999926200 ) ) ;
#10661 = DIRECTION ( 'NONE',  ( -2.438091212180733500E-029, -1.000000000000000000, -3.491483361109382100E-015 ) ) ;
#10662 = VECTOR ( 'NONE', #10661, 1000.000000000000000 ) ;
#10663 = CARTESIAN_POINT ( 'NONE',  ( 11.20000000000001400, 1.599999999999991000, 2.149999999999924400 ) ) ;
#10664 = LINE ( 'NONE', #10663, #10662 ) ;
#10665 = CARTESIAN_POINT ( 'NONE',  ( 11.20000000000001400, 1.599999999999991000, 2.149999999999924400 ) ) ;
#10666 = DIRECTION ( 'NONE',  ( 6.982966722218764100E-015, -3.658283695337921300E-015, 1.000000000000000000 ) ) ;
#10667 = VECTOR ( 'NONE', #10666, 1000.000000000000000 ) ;
#10668 = CARTESIAN_POINT ( 'NONE',  ( 11.20000000000003100, 1.599999999999981400, 4.749999999999922700 ) ) ;
#10669 = LINE ( 'NONE', #10668, #10667 ) ;
#10670 = DIRECTION ( 'NONE',  ( 6.982966722218764100E-015, -3.658283695337921300E-015, 1.000000000000000000 ) ) ;
#10671 = VECTOR ( 'NONE', #10670, 1000.000000000000000 ) ;
#10672 = CARTESIAN_POINT ( 'NONE',  ( 11.95000000000003100, 2.399999999999981300, 4.749999999999921000 ) ) ;
#10673 = LINE ( 'NONE', #10672, #10671 ) ;
#10674 = VERTEX_POINT ( 'NONE', #5824 ) ;
#10675 = DIRECTION ( 'NONE',  ( 1.000000000000000000, 0.0000000000000000000, -6.982966722218764100E-015 ) ) ;
#10676 = DIRECTION ( 'NONE',  ( -2.438091212180733500E-029, -1.000000000000000000, -3.491483361109382100E-015 ) ) ;
#10677 = CARTESIAN_POINT ( 'NONE',  ( 11.94999999999996600, 4.200000000000015300, -4.750000000000071100 ) ) ;
#10678 = AXIS2_PLACEMENT_3D ( 'NONE', #10677, #10676, #10675 ) ;
#10679 = PLANE ( 'NONE',  #10678 ) ;
#10680 = FACE_OUTER_BOUND ( 'NONE', #6441, .T. ) ;
#10681 = DIRECTION ( 'NONE',  ( -1.000000000000000000, 0.0000000000000000000, 6.982966722218764100E-015 ) ) ;
#10682 = VECTOR ( 'NONE', #10681, 1000.000000000000000 ) ;
#10683 = CARTESIAN_POINT ( 'NONE',  ( 11.94999999999997600, 4.200000000000009900, -3.150000000000059900 ) ) ;
#10684 = LINE ( 'NONE', #10683, #10682 ) ;
#10685 = DIRECTION ( 'NONE',  ( 2.438091212180733500E-029, 1.000000000000000000, 3.491483361109382100E-015 ) ) ;
#10686 = DIRECTION ( 'NONE',  ( 6.982966722218764100E-015, -3.491483361109382100E-015, 1.000000000000000000 ) ) ;
#10687 = CARTESIAN_POINT ( 'NONE',  ( 11.94999999999996600, 4.200000000000015300, -4.750000000000071100 ) ) ;
#10688 = AXIS2_PLACEMENT_3D ( 'NONE', #10687, #10686, #10685 ) ;
#10689 = CARTESIAN_POINT ( 'NONE',  ( 11.19999999999999600, 0.3999999999999999700, -0.2500000000000806000 ) ) ;
#10690 = LINE ( 'NONE', #10689, #10755 ) ;
#10691 = DIRECTION ( 'NONE',  ( -1.000000000000000000, 0.0000000000000000000, 6.982966722218764100E-015 ) ) ;
#10692 = VECTOR ( 'NONE', #10691, 1000.000000000000000 ) ;
#10693 = CARTESIAN_POINT ( 'NONE',  ( -6.250000000000030200, -2.999999999999986200, -3.999999999999970700 ) ) ;
#10694 = LINE ( 'NONE', #10693, #10692 ) ;
#10695 = DIRECTION ( 'NONE',  ( 2.438091212180733500E-029, 1.000000000000000000, 3.491483361109382100E-015 ) ) ;
#10696 = VECTOR ( 'NONE', #10695, 1000.000000000000000 ) ;
#10697 = CARTESIAN_POINT ( 'NONE',  ( 10.94999999999996600, 1.452830911130575900E-014, -4.750000000000079000 ) ) ;
#10698 = LINE ( 'NONE', #10697, #10696 ) ;
#10699 = CARTESIAN_POINT ( 'NONE',  ( -10.95000000000002100, 4.200000000000009900, -3.149999999999900900 ) ) ;
#10700 = DIRECTION ( 'NONE',  ( 1.000000000000000000, 1.161645184805897700E-016, -6.982966722218763300E-015 ) ) ;
#10701 = DIRECTION ( 'NONE',  ( 1.161645184805653900E-016, -1.000000000000000000, -3.491483361109382900E-015 ) ) ;
#10702 = CARTESIAN_POINT ( 'NONE',  ( 11.19999999999999600, 0.3999999999999999700, -0.2500000000000806000 ) ) ;
#10703 = AXIS2_PLACEMENT_3D ( 'NONE', #10702, #10701, #10700 ) ;
#10704 = PLANE ( 'NONE',  #10703 ) ;
#10705 = FACE_OUTER_BOUND ( 'NONE', #6468, .T. ) ;
#10706 = DIRECTION ( 'NONE',  ( -6.982966722218764100E-015, 3.658283695337921300E-015, -1.000000000000000000 ) ) ;
#10707 = VECTOR ( 'NONE', #10706, 1000.000000000000000 ) ;
#10708 = CARTESIAN_POINT ( 'NONE',  ( 11.95000000000003100, 1.599999999999981400, 4.749999999999917400 ) ) ;
#10709 = LINE ( 'NONE', #10708, #10707 ) ;
#10710 = DIRECTION ( 'NONE',  ( 2.438091212180733500E-029, 1.000000000000000000, 3.491483361109382100E-015 ) ) ;
#10711 = DIRECTION ( 'NONE',  ( 1.000000000000000000, 0.0000000000000000000, -6.982966722218764100E-015 ) ) ;
#10712 = CARTESIAN_POINT ( 'NONE',  ( 11.19999999999999600, 0.3999999999999999700, -0.2500000000000806000 ) ) ;
#10713 = AXIS2_PLACEMENT_3D ( 'NONE', #10712, #10711, #10710 ) ;
#10714 = PLANE ( 'NONE',  #10713 ) ;
#10715 = FACE_OUTER_BOUND ( 'NONE', #6454, .T. ) ;
#10716 = DIRECTION ( 'NONE',  ( 6.982966722218764100E-015, -3.491483361109382100E-015, 1.000000000000000000 ) ) ;
#10717 = VECTOR ( 'NONE', #10716, 1000.000000000000000 ) ;
#10718 = CARTESIAN_POINT ( 'NONE',  ( 11.94999999999996600, 4.200000000000015300, -4.750000000000071100 ) ) ;
#10719 = LINE ( 'NONE', #10718, #10717 ) ;
#10720 =( NAMED_UNIT ( * ) PLANE_ANGLE_UNIT ( ) SI_UNIT ( $, .RADIAN. ) );
#10721 =( LENGTH_UNIT ( ) NAMED_UNIT ( * ) SI_UNIT ( .MILLI., .METRE. ) );
#10722 = MECHANICAL_DESIGN_GEOMETRIC_PRESENTATION_REPRESENTATION (  '', ( #10724 ), #10780 ) ;
#10723 = PRESENTATION_LAYER_ASSIGNMENT (  '', '', ( #10724 ) ) ;
#10724 = STYLED_ITEM ( 'NONE', ( #10725 ), #6497 ) ;
#10725 = PRESENTATION_STYLE_ASSIGNMENT (( #10726 ) ) ;
#10726 = SURFACE_STYLE_USAGE ( .BOTH. , #10727 ) ;
#10727 = SURFACE_SIDE_STYLE ('',( #10728 ) ) ;
#10728 = SURFACE_STYLE_FILL_AREA ( #10729 ) ;
#10729 = FILL_AREA_STYLE ('',( #10736 ) ) ;
#10730 = COLOUR_RGB ( '',0.7529411764705882200, 0.7529411764705882200, 0.7529411764705882200 ) ;
#10731 = FACE_OUTER_BOUND ( 'NONE', #6499, .T. ) ;
#10732 = DIRECTION ( 'NONE',  ( 2.438091212180733500E-029, 1.000000000000000000, 3.491483361109382100E-015 ) ) ;
#10733 = DIRECTION ( 'NONE',  ( 1.000000000000000000, 0.0000000000000000000, -6.982966722218764100E-015 ) ) ;
#10734 = CARTESIAN_POINT ( 'NONE',  ( 10.94999999999996600, 1.452830911130575900E-014, -4.750000000000079000 ) ) ;
#10735 = AXIS2_PLACEMENT_3D ( 'NONE', #10734, #10733, #10732 ) ;
#10736 = FILL_AREA_STYLE_COLOUR ( '', #10730 ) ;
#10737 = PLANE ( 'NONE',  #10735 ) ;
#10738 = FACE_OUTER_BOUND ( 'NONE', #697, .T. ) ;
#10739 = DIRECTION ( 'NONE',  ( 6.982966722218764100E-015, -3.491483361109382100E-015, 1.000000000000000000 ) ) ;
#10740 = VECTOR ( 'NONE', #10739, 1000.000000000000000 ) ;
#10741 = CARTESIAN_POINT ( 'NONE',  ( -10.95000000000003100, 4.200000000000015300, -4.749999999999911200 ) ) ;
#10742 = LINE ( 'NONE', #10741, #10740 ) ;
#10743 = DIRECTION ( 'NONE',  ( 1.000000000000000000, 0.0000000000000000000, -6.982966722218764100E-015 ) ) ;
#10744 = DIRECTION ( 'NONE',  ( -2.438091212180733500E-029, -1.000000000000000000, -3.491483361109382100E-015 ) ) ;
#10745 = ORIENTED_EDGE ( 'NONE', *, *, #10883, .T. ) ;
#10746 = CARTESIAN_POINT ( 'NONE',  ( -11.95000000000003100, 4.200000000000015300, -4.749999999999904100 ) ) ;
#10747 = AXIS2_PLACEMENT_3D ( 'NONE', #10746, #10744, #10743 ) ;
#10748 = PLANE ( 'NONE',  #10747 ) ;
#10749 = FACE_OUTER_BOUND ( 'NONE', #6484, .T. ) ;
#10750 = DIRECTION ( 'NONE',  ( -1.000000000000000000, 0.0000000000000000000, 6.982966722218764100E-015 ) ) ;
#10751 = VECTOR ( 'NONE', #10750, 1000.000000000000000 ) ;
#10752 = CARTESIAN_POINT ( 'NONE',  ( -11.95000000000002100, 4.200000000000009900, -3.149999999999893800 ) ) ;
#10753 = LINE ( 'NONE', #10752, #10751 ) ;
#10754 = DIRECTION ( 'NONE',  ( 6.982966722218764100E-015, -3.491483361109382100E-015, 1.000000000000000000 ) ) ;
#10755 = VECTOR ( 'NONE', #10754, 1000.000000000000000 ) ;
#10756 = UNCERTAINTY_MEASURE_WITH_UNIT (LENGTH_MEASURE( 1.000000000000000100E-005 ), #10759, 'distance_accuracy_value', 'NONE');
#10757 =( NAMED_UNIT ( * ) SI_UNIT ( $, .STERADIAN. ) SOLID_ANGLE_UNIT ( ) );
#10758 =( NAMED_UNIT ( * ) PLANE_ANGLE_UNIT ( ) SI_UNIT ( $, .RADIAN. ) );
#10759 =( LENGTH_UNIT ( ) NAMED_UNIT ( * ) SI_UNIT ( .MILLI., .METRE. ) );
#10760 = MECHANICAL_DESIGN_GEOMETRIC_PRESENTATION_REPRESENTATION (  '', ( #10762 ), #10808 ) ;
#10761 = PRESENTATION_LAYER_ASSIGNMENT (  '', '', ( #10762 ) ) ;
#10762 = STYLED_ITEM ( 'NONE', ( #10763 ), #6504 ) ;
#10763 = PRESENTATION_STYLE_ASSIGNMENT (( #10764 ) ) ;
#10764 = SURFACE_STYLE_USAGE ( .BOTH. , #10765 ) ;
#10765 = SURFACE_SIDE_STYLE ('',( #10766 ) ) ;
#10766 = SURFACE_STYLE_FILL_AREA ( #10767 ) ;
#10767 = FILL_AREA_STYLE ('',( #10774 ) ) ;
#10768 = COLOUR_RGB ( '',0.7529411764705882200, 0.7529411764705882200, 0.7529411764705882200 ) ;
#10769 = FACE_OUTER_BOUND ( 'NONE', #6498, .T. ) ;
#10770 = DIRECTION ( 'NONE',  ( 6.982966722218764100E-015, -3.491483361109382100E-015, 1.000000000000000000 ) ) ;
#10771 = VECTOR ( 'NONE', #10770, 1000.000000000000000 ) ;
#10772 = CARTESIAN_POINT ( 'NONE',  ( -5.750000000000038200, 3.750000000000018200, -4.957106781186499900 ) ) ;
#10773 = LINE ( 'NONE', #10772, #10771 ) ;
#10774 = FILL_AREA_STYLE_COLOUR ( '', #10768 ) ;
#10775 = DIRECTION ( 'NONE',  ( 1.000000000000000000, 0.0000000000000000000, -6.982966722218764100E-015 ) ) ;
#10776 = DIRECTION ( 'NONE',  ( -2.438091212180733500E-029, -1.000000000000000000, -3.491483361109382100E-015 ) ) ;
#10777 = CARTESIAN_POINT ( 'NONE',  ( -6.000000000000031100, -2.999999999999986200, -4.249999999999972500 ) ) ;
#10778 = AXIS2_PLACEMENT_3D ( 'NONE', #10777, #10776, #10775 ) ;
#10779 = PLANE ( 'NONE',  #10778 ) ;
#10780 =( GEOMETRIC_REPRESENTATION_CONTEXT ( 3 ) GLOBAL_UNCERTAINTY_ASSIGNED_CONTEXT ( ( #10781 ) ) GLOBAL_UNIT_ASSIGNED_CONTEXT ( ( #10721, #10720, #10782 ) ) REPRESENTATION_CONTEXT ( 'NONE', 'WORKASPACE' ) );
#10781 = UNCERTAINTY_MEASURE_WITH_UNIT (LENGTH_MEASURE( 1.000000000000000100E-005 ), #10721, 'distance_accuracy_value', 'NONE');
#10782 =( NAMED_UNIT ( * ) SI_UNIT ( $, .STERADIAN. ) SOLID_ANGLE_UNIT ( ) );
#10783 =( GEOMETRIC_REPRESENTATION_CONTEXT ( 3 ) GLOBAL_UNCERTAINTY_ASSIGNED_CONTEXT ( ( #10784 ) ) GLOBAL_UNIT_ASSIGNED_CONTEXT ( ( #10787, #10786, #10785 ) ) REPRESENTATION_CONTEXT ( 'NONE', 'WORKASPACE' ) );
#10784 = UNCERTAINTY_MEASURE_WITH_UNIT (LENGTH_MEASURE( 1.000000000000000100E-005 ), #10787, 'distance_accuracy_value', 'NONE');
#10785 =( NAMED_UNIT ( * ) SI_UNIT ( $, .STERADIAN. ) SOLID_ANGLE_UNIT ( ) );
#10786 =( NAMED_UNIT ( * ) PLANE_ANGLE_UNIT ( ) SI_UNIT ( $, .RADIAN. ) );
#10787 =( LENGTH_UNIT ( ) NAMED_UNIT ( * ) SI_UNIT ( .MILLI., .METRE. ) );
#10788 = MECHANICAL_DESIGN_GEOMETRIC_PRESENTATION_REPRESENTATION (  '', ( #10790 ), #10783 ) ;
#10789 = PRESENTATION_LAYER_ASSIGNMENT (  '', '', ( #10790 ) ) ;
#10790 = STYLED_ITEM ( 'NONE', ( #10791 ), #6506 ) ;
#10791 = PRESENTATION_STYLE_ASSIGNMENT (( #10792 ) ) ;
#10792 = SURFACE_STYLE_USAGE ( .BOTH. , #10793 ) ;
#10793 = SURFACE_SIDE_STYLE ('',( #10794 ) ) ;
#10794 = SURFACE_STYLE_FILL_AREA ( #10795 ) ;
#10795 = FILL_AREA_STYLE ('',( #10802 ) ) ;
#10796 = COLOUR_RGB ( '',0.7529411764705882200, 0.7529411764705882200, 0.7529411764705882200 ) ;
#10797 = FACE_OUTER_BOUND ( 'NONE', #6481, .T. ) ;
#10798 = DIRECTION ( 'NONE',  ( -1.000000000000000000, 0.0000000000000000000, 6.982966722218764100E-015 ) ) ;
#10799 = VECTOR ( 'NONE', #10798, 1000.000000000000000 ) ;
#10800 = CARTESIAN_POINT ( 'NONE',  ( -6.250000000000033800, 3.750000000000016400, -4.499999999999947600 ) ) ;
#10801 = LINE ( 'NONE', #10800, #10799 ) ;
#10802 = FILL_AREA_STYLE_COLOUR ( '', #10796 ) ;
#10803 = DIRECTION ( 'NONE',  ( -1.000000000000000000, 0.0000000000000000000, 6.982966722218764100E-015 ) ) ;
#10804 = DIRECTION ( 'NONE',  ( 2.438091212180733500E-029, 1.000000000000000000, 3.491483361109382100E-015 ) ) ;
#10805 = CARTESIAN_POINT ( 'NONE',  ( -6.250000000000036400, 3.750000000000018200, -4.957106781186496400 ) ) ;
#10806 = AXIS2_PLACEMENT_3D ( 'NONE', #10805, #10804, #10803 ) ;
#10807 = PLANE ( 'NONE',  #10806 ) ;
#10808 =( GEOMETRIC_REPRESENTATION_CONTEXT ( 3 ) GLOBAL_UNCERTAINTY_ASSIGNED_CONTEXT ( ( #10756 ) ) GLOBAL_UNIT_ASSIGNED_CONTEXT ( ( #10759, #10758, #10757 ) ) REPRESENTATION_CONTEXT ( 'NONE', 'WORKASPACE' ) );
#10809 =( NAMED_UNIT ( * ) PLANE_ANGLE_UNIT ( ) SI_UNIT ( $, .RADIAN. ) );
#10810 =( LENGTH_UNIT ( ) NAMED_UNIT ( * ) SI_UNIT ( .MILLI., .METRE. ) );
#10811 = MECHANICAL_DESIGN_GEOMETRIC_PRESENTATION_REPRESENTATION (  '', ( #10813 ), #10866 ) ;
#10812 = PRESENTATION_LAYER_ASSIGNMENT (  '', '', ( #10813 ) ) ;
#10813 = STYLED_ITEM ( 'NONE', ( #10814 ), #6519 ) ;
#10814 = PRESENTATION_STYLE_ASSIGNMENT (( #10815 ) ) ;
#10815 = SURFACE_STYLE_USAGE ( .BOTH. , #10816 ) ;
#10816 = SURFACE_SIDE_STYLE ('',( #10817 ) ) ;
#10817 = SURFACE_STYLE_FILL_AREA ( #10818 ) ;
#10818 = FILL_AREA_STYLE ('',( #10825 ) ) ;
#10819 = COLOUR_RGB ( '',0.7529411764705882200, 0.7529411764705882200, 0.7529411764705882200 ) ;
#10820 = FACE_OUTER_BOUND ( 'NONE', #6521, .T. ) ;
#10821 = DIRECTION ( 'NONE',  ( -2.438091212180733500E-029, -1.000000000000000000, -3.491483361109382100E-015 ) ) ;
#10822 = VECTOR ( 'NONE', #10821, 1000.000000000000000 ) ;
#10823 = CARTESIAN_POINT ( 'NONE',  ( -8.249999999999984000, 3.749999999999991100, 2.650000000000067000 ) ) ;
#10824 = LINE ( 'NONE', #10823, #10822 ) ;
#10825 = FILL_AREA_STYLE_COLOUR ( '', #10819 ) ;
#10826 = CARTESIAN_POINT ( 'NONE',  ( -9.999999999999973400, 0.3999999999999843700, 3.450000000000067200 ) ) ;
#10827 = CARTESIAN_POINT ( 'NONE',  ( -7.749999999999984900, 3.249999999999990700, 2.650000000000061600 ) ) ;
#10828 = DIRECTION ( 'NONE',  ( 1.000000000000000000, 0.0000000000000000000, -6.982966722218764100E-015 ) ) ;
#10829 = VECTOR ( 'NONE', #10828, 1000.000000000000000 ) ;
#10830 = CARTESIAN_POINT ( 'NONE',  ( -8.249999999999984000, 3.249999999999990700, 2.650000000000065200 ) ) ;
#10831 = LINE ( 'NONE', #10830, #10829 ) ;
#10832 = DIRECTION ( 'NONE',  ( 1.000000000000000000, 0.0000000000000000000, -6.982966722218764100E-015 ) ) ;
#10833 = VECTOR ( 'NONE', #10832, 1000.000000000000000 ) ;
#10834 = CARTESIAN_POINT ( 'NONE',  ( -6.250000000000033800, -2.999999999999984500, -4.499999999999970700 ) ) ;
#10835 = LINE ( 'NONE', #10834, #10833 ) ;
#10836 = CARTESIAN_POINT ( 'NONE',  ( -8.249999999999984000, 3.249999999999990700, 2.650000000000065200 ) ) ;
#10837 = CARTESIAN_POINT ( 'NONE',  ( -8.249999999999984000, 3.749999999999991100, 2.650000000000067000 ) ) ;
#10838 = DIRECTION ( 'NONE',  ( -2.438091212180733500E-029, -1.000000000000000000, -3.491483361109382100E-015 ) ) ;
#10839 = DIRECTION ( 'NONE',  ( -6.982966722218764100E-015, 3.491483361109382100E-015, -1.000000000000000000 ) ) ;
#10840 = CARTESIAN_POINT ( 'NONE',  ( -6.250000000000030200, 3.250000000000014200, -3.999999999999948900 ) ) ;
#10841 = AXIS2_PLACEMENT_3D ( 'NONE', #10840, #10839, #10838 ) ;
#10842 = PLANE ( 'NONE',  #10841 ) ;
#10843 = CARTESIAN_POINT ( 'NONE',  ( -8.250000000000039100, 3.750000000000018200, -4.957106781186483100 ) ) ;
#10844 = LINE ( 'NONE', #10843, #10896 ) ;
#10845 = FILL_AREA_STYLE_COLOUR ( '', #10893 ) ;
#10846 = DIRECTION ( 'NONE',  ( 6.982966722218764100E-015, -3.491483361109382100E-015, 1.000000000000000000 ) ) ;
#10847 = VECTOR ( 'NONE', #10846, 1000.000000000000000 ) ;
#10848 = CARTESIAN_POINT ( 'NONE',  ( -7.750000000000040000, 3.750000000000018200, -4.957106781186486600 ) ) ;
#10849 = LINE ( 'NONE', #10848, #10847 ) ;
#10850 = CARTESIAN_POINT ( 'NONE',  ( 8.500000000000017800, 0.3999999999999878100, 2.749999999999937800 ) ) ;
#10851 = DIRECTION ( 'NONE',  ( 6.982966722218764100E-015, -3.491483361109382100E-015, 1.000000000000000000 ) ) ;
#10852 = VECTOR ( 'NONE', #10851, 1000.000000000000000 ) ;
#10853 = CARTESIAN_POINT ( 'NONE',  ( -10.44999999999998700, 4.599999999999991700, 1.750000000000086800 ) ) ;
#10854 = LINE ( 'NONE', #10853, #10852 ) ;
#10855 = CARTESIAN_POINT ( 'NONE',  ( -10.44999999999999600, 4.599999999999996100, 0.2500000000000870400 ) ) ;
#10856 = CARTESIAN_POINT ( 'NONE',  ( -10.79999999999997200, 0.3999999999999843700, 3.450000000000073500 ) ) ;
#10857 = DIRECTION ( 'NONE',  ( 1.000000000000000000, 0.0000000000000000000, -6.982966722218764100E-015 ) ) ;
#10858 = VECTOR ( 'NONE', #10857, 1000.000000000000000 ) ;
#10859 = CARTESIAN_POINT ( 'NONE',  ( 11.94999999999996600, 3.276239569296612900, -4.750000000000074600 ) ) ;
#10860 = LINE ( 'NONE', #10859, #10858 ) ;
#10861 = DIRECTION ( 'NONE',  ( 2.438091212180733500E-029, 1.000000000000000000, 3.491483361109382100E-015 ) ) ;
#10862 = DIRECTION ( 'NONE',  ( 6.982966722218764100E-015, -3.491483361109382100E-015, 1.000000000000000000 ) ) ;
#10863 = CARTESIAN_POINT ( 'NONE',  ( -8.249999999999984000, 3.249999999999990700, 2.650000000000065200 ) ) ;
#10864 = AXIS2_PLACEMENT_3D ( 'NONE', #10863, #10862, #10861 ) ;
#10865 = PLANE ( 'NONE',  #10864 ) ;
#10866 =( GEOMETRIC_REPRESENTATION_CONTEXT ( 3 ) GLOBAL_UNCERTAINTY_ASSIGNED_CONTEXT ( ( #10867 ) ) GLOBAL_UNIT_ASSIGNED_CONTEXT ( ( #10810, #10809, #10868 ) ) REPRESENTATION_CONTEXT ( 'NONE', 'WORKASPACE' ) );
#10867 = UNCERTAINTY_MEASURE_WITH_UNIT (LENGTH_MEASURE( 1.000000000000000100E-005 ), #10810, 'distance_accuracy_value', 'NONE');
#10868 =( NAMED_UNIT ( * ) SI_UNIT ( $, .STERADIAN. ) SOLID_ANGLE_UNIT ( ) );
#10869 = CARTESIAN_POINT ( 'NONE',  ( 11.19999999999999600, 4.600000000000000500, -0.2500000000000658900 ) ) ;
#10870 = AXIS2_PLACEMENT_3D ( 'NONE', #10869, #10935, #10934 ) ;
#10871 = PLANE ( 'NONE',  #10870 ) ;
#10872 = FACE_OUTER_BOUND ( 'NONE', #6574, .T. ) ;
#10873 = FACE_BOUND ( 'NONE', #6537, .T. ) ;
#10874 = DIRECTION ( 'NONE',  ( -1.000000000000000000, 0.0000000000000000000, 6.982966722218764100E-015 ) ) ;
#10875 = DIRECTION ( 'NONE',  ( 2.438091212180733500E-029, 1.000000000000000000, 3.491483361109382100E-015 ) ) ;
#10876 = CARTESIAN_POINT ( 'NONE',  ( -8.250000000000039100, 3.750000000000018200, -4.957106781186483100 ) ) ;
#10877 = AXIS2_PLACEMENT_3D ( 'NONE', #10876, #10875, #10874 ) ;
#10878 = PLANE ( 'NONE',  #10877 ) ;
#10879 =( GEOMETRIC_REPRESENTATION_CONTEXT ( 3 ) GLOBAL_UNCERTAINTY_ASSIGNED_CONTEXT ( ( #10880 ) ) GLOBAL_UNIT_ASSIGNED_CONTEXT ( ( #10884, #10882, #10881 ) ) REPRESENTATION_CONTEXT ( 'NONE', 'WORKASPACE' ) );
#10880 = UNCERTAINTY_MEASURE_WITH_UNIT (LENGTH_MEASURE( 1.000000000000000100E-005 ), #10884, 'distance_accuracy_value', 'NONE');
#10881 =( NAMED_UNIT ( * ) SI_UNIT ( $, .STERADIAN. ) SOLID_ANGLE_UNIT ( ) );
#10883 = EDGE_CURVE ( 'NONE', #11266, #4572, #5823, .T. ) ;
#10882 =( NAMED_UNIT ( * ) PLANE_ANGLE_UNIT ( ) SI_UNIT ( $, .RADIAN. ) );
#10884 =( LENGTH_UNIT ( ) NAMED_UNIT ( * ) SI_UNIT ( .MILLI., .METRE. ) );
#10885 = MECHANICAL_DESIGN_GEOMETRIC_PRESENTATION_REPRESENTATION (  '', ( #10887 ), #10879 ) ;
#10886 = PRESENTATION_LAYER_ASSIGNMENT (  '', '', ( #10887 ) ) ;
#10887 = STYLED_ITEM ( 'NONE', ( #10888 ), #6546 ) ;
#10888 = PRESENTATION_STYLE_ASSIGNMENT (( #10889 ) ) ;
#10889 = SURFACE_STYLE_USAGE ( .BOTH. , #10890 ) ;
#10890 = SURFACE_SIDE_STYLE ('',( #10891 ) ) ;
#10891 = SURFACE_STYLE_FILL_AREA ( #10892 ) ;
#10892 = FILL_AREA_STYLE ('',( #10845 ) ) ;
#10893 = COLOUR_RGB ( '',0.7529411764705882200, 0.7529411764705882200, 0.7529411764705882200 ) ;
#10894 = FACE_OUTER_BOUND ( 'NONE', #6542, .T. ) ;
#10895 = DIRECTION ( 'NONE',  ( 6.982966722218764100E-015, -3.491483361109382100E-015, 1.000000000000000000 ) ) ;
#10896 = VECTOR ( 'NONE', #10895, 1000.000000000000000 ) ;
#10897 = MECHANICAL_DESIGN_GEOMETRIC_PRESENTATION_REPRESENTATION (  '', ( #10899 ), #10957 ) ;
#10898 = PRESENTATION_LAYER_ASSIGNMENT (  '', '', ( #10899 ) ) ;
#10899 = STYLED_ITEM ( 'NONE', ( #10900 ), #6559 ) ;
#10900 = PRESENTATION_STYLE_ASSIGNMENT (( #10901 ) ) ;
#10901 = SURFACE_STYLE_USAGE ( .BOTH. , #10902 ) ;
#10902 = SURFACE_SIDE_STYLE ('',( #10903 ) ) ;
#10903 = SURFACE_STYLE_FILL_AREA ( #10904 ) ;
#10904 = FILL_AREA_STYLE ('',( #10911 ) ) ;
#10905 = COLOUR_RGB ( '',0.7529411764705882200, 0.7529411764705882200, 0.7529411764705882200 ) ;
#10906 = FACE_OUTER_BOUND ( 'NONE', #6557, .T. ) ;
#10907 = DIRECTION ( 'NONE',  ( -1.000000000000000000, -1.161645184805897700E-016, 6.982966722218764100E-015 ) ) ;
#10908 = VECTOR ( 'NONE', #10907, 1000.000000000000000 ) ;
#10909 = CARTESIAN_POINT ( 'NONE',  ( -10.79999999999997200, 0.3999999999999843700, 3.450000000000073000 ) ) ;
#10910 = LINE ( 'NONE', #10909, #10908 ) ;
#10911 = FILL_AREA_STYLE_COLOUR ( '', #10905 ) ;
#10912 = DIRECTION ( 'NONE',  ( -1.000000000000000000, 0.0000000000000000000, 6.982966722218764100E-015 ) ) ;
#10913 = VECTOR ( 'NONE', #10912, 1000.000000000000000 ) ;
#10914 = CARTESIAN_POINT ( 'NONE',  ( -8.249999999999984000, 3.749999999999991100, 2.650000000000067000 ) ) ;
#10915 = LINE ( 'NONE', #10914, #10913 ) ;
#10916 = DIRECTION ( 'NONE',  ( 6.982966722218764100E-015, -3.491483361109382100E-015, 1.000000000000000000 ) ) ;
#10917 = VECTOR ( 'NONE', #10916, 1000.000000000000000 ) ;
#10918 = CARTESIAN_POINT ( 'NONE',  ( -9.999999999999973400, 0.3999999999999843700, 3.450000000000066300 ) ) ;
#10919 = LINE ( 'NONE', #10918, #10917 ) ;
#10920 = EDGE_LOOP ( 'NONE', ( #10514, #10648, #10444, #10086 ) ) ;
#10921 = DIRECTION ( 'NONE',  ( 1.000000000000000000, 1.210047067506143700E-016, -6.982966722218763300E-015 ) ) ;
#10922 = VECTOR ( 'NONE', #10921, 1000.000000000000000 ) ;
#10923 = CARTESIAN_POINT ( 'NONE',  ( 8.525000000000021700, 4.599999999999988100, 3.449999999999952700 ) ) ;
#10924 = LINE ( 'NONE', #10923, #10922 ) ;
#10925 = DIRECTION ( 'NONE',  ( -6.982966722218764100E-015, 3.491483361109382100E-015, -1.000000000000000000 ) ) ;
#10926 = VECTOR ( 'NONE', #10925, 1000.000000000000000 ) ;
#10927 = CARTESIAN_POINT ( 'NONE',  ( -10.79999999999996700, 4.599999999999981000, 4.750000000000087000 ) ) ;
#10928 = LINE ( 'NONE', #10927, #10926 ) ;
#10929 = CARTESIAN_POINT ( 'NONE',  ( -7.749999999999986700, 3.749999999999991100, 2.650000000000063400 ) ) ;
#10930 = DIRECTION ( 'NONE',  ( 7.451810904915198000E-015, -3.491483361109382100E-015, 1.000000000000000000 ) ) ;
#10931 = VECTOR ( 'NONE', #10930, 1000.000000000000000 ) ;
#10932 = CARTESIAN_POINT ( 'NONE',  ( -8.524999999999970200, 4.599999999999985400, 3.450000000000071700 ) ) ;
#10933 = LINE ( 'NONE', #10932, #10931 ) ;
#10934 = DIRECTION ( 'NONE',  ( -1.000000000000000000, -1.210047067506143700E-016, 6.982966722218763300E-015 ) ) ;
#10935 = DIRECTION ( 'NONE',  ( -1.210047067505899900E-016, 1.000000000000000000, 3.491483361109382900E-015 ) ) ;
#10936 = PLANE ( 'NONE',  #10993 ) ;
#10937 = FACE_OUTER_BOUND ( 'NONE', #6536, .T. ) ;
#10938 = DIRECTION ( 'NONE',  ( 2.438091212180733500E-029, 1.000000000000000000, 3.491483361109382100E-015 ) ) ;
#10939 = VECTOR ( 'NONE', #10938, 1000.000000000000000 ) ;
#10940 = CARTESIAN_POINT ( 'NONE',  ( -11.19999999999998300, 2.399999999999989700, 2.150000000000082500 ) ) ;
#10941 = LINE ( 'NONE', #10940, #10939 ) ;
#10942 = DIRECTION ( 'NONE',  ( 6.982966722218764100E-015, -3.491483361109382100E-015, 1.000000000000000000 ) ) ;
#10943 = VECTOR ( 'NONE', #10942, 1000.000000000000000 ) ;
#10944 = CARTESIAN_POINT ( 'NONE',  ( -10.79999999999996300, 0.3999999999999800400, 4.750000000000072800 ) ) ;
#10945 = LINE ( 'NONE', #10944, #10943 ) ;
#10946 = CARTESIAN_POINT ( 'NONE',  ( -9.474999999999971200, 4.599999999999985400, 3.450000000000078300 ) ) ;
#10947 = CARTESIAN_POINT ( 'NONE',  ( -10.79999999999997600, 4.599999999999985400, 3.450000000000087700 ) ) ;
#10948 = DIRECTION ( 'NONE',  ( 1.000000000000000000, 1.210047067506143700E-016, -6.982966722218763300E-015 ) ) ;
#10949 = VECTOR ( 'NONE', #10948, 1000.000000000000000 ) ;
#10950 = CARTESIAN_POINT ( 'NONE',  ( -9.474999999999971200, 4.599999999999985400, 3.450000000000078300 ) ) ;
#10951 = LINE ( 'NONE', #10950, #10949 ) ;
#10952 = DIRECTION ( 'NONE',  ( -1.000000000000000000, 0.0000000000000000000, 6.982966722218764100E-015 ) ) ;
#10953 = DIRECTION ( 'NONE',  ( 2.438091212180733500E-029, 1.000000000000000000, 3.491483361109382100E-015 ) ) ;
#10954 = CARTESIAN_POINT ( 'NONE',  ( -10.25000000000003700, 3.750000000000018200, -4.957106781186468000 ) ) ;
#10955 = AXIS2_PLACEMENT_3D ( 'NONE', #10954, #10953, #10952 ) ;
#10956 = PLANE ( 'NONE',  #10955 ) ;
#10957 =( GEOMETRIC_REPRESENTATION_CONTEXT ( 3 ) GLOBAL_UNCERTAINTY_ASSIGNED_CONTEXT ( ( #10958 ) ) GLOBAL_UNIT_ASSIGNED_CONTEXT ( ( #9705, #10655, #10959 ) ) REPRESENTATION_CONTEXT ( 'NONE', 'WORKASPACE' ) );
#10958 = UNCERTAINTY_MEASURE_WITH_UNIT (LENGTH_MEASURE( 1.000000000000000100E-005 ), #9705, 'distance_accuracy_value', 'NONE');
#10959 =( NAMED_UNIT ( * ) SI_UNIT ( $, .STERADIAN. ) SOLID_ANGLE_UNIT ( ) );
#10960 = VECTOR ( 'NONE', #11025, 1000.000000000000000 ) ;
#10961 = CARTESIAN_POINT ( 'NONE',  ( 10.45000000000001200, 4.999999999999992900, 1.749999999999942300 ) ) ;
#10962 = LINE ( 'NONE', #10961, #10960 ) ;
#10963 = DIRECTION ( 'NONE',  ( 6.982966722218764100E-015, -3.491483361109382100E-015, 1.000000000000000000 ) ) ;
#10964 = VECTOR ( 'NONE', #10963, 1000.000000000000000 ) ;
#10965 = CARTESIAN_POINT ( 'NONE',  ( -9.750000000000037300, 3.750000000000018200, -4.957106781186472400 ) ) ;
#10966 = LINE ( 'NONE', #10965, #10964 ) ;
#10967 = DIRECTION ( 'NONE',  ( -6.982966722218764100E-015, 3.491483361109382100E-015, -1.000000000000000000 ) ) ;
#10968 = VECTOR ( 'NONE', #10967, 1000.000000000000000 ) ;
#10969 = CARTESIAN_POINT ( 'NONE',  ( 10.00000000000002300, 0.3999999999999869800, 3.449999999999926500 ) ) ;
#10970 = LINE ( 'NONE', #10969, #10968 ) ;
#10971 = CARTESIAN_POINT ( 'NONE',  ( 11.15000000000000000, 4.999999999999998200, 0.2499999999999371300 ) ) ;
#10972 = CARTESIAN_POINT ( 'NONE',  ( 11.15000000000001100, 4.999999999999992900, 1.749999999999937600 ) ) ;
#10973 = DIRECTION ( 'NONE',  ( -1.000000000000000000, -1.210047067506165400E-016, 7.602510820781909100E-015 ) ) ;
#10974 = VECTOR ( 'NONE', #10973, 1000.000000000000000 ) ;
#10975 = CARTESIAN_POINT ( 'NONE',  ( -10.44999999999998700, 4.599999999999991700, 1.750000000000086800 ) ) ;
#10976 = LINE ( 'NONE', #10975, #10974 ) ;
#10977 = CARTESIAN_POINT ( 'NONE',  ( 10.00000000000001200, 0.3999999999999921400, 2.049999999999927400 ) ) ;
#10978 = CARTESIAN_POINT ( 'NONE',  ( 10.45000000000001200, 4.999999999999992900, 1.749999999999942300 ) ) ;
#10979 = CARTESIAN_POINT ( 'NONE',  ( -11.14999999999998600, 4.599999999999991700, 1.750000000000091500 ) ) ;
#10980 = CARTESIAN_POINT ( 'NONE',  ( -9.474999999999999600, 4.599999999999997900, -0.2499999999999214500 ) ) ;
#10981 = DIRECTION ( 'NONE',  ( -1.000000000000000000, -1.210047067506143700E-016, 6.982966722218763300E-015 ) ) ;
#10982 = VECTOR ( 'NONE', #10981, 1000.000000000000000 ) ;
#10983 = CARTESIAN_POINT ( 'NONE',  ( 11.19999999999999600, 4.600000000000000500, -0.2500000000000658900 ) ) ;
#10984 = LINE ( 'NONE', #10983, #10982 ) ;
#10985 = CARTESIAN_POINT ( 'NONE',  ( -11.19999999999999900, 4.599999999999997900, -0.2499999999999094300 ) ) ;
#10986 = DIRECTION ( 'NONE',  ( -7.451810904915198000E-015, 3.491483361109382100E-015, -1.000000000000000000 ) ) ;
#10987 = VECTOR ( 'NONE', #10986, 1000.000000000000000 ) ;
#10988 = CARTESIAN_POINT ( 'NONE',  ( -9.474999999999971200, 4.599999999999985400, 3.450000000000078300 ) ) ;
#10989 = LINE ( 'NONE', #10988, #10987 ) ;
#10990 = DIRECTION ( 'NONE',  ( -2.438091212180733500E-029, -1.000000000000000000, -3.491483361109382100E-015 ) ) ;
#10991 = DIRECTION ( 'NONE',  ( -1.000000000000000000, 0.0000000000000000000, 6.982966722218764100E-015 ) ) ;
#10992 = CARTESIAN_POINT ( 'NONE',  ( -11.19999999999999900, 0.3999999999999973600, -0.2499999999999241700 ) ) ;
#10993 = AXIS2_PLACEMENT_3D ( 'NONE', #10992, #10991, #10990 ) ;
#10994 = DIRECTION ( 'NONE',  ( -6.982966722218764100E-015, 3.491483361109382100E-015, -1.000000000000000000 ) ) ;
#10995 = VECTOR ( 'NONE', #10994, 1000.000000000000000 ) ;
#10996 = CARTESIAN_POINT ( 'NONE',  ( -11.95000000000001200, 5.000000000000005300, -1.749999999999901600 ) ) ;
#10997 = LINE ( 'NONE', #10996, #10995 ) ;
#10998 = CARTESIAN_POINT ( 'NONE',  ( 8.500000000000012400, 0.3999999999999921400, 2.049999999999937600 ) ) ;
#10999 = DIRECTION ( 'NONE',  ( -2.438091212180733800E-029, -1.000000000000000000, -3.491483361109382500E-015 ) ) ;
#11000 = VECTOR ( 'NONE', #10999, 1000.000000000000000 ) ;
#11001 = CARTESIAN_POINT ( 'NONE',  ( -9.750000000000035500, 3.750000000000016400, -4.499999999999923600 ) ) ;
#11002 = LINE ( 'NONE', #11001, #11000 ) ;
#11003 = DIRECTION ( 'NONE',  ( -1.000000000000000000, -1.210047067506143700E-016, 6.982966722218763300E-015 ) ) ;
#11004 = VECTOR ( 'NONE', #11003, 1000.000000000000000 ) ;
#11005 = CARTESIAN_POINT ( 'NONE',  ( 11.20000000000003100, 4.599999999999983700, 4.749999999999933400 ) ) ;
#11006 = LINE ( 'NONE', #11005, #11004 ) ;
#11007 = CARTESIAN_POINT ( 'NONE',  ( -9.750000000000035500, 3.750000000000016400, -4.499999999999923600 ) ) ;
#11008 = DIRECTION ( 'NONE',  ( 6.982966722218764100E-015, -3.491483361109382100E-015, 1.000000000000000000 ) ) ;
#11009 = VECTOR ( 'NONE', #11008, 1000.000000000000000 ) ;
#11010 = CARTESIAN_POINT ( 'NONE',  ( -11.19999999999999900, 4.599999999999997900, -0.2499999999999094300 ) ) ;
#11011 = LINE ( 'NONE', #11010, #11009 ) ;
#11012 = CARTESIAN_POINT ( 'NONE',  ( -11.19999999999996600, 4.599999999999981000, 4.750000000000088800 ) ) ;
#11013 = DIRECTION ( 'NONE',  ( -6.982966722218764100E-015, 3.491483361109382100E-015, -1.000000000000000000 ) ) ;
#11014 = VECTOR ( 'NONE', #11013, 1000.000000000000000 ) ;
#11015 = CARTESIAN_POINT ( 'NONE',  ( 11.15000000000001100, 4.999999999999992900, 1.749999999999937600 ) ) ;
#11016 = LINE ( 'NONE', #11015, #11014 ) ;
#11017 = DIRECTION ( 'NONE',  ( 1.000000000000000000, 0.0000000000000000000, -6.982966722218764100E-015 ) ) ;
#11018 = DIRECTION ( 'NONE',  ( -2.438091212180733500E-029, -1.000000000000000000, -3.491483361109382100E-015 ) ) ;
#11019 = CARTESIAN_POINT ( 'NONE',  ( -11.95000000000001200, 5.000000000000005300, -1.749999999999901600 ) ) ;
#11020 = AXIS2_PLACEMENT_3D ( 'NONE', #11019, #11018, #11017 ) ;
#11021 = PLANE ( 'NONE',  #11020 ) ;
#11022 = FACE_OUTER_BOUND ( 'NONE', #6619, .T. ) ;
#11023 = FACE_BOUND ( 'NONE', #6642, .T. ) ;
#11024 = FACE_BOUND ( 'NONE', #6590, .T. ) ;
#11025 = DIRECTION ( 'NONE',  ( 1.000000000000000000, -2.163127911606735700E-030, -6.363422623655619200E-015 ) ) ;
#11026 = DIRECTION ( 'NONE',  ( 6.982966722218764100E-015, -3.324683026880842900E-015, 1.000000000000000000 ) ) ;
#11027 = VECTOR ( 'NONE', #11026, 1000.000000000000000 ) ;
#11028 = CARTESIAN_POINT ( 'NONE',  ( -11.19999999999996600, 2.399999999999981300, 4.750000000000082600 ) ) ;
#11029 = LINE ( 'NONE', #11028, #11027 ) ;
#11030 = DIRECTION ( 'NONE',  ( -1.000000000000000000, 0.0000000000000000000, 6.982966722218764900E-015 ) ) ;
#11031 = VECTOR ( 'NONE', #11030, 1000.000000000000000 ) ;
#11032 = CARTESIAN_POINT ( 'NONE',  ( -10.44999999999999800, 4.999999999999998200, 0.2500000000000879300 ) ) ;
#11033 = LINE ( 'NONE', #11032, #11031 ) ;
#11034 = CARTESIAN_POINT ( 'NONE',  ( -10.44999999999999800, 4.999999999999998200, 0.2500000000000879300 ) ) ;
#11035 = CARTESIAN_POINT ( 'NONE',  ( -10.44999999999998700, 4.999999999999992900, 1.750000000000088600 ) ) ;
#11036 = DIRECTION ( 'NONE',  ( -6.982966722218764100E-015, 3.491483361109382100E-015, -1.000000000000000000 ) ) ;
#11037 = VECTOR ( 'NONE', #11036, 1000.000000000000000 ) ;
#11038 = CARTESIAN_POINT ( 'NONE',  ( -10.44999999999998700, 4.999999999999992900, 1.750000000000088600 ) ) ;
#11039 = LINE ( 'NONE', #11038, #11037 ) ;
#11040 = CARTESIAN_POINT ( 'NONE',  ( -9.999999999999984000, 0.3999999999999895300, 2.050000000000066900 ) ) ;
#11041 = DIRECTION ( 'NONE',  ( -1.000000000000000000, -1.161645184805897700E-016, 6.982966722218764100E-015 ) ) ;
#11042 = VECTOR ( 'NONE', #11041, 1000.000000000000000 ) ;
#11043 = CARTESIAN_POINT ( 'NONE',  ( -9.999999999999984000, 0.3999999999999895300, 2.050000000000066900 ) ) ;
#11044 = LINE ( 'NONE', #11043, #11042 ) ;
#11045 = CARTESIAN_POINT ( 'NONE',  ( -10.79999999999996700, 4.599999999999981000, 4.750000000000087000 ) ) ;
#11046 = DIRECTION ( 'NONE',  ( -1.000000000000000000, -1.161645184805897700E-016, 6.982966722218764100E-015 ) ) ;
#11047 = VECTOR ( 'NONE', #11046, 1000.000000000000000 ) ;
#11048 = CARTESIAN_POINT ( 'NONE',  ( -8.499999999999980500, 0.3999999999999869800, 2.750000000000056800 ) ) ;
#11049 = LINE ( 'NONE', #11048, #11047 ) ;
#11050 = DIRECTION ( 'NONE',  ( 6.982966722218764100E-015, -3.491483361109382100E-015, 1.000000000000000000 ) ) ;
#11051 = VECTOR ( 'NONE', #11050, 1000.000000000000000 ) ;
#11052 = CARTESIAN_POINT ( 'NONE',  ( 8.500000000000017800, 0.3999999999999895300, 2.749999999999936900 ) ) ;
#11053 = LINE ( 'NONE', #11052, #11051 ) ;
#11054 = DIRECTION ( 'NONE',  ( -1.000000000000000000, -1.161645184805897700E-016, 6.982966722218764100E-015 ) ) ;
#11055 = VECTOR ( 'NONE', #11054, 1000.000000000000000 ) ;
#11056 = CARTESIAN_POINT ( 'NONE',  ( 8.500000000000012400, 0.3999999999999921400, 2.049999999999937600 ) ) ;
#11057 = LINE ( 'NONE', #11056, #11055 ) ;
#11058 = FACE_OUTER_BOUND ( 'NONE', #8412, .T. ) ;
#11059 = DIRECTION ( 'NONE',  ( 6.982966722218764100E-015, -3.491483361109382100E-015, 1.000000000000000000 ) ) ;
#11060 = VECTOR ( 'NONE', #11059, 1000.000000000000000 ) ;
#11061 = CARTESIAN_POINT ( 'NONE',  ( -10.25000000000003700, 3.750000000000018200, -4.957106781186468000 ) ) ;
#11062 = LINE ( 'NONE', #11061, #11060 ) ;
#11063 = FILL_AREA_STYLE_COLOUR ( '', #11119 ) ;
#11064 = DIRECTION ( 'NONE',  ( -1.000000000000000000, 0.0000000000000000000, 6.982966722218764900E-015 ) ) ;
#11065 = VECTOR ( 'NONE', #11064, 1000.000000000000000 ) ;
#11066 = CARTESIAN_POINT ( 'NONE',  ( 10.45000000000000100, 4.999999999999998200, 0.2499999999999419900 ) ) ;
#11067 = LINE ( 'NONE', #11066, #11065 ) ;
#11068 = CARTESIAN_POINT ( 'NONE',  ( -11.14999999999999700, 4.999999999999998200, 0.2500000000000928100 ) ) ;
#11069 = DIRECTION ( 'NONE',  ( 6.982966722218764100E-015, -3.491483361109382100E-015, 1.000000000000000000 ) ) ;
#11070 = VECTOR ( 'NONE', #11069, 1000.000000000000000 ) ;
#11071 = CARTESIAN_POINT ( 'NONE',  ( -11.14999999999998600, 4.999999999999992900, 1.750000000000093300 ) ) ;
#11072 = LINE ( 'NONE', #11071, #11070 ) ;
#11073 = CARTESIAN_POINT ( 'NONE',  ( -11.14999999999998600, 4.999999999999992900, 1.750000000000093300 ) ) ;
#11074 = DIRECTION ( 'NONE',  ( 6.982966722218764100E-015, -3.491483361109382100E-015, 1.000000000000000000 ) ) ;
#11075 = VECTOR ( 'NONE', #11074, 1000.000000000000000 ) ;
#11076 = CARTESIAN_POINT ( 'NONE',  ( -10.25000000000003700, 3.250000000000017800, -4.957106781186469700 ) ) ;
#11077 = LINE ( 'NONE', #11076, #11075 ) ;
#11078 = CARTESIAN_POINT ( 'NONE',  ( -9.750000000000030200, -2.999999999999984500, -3.999999999999946300 ) ) ;
#11079 = DIRECTION ( 'NONE',  ( 1.045241367417237500E-014, -3.491483361109382100E-015, 1.000000000000000000 ) ) ;
#11080 = VECTOR ( 'NONE', #11079, 1000.000000000000000 ) ;
#11081 = CARTESIAN_POINT ( 'NONE',  ( -9.750000000000035500, -2.999999999999984500, -4.728553390593220700 ) ) ;
#11082 = LINE ( 'NONE', #11081, #11080 ) ;
#11083 = DIRECTION ( 'NONE',  ( -2.438091212180733800E-029, -1.000000000000000000, -3.491483361109382500E-015 ) ) ;
#11084 = VECTOR ( 'NONE', #11083, 1000.000000000000000 ) ;
#11085 = CARTESIAN_POINT ( 'NONE',  ( -9.750000000000030200, 3.250000000000014200, -3.999999999999924500 ) ) ;
#11086 = LINE ( 'NONE', #11085, #11084 ) ;
#11087 = DIRECTION ( 'NONE',  ( -2.438091212180733500E-029, -1.000000000000000000, -3.491483361109382100E-015 ) ) ;
#11088 = VECTOR ( 'NONE', #11087, 1000.000000000000000 ) ;
#11089 = CARTESIAN_POINT ( 'NONE',  ( -11.19999999999999900, 0.3999999999999973600, -0.2499999999999241700 ) ) ;
#11090 = LINE ( 'NONE', #11089, #11088 ) ;
#11091 = CARTESIAN_POINT ( 'NONE',  ( -9.750000000000035500, -2.999999999999984500, -4.499999999999946700 ) ) ;
#11092 = FILL_AREA_STYLE_COLOUR ( '', #11145 ) ;
#11093 = DIRECTION ( 'NONE',  ( 6.982966722218764100E-015, -3.491483361109382100E-015, 1.000000000000000000 ) ) ;
#11094 = VECTOR ( 'NONE', #11093, 1000.000000000000000 ) ;
#11095 = CARTESIAN_POINT ( 'NONE',  ( -1.750000000000038000, 3.750000000000018200, -4.957106781186528400 ) ) ;
#11096 = LINE ( 'NONE', #11095, #11094 ) ;
#11097 = DIRECTION ( 'NONE',  ( 6.982966722218764100E-015, -3.491483361109382100E-015, 1.000000000000000000 ) ) ;
#11098 = VECTOR ( 'NONE', #11097, 1000.000000000000000 ) ;
#11099 = CARTESIAN_POINT ( 'NONE',  ( -2.250000000000036900, 3.750000000000018200, -4.957106781186524800 ) ) ;
#11100 = LINE ( 'NONE', #11099, #11098 ) ;
#11101 = DIRECTION ( 'NONE',  ( -3.469446951953586600E-015, 1.000000000000000000, 3.491483361109406100E-015 ) ) ;
#11102 = DIRECTION ( 'NONE',  ( 1.000000000000000000, 3.469446951953611000E-015, -6.982966722218752300E-015 ) ) ;
#11103 = CARTESIAN_POINT ( 'NONE',  ( -9.750000000000037300, 3.750000000000018200, -4.957106781186472400 ) ) ;
#11104 = AXIS2_PLACEMENT_3D ( 'NONE', #11103, #11102, #11101 ) ;
#11105 = PLANE ( 'NONE',  #11104 ) ;
#11106 =( GEOMETRIC_REPRESENTATION_CONTEXT ( 3 ) GLOBAL_UNCERTAINTY_ASSIGNED_CONTEXT ( ( #11107 ) ) GLOBAL_UNIT_ASSIGNED_CONTEXT ( ( #11110, #11109, #11108 ) ) REPRESENTATION_CONTEXT ( 'NONE', 'WORKASPACE' ) );
#11107 = UNCERTAINTY_MEASURE_WITH_UNIT (LENGTH_MEASURE( 1.000000000000000100E-005 ), #11110, 'distance_accuracy_value', 'NONE');
#11108 =( NAMED_UNIT ( * ) SI_UNIT ( $, .STERADIAN. ) SOLID_ANGLE_UNIT ( ) );
#11109 =( NAMED_UNIT ( * ) PLANE_ANGLE_UNIT ( ) SI_UNIT ( $, .RADIAN. ) );
#11110 =( LENGTH_UNIT ( ) NAMED_UNIT ( * ) SI_UNIT ( .MILLI., .METRE. ) );
#11111 = MECHANICAL_DESIGN_GEOMETRIC_PRESENTATION_REPRESENTATION (  '', ( #11113 ), #11106 ) ;
#11112 = PRESENTATION_LAYER_ASSIGNMENT (  '', '', ( #11113 ) ) ;
#11113 = STYLED_ITEM ( 'NONE', ( #11114 ), #6654 ) ;
#11114 = PRESENTATION_STYLE_ASSIGNMENT (( #11115 ) ) ;
#11115 = SURFACE_STYLE_USAGE ( .BOTH. , #11116 ) ;
#11116 = SURFACE_SIDE_STYLE ('',( #11117 ) ) ;
#11117 = SURFACE_STYLE_FILL_AREA ( #11118 ) ;
#11118 = FILL_AREA_STYLE ('',( #11063 ) ) ;
#11119 = COLOUR_RGB ( '',0.7529411764705882200, 0.7529411764705882200, 0.7529411764705882200 ) ;
#11120 = CARTESIAN_POINT ( 'NONE',  ( -1.749999999999984900, 3.749999999999991100, 2.650000000000021200 ) ) ;
#11121 = LINE ( 'NONE', #11120, #11179 ) ;
#11122 = FILL_AREA_STYLE_COLOUR ( '', #11176 ) ;
#11123 = DIRECTION ( 'NONE',  ( -1.000000000000000000, 0.0000000000000000000, 6.982966722218764100E-015 ) ) ;
#11124 = VECTOR ( 'NONE', #11123, 1000.000000000000000 ) ;
#11125 = CARTESIAN_POINT ( 'NONE',  ( -2.249999999999983600, 3.749999999999991100, 2.650000000000024800 ) ) ;
#11126 = LINE ( 'NONE', #11125, #11124 ) ;
#11127 = DIRECTION ( 'NONE',  ( -1.000000000000000000, 0.0000000000000000000, 6.982966722218764100E-015 ) ) ;
#11128 = DIRECTION ( 'NONE',  ( 2.438091212180733500E-029, 1.000000000000000000, 3.491483361109382100E-015 ) ) ;
#11129 = CARTESIAN_POINT ( 'NONE',  ( -2.250000000000036900, 3.750000000000018200, -4.957106781186524800 ) ) ;
#11130 = AXIS2_PLACEMENT_3D ( 'NONE', #11129, #11128, #11127 ) ;
#11131 = PLANE ( 'NONE',  #11130 ) ;
#11132 =( GEOMETRIC_REPRESENTATION_CONTEXT ( 3 ) GLOBAL_UNCERTAINTY_ASSIGNED_CONTEXT ( ( #11133 ) ) GLOBAL_UNIT_ASSIGNED_CONTEXT ( ( #11136, #11135, #11134 ) ) REPRESENTATION_CONTEXT ( 'NONE', 'WORKASPACE' ) );
#11133 = UNCERTAINTY_MEASURE_WITH_UNIT (LENGTH_MEASURE( 1.000000000000000100E-005 ), #11136, 'distance_accuracy_value', 'NONE');
#11134 =( NAMED_UNIT ( * ) SI_UNIT ( $, .STERADIAN. ) SOLID_ANGLE_UNIT ( ) );
#11135 =( NAMED_UNIT ( * ) PLANE_ANGLE_UNIT ( ) SI_UNIT ( $, .RADIAN. ) );
#11136 =( LENGTH_UNIT ( ) NAMED_UNIT ( * ) SI_UNIT ( .MILLI., .METRE. ) );
#11137 = MECHANICAL_DESIGN_GEOMETRIC_PRESENTATION_REPRESENTATION (  '', ( #11139 ), #11132 ) ;
#11138 = PRESENTATION_LAYER_ASSIGNMENT (  '', '', ( #11139 ) ) ;
#11139 = STYLED_ITEM ( 'NONE', ( #11140 ), #6658 ) ;
#11140 = PRESENTATION_STYLE_ASSIGNMENT (( #11141 ) ) ;
#11141 = SURFACE_STYLE_USAGE ( .BOTH. , #11142 ) ;
#11142 = SURFACE_SIDE_STYLE ('',( #11143 ) ) ;
#11143 = SURFACE_STYLE_FILL_AREA ( #11144 ) ;
#11144 = FILL_AREA_STYLE ('',( #11092 ) ) ;
#11145 = COLOUR_RGB ( '',0.7529411764705882200, 0.7529411764705882200, 0.7529411764705882200 ) ;
#11146 = FACE_OUTER_BOUND ( 'NONE', #6631, .T. ) ;
#11147 = MECHANICAL_DESIGN_GEOMETRIC_PRESENTATION_REPRESENTATION (  '', ( #11149 ), #11198 ) ;
#11148 = PRESENTATION_LAYER_ASSIGNMENT (  '', '', ( #11149 ) ) ;
#11149 = STYLED_ITEM ( 'NONE', ( #11150 ), #6677 ) ;
#11150 = PRESENTATION_STYLE_ASSIGNMENT (( #11151 ) ) ;
#11151 = SURFACE_STYLE_USAGE ( .BOTH. , #11152 ) ;
#11152 = SURFACE_SIDE_STYLE ('',( #11153 ) ) ;
#11153 = SURFACE_STYLE_FILL_AREA ( #11154 ) ;
#11154 = FILL_AREA_STYLE ('',( #11161 ) ) ;
#11155 = COLOUR_RGB ( '',0.7529411764705882200, 0.7529411764705882200, 0.7529411764705882200 ) ;
#11156 = FACE_OUTER_BOUND ( 'NONE', #6675, .T. ) ;
#11157 = DIRECTION ( 'NONE',  ( -2.438091212180733500E-029, -1.000000000000000000, -3.491483361109382100E-015 ) ) ;
#11158 = DIRECTION ( 'NONE',  ( -1.000000000000000000, 0.0000000000000000000, 6.982966722218764100E-015 ) ) ;
#11159 = CARTESIAN_POINT ( 'NONE',  ( -10.25000000000003700, 3.750000000000018200, -4.957106781186468000 ) ) ;
#11160 = AXIS2_PLACEMENT_3D ( 'NONE', #11159, #11158, #11157 ) ;
#11161 = FILL_AREA_STYLE_COLOUR ( '', #11155 ) ;
#11162 = PLANE ( 'NONE',  #11160 ) ;
#11163 =( GEOMETRIC_REPRESENTATION_CONTEXT ( 3 ) GLOBAL_UNCERTAINTY_ASSIGNED_CONTEXT ( ( #11164 ) ) GLOBAL_UNIT_ASSIGNED_CONTEXT ( ( #11167, #11166, #11165 ) ) REPRESENTATION_CONTEXT ( 'NONE', 'WORKASPACE' ) );
#11164 = UNCERTAINTY_MEASURE_WITH_UNIT (LENGTH_MEASURE( 1.000000000000000100E-005 ), #11167, 'distance_accuracy_value', 'NONE');
#11165 =( NAMED_UNIT ( * ) SI_UNIT ( $, .STERADIAN. ) SOLID_ANGLE_UNIT ( ) );
#11166 =( NAMED_UNIT ( * ) PLANE_ANGLE_UNIT ( ) SI_UNIT ( $, .RADIAN. ) );
#11167 =( LENGTH_UNIT ( ) NAMED_UNIT ( * ) SI_UNIT ( .MILLI., .METRE. ) );
#11168 = MECHANICAL_DESIGN_GEOMETRIC_PRESENTATION_REPRESENTATION (  '', ( #11170 ), #11163 ) ;
#11169 = PRESENTATION_LAYER_ASSIGNMENT (  '', '', ( #11170 ) ) ;
#11170 = STYLED_ITEM ( 'NONE', ( #11171 ), #6669 ) ;
#11171 = PRESENTATION_STYLE_ASSIGNMENT (( #11172 ) ) ;
#11172 = SURFACE_STYLE_USAGE ( .BOTH. , #11173 ) ;
#11173 = SURFACE_SIDE_STYLE ('',( #11174 ) ) ;
#11174 = SURFACE_STYLE_FILL_AREA ( #11175 ) ;
#11175 = FILL_AREA_STYLE ('',( #11122 ) ) ;
#11176 = COLOUR_RGB ( '',0.7529411764705882200, 0.7529411764705882200, 0.7529411764705882200 ) ;
#11177 = FACE_OUTER_BOUND ( 'NONE', #6665, .T. ) ;
#11178 = DIRECTION ( 'NONE',  ( -3.469446951953586600E-015, 1.000000000000000000, 3.491483361109406100E-015 ) ) ;
#11179 = VECTOR ( 'NONE', #11178, 1000.000000000000000 ) ;
#11180 = DIRECTION ( 'NONE',  ( 6.982966722218764100E-015, -3.491483361109382100E-015, 1.000000000000000000 ) ) ;
#11181 = VECTOR ( 'NONE', #11180, 1000.000000000000000 ) ;
#11182 = CARTESIAN_POINT ( 'NONE',  ( -10.25000000000003700, 3.750000000000018200, -4.957106781186468000 ) ) ;
#11183 = LINE ( 'NONE', #11182, #11181 ) ;
#11184 = DIRECTION ( 'NONE',  ( 6.982966722218764100E-015, -3.491483361109382100E-015, 1.000000000000000000 ) ) ;
#11185 = VECTOR ( 'NONE', #11184, 1000.000000000000000 ) ;
#11186 = CARTESIAN_POINT ( 'NONE',  ( -10.25000000000003700, 3.250000000000017800, -4.957106781186469700 ) ) ;
#11187 = LINE ( 'NONE', #11186, #11185 ) ;
#11188 = CARTESIAN_POINT ( 'NONE',  ( -10.25000000000003000, 3.250000000000014200, -3.999999999999920100 ) ) ;
#11189 = DIRECTION ( 'NONE',  ( 6.982966722218764100E-015, -3.491483361109382100E-015, 1.000000000000000000 ) ) ;
#11190 = VECTOR ( 'NONE', #11189, 1000.000000000000000 ) ;
#11191 = CARTESIAN_POINT ( 'NONE',  ( -2.250000000000036900, 3.250000000000017800, -4.957106781186526600 ) ) ;
#11192 = LINE ( 'NONE', #11191, #11190 ) ;
#11193 = DIRECTION ( 'NONE',  ( 1.000000000000000000, 0.0000000000000000000, -6.982966722218764100E-015 ) ) ;
#11194 = DIRECTION ( 'NONE',  ( -2.438091212180733500E-029, -1.000000000000000000, -3.491483361109382100E-015 ) ) ;
#11195 = CARTESIAN_POINT ( 'NONE',  ( -2.250000000000036900, 3.250000000000017800, -4.957106781186526600 ) ) ;
#11196 = AXIS2_PLACEMENT_3D ( 'NONE', #11195, #11194, #11193 ) ;
#11197 = PLANE ( 'NONE',  #11196 ) ;
#11198 =( GEOMETRIC_REPRESENTATION_CONTEXT ( 3 ) GLOBAL_UNCERTAINTY_ASSIGNED_CONTEXT ( ( #11199 ) ) GLOBAL_UNIT_ASSIGNED_CONTEXT ( ( #6398, #11201, #11200 ) ) REPRESENTATION_CONTEXT ( 'NONE', 'WORKASPACE' ) );
#11199 = UNCERTAINTY_MEASURE_WITH_UNIT (LENGTH_MEASURE( 1.000000000000000100E-005 ), #6398, 'distance_accuracy_value', 'NONE');
#11200 =( NAMED_UNIT ( * ) SI_UNIT ( $, .STERADIAN. ) SOLID_ANGLE_UNIT ( ) );
#11201 =( NAMED_UNIT ( * ) PLANE_ANGLE_UNIT ( ) SI_UNIT ( $, .RADIAN. ) );
#11202 = DIRECTION ( 'NONE',  ( -2.438091212180733500E-029, -1.000000000000000000, -3.491483361109382100E-015 ) ) ;
#11203 = DIRECTION ( 'NONE',  ( -1.000000000000000000, 0.0000000000000000000, 6.982966722218764100E-015 ) ) ;
#11204 = CARTESIAN_POINT ( 'NONE',  ( -10.25000000000003700, 3.750000000000018200, -4.957106781186468000 ) ) ;
#11205 = AXIS2_PLACEMENT_3D ( 'NONE', #11204, #11203, #11202 ) ;
#11206 = PLANE ( 'NONE',  #11205 ) ;
#11207 =( GEOMETRIC_REPRESENTATION_CONTEXT ( 3 ) GLOBAL_UNCERTAINTY_ASSIGNED_CONTEXT ( ( #11208 ) ) GLOBAL_UNIT_ASSIGNED_CONTEXT ( ( #11211, #11210, #11209 ) ) REPRESENTATION_CONTEXT ( 'NONE', 'WORKASPACE' ) );
#11208 = UNCERTAINTY_MEASURE_WITH_UNIT (LENGTH_MEASURE( 1.000000000000000100E-005 ), #11211, 'distance_accuracy_value', 'NONE');
#11209 =( NAMED_UNIT ( * ) SI_UNIT ( $, .STERADIAN. ) SOLID_ANGLE_UNIT ( ) );
#11210 =( NAMED_UNIT ( * ) PLANE_ANGLE_UNIT ( ) SI_UNIT ( $, .RADIAN. ) );
#11211 =( LENGTH_UNIT ( ) NAMED_UNIT ( * ) SI_UNIT ( .MILLI., .METRE. ) );
#11212 = MECHANICAL_DESIGN_GEOMETRIC_PRESENTATION_REPRESENTATION (  '', ( #11214 ), #11207 ) ;
#11213 = PRESENTATION_LAYER_ASSIGNMENT (  '', '', ( #11214 ) ) ;
#11214 = STYLED_ITEM ( 'NONE', ( #11215 ), #6692 ) ;
#11215 = PRESENTATION_STYLE_ASSIGNMENT (( #11216 ) ) ;
#11216 = SURFACE_STYLE_USAGE ( .BOTH. , #11217 ) ;
#11217 = SURFACE_SIDE_STYLE ('',( #11218 ) ) ;
#11218 = SURFACE_STYLE_FILL_AREA ( #11219 ) ;
#11219 = FILL_AREA_STYLE ('',( #11226 ) ) ;
#11220 = COLOUR_RGB ( '',0.7529411764705882200, 0.7529411764705882200, 0.7529411764705882200 ) ;
#11221 = FACE_OUTER_BOUND ( 'NONE', #6647, .T. ) ;
#11222 = DIRECTION ( 'NONE',  ( -6.982966722218764100E-015, 3.491483361109382100E-015, -1.000000000000000000 ) ) ;
#11223 = VECTOR ( 'NONE', #11222, 1000.000000000000000 ) ;
#11224 = CARTESIAN_POINT ( 'NONE',  ( -10.25000000000003600, -2.999999999999984500, -4.728553390593216200 ) ) ;
#11225 = LINE ( 'NONE', #11224, #11223 ) ;
#11226 = FILL_AREA_STYLE_COLOUR ( '', #11220 ) ;
#11227 = CARTESIAN_POINT ( 'NONE',  ( -10.25000000000003000, -2.999999999999986200, -3.999999999999941800 ) ) ;
#11228 = DIRECTION ( 'NONE',  ( -2.438091212180733800E-029, -1.000000000000000000, -3.491483361109382500E-015 ) ) ;
#11229 = VECTOR ( 'NONE', #11228, 1000.000000000000000 ) ;
#11230 = CARTESIAN_POINT ( 'NONE',  ( -10.25000000000003000, 3.250000000000014200, -3.999999999999920100 ) ) ;
#11231 = LINE ( 'NONE', #11230, #11229 ) ;
#11232 = DIRECTION ( 'NONE',  ( 6.982966722218764100E-015, -3.491483361109382100E-015, 1.000000000000000000 ) ) ;
#11233 = VECTOR ( 'NONE', #11232, 1000.000000000000000 ) ;
#11234 = CARTESIAN_POINT ( 'NONE',  ( -9.750000000000035500, 3.250000000000017800, -4.957106781186474200 ) ) ;
#11235 = LINE ( 'NONE', #11234, #11233 ) ;
#11236 = DIRECTION ( 'NONE',  ( -3.469446951953586600E-015, 1.000000000000000000, 3.491483361109406100E-015 ) ) ;
#11237 = DIRECTION ( 'NONE',  ( 1.000000000000000000, 3.469446951953611000E-015, -6.982966722218752300E-015 ) ) ;
#11238 = CARTESIAN_POINT ( 'NONE',  ( -9.750000000000037300, 3.750000000000018200, -4.957106781186472400 ) ) ;
#11239 = AXIS2_PLACEMENT_3D ( 'NONE', #11238, #11237, #11236 ) ;
#11240 = PLANE ( 'NONE',  #11239 ) ;
#11241 =( GEOMETRIC_REPRESENTATION_CONTEXT ( 3 ) GLOBAL_UNCERTAINTY_ASSIGNED_CONTEXT ( ( #11242 ) ) GLOBAL_UNIT_ASSIGNED_CONTEXT ( ( #11245, #11244, #11243 ) ) REPRESENTATION_CONTEXT ( 'NONE', 'WORKASPACE' ) );
#11242 = UNCERTAINTY_MEASURE_WITH_UNIT (LENGTH_MEASURE( 1.000000000000000100E-005 ), #11245, 'distance_accuracy_value', 'NONE');
#11243 =( NAMED_UNIT ( * ) SI_UNIT ( $, .STERADIAN. ) SOLID_ANGLE_UNIT ( ) );
#11244 =( NAMED_UNIT ( * ) PLANE_ANGLE_UNIT ( ) SI_UNIT ( $, .RADIAN. ) );
#11245 =( LENGTH_UNIT ( ) NAMED_UNIT ( * ) SI_UNIT ( .MILLI., .METRE. ) );
#11246 = MECHANICAL_DESIGN_GEOMETRIC_PRESENTATION_REPRESENTATION (  '', ( #11248 ), #11241 ) ;
#11247 = PRESENTATION_LAYER_ASSIGNMENT (  '', '', ( #11248 ) ) ;
#11248 = STYLED_ITEM ( 'NONE', ( #11249 ), #6696 ) ;
#11249 = PRESENTATION_STYLE_ASSIGNMENT (( #11250 ) ) ;
#11250 = SURFACE_STYLE_USAGE ( .BOTH. , #11251 ) ;
#11251 = SURFACE_SIDE_STYLE ('',( #11252 ) ) ;
#11252 = SURFACE_STYLE_FILL_AREA ( #11253 ) ;
#11253 = FILL_AREA_STYLE ('',( #11254 ) ) ;
#11254 = FILL_AREA_STYLE_COLOUR ( '', #11255 ) ;
#11255 = COLOUR_RGB ( '',0.7529411764705882200, 0.7529411764705882200, 0.7529411764705882200 ) ;
#11256 = FACE_OUTER_BOUND ( 'NONE', #6691, .T. ) ;
#11257 = CARTESIAN_POINT ( 'NONE',  ( -9.750000000000030200, 3.250000000000014200, -3.999999999999924500 ) ) ;
#11258 = CARTESIAN_POINT ( 'NONE',  ( -10.25000000000003400, -2.999999999999984500, -4.499999999999942300 ) ) ;
#11259 = DIRECTION ( 'NONE',  ( 1.000000000000000000, 0.0000000000000000000, -6.982966722218764100E-015 ) ) ;
#11260 = DIRECTION ( 'NONE',  ( -2.438091212180733500E-029, -1.000000000000000000, -3.491483361109382100E-015 ) ) ;
#11261 = CARTESIAN_POINT ( 'NONE',  ( -10.25000000000003700, 3.250000000000017800, -4.957106781186469700 ) ) ;
#11262 = AXIS2_PLACEMENT_3D ( 'NONE', #11261, #11260, #11259 ) ;
#11263 = CARTESIAN_POINT ( 'NONE',  ( 11.19999999999999600, 4.600000000000000500, -0.2500000000000658900 ) ) ;
#11264 = PLANE ( 'NONE',  #11262 ) ;
#11265 =( GEOMETRIC_REPRESENTATION_CONTEXT ( 3 ) GLOBAL_UNCERTAINTY_ASSIGNED_CONTEXT ( ( #11267 ) ) GLOBAL_UNIT_ASSIGNED_CONTEXT ( ( #11270, #11269, #11268 ) ) REPRESENTATION_CONTEXT ( 'NONE', 'WORKASPACE' ) );
#11266 = VERTEX_POINT ( 'NONE', #5819 ) ;
#11267 = UNCERTAINTY_MEASURE_WITH_UNIT (LENGTH_MEASURE( 1.000000000000000100E-005 ), #11270, 'distance_accuracy_value', 'NONE');
#11268 =( NAMED_UNIT ( * ) SI_UNIT ( $, .STERADIAN. ) SOLID_ANGLE_UNIT ( ) );
#11269 =( NAMED_UNIT ( * ) PLANE_ANGLE_UNIT ( ) SI_UNIT ( $, .RADIAN. ) );
#11270 =( LENGTH_UNIT ( ) NAMED_UNIT ( * ) SI_UNIT ( .MILLI., .METRE. ) );
#11271 = MECHANICAL_DESIGN_GEOMETRIC_PRESENTATION_REPRESENTATION (  '', ( #11273 ), #11265 ) ;
#11272 = PRESENTATION_LAYER_ASSIGNMENT (  '', '', ( #11273 ) ) ;
#11273 = STYLED_ITEM ( 'NONE', ( #11274 ), #6705 ) ;
#11274 = PRESENTATION_STYLE_ASSIGNMENT (( #11275 ) ) ;
#11275 = SURFACE_STYLE_USAGE ( .BOTH. , #11276 ) ;
#11276 = SURFACE_SIDE_STYLE ('',( #11277 ) ) ;
#11277 = SURFACE_STYLE_FILL_AREA ( #11278 ) ;
#11278 = FILL_AREA_STYLE ('',( #11285 ) ) ;
#11279 = COLOUR_RGB ( '',0.7529411764705882200, 0.7529411764705882200, 0.7529411764705882200 ) ;
#11280 = FACE_OUTER_BOUND ( 'NONE', #6680, .T. ) ;
#11281 = DIRECTION ( 'NONE',  ( -2.438091212180733800E-029, -1.000000000000000000, -3.491483361109382500E-015 ) ) ;
#11282 = VECTOR ( 'NONE', #11281, 1000.000000000000000 ) ;
#11283 = CARTESIAN_POINT ( 'NONE',  ( -10.25000000000003400, 3.750000000000016400, -4.499999999999919200 ) ) ;
#11284 = LINE ( 'NONE', #11283, #11282 ) ;
#11285 = FILL_AREA_STYLE_COLOUR ( '', #11279 ) ;
#11286 = CARTESIAN_POINT ( 'NONE',  ( -10.25000000000003400, 3.750000000000016400, -4.499999999999919200 ) ) ;
#11287 = DIRECTION ( 'NONE',  ( 1.000000000000000000, 0.0000000000000000000, -6.982966722218764100E-015 ) ) ;
#11288 = VECTOR ( 'NONE', #11287, 1000.000000000000000 ) ;
#11289 = CARTESIAN_POINT ( 'NONE',  ( -10.25000000000003000, 3.250000000000014200, -3.999999999999920100 ) ) ;
#11290 = LINE ( 'NONE', #11289, #11288 ) ;
#11291 = CARTESIAN_POINT ( 'NONE',  ( 11.19999999999999600, 0.3999999999999999700, -0.2500000000000806000 ) ) ;
#11292 = LINE ( 'NONE', #11291, #11353 ) ;
#11293 = DIRECTION ( 'NONE',  ( 6.982966722218764100E-015, -3.491483361109382100E-015, 1.000000000000000000 ) ) ;
#11294 = VECTOR ( 'NONE', #11293, 1000.000000000000000 ) ;
#11295 = CARTESIAN_POINT ( 'NONE',  ( -11.19999999999999900, 0.3999999999999973600, -0.2499999999999241700 ) ) ;
#11296 = LINE ( 'NONE', #11295, #11294 ) ;
#11297 = DIRECTION ( 'NONE',  ( 1.000000000000000000, 1.210047067506143700E-016, -6.982966722218763300E-015 ) ) ;
#11298 = VECTOR ( 'NONE', #11297, 1000.000000000000000 ) ;
#11299 = CARTESIAN_POINT ( 'NONE',  ( 10.80000000000002200, 4.599999999999988100, 3.449999999999936700 ) ) ;
#11300 = LINE ( 'NONE', #11299, #11298 ) ;
#11301 = DIRECTION ( 'NONE',  ( -6.982966722218764100E-015, 3.658283695337921300E-015, -1.000000000000000000 ) ) ;
#11302 = VECTOR ( 'NONE', #11301, 1000.000000000000000 ) ;
#11303 = CARTESIAN_POINT ( 'NONE',  ( 11.20000000000003100, 2.399999999999981300, 4.749999999999926300 ) ) ;
#11304 = LINE ( 'NONE', #11303, #11302 ) ;
#11305 = DIRECTION ( 'NONE',  ( -6.982966722218764100E-015, 3.324683026880842900E-015, -1.000000000000000000 ) ) ;
#11306 = VECTOR ( 'NONE', #11305, 1000.000000000000000 ) ;
#11307 = CARTESIAN_POINT ( 'NONE',  ( -11.19999999999996600, 1.599999999999981400, 4.750000000000079000 ) ) ;
#11308 = LINE ( 'NONE', #11307, #11306 ) ;
#11309 = DIRECTION ( 'NONE',  ( 2.438091212180733500E-029, 1.000000000000000000, 3.491483361109382100E-015 ) ) ;
#11310 = VECTOR ( 'NONE', #11309, 1000.000000000000000 ) ;
#11311 = CARTESIAN_POINT ( 'NONE',  ( 11.19999999999999600, 0.3999999999999999700, -0.2500000000000806000 ) ) ;
#11312 = LINE ( 'NONE', #11311, #11310 ) ;
#11313 = CARTESIAN_POINT ( 'NONE',  ( 11.19999999999999600, 0.3999999999999999700, -0.2500000000000806000 ) ) ;
#11314 = CARTESIAN_POINT ( 'NONE',  ( -11.19999999999997600, 1.599999999999990100, 2.150000000000080700 ) ) ;
#11315 = DIRECTION ( 'NONE',  ( 6.982966722218764100E-015, -3.491483361109382100E-015, 1.000000000000000000 ) ) ;
#11316 = VECTOR ( 'NONE', #11315, 1000.000000000000000 ) ;
#11317 = CARTESIAN_POINT ( 'NONE',  ( 11.19999999999999600, 4.600000000000000500, -0.2500000000000658900 ) ) ;
#11318 = LINE ( 'NONE', #11317, #11316 ) ;
#11319 = CARTESIAN_POINT ( 'NONE',  ( -11.19999999999998300, 2.399999999999989700, 2.150000000000082500 ) ) ;
#11320 = CARTESIAN_POINT ( 'NONE',  ( -11.19999999999999900, 0.3999999999999973600, -0.2499999999999241700 ) ) ;
#11321 = DIRECTION ( 'NONE',  ( 2.438091212180733500E-029, 1.000000000000000000, 3.491483361109382100E-015 ) ) ;
#11322 = CARTESIAN_POINT ( 'NONE',  ( 11.95000000000003100, 4.999999999999983100, 4.749999999999931600 ) ) ;
#11323 = LINE ( 'NONE', #11322, #11380 ) ;
#11324 = DIRECTION ( 'NONE',  ( -2.438091212180733500E-029, -1.000000000000000000, -3.491483361109382100E-015 ) ) ;
#11325 = DIRECTION ( 'NONE',  ( -6.982966722218764100E-015, 3.491483361109382100E-015, -1.000000000000000000 ) ) ;
#11326 = CARTESIAN_POINT ( 'NONE',  ( -11.95000000000003100, 4.200000000000015300, -4.749999999999904100 ) ) ;
#11327 = AXIS2_PLACEMENT_3D ( 'NONE', #11326, #11325, #11324 ) ;
#11328 = PLANE ( 'NONE',  #11327 ) ;
#11329 = FACE_OUTER_BOUND ( 'NONE', #6530, .T. ) ;
#11330 = CARTESIAN_POINT ( 'NONE',  ( 11.95000000000003100, 4.999999999999983100, 4.749999999999931600 ) ) ;
#11331 = DIRECTION ( 'NONE',  ( -6.982966722218764100E-015, 3.491483361109382100E-015, -1.000000000000000000 ) ) ;
#11332 = VECTOR ( 'NONE', #11331, 1000.000000000000000 ) ;
#11333 = CARTESIAN_POINT ( 'NONE',  ( -8.499999999999980500, 0.3999999999999869800, 2.750000000000056000 ) ) ;
#11334 = LINE ( 'NONE', #11333, #11332 ) ;
#11335 = CARTESIAN_POINT ( 'NONE',  ( -8.499999999999985800, 0.3999999999999895300, 2.050000000000056700 ) ) ;
#11336 = DIRECTION ( 'NONE',  ( -1.000000000000000000, -1.161645184805897700E-016, 6.982966722218764100E-015 ) ) ;
#11337 = VECTOR ( 'NONE', #11336, 1000.000000000000000 ) ;
#11338 = CARTESIAN_POINT ( 'NONE',  ( 10.00000000000002300, 0.3999999999999869800, 3.449999999999927300 ) ) ;
#11339 = LINE ( 'NONE', #11338, #11337 ) ;
#11340 = CARTESIAN_POINT ( 'NONE',  ( -8.499999999999980500, 0.3999999999999869800, 2.750000000000056800 ) ) ;
#11341 = CARTESIAN_POINT ( 'NONE',  ( 10.80000000000002600, 0.3999999999999869800, 3.449999999999922000 ) ) ;
#11342 = CARTESIAN_POINT ( 'NONE',  ( 10.00000000000002300, 0.3999999999999869800, 3.449999999999927300 ) ) ;
#11343 = DIRECTION ( 'NONE',  ( -6.982966722218764100E-015, 3.491483361109382100E-015, -1.000000000000000000 ) ) ;
#11344 = VECTOR ( 'NONE', #11343, 1000.000000000000000 ) ;
#11345 = CARTESIAN_POINT ( 'NONE',  ( 10.80000000000003300, 0.3999999999999825900, 4.749999999999921800 ) ) ;
#11346 = LINE ( 'NONE', #11345, #11344 ) ;
#11347 = DIRECTION ( 'NONE',  ( 1.000000000000000000, 1.210047067506143700E-016, -6.982966722218763300E-015 ) ) ;
#11348 = VECTOR ( 'NONE', #11347, 1000.000000000000000 ) ;
#11349 = CARTESIAN_POINT ( 'NONE',  ( 10.45000000000000100, 4.599999999999998800, 0.2499999999999411300 ) ) ;
#11350 = LINE ( 'NONE', #11349, #11348 ) ;
#11351 = CARTESIAN_POINT ( 'NONE',  ( 11.15000000000000000, 4.599999999999998800, 0.2499999999999362500 ) ) ;
#11352 = DIRECTION ( 'NONE',  ( 1.000000000000000000, 1.161645184805897700E-016, -6.982966722218763300E-015 ) ) ;
#11353 = VECTOR ( 'NONE', #11352, 1000.000000000000000 ) ;
#11354 = PLANE ( 'NONE',  #11418 ) ;
#11355 =( GEOMETRIC_REPRESENTATION_CONTEXT ( 3 ) GLOBAL_UNCERTAINTY_ASSIGNED_CONTEXT ( ( #11356 ) ) GLOBAL_UNIT_ASSIGNED_CONTEXT ( ( #11359, #11358, #11357 ) ) REPRESENTATION_CONTEXT ( 'NONE', 'WORKASPACE' ) );
#11356 = UNCERTAINTY_MEASURE_WITH_UNIT (LENGTH_MEASURE( 1.000000000000000100E-005 ), #11359, 'distance_accuracy_value', 'NONE');
#11357 =( NAMED_UNIT ( * ) SI_UNIT ( $, .STERADIAN. ) SOLID_ANGLE_UNIT ( ) );
#11358 =( NAMED_UNIT ( * ) PLANE_ANGLE_UNIT ( ) SI_UNIT ( $, .RADIAN. ) );
#11359 =( LENGTH_UNIT ( ) NAMED_UNIT ( * ) SI_UNIT ( .MILLI., .METRE. ) );
#11360 = MECHANICAL_DESIGN_GEOMETRIC_PRESENTATION_REPRESENTATION (  '', ( #11362 ), #11355 ) ;
#11361 = PRESENTATION_LAYER_ASSIGNMENT (  '', '', ( #11362 ) ) ;
#11362 = STYLED_ITEM ( 'NONE', ( #11363 ), #6774 ) ;
#11363 = PRESENTATION_STYLE_ASSIGNMENT (( #11364 ) ) ;
#11364 = SURFACE_STYLE_USAGE ( .BOTH. , #11365 ) ;
#11365 = SURFACE_SIDE_STYLE ('',( #11366 ) ) ;
#11366 = SURFACE_STYLE_FILL_AREA ( #11367 ) ;
#11367 = FILL_AREA_STYLE ('',( #11374 ) ) ;
#11368 = COLOUR_RGB ( '',0.7529411764705882200, 0.7529411764705882200, 0.7529411764705882200 ) ;
#11369 = FACE_OUTER_BOUND ( 'NONE', #6771, .T. ) ;
#11370 = DIRECTION ( 'NONE',  ( 1.000000000000000000, 0.0000000000000000000, -6.982966722218764900E-015 ) ) ;
#11371 = VECTOR ( 'NONE', #11370, 1000.000000000000000 ) ;
#11372 = CARTESIAN_POINT ( 'NONE',  ( -11.95099999999996700, 2.399999999999981300, 4.750000000000087000 ) ) ;
#11373 = LINE ( 'NONE', #11372, #11371 ) ;
#11374 = FILL_AREA_STYLE_COLOUR ( '', #11368 ) ;
#11375 = DIRECTION ( 'NONE',  ( 1.000000000000000000, 0.0000000000000000000, -6.982966722218764100E-015 ) ) ;
#11376 = VECTOR ( 'NONE', #11375, 1000.000000000000000 ) ;
#11377 = CARTESIAN_POINT ( 'NONE',  ( -4.250000000000032900, -2.999999999999984500, -4.499999999999984900 ) ) ;
#11378 = LINE ( 'NONE', #11377, #11376 ) ;
#11379 = CARTESIAN_POINT ( 'NONE',  ( 11.95000000000003100, 2.399999999999981300, 4.749999999999921000 ) ) ;
#11380 = VECTOR ( 'NONE', #11321, 1000.000000000000000 ) ;
#11381 =( LENGTH_UNIT ( ) NAMED_UNIT ( * ) SI_UNIT ( .MILLI., .METRE. ) );
#11382 = MECHANICAL_DESIGN_GEOMETRIC_PRESENTATION_REPRESENTATION (  '', ( #11384 ), #11437 ) ;
#11383 = PRESENTATION_LAYER_ASSIGNMENT (  '', '', ( #11384 ) ) ;
#11384 = STYLED_ITEM ( 'NONE', ( #11385 ), #6788 ) ;
#11385 = PRESENTATION_STYLE_ASSIGNMENT (( #11386 ) ) ;
#11386 = SURFACE_STYLE_USAGE ( .BOTH. , #11387 ) ;
#11387 = SURFACE_SIDE_STYLE ('',( #11388 ) ) ;
#11388 = SURFACE_STYLE_FILL_AREA ( #11389 ) ;
#11389 = FILL_AREA_STYLE ('',( #11390 ) ) ;
#11390 = FILL_AREA_STYLE_COLOUR ( '', #11391 ) ;
#11391 = COLOUR_RGB ( '',0.7529411764705882200, 0.7529411764705882200, 0.7529411764705882200 ) ;
#11392 = FACE_OUTER_BOUND ( 'NONE', #6765, .T. ) ;
#11393 = CARTESIAN_POINT ( 'NONE',  ( -8.524999999999970200, 4.599999999999987200, 3.450000000000071700 ) ) ;
#11394 = DIRECTION ( 'NONE',  ( 1.000000000000000000, 1.161645184805897700E-016, -6.982966722218763300E-015 ) ) ;
#11395 = VECTOR ( 'NONE', #11394, 1000.000000000000000 ) ;
#11396 = CARTESIAN_POINT ( 'NONE',  ( 11.20000000000003100, 0.3999999999999825900, 4.749999999999919200 ) ) ;
#11397 = LINE ( 'NONE', #11396, #11395 ) ;
#11398 = DIRECTION ( 'NONE',  ( -2.438091212180733500E-029, -1.000000000000000000, -3.491483361109382100E-015 ) ) ;
#11399 = DIRECTION ( 'NONE',  ( -6.982966722218764100E-015, 3.491483361109382100E-015, -1.000000000000000000 ) ) ;
#11400 = CARTESIAN_POINT ( 'NONE',  ( -11.94999999999996600, 4.999999999999983100, 4.750000000000097700 ) ) ;
#11401 = AXIS2_PLACEMENT_3D ( 'NONE', #11400, #11399, #11398 ) ;
#11402 = PLANE ( 'NONE',  #11401 ) ;
#11403 = FACE_OUTER_BOUND ( 'NONE', #6780, .T. ) ;
#11404 = DIRECTION ( 'NONE',  ( -1.000000000000000000, 0.0000000000000000000, 6.982966722218764100E-015 ) ) ;
#11405 = VECTOR ( 'NONE', #11404, 1000.000000000000000 ) ;
#11406 = CARTESIAN_POINT ( 'NONE',  ( -4.250000000000032900, 3.750000000000016400, -4.499999999999961800 ) ) ;
#11407 = LINE ( 'NONE', #11406, #11405 ) ;
#11408 = CARTESIAN_POINT ( 'NONE',  ( -10.95000000000003100, 3.276239569296612900, -4.749999999999914700 ) ) ;
#11409 = CARTESIAN_POINT ( 'NONE',  ( 11.20000000000002400, 2.399999999999981300, 4.749999999999926300 ) ) ;
#11410 = DIRECTION ( 'NONE',  ( 2.438091212180733500E-029, 1.000000000000000000, 3.491483361109382100E-015 ) ) ;
#11411 = VECTOR ( 'NONE', #11410, 1000.000000000000000 ) ;
#11412 = CARTESIAN_POINT ( 'NONE',  ( 11.20000000000003100, 0.3999999999999825900, 4.749999999999919200 ) ) ;
#11413 = LINE ( 'NONE', #11412, #11411 ) ;
#11414 = CARTESIAN_POINT ( 'NONE',  ( 11.20000000000003100, 4.599999999999983700, 4.749999999999933400 ) ) ;
#11415 = DIRECTION ( 'NONE',  ( 2.438091212180733500E-029, 1.000000000000000000, 3.491483361109382100E-015 ) ) ;
#11416 = DIRECTION ( 'NONE',  ( 6.982966722218764100E-015, -3.491483361109382100E-015, 1.000000000000000000 ) ) ;
#11417 = CARTESIAN_POINT ( 'NONE',  ( -4.250000000000032900, 3.750000000000016400, -4.499999999999961800 ) ) ;
#11418 = AXIS2_PLACEMENT_3D ( 'NONE', #11417, #11416, #11415 ) ;
#11419 = DIRECTION ( 'NONE',  ( 6.047426575222823600E-015, 0.4999999999999950600, 0.8660254037844414800 ) ) ;
#11420 = VECTOR ( 'NONE', #11419, 999.9999999999998900 ) ;
#11421 = CARTESIAN_POINT ( 'NONE',  ( -10.95000000000003100, 3.276239569296612900, -4.749999999999914700 ) ) ;
#11422 = LINE ( 'NONE', #11421, #11420 ) ;
#11423 = DIRECTION ( 'NONE',  ( -7.451810904915198000E-015, 3.491483361109382100E-015, -1.000000000000000000 ) ) ;
#11424 = VECTOR ( 'NONE', #11423, 1000.000000000000000 ) ;
#11425 = CARTESIAN_POINT ( 'NONE',  ( 8.525000000000021700, 4.599999999999988100, 3.449999999999952700 ) ) ;
#11426 = LINE ( 'NONE', #11425, #11424 ) ;
#11427 = CARTESIAN_POINT ( 'NONE',  ( 8.525000000000021700, 4.599999999999988100, 3.449999999999952700 ) ) ;
#11428 = DIRECTION ( 'NONE',  ( -1.000000000000000000, 0.0000000000000000000, 6.982966722218764100E-015 ) ) ;
#11429 = VECTOR ( 'NONE', #11428, 1000.000000000000000 ) ;
#11430 = CARTESIAN_POINT ( 'NONE',  ( -4.250000000000030200, -2.999999999999986200, -3.999999999999984500 ) ) ;
#11431 = LINE ( 'NONE', #11430, #11429 ) ;
#11432 = DIRECTION ( 'NONE',  ( 1.000000000000000000, 0.0000000000000000000, -6.982966722218764100E-015 ) ) ;
#11433 = DIRECTION ( 'NONE',  ( -2.438091212180733500E-029, -1.000000000000000000, -3.491483361109382100E-015 ) ) ;
#11434 = CARTESIAN_POINT ( 'NONE',  ( -4.000000000000031100, -2.999999999999986200, -4.249999999999986700 ) ) ;
#11435 = AXIS2_PLACEMENT_3D ( 'NONE', #11434, #11433, #11432 ) ;
#11436 = PLANE ( 'NONE',  #11435 ) ;
#11437 =( GEOMETRIC_REPRESENTATION_CONTEXT ( 3 ) GLOBAL_UNCERTAINTY_ASSIGNED_CONTEXT ( ( #11440 ) ) GLOBAL_UNIT_ASSIGNED_CONTEXT ( ( #11381, #11442, #11441 ) ) REPRESENTATION_CONTEXT ( 'NONE', 'WORKASPACE' ) );
#11438 = ORIENTED_EDGE ( 'NONE', *, *, #11447, .T. ) ;
#11439 = EDGE_CURVE ( 'NONE', #4483, #4573, #5818, .T. ) ;
#11440 = UNCERTAINTY_MEASURE_WITH_UNIT (LENGTH_MEASURE( 1.000000000000000100E-005 ), #11381, 'distance_accuracy_value', 'NONE');
#11441 =( NAMED_UNIT ( * ) SI_UNIT ( $, .STERADIAN. ) SOLID_ANGLE_UNIT ( ) );
#11442 =( NAMED_UNIT ( * ) PLANE_ANGLE_UNIT ( ) SI_UNIT ( $, .RADIAN. ) );
#11443 = DIRECTION ( 'NONE',  ( -2.438091212180733500E-029, -1.000000000000000000, -3.491483361109382100E-015 ) ) ;
#11444 = DIRECTION ( 'NONE',  ( -6.982966722218764100E-015, 3.491483361109382100E-015, -1.000000000000000000 ) ) ;
#11445 = CARTESIAN_POINT ( 'NONE',  ( -4.250000000000030200, 3.250000000000014200, -3.999999999999962700 ) ) ;
#11446 = AXIS2_PLACEMENT_3D ( 'NONE', #11445, #11444, #11443 ) ;
#11447 = EDGE_CURVE ( 'NONE', #4573, #11266, #5814, .T. ) ;
#11448 = PLANE ( 'NONE',  #11446 ) ;
#11449 =( GEOMETRIC_REPRESENTATION_CONTEXT ( 3 ) GLOBAL_UNCERTAINTY_ASSIGNED_CONTEXT ( ( #11450 ) ) GLOBAL_UNIT_ASSIGNED_CONTEXT ( ( #11453, #11452, #11451 ) ) REPRESENTATION_CONTEXT ( 'NONE', 'WORKASPACE' ) );
#11450 = UNCERTAINTY_MEASURE_WITH_UNIT (LENGTH_MEASURE( 1.000000000000000100E-005 ), #11453, 'distance_accuracy_value', 'NONE');
#11451 =( NAMED_UNIT ( * ) SI_UNIT ( $, .STERADIAN. ) SOLID_ANGLE_UNIT ( ) );
#11452 =( NAMED_UNIT ( * ) PLANE_ANGLE_UNIT ( ) SI_UNIT ( $, .RADIAN. ) );
#11453 =( LENGTH_UNIT ( ) NAMED_UNIT ( * ) SI_UNIT ( .MILLI., .METRE. ) );
#11454 = MECHANICAL_DESIGN_GEOMETRIC_PRESENTATION_REPRESENTATION (  '', ( #11456 ), #11449 ) ;
#11455 = PRESENTATION_LAYER_ASSIGNMENT (  '', '', ( #11456 ) ) ;
#11456 = STYLED_ITEM ( 'NONE', ( #11457 ), #6807 ) ;
#11457 = PRESENTATION_STYLE_ASSIGNMENT (( #11458 ) ) ;
#11458 = SURFACE_STYLE_USAGE ( .BOTH. , #11459 ) ;
#11459 = SURFACE_SIDE_STYLE ('',( #11460 ) ) ;
#11460 = SURFACE_STYLE_FILL_AREA ( #11461 ) ;
#11461 = FILL_AREA_STYLE ('',( #11468 ) ) ;
#11462 = COLOUR_RGB ( '',0.7529411764705882200, 0.7529411764705882200, 0.7529411764705882200 ) ;
#11463 = FACE_OUTER_BOUND ( 'NONE', #6745, .T. ) ;
#11464 = DIRECTION ( 'NONE',  ( -1.000000000000000000, -1.210047067506143700E-016, 6.982966722218763300E-015 ) ) ;
#11465 = VECTOR ( 'NONE', #11464, 1000.000000000000000 ) ;
#11466 = CARTESIAN_POINT ( 'NONE',  ( 11.19999999999999600, 4.600000000000000500, -0.2500000000000658900 ) ) ;
#11467 = LINE ( 'NONE', #11466, #11465 ) ;
#11468 = FILL_AREA_STYLE_COLOUR ( '', #11462 ) ;
#11469 = CARTESIAN_POINT ( 'NONE',  ( -8.524999999999998600, 4.600000000000000500, -0.2499999999999277000 ) ) ;
#11470 = DIRECTION ( 'NONE',  ( -1.000000000000000000, 0.0000000000000000000, 6.982966722218764100E-015 ) ) ;
#11471 = VECTOR ( 'NONE', #11470, 1000.000000000000000 ) ;
#11472 = CARTESIAN_POINT ( 'NONE',  ( -6.249999999999984000, 3.749999999999991100, 2.650000000000052800 ) ) ;
#11473 = LINE ( 'NONE', #11472, #11471 ) ;
#11474 = PLANE ( 'NONE',  #11534 ) ;
#11475 = FACE_OUTER_BOUND ( 'NONE', #6820, .T. ) ;
#11476 = DIRECTION ( 'NONE',  ( -1.000000000000000000, -1.210047067506143700E-016, 6.982966722218763300E-015 ) ) ;
#11477 = DIRECTION ( 'NONE',  ( -1.210047067505899900E-016, 1.000000000000000000, 3.491483361109382900E-015 ) ) ;
#11478 = CARTESIAN_POINT ( 'NONE',  ( 11.19999999999999600, 4.600000000000000500, -0.2500000000000658900 ) ) ;
#11479 = AXIS2_PLACEMENT_3D ( 'NONE', #11478, #11477, #11476 ) ;
#11480 = PLANE ( 'NONE',  #11479 ) ;
#11481 = FACE_OUTER_BOUND ( 'NONE', #6827, .T. ) ;
#11482 = CARTESIAN_POINT ( 'NONE',  ( 10.80000000000003100, 4.599999999999982800, 4.749999999999936100 ) ) ;
#11483 = DIRECTION ( 'NONE',  ( -1.000000000000000000, -1.210047067506143700E-016, 6.982966722218763300E-015 ) ) ;
#11484 = VECTOR ( 'NONE', #11483, 1000.000000000000000 ) ;
#11485 = CARTESIAN_POINT ( 'NONE',  ( 11.20000000000003100, 4.599999999999983700, 4.749999999999933400 ) ) ;
#11486 = LINE ( 'NONE', #11485, #11484 ) ;
#11487 = CARTESIAN_POINT ( 'NONE',  ( -6.249999999999984000, 3.749999999999991100, 2.650000000000052800 ) ) ;
#11488 = CARTESIAN_POINT ( 'NONE',  ( -5.749999999999984900, 3.749999999999991100, 2.650000000000049600 ) ) ;
#11489 = DIRECTION ( 'NONE',  ( -2.438091212180733500E-029, -1.000000000000000000, -3.491483361109382100E-015 ) ) ;
#11490 = VECTOR ( 'NONE', #11489, 1000.000000000000000 ) ;
#11491 = CARTESIAN_POINT ( 'NONE',  ( -10.95000000000003100, 1.452830911130575900E-014, -4.749999999999926300 ) ) ;
#11492 = LINE ( 'NONE', #11491, #11490 ) ;
#11493 = DIRECTION ( 'NONE',  ( -3.469446951953586600E-015, 1.000000000000000000, 3.491483361109406100E-015 ) ) ;
#11494 = VECTOR ( 'NONE', #11493, 1000.000000000000000 ) ;
#11495 = CARTESIAN_POINT ( 'NONE',  ( -5.749999999999984900, 3.749999999999991100, 2.650000000000049600 ) ) ;
#11496 = LINE ( 'NONE', #11495, #11494 ) ;
#11497 = CARTESIAN_POINT ( 'NONE',  ( -5.749999999999983100, 3.249999999999990700, 2.650000000000047900 ) ) ;
#11498 = DIRECTION ( 'NONE',  ( 1.000000000000000000, 0.0000000000000000000, -6.982966722218764100E-015 ) ) ;
#11499 = VECTOR ( 'NONE', #11498, 1000.000000000000000 ) ;
#11500 = CARTESIAN_POINT ( 'NONE',  ( -6.249999999999984000, 3.249999999999990700, 2.650000000000051000 ) ) ;
#11501 = LINE ( 'NONE', #11500, #11499 ) ;
#11502 = CARTESIAN_POINT ( 'NONE',  ( -6.249999999999984000, 3.249999999999990700, 2.650000000000051000 ) ) ;
#11503 = DIRECTION ( 'NONE',  ( -2.438091212180733500E-029, -1.000000000000000000, -3.491483361109382100E-015 ) ) ;
#11504 = VECTOR ( 'NONE', #11503, 1000.000000000000000 ) ;
#11505 = CARTESIAN_POINT ( 'NONE',  ( -6.249999999999984000, 3.749999999999991100, 2.650000000000052800 ) ) ;
#11506 = LINE ( 'NONE', #11505, #11504 ) ;
#11507 = CARTESIAN_POINT ( 'NONE',  ( 8.524999999999995000, 4.600000000000000500, -0.2500000000000467400 ) ) ;
#11508 = VECTOR ( 'NONE', #11564, 1000.000000000000000 ) ;
#11509 = CARTESIAN_POINT ( 'NONE',  ( -5.750000000000036400, 3.250000000000017800, -4.957106781186501700 ) ) ;
#11510 = LINE ( 'NONE', #11509, #11508 ) ;
#11511 = DIRECTION ( 'NONE',  ( 2.438091212180733500E-029, 1.000000000000000000, 3.491483361109382100E-015 ) ) ;
#11512 = DIRECTION ( 'NONE',  ( 6.982966722218764100E-015, -3.491483361109382100E-015, 1.000000000000000000 ) ) ;
#11513 = CARTESIAN_POINT ( 'NONE',  ( -6.249999999999984000, 3.249999999999990700, 2.650000000000051000 ) ) ;
#11514 = AXIS2_PLACEMENT_3D ( 'NONE', #11513, #11512, #11511 ) ;
#11515 = PLANE ( 'NONE',  #11514 ) ;
#11516 =( GEOMETRIC_REPRESENTATION_CONTEXT ( 3 ) GLOBAL_UNCERTAINTY_ASSIGNED_CONTEXT ( ( #11517 ) ) GLOBAL_UNIT_ASSIGNED_CONTEXT ( ( #11520, #11519, #11518 ) ) REPRESENTATION_CONTEXT ( 'NONE', 'WORKASPACE' ) );
#11517 = UNCERTAINTY_MEASURE_WITH_UNIT (LENGTH_MEASURE( 1.000000000000000100E-005 ), #11520, 'distance_accuracy_value', 'NONE');
#11518 =( NAMED_UNIT ( * ) SI_UNIT ( $, .STERADIAN. ) SOLID_ANGLE_UNIT ( ) );
#11519 =( NAMED_UNIT ( * ) PLANE_ANGLE_UNIT ( ) SI_UNIT ( $, .RADIAN. ) );
#11520 =( LENGTH_UNIT ( ) NAMED_UNIT ( * ) SI_UNIT ( .MILLI., .METRE. ) );
#11521 = MECHANICAL_DESIGN_GEOMETRIC_PRESENTATION_REPRESENTATION (  '', ( #11523 ), #11516 ) ;
#11522 = PRESENTATION_LAYER_ASSIGNMENT (  '', '', ( #11523 ) ) ;
#11523 = STYLED_ITEM ( 'NONE', ( #11524 ), #6829 ) ;
#11524 = PRESENTATION_STYLE_ASSIGNMENT (( #11525 ) ) ;
#11525 = SURFACE_STYLE_USAGE ( .BOTH. , #11526 ) ;
#11526 = SURFACE_SIDE_STYLE ('',( #11527 ) ) ;
#11527 = SURFACE_STYLE_FILL_AREA ( #11528 ) ;
#11528 = FILL_AREA_STYLE ('',( #11535 ) ) ;
#11529 = COLOUR_RGB ( '',0.7529411764705882200, 0.7529411764705882200, 0.7529411764705882200 ) ;
#11530 = FACE_OUTER_BOUND ( 'NONE', #6828, .T. ) ;
#11531 = DIRECTION ( 'NONE',  ( -2.438091212180733500E-029, -1.000000000000000000, -3.491483361109382100E-015 ) ) ;
#11532 = DIRECTION ( 'NONE',  ( -1.000000000000000000, 0.0000000000000000000, 6.982966722218764100E-015 ) ) ;
#11533 = CARTESIAN_POINT ( 'NONE',  ( -10.95000000000003100, 1.452830911130575900E-014, -4.749999999999926300 ) ) ;
#11534 = AXIS2_PLACEMENT_3D ( 'NONE', #11533, #11532, #11531 ) ;
#11535 = FILL_AREA_STYLE_COLOUR ( '', #11529 ) ;
#11536 = DIRECTION ( 'NONE',  ( -3.469446951953586600E-015, 1.000000000000000000, 3.491483361109406100E-015 ) ) ;
#11537 = DIRECTION ( 'NONE',  ( 1.000000000000000000, 3.469446951953611000E-015, -6.982966722218752300E-015 ) ) ;
#11538 = CARTESIAN_POINT ( 'NONE',  ( -5.750000000000038200, 3.750000000000018200, -4.957106781186499900 ) ) ;
#11539 = AXIS2_PLACEMENT_3D ( 'NONE', #11538, #11537, #11536 ) ;
#11540 = PLANE ( 'NONE',  #11539 ) ;
#11541 =( GEOMETRIC_REPRESENTATION_CONTEXT ( 3 ) GLOBAL_UNCERTAINTY_ASSIGNED_CONTEXT ( ( #11542 ) ) GLOBAL_UNIT_ASSIGNED_CONTEXT ( ( #11545, #11544, #11543 ) ) REPRESENTATION_CONTEXT ( 'NONE', 'WORKASPACE' ) );
#11542 = UNCERTAINTY_MEASURE_WITH_UNIT (LENGTH_MEASURE( 1.000000000000000100E-005 ), #11545, 'distance_accuracy_value', 'NONE');
#11543 =( NAMED_UNIT ( * ) SI_UNIT ( $, .STERADIAN. ) SOLID_ANGLE_UNIT ( ) );
#11544 =( NAMED_UNIT ( * ) PLANE_ANGLE_UNIT ( ) SI_UNIT ( $, .RADIAN. ) );
#11545 =( LENGTH_UNIT ( ) NAMED_UNIT ( * ) SI_UNIT ( .MILLI., .METRE. ) );
#11546 = MECHANICAL_DESIGN_GEOMETRIC_PRESENTATION_REPRESENTATION (  '', ( #11548 ), #11541 ) ;
#11547 = PRESENTATION_LAYER_ASSIGNMENT (  '', '', ( #11548 ) ) ;
#11548 = STYLED_ITEM ( 'NONE', ( #11549 ), #6844 ) ;
#11549 = PRESENTATION_STYLE_ASSIGNMENT (( #11550 ) ) ;
#11550 = SURFACE_STYLE_USAGE ( .BOTH. , #11551 ) ;
#11551 = SURFACE_SIDE_STYLE ('',( #11552 ) ) ;
#11552 = SURFACE_STYLE_FILL_AREA ( #11553 ) ;
#11553 = FILL_AREA_STYLE ('',( #11554 ) ) ;
#11554 = FILL_AREA_STYLE_COLOUR ( '', #11555 ) ;
#11555 = COLOUR_RGB ( '',0.7529411764705882200, 0.7529411764705882200, 0.7529411764705882200 ) ;
#11556 = FACE_OUTER_BOUND ( 'NONE', #6839, .T. ) ;
#11557 = CARTESIAN_POINT ( 'NONE',  ( 11.95000000000003100, 1.599999999999981400, 4.749999999999917400 ) ) ;
#11558 = DIRECTION ( 'NONE',  ( 1.000000000000000000, 0.0000000000000000000, -6.982966722218764900E-015 ) ) ;
#11559 = VECTOR ( 'NONE', #11558, 1000.000000000000000 ) ;
#11560 = CARTESIAN_POINT ( 'NONE',  ( -11.95099999999996700, 1.599999999999981400, 4.750000000000084400 ) ) ;
#11561 = LINE ( 'NONE', #11560, #11559 ) ;
#11562 = CARTESIAN_POINT ( 'NONE',  ( 11.20000000000002400, 1.599999999999981400, 4.749999999999922700 ) ) ;
#11563 = CARTESIAN_POINT ( 'NONE',  ( 11.20000000000003100, 0.3999999999999825900, 4.749999999999919200 ) ) ;
#11564 = DIRECTION ( 'NONE',  ( 6.982966722218764100E-015, -3.491483361109382100E-015, 1.000000000000000000 ) ) ;
#11565 = CARTESIAN_POINT ( 'NONE',  ( 8.249999999999984000, 1.250000000000006900, -1.750000000000055700 ) ) ;
#11566 = DIRECTION ( 'NONE',  ( 1.000000000000000000, 0.0000000000000000000, -6.982966722218764100E-015 ) ) ;
#11567 = VECTOR ( 'NONE', #11566, 1000.000000000000000 ) ;
#11568 = CARTESIAN_POINT ( 'NONE',  ( -11.95000000000001200, 1.250000000000006900, -1.749999999999914500 ) ) ;
#11569 = LINE ( 'NONE', #11568, #11567 ) ;
#11570 = CARTESIAN_POINT ( 'NONE',  ( 7.749999999999985800, 1.250000000000006900, -1.750000000000052400 ) ) ;
#11571 = DIRECTION ( 'NONE',  ( 1.000000000000000000, 0.0000000000000000000, -6.982966722218764100E-015 ) ) ;
#11572 = VECTOR ( 'NONE', #11571, 1000.000000000000000 ) ;
#11573 = CARTESIAN_POINT ( 'NONE',  ( -10.95000000000003100, 3.276239569296612900, -4.749999999999914700 ) ) ;
#11574 = LINE ( 'NONE', #11573, #11572 ) ;
#11575 = DIRECTION ( 'NONE',  ( 2.438091212180733500E-029, 1.000000000000000000, 3.491483361109382100E-015 ) ) ;
#11576 = VECTOR ( 'NONE', #11575, 1000.000000000000000 ) ;
#11577 = CARTESIAN_POINT ( 'NONE',  ( 8.249999999999984000, 5.000000000000005300, -1.750000000000042900 ) ) ;
#11578 = LINE ( 'NONE', #11577, #11576 ) ;
#11579 = DIRECTION ( 'NONE',  ( 2.438091212180733500E-029, 1.000000000000000000, 3.491483361109382100E-015 ) ) ;
#11580 = VECTOR ( 'NONE', #11579, 1000.000000000000000 ) ;
#11581 = CARTESIAN_POINT ( 'NONE',  ( 11.95000000000003100, 4.999999999999983100, 4.749999999999931600 ) ) ;
#11582 = LINE ( 'NONE', #11581, #11580 ) ;
#11583 = CARTESIAN_POINT ( 'NONE',  ( 8.249999999999985800, 1.750000000000007300, -1.750000000000054000 ) ) ;
#11584 = CARTESIAN_POINT ( 'NONE',  ( 11.95000000000003100, -1.756407519426517200E-014, 4.749999999999913800 ) ) ;
#11585 = DIRECTION ( 'NONE',  ( 6.047426575222823600E-015, 0.4999999999999950000, 0.8660254037844415900 ) ) ;
#11586 = DIRECTION ( 'NONE',  ( 3.491483361109347800E-015, -0.8660254037844415900, 0.4999999999999950000 ) ) ;
#11587 = CARTESIAN_POINT ( 'NONE',  ( 11.94999999999996600, 3.276239569296612900, -4.750000000000074600 ) ) ;
#11588 = AXIS2_PLACEMENT_3D ( 'NONE', #11587, #11586, #11585 ) ;
#11589 = PLANE ( 'NONE',  #11588 ) ;
#11590 = FACE_OUTER_BOUND ( 'NONE', #6834, .T. ) ;
#11591 = DIRECTION ( 'NONE',  ( 2.438091212180733500E-029, 1.000000000000000000, 3.491483361109382100E-015 ) ) ;
#11592 = VECTOR ( 'NONE', #11591, 1000.000000000000000 ) ;
#11593 = CARTESIAN_POINT ( 'NONE',  ( 10.80000000000003100, -0.001000000000018564200, 4.749999999999921800 ) ) ;
#11594 = LINE ( 'NONE', #11593, #11592 ) ;
#11595 = DIRECTION ( 'NONE',  ( -2.438091212180733500E-029, -1.000000000000000000, -3.491483361109382100E-015 ) ) ;
#11596 = DIRECTION ( 'NONE',  ( -6.982966722218764100E-015, 3.491483361109382100E-015, -1.000000000000000000 ) ) ;
#11597 = CARTESIAN_POINT ( 'NONE',  ( -11.94999999999996600, 4.999999999999983100, 4.750000000000097700 ) ) ;
#11598 = AXIS2_PLACEMENT_3D ( 'NONE', #11597, #11596, #11595 ) ;
#11599 = PLANE ( 'NONE',  #11598 ) ;
#11600 = FACE_OUTER_BOUND ( 'NONE', #6874, .T. ) ;
#11601 = DIRECTION ( 'NONE',  ( -2.438091212180733500E-029, -1.000000000000000000, -3.491483361109382100E-015 ) ) ;
#11602 = VECTOR ( 'NONE', #11601, 1000.000000000000000 ) ;
#11603 = CARTESIAN_POINT ( 'NONE',  ( -10.95000000000001000, 4.119968255444916800E-015, -1.749999999999925800 ) ) ;
#11604 = LINE ( 'NONE', #11603, #11602 ) ;
#11605 = CARTESIAN_POINT ( 'NONE',  ( -10.95000000000001000, 4.119968255444916800E-015, -1.749999999999925800 ) ) ;
#11606 = DIRECTION ( 'NONE',  ( -3.469446951953587000E-015, 1.000000000000000000, 3.491483361109406100E-015 ) ) ;
#11607 = VECTOR ( 'NONE', #11606, 1000.000000000000000 ) ;
#11608 = CARTESIAN_POINT ( 'NONE',  ( 10.24999999999998200, 5.000000000000082600, -1.750000000000056600 ) ) ;
#11609 = LINE ( 'NONE', #11608, #11607 ) ;
#11610 = DIRECTION ( 'NONE',  ( 1.000000000000000000, 1.210047067506143700E-016, -6.982966722218763300E-015 ) ) ;
#11611 = VECTOR ( 'NONE', #11610, 1000.000000000000000 ) ;
#11612 = CARTESIAN_POINT ( 'NONE',  ( -10.44999999999999800, 4.599999999999996100, 0.2500000000000870400 ) ) ;
#11613 = LINE ( 'NONE', #11612, #11611 ) ;
#11614 = DIRECTION ( 'NONE',  ( -1.000000000000000000, 0.0000000000000000000, 6.982966722218764100E-015 ) ) ;
#11615 = VECTOR ( 'NONE', #11614, 1000.000000000000000 ) ;
#11616 = CARTESIAN_POINT ( 'NONE',  ( -11.95000000000001200, 1.750000000000007300, -1.749999999999913000 ) ) ;
#11617 = LINE ( 'NONE', #11616, #11615 ) ;
#11618 = CARTESIAN_POINT ( 'NONE',  ( 9.749999999999985800, 1.250000000000006900, -1.750000000000066200 ) ) ;
#11619 = CARTESIAN_POINT ( 'NONE',  ( -10.44999999999998700, 4.599999999999991700, 1.750000000000086800 ) ) ;
#11620 = CARTESIAN_POINT ( 'NONE',  ( 5.749999999999985800, 1.750000000000007300, -1.750000000000036400 ) ) ;
#11621 = DIRECTION ( 'NONE',  ( -6.982966722218764100E-015, 3.491483361109382100E-015, -1.000000000000000000 ) ) ;
#11622 = VECTOR ( 'NONE', #11621, 1000.000000000000000 ) ;
#11623 = CARTESIAN_POINT ( 'NONE',  ( -11.14999999999998600, 4.599999999999991700, 1.750000000000091500 ) ) ;
#11624 = LINE ( 'NONE', #11623, #11622 ) ;
#11625 = CARTESIAN_POINT ( 'NONE',  ( -11.14999999999999700, 4.599999999999996100, 0.2500000000000919300 ) ) ;
#11626 = DIRECTION ( 'NONE',  ( -2.438091212180733500E-029, -1.000000000000000000, -3.491483361109382100E-015 ) ) ;
#11627 = VECTOR ( 'NONE', #11626, 1000.000000000000000 ) ;
#11628 = CARTESIAN_POINT ( 'NONE',  ( 5.749999999999985800, 5.000000000000005300, -1.750000000000025100 ) ) ;
#11629 = LINE ( 'NONE', #11628, #11627 ) ;
#11630 = CARTESIAN_POINT ( 'NONE',  ( 10.24999999999998400, 3.750000000000006700, -1.750000000000061100 ) ) ;
#11631 = CARTESIAN_POINT ( 'NONE',  ( 9.749999999999985800, 3.750000000000006700, -1.750000000000057500 ) ) ;
#11632 = DIRECTION ( 'NONE',  ( -1.000000000000000000, 0.0000000000000000000, 6.982966722218764100E-015 ) ) ;
#11633 = VECTOR ( 'NONE', #11632, 1000.000000000000000 ) ;
#11634 = CARTESIAN_POINT ( 'NONE',  ( -11.95000000000001200, 3.750000000000006700, -1.749999999999905900 ) ) ;
#11635 = LINE ( 'NONE', #11634, #11633 ) ;
#11636 = DIRECTION ( 'NONE',  ( -2.438091212180733500E-029, -1.000000000000000000, -3.491483361109382100E-015 ) ) ;
#11637 = DIRECTION ( 'NONE',  ( -6.982966722218764100E-015, 3.491483361109382100E-015, -1.000000000000000000 ) ) ;
#11638 = CARTESIAN_POINT ( 'NONE',  ( -11.94999999999996600, 4.999999999999983100, 4.750000000000097700 ) ) ;
#11639 = AXIS2_PLACEMENT_3D ( 'NONE', #11638, #11637, #11636 ) ;
#11640 = PLANE ( 'NONE',  #11639 ) ;
#11641 = FACE_OUTER_BOUND ( 'NONE', #6891, .T. ) ;
#11642 = DIRECTION ( 'NONE',  ( -2.438091212180733500E-029, -1.000000000000000000, -3.491483361109382100E-015 ) ) ;
#11643 = VECTOR ( 'NONE', #11642, 1000.000000000000000 ) ;
#11644 = CARTESIAN_POINT ( 'NONE',  ( -11.19999999999996600, 0.3999999999999800400, 4.750000000000075500 ) ) ;
#11645 = LINE ( 'NONE', #11644, #11643 ) ;
#11646 = CARTESIAN_POINT ( 'NONE',  ( -11.95000000000001200, 4.200000000000004600, -1.749999999999904300 ) ) ;
#11647 = DIRECTION ( 'NONE',  ( 2.438091212180733500E-029, 1.000000000000000000, 3.491483361109382100E-015 ) ) ;
#11648 = VECTOR ( 'NONE', #11647, 1000.000000000000000 ) ;
#11649 = CARTESIAN_POINT ( 'NONE',  ( 10.94999999999998500, 4.119968255444916800E-015, -1.750000000000079000 ) ) ;
#11650 = LINE ( 'NONE', #11649, #11648 ) ;
#11651 = CARTESIAN_POINT ( 'NONE',  ( 10.94999999999997800, 4.119968255444916800E-015, -1.750000000000079000 ) ) ;
#11652 = DIRECTION ( 'NONE',  ( 1.000000000000000000, 0.0000000000000000000, -6.982966722218764100E-015 ) ) ;
#11653 = VECTOR ( 'NONE', #11652, 1000.000000000000000 ) ;
#11654 = CARTESIAN_POINT ( 'NONE',  ( -11.95000000000001200, 3.250000000000006200, -1.749999999999907600 ) ) ;
#11655 = LINE ( 'NONE', #11654, #11653 ) ;
#11656 = CARTESIAN_POINT ( 'NONE',  ( 10.24999999999998600, 3.250000000000006200, -1.750000000000062600 ) ) ;
#11657 = CARTESIAN_POINT ( 'NONE',  ( 9.749999999999985800, 3.250000000000006200, -1.750000000000059300 ) ) ;
#11658 = DIRECTION ( 'NONE',  ( 1.000000000000000000, 0.0000000000000000000, -6.982966722218764900E-015 ) ) ;
#11659 = VECTOR ( 'NONE', #11658, 1000.000000000000000 ) ;
#11660 = CARTESIAN_POINT ( 'NONE',  ( -11.95000000000001200, 4.119968255444916800E-015, -1.749999999999919000 ) ) ;
#11661 = LINE ( 'NONE', #11660, #11659 ) ;
#11662 = DIRECTION ( 'NONE',  ( 1.000000000000000000, 0.0000000000000000000, -6.982966722218764100E-015 ) ) ;
#11663 = VECTOR ( 'NONE', #11662, 1000.000000000000000 ) ;
#11664 = CARTESIAN_POINT ( 'NONE',  ( -11.95000000000001200, 4.200000000000004600, -1.749999999999904300 ) ) ;
#11665 = LINE ( 'NONE', #11664, #11663 ) ;
#11666 = DIRECTION ( 'NONE',  ( 2.438091212180733500E-029, 1.000000000000000000, 3.491483361109382100E-015 ) ) ;
#11667 = VECTOR ( 'NONE', #11666, 1000.000000000000000 ) ;
#11668 = CARTESIAN_POINT ( 'NONE',  ( 11.20000000000003100, 0.3999999999999825900, 4.749999999999919200 ) ) ;
#11669 = LINE ( 'NONE', #11668, #11667 ) ;
#11670 = DIRECTION ( 'NONE',  ( 1.000000000000000000, 1.161645184805897700E-016, -6.982966722218763300E-015 ) ) ;
#11671 = VECTOR ( 'NONE', #11670, 1000.000000000000000 ) ;
#11672 = CARTESIAN_POINT ( 'NONE',  ( 11.20000000000003100, 0.3999999999999825900, 4.749999999999919200 ) ) ;
#11673 = LINE ( 'NONE', #11672, #11671 ) ;
#11674 = CARTESIAN_POINT ( 'NONE',  ( 10.80000000000003300, 0.3999999999999825900, 4.749999999999921800 ) ) ;
#11675 = DIRECTION ( 'NONE',  ( -2.438091212180733500E-029, -1.000000000000000000, -3.491483361109382100E-015 ) ) ;
#11676 = VECTOR ( 'NONE', #11675, 1000.000000000000000 ) ;
#11677 = CARTESIAN_POINT ( 'NONE',  ( 7.749999999999984000, 5.000000000000005300, -1.750000000000039300 ) ) ;
#11678 = LINE ( 'NONE', #11677, #11676 ) ;
#11679 = DIRECTION ( 'NONE',  ( -2.344910317526904900E-029, -1.000000000000000000, -3.358043093726550800E-015 ) ) ;
#11680 = VECTOR ( 'NONE', #11679, 1000.000000000000000 ) ;
#11681 = CARTESIAN_POINT ( 'NONE',  ( 10.80000000000003300, 5.000999999999983500, 4.749999999999937800 ) ) ;
#11682 = LINE ( 'NONE', #11681, #11680 ) ;
#11683 = CARTESIAN_POINT ( 'NONE',  ( 10.80000000000003300, -1.756407519426517200E-014, 4.749999999999921800 ) ) ;
#11684 = DIRECTION ( 'NONE',  ( -2.438091212180733500E-029, -1.000000000000000000, -3.491483361109382100E-015 ) ) ;
#11685 = VECTOR ( 'NONE', #11684, 1000.000000000000000 ) ;
#11686 = CARTESIAN_POINT ( 'NONE',  ( 9.749999999999985800, 5.000000000000005300, -1.750000000000053100 ) ) ;
#11687 = LINE ( 'NONE', #11686, #11685 ) ;
#11688 = DIRECTION ( 'NONE',  ( 1.000000000000000000, 0.0000000000000000000, -6.982966722218764900E-015 ) ) ;
#11689 = VECTOR ( 'NONE', #11688, 1000.000000000000000 ) ;
#11690 = CARTESIAN_POINT ( 'NONE',  ( -11.94999999999996600, -1.756407519426517200E-014, 4.750000000000080800 ) ) ;
#11691 = LINE ( 'NONE', #11690, #11689 ) ;
#11692 = DIRECTION ( 'NONE',  ( 1.000000000000000000, 0.0000000000000000000, -6.982966722218764100E-015 ) ) ;
#11693 = VECTOR ( 'NONE', #11692, 1000.000000000000000 ) ;
#11694 = CARTESIAN_POINT ( 'NONE',  ( 11.94999999999998700, 4.200000000000004600, -1.750000000000071100 ) ) ;
#11695 = LINE ( 'NONE', #11694, #11693 ) ;
#11696 = LINE ( 'NONE', #11757, #11756 ) ;
#11697 = CARTESIAN_POINT ( 'NONE',  ( 10.94999999999998500, 4.200000000000004600, -1.750000000000064200 ) ) ;
#11698 = DIRECTION ( 'NONE',  ( 1.000000000000000000, 0.0000000000000000000, -6.982966722218764900E-015 ) ) ;
#11699 = VECTOR ( 'NONE', #11698, 1000.000000000000000 ) ;
#11700 = CARTESIAN_POINT ( 'NONE',  ( -11.94999999999996600, -1.756407519426517200E-014, 4.750000000000080800 ) ) ;
#11701 = LINE ( 'NONE', #11700, #11699 ) ;
#11702 = DIRECTION ( 'NONE',  ( 1.000000000000000000, 0.0000000000000000000, -6.982966722218764100E-015 ) ) ;
#11703 = VECTOR ( 'NONE', #11702, 1000.000000000000000 ) ;
#11704 = CARTESIAN_POINT ( 'NONE',  ( -11.95000000000001200, 1.250000000000006900, -1.749999999999914500 ) ) ;
#11705 = LINE ( 'NONE', #11704, #11703 ) ;
#11706 = CARTESIAN_POINT ( 'NONE',  ( 10.24999999999998600, 1.250000000000006900, -1.750000000000069700 ) ) ;
#11707 = CARTESIAN_POINT ( 'NONE',  ( -10.79999999999996300, -1.756407519426517200E-014, 4.750000000000072800 ) ) ;
#11708 = DIRECTION ( 'NONE',  ( -2.344910317526904900E-029, -1.000000000000000000, -3.358043093726550800E-015 ) ) ;
#11709 = VECTOR ( 'NONE', #11708, 1000.000000000000000 ) ;
#11710 = CARTESIAN_POINT ( 'NONE',  ( -10.79999999999996300, 5.000999999999983500, 4.750000000000087900 ) ) ;
#11711 = LINE ( 'NONE', #11710, #11709 ) ;
#11712 = CARTESIAN_POINT ( 'NONE',  ( -10.79999999999996300, 0.3999999999999808700, 4.750000000000072800 ) ) ;
#11713 = DIRECTION ( 'NONE',  ( -1.000000000000000000, 0.0000000000000000000, 6.982966722218764100E-015 ) ) ;
#11714 = VECTOR ( 'NONE', #11713, 1000.000000000000000 ) ;
#11715 = CARTESIAN_POINT ( 'NONE',  ( -11.95000000000001200, 1.750000000000007300, -1.749999999999913000 ) ) ;
#11716 = LINE ( 'NONE', #11715, #11714 ) ;
#11717 = DIRECTION ( 'NONE',  ( -2.438091212180733500E-029, -1.000000000000000000, -3.491483361109382100E-015 ) ) ;
#11718 = VECTOR ( 'NONE', #11717, 1000.000000000000000 ) ;
#11719 = CARTESIAN_POINT ( 'NONE',  ( 9.749999999999985800, 5.000000000000005300, -1.750000000000053100 ) ) ;
#11720 = LINE ( 'NONE', #11719, #11718 ) ;
#11721 = CARTESIAN_POINT ( 'NONE',  ( 9.749999999999985800, 1.750000000000007300, -1.750000000000064400 ) ) ;
#11722 = CARTESIAN_POINT ( 'NONE',  ( 10.24999999999998600, 1.750000000000007300, -1.750000000000067900 ) ) ;
#11723 = DIRECTION ( 'NONE',  ( 2.438091212180733500E-029, 1.000000000000000000, 3.491483361109382100E-015 ) ) ;
#11724 = VECTOR ( 'NONE', #11723, 1000.000000000000000 ) ;
#11725 = CARTESIAN_POINT ( 'NONE',  ( 10.24999999999998600, 5.000000000000005300, -1.750000000000056600 ) ) ;
#11726 = LINE ( 'NONE', #11725, #11724 ) ;
#11727 = CARTESIAN_POINT ( 'NONE',  ( 10.80000000000003100, 4.999999999999983100, 4.749999999999939600 ) ) ;
#11728 = CARTESIAN_POINT ( 'NONE',  ( -11.95000000000001200, 5.000000000000005300, -1.749999999999901600 ) ) ;
#11729 = DIRECTION ( 'NONE',  ( 1.000000000000000000, 0.0000000000000000000, -6.982966722218764900E-015 ) ) ;
#11730 = VECTOR ( 'NONE', #11729, 1000.000000000000000 ) ;
#11731 = CARTESIAN_POINT ( 'NONE',  ( -11.94999999999996600, 4.999999999999983100, 4.750000000000097700 ) ) ;
#11732 = LINE ( 'NONE', #11731, #11730 ) ;
#11733 = CARTESIAN_POINT ( 'NONE',  ( -11.19999999999996600, 0.3999999999999800400, 4.750000000000075500 ) ) ;
#11734 = CARTESIAN_POINT ( 'NONE',  ( -11.19999999999995800, 1.599999999999981400, 4.750000000000079000 ) ) ;
#11735 = DIRECTION ( 'NONE',  ( -1.000000000000000000, 0.0000000000000000000, 6.982966722218764900E-015 ) ) ;
#11736 = VECTOR ( 'NONE', #11735, 1000.000000000000000 ) ;
#11737 = CARTESIAN_POINT ( 'NONE',  ( 11.95100000000003200, 1.599999999999981400, 4.749999999999917400 ) ) ;
#11738 = LINE ( 'NONE', #11737, #11736 ) ;
#11739 = DIRECTION ( 'NONE',  ( 1.000000000000000000, 0.0000000000000000000, -6.982966722218764100E-015 ) ) ;
#11740 = VECTOR ( 'NONE', #11739, 1000.000000000000000 ) ;
#11741 = CARTESIAN_POINT ( 'NONE',  ( -8.250000000000035500, -2.999999999999984500, -4.499999999999957400 ) ) ;
#11742 = LINE ( 'NONE', #11741, #11740 ) ;
#11743 = CARTESIAN_POINT ( 'NONE',  ( 11.94999999999998700, 5.000000000000005300, -1.750000000000068600 ) ) ;
#11744 = CARTESIAN_POINT ( 'NONE',  ( 11.94999999999998700, 4.200000000000004600, -1.750000000000071100 ) ) ;
#11745 = DIRECTION ( 'NONE',  ( -2.438091212180733500E-029, -1.000000000000000000, -3.491483361109382100E-015 ) ) ;
#11746 = VECTOR ( 'NONE', #11745, 1000.000000000000000 ) ;
#11747 = CARTESIAN_POINT ( 'NONE',  ( 11.94999999999998700, 5.000000000000005300, -1.750000000000068600 ) ) ;
#11748 = LINE ( 'NONE', #11747, #11746 ) ;
#11749 = CARTESIAN_POINT ( 'NONE',  ( -11.94999999999996600, 1.599999999999981400, 4.750000000000084400 ) ) ;
#11750 = DIRECTION ( 'NONE',  ( 1.000000000000000000, 0.0000000000000000000, -6.982966722218764900E-015 ) ) ;
#11751 = VECTOR ( 'NONE', #11750, 1000.000000000000000 ) ;
#11752 = CARTESIAN_POINT ( 'NONE',  ( -11.95000000000001200, 5.000000000000005300, -1.749999999999901600 ) ) ;
#11753 = LINE ( 'NONE', #11752, #11751 ) ;
#11754 = CARTESIAN_POINT ( 'NONE',  ( -11.94999999999996600, -1.756407519426517200E-014, 4.750000000000080800 ) ) ;
#11755 = DIRECTION ( 'NONE',  ( 2.438091212180733500E-029, 1.000000000000000000, 3.491483361109382100E-015 ) ) ;
#11756 = VECTOR ( 'NONE', #11755, 1000.000000000000000 ) ;
#11757 = CARTESIAN_POINT ( 'NONE',  ( -11.94999999999996600, 4.999999999999983100, 4.750000000000097700 ) ) ;
#11758 = CARTESIAN_POINT ( 'NONE',  ( 7.749999999999985800, 1.750000000000007300, -1.750000000000050600 ) ) ;
#11759 = DIRECTION ( 'NONE',  ( 2.438091212180733500E-029, 1.000000000000000000, 3.491483361109382100E-015 ) ) ;
#11760 = DIRECTION ( 'NONE',  ( 6.982966722218764100E-015, -3.491483361109382100E-015, 1.000000000000000000 ) ) ;
#11761 = CARTESIAN_POINT ( 'NONE',  ( -8.250000000000035500, 3.750000000000016400, -4.499999999999933400 ) ) ;
#11762 = AXIS2_PLACEMENT_3D ( 'NONE', #11761, #11760, #11759 ) ;
#11763 = PLANE ( 'NONE',  #11762 ) ;
#11764 =( GEOMETRIC_REPRESENTATION_CONTEXT ( 3 ) GLOBAL_UNCERTAINTY_ASSIGNED_CONTEXT ( ( #11766 ) ) GLOBAL_UNIT_ASSIGNED_CONTEXT ( ( #11769, #11768, #11767 ) ) REPRESENTATION_CONTEXT ( 'NONE', 'WORKASPACE' ) );
#11765 = ORIENTED_EDGE ( 'NONE', *, *, #11439, .T. ) ;
#11766 = UNCERTAINTY_MEASURE_WITH_UNIT (LENGTH_MEASURE( 1.000000000000000100E-005 ), #11769, 'distance_accuracy_value', 'NONE');
#11767 =( NAMED_UNIT ( * ) SI_UNIT ( $, .STERADIAN. ) SOLID_ANGLE_UNIT ( ) );
#11768 =( NAMED_UNIT ( * ) PLANE_ANGLE_UNIT ( ) SI_UNIT ( $, .RADIAN. ) );
#11769 =( LENGTH_UNIT ( ) NAMED_UNIT ( * ) SI_UNIT ( .MILLI., .METRE. ) );
#11770 = MECHANICAL_DESIGN_GEOMETRIC_PRESENTATION_REPRESENTATION (  '', ( #11772 ), #11764 ) ;
#11771 = PRESENTATION_LAYER_ASSIGNMENT (  '', '', ( #11772 ) ) ;
#11772 = STYLED_ITEM ( 'NONE', ( #11773 ), #6968 ) ;
#11773 = PRESENTATION_STYLE_ASSIGNMENT (( #11774 ) ) ;
#11774 = SURFACE_STYLE_USAGE ( .BOTH. , #11775 ) ;
#11775 = SURFACE_SIDE_STYLE ('',( #11776 ) ) ;
#11776 = SURFACE_STYLE_FILL_AREA ( #11777 ) ;
#11777 = FILL_AREA_STYLE ('',( #11778 ) ) ;
#11778 = FILL_AREA_STYLE_COLOUR ( '', #11779 ) ;
#11779 = COLOUR_RGB ( '',0.7529411764705882200, 0.7529411764705882200, 0.7529411764705882200 ) ;
#11780 = FACE_OUTER_BOUND ( 'NONE', #6955, .T. ) ;
#11781 = CARTESIAN_POINT ( 'NONE',  ( -7.750000000000016000, 1.250000000000006900, -1.749999999999943800 ) ) ;
#11782 = CARTESIAN_POINT ( 'NONE',  ( -8.250000000000016000, 1.250000000000006900, -1.749999999999940500 ) ) ;
#11783 = DIRECTION ( 'NONE',  ( -2.438091212180733500E-029, -1.000000000000000000, -3.491483361109382100E-015 ) ) ;
#11784 = VECTOR ( 'NONE', #11783, 1000.000000000000000 ) ;
#11785 = CARTESIAN_POINT ( 'NONE',  ( -11.95000000000001200, 5.000000000000005300, -1.749999999999901600 ) ) ;
#11786 = LINE ( 'NONE', #11785, #11784 ) ;
#11787 = CARTESIAN_POINT ( 'NONE',  ( -10.95000000000001000, 4.200000000000004600, -1.749999999999911200 ) ) ;
#11788 = UNCERTAINTY_MEASURE_WITH_UNIT (LENGTH_MEASURE( 1.000000000000000100E-005 ), #11791, 'distance_accuracy_value', 'NONE');
#11789 =( NAMED_UNIT ( * ) SI_UNIT ( $, .STERADIAN. ) SOLID_ANGLE_UNIT ( ) );
#11790 =( NAMED_UNIT ( * ) PLANE_ANGLE_UNIT ( ) SI_UNIT ( $, .RADIAN. ) );
#11791 =( LENGTH_UNIT ( ) NAMED_UNIT ( * ) SI_UNIT ( .MILLI., .METRE. ) );
#11792 = MECHANICAL_DESIGN_GEOMETRIC_PRESENTATION_REPRESENTATION (  '', ( #11794 ), #11846 ) ;
#11793 = PRESENTATION_LAYER_ASSIGNMENT (  '', '', ( #11794 ) ) ;
#11794 = STYLED_ITEM ( 'NONE', ( #11795 ), #6986 ) ;
#11795 = PRESENTATION_STYLE_ASSIGNMENT (( #11796 ) ) ;
#11796 = SURFACE_STYLE_USAGE ( .BOTH. , #11797 ) ;
#11797 = SURFACE_SIDE_STYLE ('',( #11798 ) ) ;
#11798 = SURFACE_STYLE_FILL_AREA ( #11799 ) ;
#11799 = FILL_AREA_STYLE ('',( #11800 ) ) ;
#11800 = FILL_AREA_STYLE_COLOUR ( '', #11801 ) ;
#11801 = COLOUR_RGB ( '',0.7529411764705882200, 0.7529411764705882200, 0.7529411764705882200 ) ;
#11802 = FACE_OUTER_BOUND ( 'NONE', #6974, .T. ) ;
#11803 = CARTESIAN_POINT ( 'NONE',  ( -9.750000000000014200, 1.250000000000006900, -1.749999999999930100 ) ) ;
#11804 = CARTESIAN_POINT ( 'NONE',  ( -10.25000000000001400, 1.250000000000006900, -1.749999999999926500 ) ) ;
#11805 = CARTESIAN_POINT ( 'NONE',  ( 8.249999999999985800, 3.250000000000006200, -1.750000000000048800 ) ) ;
#11806 = DIRECTION ( 'NONE',  ( -1.000000000000000000, 0.0000000000000000000, 6.982966722218764100E-015 ) ) ;
#11807 = VECTOR ( 'NONE', #11806, 1000.000000000000000 ) ;
#11808 = CARTESIAN_POINT ( 'NONE',  ( -8.250000000000035500, 3.750000000000016400, -4.499999999999933400 ) ) ;
#11809 = LINE ( 'NONE', #11808, #11807 ) ;
#11810 = DIRECTION ( 'NONE',  ( 2.438091212180733500E-029, 1.000000000000000000, 3.491483361109382100E-015 ) ) ;
#11811 = VECTOR ( 'NONE', #11810, 1000.000000000000000 ) ;
#11812 = CARTESIAN_POINT ( 'NONE',  ( -7.750000000000016000, 5.000000000000005300, -1.749999999999930900 ) ) ;
#11813 = LINE ( 'NONE', #11812, #11811 ) ;
#11814 = DIRECTION ( 'NONE',  ( 1.000000000000000000, 0.0000000000000000000, -6.982966722218764100E-015 ) ) ;
#11815 = VECTOR ( 'NONE', #11814, 1000.000000000000000 ) ;
#11816 = CARTESIAN_POINT ( 'NONE',  ( -11.95000000000001200, 1.250000000000006900, -1.749999999999914500 ) ) ;
#11817 = LINE ( 'NONE', #11816, #11815 ) ;
#11818 = DIRECTION ( 'NONE',  ( -1.000000000000000000, 0.0000000000000000000, 6.982966722218764100E-015 ) ) ;
#11819 = VECTOR ( 'NONE', #11818, 1000.000000000000000 ) ;
#11820 = CARTESIAN_POINT ( 'NONE',  ( -11.95000000000001200, 1.750000000000007300, -1.749999999999913000 ) ) ;
#11821 = LINE ( 'NONE', #11820, #11819 ) ;
#11822 = UNCERTAINTY_MEASURE_WITH_UNIT (LENGTH_MEASURE( 1.000000000000000100E-005 ), #11825, 'distance_accuracy_value', 'NONE');
#11823 =( NAMED_UNIT ( * ) SI_UNIT ( $, .STERADIAN. ) SOLID_ANGLE_UNIT ( ) );
#11824 =( NAMED_UNIT ( * ) PLANE_ANGLE_UNIT ( ) SI_UNIT ( $, .RADIAN. ) );
#11825 =( LENGTH_UNIT ( ) NAMED_UNIT ( * ) SI_UNIT ( .MILLI., .METRE. ) );
#11826 = MECHANICAL_DESIGN_GEOMETRIC_PRESENTATION_REPRESENTATION (  '', ( #11828 ), #11873 ) ;
#11827 = PRESENTATION_LAYER_ASSIGNMENT (  '', '', ( #11828 ) ) ;
#11828 = STYLED_ITEM ( 'NONE', ( #11829 ), #6990 ) ;
#11829 = PRESENTATION_STYLE_ASSIGNMENT (( #11830 ) ) ;
#11830 = SURFACE_STYLE_USAGE ( .BOTH. , #11831 ) ;
#11831 = SURFACE_SIDE_STYLE ('',( #11832 ) ) ;
#11832 = SURFACE_STYLE_FILL_AREA ( #11833 ) ;
#11833 = FILL_AREA_STYLE ('',( #11840 ) ) ;
#11834 = COLOUR_RGB ( '',0.7529411764705882200, 0.7529411764705882200, 0.7529411764705882200 ) ;
#11835 = FACE_OUTER_BOUND ( 'NONE', #6980, .T. ) ;
#11836 = DIRECTION ( 'NONE',  ( 1.000000000000000000, 0.0000000000000000000, -6.982966722218764100E-015 ) ) ;
#11837 = VECTOR ( 'NONE', #11836, 1000.000000000000000 ) ;
#11838 = CARTESIAN_POINT ( 'NONE',  ( -11.95000000000001200, 1.250000000000006900, -1.749999999999914500 ) ) ;
#11839 = LINE ( 'NONE', #11838, #11837 ) ;
#11840 = FILL_AREA_STYLE_COLOUR ( '', #11834 ) ;
#11841 = DIRECTION ( 'NONE',  ( 2.438091212180733500E-029, 1.000000000000000000, 3.491483361109382100E-015 ) ) ;
#11842 = DIRECTION ( 'NONE',  ( 6.982966722218764100E-015, -3.491483361109382100E-015, 1.000000000000000000 ) ) ;
#11843 = CARTESIAN_POINT ( 'NONE',  ( -10.24999999999998200, 3.249999999999990700, 2.650000000000079000 ) ) ;
#11844 = AXIS2_PLACEMENT_3D ( 'NONE', #11843, #11842, #11841 ) ;
#11845 = PLANE ( 'NONE',  #11844 ) ;
#11846 =( GEOMETRIC_REPRESENTATION_CONTEXT ( 3 ) GLOBAL_UNCERTAINTY_ASSIGNED_CONTEXT ( ( #11788 ) ) GLOBAL_UNIT_ASSIGNED_CONTEXT ( ( #11791, #11790, #11789 ) ) REPRESENTATION_CONTEXT ( 'NONE', 'WORKASPACE' ) );
#11847 = UNCERTAINTY_MEASURE_WITH_UNIT (LENGTH_MEASURE( 1.000000000000000100E-005 ), #11850, 'distance_accuracy_value', 'NONE');
#11848 =( NAMED_UNIT ( * ) SI_UNIT ( $, .STERADIAN. ) SOLID_ANGLE_UNIT ( ) );
#11849 =( NAMED_UNIT ( * ) PLANE_ANGLE_UNIT ( ) SI_UNIT ( $, .RADIAN. ) );
#11850 =( LENGTH_UNIT ( ) NAMED_UNIT ( * ) SI_UNIT ( .MILLI., .METRE. ) );
#11851 = MECHANICAL_DESIGN_GEOMETRIC_PRESENTATION_REPRESENTATION (  '', ( #11853 ), #11906 ) ;
#11852 = PRESENTATION_LAYER_ASSIGNMENT (  '', '', ( #11853 ) ) ;
#11853 = STYLED_ITEM ( 'NONE', ( #11854 ), #6999 ) ;
#11854 = PRESENTATION_STYLE_ASSIGNMENT (( #11855 ) ) ;
#11855 = SURFACE_STYLE_USAGE ( .BOTH. , #11856 ) ;
#11856 = SURFACE_SIDE_STYLE ('',( #11857 ) ) ;
#11857 = SURFACE_STYLE_FILL_AREA ( #11858 ) ;
#11858 = FILL_AREA_STYLE ('',( #11865 ) ) ;
#11859 = COLOUR_RGB ( '',0.7529411764705882200, 0.7529411764705882200, 0.7529411764705882200 ) ;
#11860 = FACE_OUTER_BOUND ( 'NONE', #6995, .T. ) ;
#11861 = DIRECTION ( 'NONE',  ( 6.982966722218764100E-015, -3.491483361109382100E-015, 1.000000000000000000 ) ) ;
#11862 = VECTOR ( 'NONE', #11861, 1000.000000000000000 ) ;
#11863 = CARTESIAN_POINT ( 'NONE',  ( -9.750000000000037300, 3.750000000000018200, -4.957106781186472400 ) ) ;
#11864 = LINE ( 'NONE', #11863, #11862 ) ;
#11865 = FILL_AREA_STYLE_COLOUR ( '', #11859 ) ;
#11866 = CARTESIAN_POINT ( 'NONE',  ( 1.749999999999986000, 1.250000000000006900, -1.750000000000010200 ) ) ;
#11867 = CARTESIAN_POINT ( 'NONE',  ( 2.249999999999986200, 1.250000000000006900, -1.750000000000013800 ) ) ;
#11868 = DIRECTION ( 'NONE',  ( 1.000000000000000000, 0.0000000000000000000, -6.982966722218764100E-015 ) ) ;
#11869 = DIRECTION ( 'NONE',  ( -2.438091212180733500E-029, -1.000000000000000000, -3.491483361109382100E-015 ) ) ;
#11870 = CARTESIAN_POINT ( 'NONE',  ( -8.000000000000033800, -2.999999999999986200, -4.249999999999958300 ) ) ;
#11871 = AXIS2_PLACEMENT_3D ( 'NONE', #11870, #11869, #11868 ) ;
#11872 = PLANE ( 'NONE',  #11871 ) ;
#11873 =( GEOMETRIC_REPRESENTATION_CONTEXT ( 3 ) GLOBAL_UNCERTAINTY_ASSIGNED_CONTEXT ( ( #11822 ) ) GLOBAL_UNIT_ASSIGNED_CONTEXT ( ( #11825, #11824, #11823 ) ) REPRESENTATION_CONTEXT ( 'NONE', 'WORKASPACE' ) );
#11874 = UNCERTAINTY_MEASURE_WITH_UNIT (LENGTH_MEASURE( 1.000000000000000100E-005 ), #12345, 'distance_accuracy_value', 'NONE');
#11875 = DIRECTION ( 'NONE',  ( -6.982966722218764100E-015, 3.491483361109382100E-015, -1.000000000000000000 ) ) ;
#11876 = VECTOR ( 'NONE', #11875, 1000.000000000000000 ) ;
#11877 = CARTESIAN_POINT ( 'NONE',  ( 1.749999999999965100, -2.999999999999984500, -4.728553390593300600 ) ) ;
#11878 = LINE ( 'NONE', #11877, #11876 ) ;
#11879 = DIRECTION ( 'NONE',  ( 1.045241367417237500E-014, -3.491483361109382100E-015, 1.000000000000000000 ) ) ;
#11880 = CARTESIAN_POINT ( 'NONE',  ( -0.2500000000000141600, 1.250000000000006900, -1.749999999999996400 ) ) ;
#11881 = DIRECTION ( 'NONE',  ( -3.469446951953586600E-015, 1.000000000000000000, 3.491483361109406100E-015 ) ) ;
#11882 = VECTOR ( 'NONE', #11881, 1000.000000000000000 ) ;
#11883 = CARTESIAN_POINT ( 'NONE',  ( -9.749999999999984000, 3.749999999999991100, 2.650000000000077200 ) ) ;
#11884 = LINE ( 'NONE', #11883, #11882 ) ;
#11885 = DIRECTION ( 'NONE',  ( -1.000000000000000000, 0.0000000000000000000, 6.982966722218764100E-015 ) ) ;
#11886 = VECTOR ( 'NONE', #11885, 1000.000000000000000 ) ;
#11887 = CARTESIAN_POINT ( 'NONE',  ( -10.24999999999998200, 3.749999999999991100, 2.650000000000080700 ) ) ;
#11888 = LINE ( 'NONE', #11887, #11886 ) ;
#11889 = CARTESIAN_POINT ( 'NONE',  ( -9.749999999999984000, 3.749999999999991100, 2.650000000000077200 ) ) ;
#11890 = CARTESIAN_POINT ( 'NONE',  ( 0.2499999999999862900, 1.250000000000006900, -1.749999999999999800 ) ) ;
#11891 = DIRECTION ( 'NONE',  ( 6.982966722218764100E-015, -3.491483361109382100E-015, 1.000000000000000000 ) ) ;
#11892 = VECTOR ( 'NONE', #11891, 1000.000000000000000 ) ;
#11893 = CARTESIAN_POINT ( 'NONE',  ( -0.2500000000000365800, 3.250000000000017800, -4.957106781186539900 ) ) ;
#11894 = LINE ( 'NONE', #11893, #11892 ) ;
#11895 = CARTESIAN_POINT ( 'NONE',  ( 0.2499999999999862900, 1.750000000000007300, -1.749999999999998000 ) ) ;
#11896 = CARTESIAN_POINT ( 'NONE',  ( -9.749999999999982200, 3.249999999999990700, 2.650000000000075400 ) ) ;
#11897 = DIRECTION ( 'NONE',  ( -3.469446951953587000E-015, 1.000000000000000000, 3.491483361109406100E-015 ) ) ;
#11898 = VECTOR ( 'NONE', #11897, 1000.000000000000000 ) ;
#11899 = CARTESIAN_POINT ( 'NONE',  ( 8.249999999999980500, 5.000000000000075500, -1.750000000000042900 ) ) ;
#11900 = LINE ( 'NONE', #11899, #11898 ) ;
#11901 = DIRECTION ( 'NONE',  ( -1.000000000000000000, 0.0000000000000000000, 6.982966722218764100E-015 ) ) ;
#11902 = DIRECTION ( 'NONE',  ( 2.438091212180733500E-029, 1.000000000000000000, 3.491483361109382100E-015 ) ) ;
#11903 = CARTESIAN_POINT ( 'NONE',  ( -10.25000000000003700, 3.750000000000018200, -4.957106781186468000 ) ) ;
#11904 = AXIS2_PLACEMENT_3D ( 'NONE', #11903, #11902, #11901 ) ;
#11905 = PLANE ( 'NONE',  #11904 ) ;
#11906 =( GEOMETRIC_REPRESENTATION_CONTEXT ( 3 ) GLOBAL_UNCERTAINTY_ASSIGNED_CONTEXT ( ( #11847 ) ) GLOBAL_UNIT_ASSIGNED_CONTEXT ( ( #11850, #11849, #11848 ) ) REPRESENTATION_CONTEXT ( 'NONE', 'WORKASPACE' ) );
#11907 = PLANE ( 'NONE',  #11962 ) ;
#11908 =( GEOMETRIC_REPRESENTATION_CONTEXT ( 3 ) GLOBAL_UNCERTAINTY_ASSIGNED_CONTEXT ( ( #11909 ) ) GLOBAL_UNIT_ASSIGNED_CONTEXT ( ( #11912, #11911, #11910 ) ) REPRESENTATION_CONTEXT ( 'NONE', 'WORKASPACE' ) );
#11909 = UNCERTAINTY_MEASURE_WITH_UNIT (LENGTH_MEASURE( 1.000000000000000100E-005 ), #11912, 'distance_accuracy_value', 'NONE');
#11910 =( NAMED_UNIT ( * ) SI_UNIT ( $, .STERADIAN. ) SOLID_ANGLE_UNIT ( ) );
#11911 =( NAMED_UNIT ( * ) PLANE_ANGLE_UNIT ( ) SI_UNIT ( $, .RADIAN. ) );
#11912 =( LENGTH_UNIT ( ) NAMED_UNIT ( * ) SI_UNIT ( .MILLI., .METRE. ) );
#11913 = MECHANICAL_DESIGN_GEOMETRIC_PRESENTATION_REPRESENTATION (  '', ( #11915 ), #11908 ) ;
#11914 = PRESENTATION_LAYER_ASSIGNMENT (  '', '', ( #11915 ) ) ;
#11915 = STYLED_ITEM ( 'NONE', ( #11916 ), #7025 ) ;
#11916 = PRESENTATION_STYLE_ASSIGNMENT (( #11917 ) ) ;
#11917 = SURFACE_STYLE_USAGE ( .BOTH. , #11918 ) ;
#11918 = SURFACE_SIDE_STYLE ('',( #11919 ) ) ;
#11919 = SURFACE_STYLE_FILL_AREA ( #11920 ) ;
#11920 = FILL_AREA_STYLE ('',( #11927 ) ) ;
#11921 = COLOUR_RGB ( '',0.7529411764705882200, 0.7529411764705882200, 0.7529411764705882200 ) ;
#11922 = FACE_OUTER_BOUND ( 'NONE', #7026, .T. ) ;
#11923 = DIRECTION ( 'NONE',  ( 6.982966722218764100E-015, -3.491483361109382100E-015, 1.000000000000000000 ) ) ;
#11924 = VECTOR ( 'NONE', #11923, 1000.000000000000000 ) ;
#11925 = CARTESIAN_POINT ( 'NONE',  ( 1.749999999999963400, 3.250000000000017800, -4.957106781186554100 ) ) ;
#11926 = LINE ( 'NONE', #11925, #11924 ) ;
#11927 = FILL_AREA_STYLE_COLOUR ( '', #11921 ) ;
#11928 = CARTESIAN_POINT ( 'NONE',  ( 1.749999999999970000, 3.250000000000014200, -4.000000000000004400 ) ) ;
#11929 = DIRECTION ( 'NONE',  ( -2.438091212180733800E-029, -1.000000000000000000, -3.491483361109382500E-015 ) ) ;
#11930 = VECTOR ( 'NONE', #11929, 1000.000000000000000 ) ;
#11931 = CARTESIAN_POINT ( 'NONE',  ( 1.749999999999970000, 3.250000000000014200, -4.000000000000004400 ) ) ;
#11932 = LINE ( 'NONE', #11931, #11930 ) ;
#11933 = EDGE_LOOP ( 'NONE', ( #12005, #12055, #13422, #13420, #13418, #13415 ) ) ;
#11934 = CARTESIAN_POINT ( 'NONE',  ( 1.749999999999970000, -2.999999999999986200, -4.000000000000025800 ) ) ;
#11935 = DIRECTION ( 'NONE',  ( 6.982966722218764100E-015, -3.491483361109382100E-015, 1.000000000000000000 ) ) ;
#11936 = VECTOR ( 'NONE', #11935, 1000.000000000000000 ) ;
#11937 = CARTESIAN_POINT ( 'NONE',  ( 1.749999999999963400, 3.750000000000018200, -4.957106781186552300 ) ) ;
#11938 = LINE ( 'NONE', #11937, #11936 ) ;
#11939 = DIRECTION ( 'NONE',  ( -2.438091212180733500E-029, -1.000000000000000000, -3.491483361109382100E-015 ) ) ;
#11940 = DIRECTION ( 'NONE',  ( -1.000000000000000000, 0.0000000000000000000, 6.982966722218764100E-015 ) ) ;
#11941 = CARTESIAN_POINT ( 'NONE',  ( 1.749999999999963400, 3.750000000000018200, -4.957106781186552300 ) ) ;
#11942 = AXIS2_PLACEMENT_3D ( 'NONE', #11941, #11940, #11939 ) ;
#11943 = PLANE ( 'NONE',  #11942 ) ;
#11944 =( GEOMETRIC_REPRESENTATION_CONTEXT ( 3 ) GLOBAL_UNCERTAINTY_ASSIGNED_CONTEXT ( ( #11945 ) ) GLOBAL_UNIT_ASSIGNED_CONTEXT ( ( #11948, #11947, #11946 ) ) REPRESENTATION_CONTEXT ( 'NONE', 'WORKASPACE' ) );
#11945 = UNCERTAINTY_MEASURE_WITH_UNIT (LENGTH_MEASURE( 1.000000000000000100E-005 ), #11948, 'distance_accuracy_value', 'NONE');
#11946 =( NAMED_UNIT ( * ) SI_UNIT ( $, .STERADIAN. ) SOLID_ANGLE_UNIT ( ) );
#11947 =( NAMED_UNIT ( * ) PLANE_ANGLE_UNIT ( ) SI_UNIT ( $, .RADIAN. ) );
#11948 =( LENGTH_UNIT ( ) NAMED_UNIT ( * ) SI_UNIT ( .MILLI., .METRE. ) );
#11949 = MECHANICAL_DESIGN_GEOMETRIC_PRESENTATION_REPRESENTATION (  '', ( #11951 ), #11944 ) ;
#11950 = PRESENTATION_LAYER_ASSIGNMENT (  '', '', ( #11951 ) ) ;
#11951 = STYLED_ITEM ( 'NONE', ( #11952 ), #7031 ) ;
#11952 = PRESENTATION_STYLE_ASSIGNMENT (( #11953 ) ) ;
#11953 = SURFACE_STYLE_USAGE ( .BOTH. , #11954 ) ;
#11954 = SURFACE_SIDE_STYLE ('',( #11955 ) ) ;
#11955 = SURFACE_STYLE_FILL_AREA ( #11956 ) ;
#11956 = FILL_AREA_STYLE ('',( #11963 ) ) ;
#11957 = COLOUR_RGB ( '',0.7529411764705882200, 0.7529411764705882200, 0.7529411764705882200 ) ;
#11958 = FACE_OUTER_BOUND ( 'NONE', #7032, .T. ) ;
#11959 = DIRECTION ( 'NONE',  ( -2.438091212180733500E-029, -1.000000000000000000, -3.491483361109382100E-015 ) ) ;
#11960 = DIRECTION ( 'NONE',  ( -1.000000000000000000, 0.0000000000000000000, 6.982966722218764100E-015 ) ) ;
#11961 = CARTESIAN_POINT ( 'NONE',  ( 1.749999999999963400, 3.750000000000018200, -4.957106781186552300 ) ) ;
#11962 = AXIS2_PLACEMENT_3D ( 'NONE', #11961, #11960, #11959 ) ;
#11963 = FILL_AREA_STYLE_COLOUR ( '', #11957 ) ;
#11964 = PLANE ( 'NONE',  #12020 ) ;
#11965 =( GEOMETRIC_REPRESENTATION_CONTEXT ( 3 ) GLOBAL_UNCERTAINTY_ASSIGNED_CONTEXT ( ( #11966 ) ) GLOBAL_UNIT_ASSIGNED_CONTEXT ( ( #11969, #11968, #11967 ) ) REPRESENTATION_CONTEXT ( 'NONE', 'WORKASPACE' ) );
#11966 = UNCERTAINTY_MEASURE_WITH_UNIT (LENGTH_MEASURE( 1.000000000000000100E-005 ), #11969, 'distance_accuracy_value', 'NONE');
#11967 =( NAMED_UNIT ( * ) SI_UNIT ( $, .STERADIAN. ) SOLID_ANGLE_UNIT ( ) );
#11968 =( NAMED_UNIT ( * ) PLANE_ANGLE_UNIT ( ) SI_UNIT ( $, .RADIAN. ) );
#11969 =( LENGTH_UNIT ( ) NAMED_UNIT ( * ) SI_UNIT ( .MILLI., .METRE. ) );
#11970 = MECHANICAL_DESIGN_GEOMETRIC_PRESENTATION_REPRESENTATION (  '', ( #11972 ), #11965 ) ;
#11971 = PRESENTATION_LAYER_ASSIGNMENT (  '', '', ( #11972 ) ) ;
#11972 = STYLED_ITEM ( 'NONE', ( #11973 ), #7039 ) ;
#11973 = PRESENTATION_STYLE_ASSIGNMENT (( #11974 ) ) ;
#11974 = SURFACE_STYLE_USAGE ( .BOTH. , #11975 ) ;
#11975 = SURFACE_SIDE_STYLE ('',( #11976 ) ) ;
#11976 = SURFACE_STYLE_FILL_AREA ( #11977 ) ;
#11977 = FILL_AREA_STYLE ('',( #11984 ) ) ;
#11978 = COLOUR_RGB ( '',0.7529411764705882200, 0.7529411764705882200, 0.7529411764705882200 ) ;
#11979 = FACE_OUTER_BOUND ( 'NONE', #7040, .T. ) ;
#11980 = DIRECTION ( 'NONE',  ( 1.000000000000000000, 0.0000000000000000000, -6.982966722218764100E-015 ) ) ;
#11981 = VECTOR ( 'NONE', #11980, 1000.000000000000000 ) ;
#11982 = CARTESIAN_POINT ( 'NONE',  ( -0.2500000000000334200, -2.999999999999984500, -4.500000000000012400 ) ) ;
#11983 = LINE ( 'NONE', #11982, #11981 ) ;
#11984 = FILL_AREA_STYLE_COLOUR ( '', #11978 ) ;
#11985 = CARTESIAN_POINT ( 'NONE',  ( 1.750000000000016400, 3.749999999999991100, 2.649999999999996800 ) ) ;
#11986 = DIRECTION ( 'NONE',  ( -2.438091212180733500E-029, -1.000000000000000000, -3.491483361109382100E-015 ) ) ;
#11987 = VECTOR ( 'NONE', #11986, 1000.000000000000000 ) ;
#11988 = CARTESIAN_POINT ( 'NONE',  ( 1.750000000000016400, 3.749999999999991100, 2.649999999999996800 ) ) ;
#11989 = LINE ( 'NONE', #11988, #11987 ) ;
#11990 = DIRECTION ( 'NONE',  ( 1.000000000000000000, 0.0000000000000000000, -6.982966722218764100E-015 ) ) ;
#11991 = DIRECTION ( 'NONE',  ( -2.438091212180733500E-029, -1.000000000000000000, -3.491483361109382100E-015 ) ) ;
#11992 = CARTESIAN_POINT ( 'NONE',  ( 1.749999999999963400, 3.250000000000017800, -4.957106781186554100 ) ) ;
#11993 = AXIS2_PLACEMENT_3D ( 'NONE', #11992, #11991, #11990 ) ;
#11994 = CARTESIAN_POINT ( 'NONE',  ( 1.750000000000016400, 3.249999999999990700, 2.649999999999995000 ) ) ;
#11995 = PLANE ( 'NONE',  #11993 ) ;
#11996 =( GEOMETRIC_REPRESENTATION_CONTEXT ( 3 ) GLOBAL_UNCERTAINTY_ASSIGNED_CONTEXT ( ( #11997 ) ) GLOBAL_UNIT_ASSIGNED_CONTEXT ( ( #12000, #11999, #11998 ) ) REPRESENTATION_CONTEXT ( 'NONE', 'WORKASPACE' ) );
#11997 = UNCERTAINTY_MEASURE_WITH_UNIT (LENGTH_MEASURE( 1.000000000000000100E-005 ), #12000, 'distance_accuracy_value', 'NONE');
#11998 =( NAMED_UNIT ( * ) SI_UNIT ( $, .STERADIAN. ) SOLID_ANGLE_UNIT ( ) );
#11999 =( NAMED_UNIT ( * ) PLANE_ANGLE_UNIT ( ) SI_UNIT ( $, .RADIAN. ) );
#12000 =( LENGTH_UNIT ( ) NAMED_UNIT ( * ) SI_UNIT ( .MILLI., .METRE. ) );
#12001 = MECHANICAL_DESIGN_GEOMETRIC_PRESENTATION_REPRESENTATION (  '', ( #12003 ), #11996 ) ;
#12002 = PRESENTATION_LAYER_ASSIGNMENT (  '', '', ( #12003 ) ) ;
#12003 = STYLED_ITEM ( 'NONE', ( #12004 ), #7046 ) ;
#12004 = PRESENTATION_STYLE_ASSIGNMENT (( #12006 ) ) ;
#12005 = ORIENTED_EDGE ( 'NONE', *, *, #7249, .F. ) ;
#12006 = SURFACE_STYLE_USAGE ( .BOTH. , #12007 ) ;
#12007 = SURFACE_SIDE_STYLE ('',( #12008 ) ) ;
#12008 = SURFACE_STYLE_FILL_AREA ( #12009 ) ;
#12009 = FILL_AREA_STYLE ('',( #12016 ) ) ;
#12010 = COLOUR_RGB ( '',0.7529411764705882200, 0.7529411764705882200, 0.7529411764705882200 ) ;
#12011 = FACE_OUTER_BOUND ( 'NONE', #7047, .T. ) ;
#12012 = DIRECTION ( 'NONE',  ( 6.982966722218764100E-015, -3.491483361109382100E-015, 1.000000000000000000 ) ) ;
#12013 = VECTOR ( 'NONE', #12012, 1000.000000000000000 ) ;
#12014 = CARTESIAN_POINT ( 'NONE',  ( 2.249999999999964000, 3.250000000000017800, -4.957106781186557700 ) ) ;
#12015 = LINE ( 'NONE', #12014, #12013 ) ;
#12016 = FILL_AREA_STYLE_COLOUR ( '', #12010 ) ;
#12017 = DIRECTION ( 'NONE',  ( -3.469446951953586600E-015, 1.000000000000000000, 3.491483361109406100E-015 ) ) ;
#12018 = DIRECTION ( 'NONE',  ( 1.000000000000000000, 3.469446951953611000E-015, -6.982966722218752300E-015 ) ) ;
#12019 = CARTESIAN_POINT ( 'NONE',  ( 2.249999999999962300, 3.750000000000018200, -4.957106781186555900 ) ) ;
#12020 = AXIS2_PLACEMENT_3D ( 'NONE', #12019, #12018, #12017 ) ;
#12021 =( GEOMETRIC_REPRESENTATION_CONTEXT ( 3 ) GLOBAL_UNCERTAINTY_ASSIGNED_CONTEXT ( ( #12022 ) ) GLOBAL_UNIT_ASSIGNED_CONTEXT ( ( #12025, #12024, #12023 ) ) REPRESENTATION_CONTEXT ( 'NONE', 'WORKASPACE' ) );
#12022 = UNCERTAINTY_MEASURE_WITH_UNIT (LENGTH_MEASURE( 1.000000000000000100E-005 ), #12025, 'distance_accuracy_value', 'NONE');
#12023 =( NAMED_UNIT ( * ) SI_UNIT ( $, .STERADIAN. ) SOLID_ANGLE_UNIT ( ) );
#12024 =( NAMED_UNIT ( * ) PLANE_ANGLE_UNIT ( ) SI_UNIT ( $, .RADIAN. ) );
#12025 =( LENGTH_UNIT ( ) NAMED_UNIT ( * ) SI_UNIT ( .MILLI., .METRE. ) );
#12026 = MECHANICAL_DESIGN_GEOMETRIC_PRESENTATION_REPRESENTATION (  '', ( #12028 ), #12021 ) ;
#12027 = PRESENTATION_LAYER_ASSIGNMENT (  '', '', ( #12028 ) ) ;
#12028 = STYLED_ITEM ( 'NONE', ( #12029 ), #7058 ) ;
#12029 = PRESENTATION_STYLE_ASSIGNMENT (( #12030 ) ) ;
#12030 = SURFACE_STYLE_USAGE ( .BOTH. , #12031 ) ;
#12031 = SURFACE_SIDE_STYLE ('',( #12032 ) ) ;
#12032 = SURFACE_STYLE_FILL_AREA ( #12033 ) ;
#12033 = FILL_AREA_STYLE ('',( #12040 ) ) ;
#12034 = COLOUR_RGB ( '',0.7529411764705882200, 0.7529411764705882200, 0.7529411764705882200 ) ;
#12035 = FACE_OUTER_BOUND ( 'NONE', #7059, .T. ) ;
#12036 = DIRECTION ( 'NONE',  ( -1.000000000000000000, 0.0000000000000000000, 6.982966722218764100E-015 ) ) ;
#12037 = VECTOR ( 'NONE', #12036, 1000.000000000000000 ) ;
#12038 = CARTESIAN_POINT ( 'NONE',  ( 1.750000000000016400, 3.749999999999991100, 2.649999999999996800 ) ) ;
#12039 = LINE ( 'NONE', #12038, #12037 ) ;
#12040 = FILL_AREA_STYLE_COLOUR ( '', #12034 ) ;
#12041 = CARTESIAN_POINT ( 'NONE',  ( 2.250000000000015500, 3.749999999999991100, 2.649999999999993700 ) ) ;
#12042 = DIRECTION ( 'NONE',  ( -3.469446951953586600E-015, 1.000000000000000000, 3.491483361109406100E-015 ) ) ;
#12043 = VECTOR ( 'NONE', #12042, 1000.000000000000000 ) ;
#12044 = CARTESIAN_POINT ( 'NONE',  ( 2.250000000000015500, 3.749999999999991100, 2.649999999999993700 ) ) ;
#12045 = LINE ( 'NONE', #12044, #12043 ) ;
#12046 = CARTESIAN_POINT ( 'NONE',  ( 2.250000000000017300, 3.249999999999990700, 2.649999999999991900 ) ) ;
#12047 = DIRECTION ( 'NONE',  ( 1.000000000000000000, 0.0000000000000000000, -6.982966722218764100E-015 ) ) ;
#12048 = VECTOR ( 'NONE', #12047, 1000.000000000000000 ) ;
#12049 = CARTESIAN_POINT ( 'NONE',  ( 1.750000000000016400, 3.249999999999990700, 2.649999999999995000 ) ) ;
#12050 = LINE ( 'NONE', #12049, #12048 ) ;
#12051 = PLANE ( 'NONE',  #12113 ) ;
#12052 = EDGE_CURVE ( 'NONE', #13442, #7246, #5809, .T. ) ;
#12053 = CARTESIAN_POINT ( 'NONE',  ( 3.999999999999968900, -2.999999999999986200, -4.250000000000041700 ) ) ;
#12054 =( GEOMETRIC_REPRESENTATION_CONTEXT ( 3 ) GLOBAL_UNCERTAINTY_ASSIGNED_CONTEXT ( ( #12056 ) ) GLOBAL_UNIT_ASSIGNED_CONTEXT ( ( #12059, #12058, #12057 ) ) REPRESENTATION_CONTEXT ( 'NONE', 'WORKASPACE' ) );
#12055 = ORIENTED_EDGE ( 'NONE', *, *, #12052, .F. ) ;
#12056 = UNCERTAINTY_MEASURE_WITH_UNIT (LENGTH_MEASURE( 1.000000000000000100E-005 ), #12059, 'distance_accuracy_value', 'NONE');
#12057 =( NAMED_UNIT ( * ) SI_UNIT ( $, .STERADIAN. ) SOLID_ANGLE_UNIT ( ) );
#12058 =( NAMED_UNIT ( * ) PLANE_ANGLE_UNIT ( ) SI_UNIT ( $, .RADIAN. ) );
#12059 =( LENGTH_UNIT ( ) NAMED_UNIT ( * ) SI_UNIT ( .MILLI., .METRE. ) );
#12060 = MECHANICAL_DESIGN_GEOMETRIC_PRESENTATION_REPRESENTATION (  '', ( #12062 ), #12054 ) ;
#12061 = PRESENTATION_LAYER_ASSIGNMENT (  '', '', ( #12062 ) ) ;
#12062 = STYLED_ITEM ( 'NONE', ( #12063 ), #7065 ) ;
#12063 = PRESENTATION_STYLE_ASSIGNMENT (( #12064 ) ) ;
#12064 = SURFACE_STYLE_USAGE ( .BOTH. , #12065 ) ;
#12065 = SURFACE_SIDE_STYLE ('',( #12066 ) ) ;
#12066 = SURFACE_STYLE_FILL_AREA ( #12067 ) ;
#12067 = FILL_AREA_STYLE ('',( #12074 ) ) ;
#12068 = COLOUR_RGB ( '',0.7529411764705882200, 0.7529411764705882200, 0.7529411764705882200 ) ;
#12069 = FACE_OUTER_BOUND ( 'NONE', #7066, .T. ) ;
#12070 = DIRECTION ( 'NONE',  ( 6.982966722218764100E-015, -3.491483361109382100E-015, 1.000000000000000000 ) ) ;
#12071 = VECTOR ( 'NONE', #12070, 1000.000000000000000 ) ;
#12072 = CARTESIAN_POINT ( 'NONE',  ( 2.249999999999962300, 3.750000000000018200, -4.957106781186555900 ) ) ;
#12073 = LINE ( 'NONE', #12072, #12071 ) ;
#12074 = FILL_AREA_STYLE_COLOUR ( '', #12068 ) ;
#12075 = DIRECTION ( 'NONE',  ( -1.000000000000000000, 0.0000000000000000000, 6.982966722218764100E-015 ) ) ;
#12076 = DIRECTION ( 'NONE',  ( 2.438091212180733500E-029, 1.000000000000000000, 3.491483361109382100E-015 ) ) ;
#12077 = CARTESIAN_POINT ( 'NONE',  ( 1.749999999999963400, 3.750000000000018200, -4.957106781186552300 ) ) ;
#12078 = AXIS2_PLACEMENT_3D ( 'NONE', #12077, #12076, #12075 ) ;
#12079 = PLANE ( 'NONE',  #12078 ) ;
#12080 = MECHANICAL_DESIGN_GEOMETRIC_PRESENTATION_REPRESENTATION (  '', ( #12082 ), #12132 ) ;
#12081 = PRESENTATION_LAYER_ASSIGNMENT (  '', '', ( #12082 ) ) ;
#12082 = STYLED_ITEM ( 'NONE', ( #12083 ), #7074 ) ;
#12083 = PRESENTATION_STYLE_ASSIGNMENT (( #12084 ) ) ;
#12084 = SURFACE_STYLE_USAGE ( .BOTH. , #12085 ) ;
#12085 = SURFACE_SIDE_STYLE ('',( #12086 ) ) ;
#12086 = SURFACE_STYLE_FILL_AREA ( #12087 ) ;
#12087 = FILL_AREA_STYLE ('',( #12094 ) ) ;
#12088 = COLOUR_RGB ( '',0.7529411764705882200, 0.7529411764705882200, 0.7529411764705882200 ) ;
#12089 = FACE_OUTER_BOUND ( 'NONE', #7075, .T. ) ;
#12090 = DIRECTION ( 'NONE',  ( 2.438091212180733500E-029, 1.000000000000000000, 3.491483361109382100E-015 ) ) ;
#12091 = DIRECTION ( 'NONE',  ( 6.982966722218764100E-015, -3.491483361109382100E-015, 1.000000000000000000 ) ) ;
#12092 = CARTESIAN_POINT ( 'NONE',  ( 1.750000000000016400, 3.249999999999990700, 2.649999999999995000 ) ) ;
#12093 = AXIS2_PLACEMENT_3D ( 'NONE', #12092, #12091, #12090 ) ;
#12094 = FILL_AREA_STYLE_COLOUR ( '', #12088 ) ;
#12095 = PLANE ( 'NONE',  #12093 ) ;
#12096 =( GEOMETRIC_REPRESENTATION_CONTEXT ( 3 ) GLOBAL_UNCERTAINTY_ASSIGNED_CONTEXT ( ( #12097 ) ) GLOBAL_UNIT_ASSIGNED_CONTEXT ( ( #12100, #12099, #12098 ) ) REPRESENTATION_CONTEXT ( 'NONE', 'WORKASPACE' ) );
#12097 = UNCERTAINTY_MEASURE_WITH_UNIT (LENGTH_MEASURE( 1.000000000000000100E-005 ), #12100, 'distance_accuracy_value', 'NONE');
#12098 =( NAMED_UNIT ( * ) SI_UNIT ( $, .STERADIAN. ) SOLID_ANGLE_UNIT ( ) );
#12099 =( NAMED_UNIT ( * ) PLANE_ANGLE_UNIT ( ) SI_UNIT ( $, .RADIAN. ) );
#12100 =( LENGTH_UNIT ( ) NAMED_UNIT ( * ) SI_UNIT ( .MILLI., .METRE. ) );
#12101 = MECHANICAL_DESIGN_GEOMETRIC_PRESENTATION_REPRESENTATION (  '', ( #12103 ), #12096 ) ;
#12102 = PRESENTATION_LAYER_ASSIGNMENT (  '', '', ( #12103 ) ) ;
#12103 = STYLED_ITEM ( 'NONE', ( #12104 ), #7071 ) ;
#12104 = PRESENTATION_STYLE_ASSIGNMENT (( #12105 ) ) ;
#12105 = SURFACE_STYLE_USAGE ( .BOTH. , #12106 ) ;
#12106 = SURFACE_SIDE_STYLE ('',( #12107 ) ) ;
#12107 = SURFACE_STYLE_FILL_AREA ( #12108 ) ;
#12108 = FILL_AREA_STYLE ('',( #12114 ) ) ;
#12109 = COLOUR_RGB ( '',0.7529411764705882200, 0.7529411764705882200, 0.7529411764705882200 ) ;
#12110 = FACE_OUTER_BOUND ( 'NONE', #7072, .T. ) ;
#12111 = DIRECTION ( 'NONE',  ( 1.000000000000000000, 0.0000000000000000000, -6.982966722218764100E-015 ) ) ;
#12112 = DIRECTION ( 'NONE',  ( -2.438091212180733500E-029, -1.000000000000000000, -3.491483361109382100E-015 ) ) ;
#12113 = AXIS2_PLACEMENT_3D ( 'NONE', #12053, #12112, #12111 ) ;
#12114 = FILL_AREA_STYLE_COLOUR ( '', #12109 ) ;
#12115 = VECTOR ( 'NONE', #11879, 1000.000000000000000 ) ;
#12116 = CARTESIAN_POINT ( 'NONE',  ( 2.249999999999963100, -2.999999999999984500, -4.728553390593304200 ) ) ;
#12117 = LINE ( 'NONE', #12116, #12115 ) ;
#12118 = CARTESIAN_POINT ( 'NONE',  ( 2.249999999999970700, -2.999999999999984500, -4.000000000000029300 ) ) ;
#12119 = DIRECTION ( 'NONE',  ( -2.438091212180733800E-029, -1.000000000000000000, -3.491483361109382500E-015 ) ) ;
#12120 = VECTOR ( 'NONE', #12119, 1000.000000000000000 ) ;
#12121 = CARTESIAN_POINT ( 'NONE',  ( 2.249999999999970700, 3.250000000000014200, -4.000000000000008000 ) ) ;
#12122 = LINE ( 'NONE', #12121, #12120 ) ;
#12123 = DIRECTION ( 'NONE',  ( 1.000000000000000000, 0.0000000000000000000, -6.982966722218764100E-015 ) ) ;
#12124 = VECTOR ( 'NONE', #12123, 1000.000000000000000 ) ;
#12125 = CARTESIAN_POINT ( 'NONE',  ( 1.749999999999966700, -2.999999999999984500, -4.500000000000026600 ) ) ;
#12126 = LINE ( 'NONE', #12125, #12124 ) ;
#12127 = DIRECTION ( 'NONE',  ( 2.438091212180733500E-029, 1.000000000000000000, 3.491483361109382100E-015 ) ) ;
#12128 = DIRECTION ( 'NONE',  ( 6.982966722218764100E-015, -3.491483361109382100E-015, 1.000000000000000000 ) ) ;
#12129 = CARTESIAN_POINT ( 'NONE',  ( 1.749999999999966700, 3.750000000000016400, -4.500000000000003600 ) ) ;
#12130 = AXIS2_PLACEMENT_3D ( 'NONE', #12129, #12128, #12127 ) ;
#12131 = PLANE ( 'NONE',  #12130 ) ;
#12132 =( GEOMETRIC_REPRESENTATION_CONTEXT ( 3 ) GLOBAL_UNCERTAINTY_ASSIGNED_CONTEXT ( ( #12133 ) ) GLOBAL_UNIT_ASSIGNED_CONTEXT ( ( #12136, #12135, #12134 ) ) REPRESENTATION_CONTEXT ( 'NONE', 'WORKASPACE' ) );
#12133 = UNCERTAINTY_MEASURE_WITH_UNIT (LENGTH_MEASURE( 1.000000000000000100E-005 ), #12136, 'distance_accuracy_value', 'NONE');
#12134 =( NAMED_UNIT ( * ) SI_UNIT ( $, .STERADIAN. ) SOLID_ANGLE_UNIT ( ) );
#12135 =( NAMED_UNIT ( * ) PLANE_ANGLE_UNIT ( ) SI_UNIT ( $, .RADIAN. ) );
#12136 =( LENGTH_UNIT ( ) NAMED_UNIT ( * ) SI_UNIT ( .MILLI., .METRE. ) );
#12137 =( GEOMETRIC_REPRESENTATION_CONTEXT ( 3 ) GLOBAL_UNCERTAINTY_ASSIGNED_CONTEXT ( ( #12138 ) ) GLOBAL_UNIT_ASSIGNED_CONTEXT ( ( #12141, #12140, #12139 ) ) REPRESENTATION_CONTEXT ( 'NONE', 'WORKASPACE' ) );
#12138 = UNCERTAINTY_MEASURE_WITH_UNIT (LENGTH_MEASURE( 1.000000000000000100E-005 ), #12141, 'distance_accuracy_value', 'NONE');
#12139 =( NAMED_UNIT ( * ) SI_UNIT ( $, .STERADIAN. ) SOLID_ANGLE_UNIT ( ) );
#12140 =( NAMED_UNIT ( * ) PLANE_ANGLE_UNIT ( ) SI_UNIT ( $, .RADIAN. ) );
#12141 =( LENGTH_UNIT ( ) NAMED_UNIT ( * ) SI_UNIT ( .MILLI., .METRE. ) );
#12142 = MECHANICAL_DESIGN_GEOMETRIC_PRESENTATION_REPRESENTATION (  '', ( #12144 ), #12137 ) ;
#12143 = PRESENTATION_LAYER_ASSIGNMENT (  '', '', ( #12144 ) ) ;
#12144 = STYLED_ITEM ( 'NONE', ( #12145 ), #7093 ) ;
#12145 = PRESENTATION_STYLE_ASSIGNMENT (( #12146 ) ) ;
#12146 = SURFACE_STYLE_USAGE ( .BOTH. , #12147 ) ;
#12147 = SURFACE_SIDE_STYLE ('',( #12148 ) ) ;
#12148 = SURFACE_STYLE_FILL_AREA ( #12149 ) ;
#12149 = FILL_AREA_STYLE ('',( #12156 ) ) ;
#12150 = COLOUR_RGB ( '',0.7529411764705882200, 0.7529411764705882200, 0.7529411764705882200 ) ;
#12151 = FACE_OUTER_BOUND ( 'NONE', #7094, .T. ) ;
#12152 = DIRECTION ( 'NONE',  ( 6.982966722218764100E-015, -3.491483361109382100E-015, 1.000000000000000000 ) ) ;
#12153 = VECTOR ( 'NONE', #12152, 1000.000000000000000 ) ;
#12154 = CARTESIAN_POINT ( 'NONE',  ( 2.249999999999962300, 3.750000000000018200, -4.957106781186555900 ) ) ;
#12155 = LINE ( 'NONE', #12154, #12153 ) ;
#12156 = FILL_AREA_STYLE_COLOUR ( '', #12150 ) ;
#12157 = CARTESIAN_POINT ( 'NONE',  ( 2.249999999999965400, 3.750000000000016400, -4.500000000000006200 ) ) ;
#12158 = DIRECTION ( 'NONE',  ( -2.438091212180733800E-029, -1.000000000000000000, -3.491483361109382500E-015 ) ) ;
#12159 = VECTOR ( 'NONE', #12158, 1000.000000000000000 ) ;
#12160 = CARTESIAN_POINT ( 'NONE',  ( 2.249999999999965400, 3.750000000000016400, -4.500000000000006200 ) ) ;
#12161 = LINE ( 'NONE', #12160, #12159 ) ;
#12162 = CARTESIAN_POINT ( 'NONE',  ( 2.249999999999965400, -2.999999999999984500, -4.500000000000030200 ) ) ;
#12163 = DIRECTION ( 'NONE',  ( -2.438091212180733500E-029, -1.000000000000000000, -3.491483361109382100E-015 ) ) ;
#12164 = CARTESIAN_POINT ( 'NONE',  ( 1.749999999999963400, 3.250000000000017800, -4.957106781186554100 ) ) ;
#12165 = AXIS2_PLACEMENT_3D ( 'NONE', #12164, #12163, #12219 ) ;
#12166 = PLANE ( 'NONE',  #12165 ) ;
#12167 =( GEOMETRIC_REPRESENTATION_CONTEXT ( 3 ) GLOBAL_UNCERTAINTY_ASSIGNED_CONTEXT ( ( #12168 ) ) GLOBAL_UNIT_ASSIGNED_CONTEXT ( ( #12171, #12170, #12169 ) ) REPRESENTATION_CONTEXT ( 'NONE', 'WORKASPACE' ) );
#12168 = UNCERTAINTY_MEASURE_WITH_UNIT (LENGTH_MEASURE( 1.000000000000000100E-005 ), #12171, 'distance_accuracy_value', 'NONE');
#12169 =( NAMED_UNIT ( * ) SI_UNIT ( $, .STERADIAN. ) SOLID_ANGLE_UNIT ( ) );
#12170 =( NAMED_UNIT ( * ) PLANE_ANGLE_UNIT ( ) SI_UNIT ( $, .RADIAN. ) );
#12171 =( LENGTH_UNIT ( ) NAMED_UNIT ( * ) SI_UNIT ( .MILLI., .METRE. ) );
#12172 = MECHANICAL_DESIGN_GEOMETRIC_PRESENTATION_REPRESENTATION (  '', ( #12174 ), #12167 ) ;
#12173 = PRESENTATION_LAYER_ASSIGNMENT (  '', '', ( #12174 ) ) ;
#12174 = STYLED_ITEM ( 'NONE', ( #12175 ), #7097 ) ;
#12175 = PRESENTATION_STYLE_ASSIGNMENT (( #12176 ) ) ;
#12176 = SURFACE_STYLE_USAGE ( .BOTH. , #12177 ) ;
#12177 = SURFACE_SIDE_STYLE ('',( #12178 ) ) ;
#12178 = SURFACE_STYLE_FILL_AREA ( #12179 ) ;
#12179 = FILL_AREA_STYLE ('',( #12186 ) ) ;
#12180 = COLOUR_RGB ( '',0.7529411764705882200, 0.7529411764705882200, 0.7529411764705882200 ) ;
#12181 = FACE_OUTER_BOUND ( 'NONE', #7020, .T. ) ;
#12182 = DIRECTION ( 'NONE',  ( 6.982966722218764100E-015, -3.491483361109382100E-015, 1.000000000000000000 ) ) ;
#12183 = VECTOR ( 'NONE', #12182, 1000.000000000000000 ) ;
#12184 = CARTESIAN_POINT ( 'NONE',  ( 1.749999999999963400, 3.250000000000017800, -4.957106781186554100 ) ) ;
#12185 = LINE ( 'NONE', #12184, #12183 ) ;
#12186 = FILL_AREA_STYLE_COLOUR ( '', #12180 ) ;
#12187 = DIRECTION ( 'NONE',  ( -1.000000000000000000, 0.0000000000000000000, 6.982966722218764100E-015 ) ) ;
#12188 = DIRECTION ( 'NONE',  ( 2.438091212180733500E-029, 1.000000000000000000, 3.491483361109382100E-015 ) ) ;
#12189 = CARTESIAN_POINT ( 'NONE',  ( 1.749999999999963400, 3.750000000000018200, -4.957106781186552300 ) ) ;
#12190 = AXIS2_PLACEMENT_3D ( 'NONE', #12189, #12188, #12187 ) ;
#12191 = PLANE ( 'NONE',  #12190 ) ;
#12192 = AXIS2_PLACEMENT_3D ( 'NONE', #12251, #12250, #12249 ) ;
#12193 = PLANE ( 'NONE',  #12192 ) ;
#12194 =( GEOMETRIC_REPRESENTATION_CONTEXT ( 3 ) GLOBAL_UNCERTAINTY_ASSIGNED_CONTEXT ( ( #12195 ) ) GLOBAL_UNIT_ASSIGNED_CONTEXT ( ( #12198, #12197, #12196 ) ) REPRESENTATION_CONTEXT ( 'NONE', 'WORKASPACE' ) );
#12195 = UNCERTAINTY_MEASURE_WITH_UNIT (LENGTH_MEASURE( 1.000000000000000100E-005 ), #12198, 'distance_accuracy_value', 'NONE');
#12196 =( NAMED_UNIT ( * ) SI_UNIT ( $, .STERADIAN. ) SOLID_ANGLE_UNIT ( ) );
#12197 =( NAMED_UNIT ( * ) PLANE_ANGLE_UNIT ( ) SI_UNIT ( $, .RADIAN. ) );
#12198 =( LENGTH_UNIT ( ) NAMED_UNIT ( * ) SI_UNIT ( .MILLI., .METRE. ) );
#12199 = MECHANICAL_DESIGN_GEOMETRIC_PRESENTATION_REPRESENTATION (  '', ( #12201 ), #12194 ) ;
#12200 = PRESENTATION_LAYER_ASSIGNMENT (  '', '', ( #12201 ) ) ;
#12201 = STYLED_ITEM ( 'NONE', ( #12202 ), #7105 ) ;
#12202 = PRESENTATION_STYLE_ASSIGNMENT (( #12203 ) ) ;
#12203 = SURFACE_STYLE_USAGE ( .BOTH. , #12204 ) ;
#12204 = SURFACE_SIDE_STYLE ('',( #12205 ) ) ;
#12205 = SURFACE_STYLE_FILL_AREA ( #12206 ) ;
#12206 = FILL_AREA_STYLE ('',( #12213 ) ) ;
#12207 = COLOUR_RGB ( '',0.7529411764705882200, 0.7529411764705882200, 0.7529411764705882200 ) ;
#12208 = FACE_OUTER_BOUND ( 'NONE', #7106, .T. ) ;
#12209 = DIRECTION ( 'NONE',  ( 6.982966722218764100E-015, -3.491483361109382100E-015, 1.000000000000000000 ) ) ;
#12210 = VECTOR ( 'NONE', #12209, 1000.000000000000000 ) ;
#12211 = CARTESIAN_POINT ( 'NONE',  ( 2.249999999999964000, 3.250000000000017800, -4.957106781186557700 ) ) ;
#12212 = LINE ( 'NONE', #12211, #12210 ) ;
#12213 = FILL_AREA_STYLE_COLOUR ( '', #12207 ) ;
#12214 = CARTESIAN_POINT ( 'NONE',  ( 2.249999999999970700, 3.250000000000014200, -4.000000000000008000 ) ) ;
#12215 = DIRECTION ( 'NONE',  ( 1.000000000000000000, 0.0000000000000000000, -6.982966722218764100E-015 ) ) ;
#12216 = VECTOR ( 'NONE', #12215, 1000.000000000000000 ) ;
#12217 = CARTESIAN_POINT ( 'NONE',  ( 1.749999999999970000, 3.250000000000014200, -4.000000000000004400 ) ) ;
#12218 = LINE ( 'NONE', #12217, #12216 ) ;
#12219 = DIRECTION ( 'NONE',  ( 1.000000000000000000, 0.0000000000000000000, -6.982966722218764100E-015 ) ) ;
#12220 = UNCERTAINTY_MEASURE_WITH_UNIT (LENGTH_MEASURE( 1.000000000000000100E-005 ), #12223, 'distance_accuracy_value', 'NONE');
#12221 =( NAMED_UNIT ( * ) SI_UNIT ( $, .STERADIAN. ) SOLID_ANGLE_UNIT ( ) );
#12222 =( NAMED_UNIT ( * ) PLANE_ANGLE_UNIT ( ) SI_UNIT ( $, .RADIAN. ) );
#12223 =( LENGTH_UNIT ( ) NAMED_UNIT ( * ) SI_UNIT ( .MILLI., .METRE. ) );
#12224 = MECHANICAL_DESIGN_GEOMETRIC_PRESENTATION_REPRESENTATION (  '', ( #12226 ), #12277 ) ;
#12225 = PRESENTATION_LAYER_ASSIGNMENT (  '', '', ( #12226 ) ) ;
#12226 = STYLED_ITEM ( 'NONE', ( #12227 ), #7119 ) ;
#12227 = PRESENTATION_STYLE_ASSIGNMENT (( #12228 ) ) ;
#12228 = SURFACE_STYLE_USAGE ( .BOTH. , #12229 ) ;
#12229 = SURFACE_SIDE_STYLE ('',( #12230 ) ) ;
#12230 = SURFACE_STYLE_FILL_AREA ( #12231 ) ;
#12231 = FILL_AREA_STYLE ('',( #12238 ) ) ;
#12232 = COLOUR_RGB ( '',0.7529411764705882200, 0.7529411764705882200, 0.7529411764705882200 ) ;
#12233 = FACE_OUTER_BOUND ( 'NONE', #7120, .T. ) ;
#12234 = DIRECTION ( 'NONE',  ( 6.982966722218764100E-015, -3.491483361109382100E-015, 1.000000000000000000 ) ) ;
#12235 = VECTOR ( 'NONE', #12234, 1000.000000000000000 ) ;
#12236 = CARTESIAN_POINT ( 'NONE',  ( -0.2500000000000365800, 3.750000000000018200, -4.957106781186538100 ) ) ;
#12237 = LINE ( 'NONE', #12236, #12235 ) ;
#12238 = FILL_AREA_STYLE_COLOUR ( '', #12232 ) ;
#12239 = CARTESIAN_POINT ( 'NONE',  ( 1.749999999999966700, -2.999999999999984500, -4.500000000000026600 ) ) ;
#12240 = DIRECTION ( 'NONE',  ( -2.438091212180733800E-029, -1.000000000000000000, -3.491483361109382500E-015 ) ) ;
#12241 = VECTOR ( 'NONE', #12240, 1000.000000000000000 ) ;
#12242 = CARTESIAN_POINT ( 'NONE',  ( 1.749999999999966700, 3.750000000000016400, -4.500000000000003600 ) ) ;
#12243 = LINE ( 'NONE', #12242, #12241 ) ;
#12244 = CARTESIAN_POINT ( 'NONE',  ( 1.749999999999966700, 3.750000000000016400, -4.500000000000003600 ) ) ;
#12245 = DIRECTION ( 'NONE',  ( 6.982966722218764100E-015, -3.491483361109382100E-015, 1.000000000000000000 ) ) ;
#12246 = VECTOR ( 'NONE', #12245, 1000.000000000000000 ) ;
#12247 = CARTESIAN_POINT ( 'NONE',  ( 1.749999999999963400, 3.750000000000018200, -4.957106781186552300 ) ) ;
#12248 = LINE ( 'NONE', #12247, #12246 ) ;
#12249 = DIRECTION ( 'NONE',  ( -3.469446951953586600E-015, 1.000000000000000000, 3.491483361109406100E-015 ) ) ;
#12250 = DIRECTION ( 'NONE',  ( 1.000000000000000000, 3.469446951953611000E-015, -6.982966722218752300E-015 ) ) ;
#12251 = CARTESIAN_POINT ( 'NONE',  ( 2.249999999999962300, 3.750000000000018200, -4.957106781186555900 ) ) ;
#12252 =( GEOMETRIC_REPRESENTATION_CONTEXT ( 3 ) GLOBAL_UNCERTAINTY_ASSIGNED_CONTEXT ( ( #12253 ) ) GLOBAL_UNIT_ASSIGNED_CONTEXT ( ( #12256, #12255, #12254 ) ) REPRESENTATION_CONTEXT ( 'NONE', 'WORKASPACE' ) );
#12253 = UNCERTAINTY_MEASURE_WITH_UNIT (LENGTH_MEASURE( 1.000000000000000100E-005 ), #12256, 'distance_accuracy_value', 'NONE');
#12254 =( NAMED_UNIT ( * ) SI_UNIT ( $, .STERADIAN. ) SOLID_ANGLE_UNIT ( ) );
#12255 =( NAMED_UNIT ( * ) PLANE_ANGLE_UNIT ( ) SI_UNIT ( $, .RADIAN. ) );
#12256 =( LENGTH_UNIT ( ) NAMED_UNIT ( * ) SI_UNIT ( .MILLI., .METRE. ) );
#12257 = MECHANICAL_DESIGN_GEOMETRIC_PRESENTATION_REPRESENTATION (  '', ( #12259 ), #12252 ) ;
#12258 = PRESENTATION_LAYER_ASSIGNMENT (  '', '', ( #12259 ) ) ;
#12259 = STYLED_ITEM ( 'NONE', ( #12260 ), #7125 ) ;
#12260 = PRESENTATION_STYLE_ASSIGNMENT (( #12261 ) ) ;
#12261 = SURFACE_STYLE_USAGE ( .BOTH. , #12262 ) ;
#12262 = SURFACE_SIDE_STYLE ('',( #12263 ) ) ;
#12263 = SURFACE_STYLE_FILL_AREA ( #12264 ) ;
#12264 = FILL_AREA_STYLE ('',( #12271 ) ) ;
#12265 = COLOUR_RGB ( '',0.7529411764705882200, 0.7529411764705882200, 0.7529411764705882200 ) ;
#12266 = FACE_OUTER_BOUND ( 'NONE', #7126, .T. ) ;
#12267 = DIRECTION ( 'NONE',  ( 6.982966722218764100E-015, -3.491483361109382100E-015, 1.000000000000000000 ) ) ;
#12268 = VECTOR ( 'NONE', #12267, 1000.000000000000000 ) ;
#12269 = CARTESIAN_POINT ( 'NONE',  ( 0.2499999999999638300, 3.250000000000017800, -4.957106781186543500 ) ) ;
#12270 = LINE ( 'NONE', #12269, #12268 ) ;
#12271 = FILL_AREA_STYLE_COLOUR ( '', #12265 ) ;
#12272 = DIRECTION ( 'NONE',  ( -3.469446951953586600E-015, 1.000000000000000000, 3.491483361109406100E-015 ) ) ;
#12273 = DIRECTION ( 'NONE',  ( 1.000000000000000000, 3.469446951953611000E-015, -6.982966722218752300E-015 ) ) ;
#12274 = CARTESIAN_POINT ( 'NONE',  ( 0.2499999999999621100, 3.750000000000018200, -4.957106781186541700 ) ) ;
#12275 = AXIS2_PLACEMENT_3D ( 'NONE', #12274, #12273, #12272 ) ;
#12276 = PLANE ( 'NONE',  #12275 ) ;
#12277 =( GEOMETRIC_REPRESENTATION_CONTEXT ( 3 ) GLOBAL_UNCERTAINTY_ASSIGNED_CONTEXT ( ( #12220 ) ) GLOBAL_UNIT_ASSIGNED_CONTEXT ( ( #12223, #12222, #12221 ) ) REPRESENTATION_CONTEXT ( 'NONE', 'WORKASPACE' ) );
#12278 = MECHANICAL_DESIGN_GEOMETRIC_PRESENTATION_REPRESENTATION (  '', ( #12280 ), #12336 ) ;
#12279 = PRESENTATION_LAYER_ASSIGNMENT (  '', '', ( #12280 ) ) ;
#12280 = STYLED_ITEM ( 'NONE', ( #12281 ), #7139 ) ;
#12281 = PRESENTATION_STYLE_ASSIGNMENT (( #12282 ) ) ;
#12282 = SURFACE_STYLE_USAGE ( .BOTH. , #12283 ) ;
#12283 = SURFACE_SIDE_STYLE ('',( #12284 ) ) ;
#12284 = SURFACE_STYLE_FILL_AREA ( #12285 ) ;
#12285 = FILL_AREA_STYLE ('',( #12292 ) ) ;
#12286 = COLOUR_RGB ( '',0.7529411764705882200, 0.7529411764705882200, 0.7529411764705882200 ) ;
#12287 = FACE_OUTER_BOUND ( 'NONE', #7140, .T. ) ;
#12288 = DIRECTION ( 'NONE',  ( -1.000000000000000000, 0.0000000000000000000, 6.982966722218764100E-015 ) ) ;
#12289 = VECTOR ( 'NONE', #12288, 1000.000000000000000 ) ;
#12290 = CARTESIAN_POINT ( 'NONE',  ( -0.2499999999999834600, 3.749999999999991100, 2.650000000000011000 ) ) ;
#12291 = LINE ( 'NONE', #12290, #12289 ) ;
#12292 = FILL_AREA_STYLE_COLOUR ( '', #12286 ) ;
#12293 = CARTESIAN_POINT ( 'NONE',  ( 0.2500000000000152700, 3.749999999999991100, 2.650000000000007500 ) ) ;
#12294 = DIRECTION ( 'NONE',  ( -3.469446951953586600E-015, 1.000000000000000000, 3.491483361109406100E-015 ) ) ;
#12295 = VECTOR ( 'NONE', #12294, 1000.000000000000000 ) ;
#12296 = CARTESIAN_POINT ( 'NONE',  ( 0.2500000000000152700, 3.749999999999991100, 2.650000000000007500 ) ) ;
#12297 = LINE ( 'NONE', #12296, #12295 ) ;
#12298 = CARTESIAN_POINT ( 'NONE',  ( 0.2500000000000169900, 3.249999999999990700, 2.650000000000005700 ) ) ;
#12299 = DIRECTION ( 'NONE',  ( 1.000000000000000000, 0.0000000000000000000, -6.982966722218764100E-015 ) ) ;
#12300 = VECTOR ( 'NONE', #12299, 1000.000000000000000 ) ;
#12301 = CARTESIAN_POINT ( 'NONE',  ( -0.2499999999999834600, 3.249999999999990700, 2.650000000000009200 ) ) ;
#12302 = LINE ( 'NONE', #12301, #12300 ) ;
#12303 = CARTESIAN_POINT ( 'NONE',  ( -0.2499999999999834600, 3.249999999999990700, 2.650000000000009200 ) ) ;
#12304 = CARTESIAN_POINT ( 'NONE',  ( -0.2499999999999834600, 3.749999999999991100, 2.650000000000011000 ) ) ;
#12305 = DIRECTION ( 'NONE',  ( -2.438091212180733500E-029, -1.000000000000000000, -3.491483361109382100E-015 ) ) ;
#12306 = VECTOR ( 'NONE', #12305, 1000.000000000000000 ) ;
#12307 = CARTESIAN_POINT ( 'NONE',  ( -0.2499999999999834600, 3.749999999999991100, 2.650000000000011000 ) ) ;
#12308 = LINE ( 'NONE', #12307, #12306 ) ;
#12309 = DIRECTION ( 'NONE',  ( 2.438091212180733500E-029, 1.000000000000000000, 3.491483361109382100E-015 ) ) ;
#12310 = DIRECTION ( 'NONE',  ( 6.982966722218764100E-015, -3.491483361109382100E-015, 1.000000000000000000 ) ) ;
#12311 = CARTESIAN_POINT ( 'NONE',  ( -0.2499999999999834600, 3.249999999999990700, 2.650000000000009200 ) ) ;
#12312 = AXIS2_PLACEMENT_3D ( 'NONE', #12311, #12310, #12309 ) ;
#12313 = PLANE ( 'NONE',  #12312 ) ;
#12314 =( NAMED_UNIT ( * ) PLANE_ANGLE_UNIT ( ) SI_UNIT ( $, .RADIAN. ) );
#12315 =( LENGTH_UNIT ( ) NAMED_UNIT ( * ) SI_UNIT ( .MILLI., .METRE. ) );
#12316 = MECHANICAL_DESIGN_GEOMETRIC_PRESENTATION_REPRESENTATION (  '', ( #12318 ), #12366 ) ;
#12317 = PRESENTATION_LAYER_ASSIGNMENT (  '', '', ( #12318 ) ) ;
#12318 = STYLED_ITEM ( 'NONE', ( #12319 ), #7146 ) ;
#12319 = PRESENTATION_STYLE_ASSIGNMENT (( #12320 ) ) ;
#12320 = SURFACE_STYLE_USAGE ( .BOTH. , #12321 ) ;
#12321 = SURFACE_SIDE_STYLE ('',( #12322 ) ) ;
#12322 = SURFACE_STYLE_FILL_AREA ( #12323 ) ;
#12323 = FILL_AREA_STYLE ('',( #12330 ) ) ;
#12324 = COLOUR_RGB ( '',0.7529411764705882200, 0.7529411764705882200, 0.7529411764705882200 ) ;
#12325 = FACE_OUTER_BOUND ( 'NONE', #7147, .T. ) ;
#12326 = DIRECTION ( 'NONE',  ( -1.000000000000000000, 0.0000000000000000000, 6.982966722218764100E-015 ) ) ;
#12327 = VECTOR ( 'NONE', #12326, 1000.000000000000000 ) ;
#12328 = CARTESIAN_POINT ( 'NONE',  ( 1.749999999999970000, -2.999999999999986200, -4.000000000000025800 ) ) ;
#12329 = LINE ( 'NONE', #12328, #12327 ) ;
#12330 = FILL_AREA_STYLE_COLOUR ( '', #12324 ) ;
#12331 = DIRECTION ( 'NONE',  ( -2.438091212180733500E-029, -1.000000000000000000, -3.491483361109382100E-015 ) ) ;
#12332 = DIRECTION ( 'NONE',  ( -6.982966722218764100E-015, 3.491483361109382100E-015, -1.000000000000000000 ) ) ;
#12333 = CARTESIAN_POINT ( 'NONE',  ( 1.749999999999970000, 3.250000000000014200, -4.000000000000004400 ) ) ;
#12334 = AXIS2_PLACEMENT_3D ( 'NONE', #12333, #12332, #12331 ) ;
#12335 = PLANE ( 'NONE',  #12334 ) ;
#12336 =( GEOMETRIC_REPRESENTATION_CONTEXT ( 3 ) GLOBAL_UNCERTAINTY_ASSIGNED_CONTEXT ( ( #12337 ) ) GLOBAL_UNIT_ASSIGNED_CONTEXT ( ( #12340, #12339, #12338 ) ) REPRESENTATION_CONTEXT ( 'NONE', 'WORKASPACE' ) );
#12337 = UNCERTAINTY_MEASURE_WITH_UNIT (LENGTH_MEASURE( 1.000000000000000100E-005 ), #12340, 'distance_accuracy_value', 'NONE');
#12338 =( NAMED_UNIT ( * ) SI_UNIT ( $, .STERADIAN. ) SOLID_ANGLE_UNIT ( ) );
#12339 =( NAMED_UNIT ( * ) PLANE_ANGLE_UNIT ( ) SI_UNIT ( $, .RADIAN. ) );
#12340 =( LENGTH_UNIT ( ) NAMED_UNIT ( * ) SI_UNIT ( .MILLI., .METRE. ) );
#12341 =( NAMED_UNIT ( * ) SI_UNIT ( $, .STERADIAN. ) SOLID_ANGLE_UNIT ( ) );
#12342 = ORIENTED_EDGE ( 'NONE', *, *, #6655, .F. ) ;
#12343 =( NAMED_UNIT ( * ) PLANE_ANGLE_UNIT ( ) SI_UNIT ( $, .RADIAN. ) );
#12344 = ORIENTED_EDGE ( 'NONE', *, *, #7408, .T. ) ;
#12345 =( LENGTH_UNIT ( ) NAMED_UNIT ( * ) SI_UNIT ( .MILLI., .METRE. ) );
#12346 = MECHANICAL_DESIGN_GEOMETRIC_PRESENTATION_REPRESENTATION (  '', ( #12348 ), #12395 ) ;
#12347 = PRESENTATION_LAYER_ASSIGNMENT (  '', '', ( #12348 ) ) ;
#12348 = STYLED_ITEM ( 'NONE', ( #12349 ), #7157 ) ;
#12349 = PRESENTATION_STYLE_ASSIGNMENT (( #12350 ) ) ;
#12350 = SURFACE_STYLE_USAGE ( .BOTH. , #12351 ) ;
#12351 = SURFACE_SIDE_STYLE ('',( #12352 ) ) ;
#12352 = SURFACE_STYLE_FILL_AREA ( #12353 ) ;
#12353 = FILL_AREA_STYLE ('',( #12360 ) ) ;
#12354 = COLOUR_RGB ( '',0.7529411764705882200, 0.7529411764705882200, 0.7529411764705882200 ) ;
#12355 = FACE_OUTER_BOUND ( 'NONE', #7158, .T. ) ;
#12356 = DIRECTION ( 'NONE',  ( -1.000000000000000000, 0.0000000000000000000, 6.982966722218764100E-015 ) ) ;
#12357 = VECTOR ( 'NONE', #12356, 1000.000000000000000 ) ;
#12358 = CARTESIAN_POINT ( 'NONE',  ( 1.749999999999966700, 3.750000000000016400, -4.500000000000003600 ) ) ;
#12359 = LINE ( 'NONE', #12358, #12357 ) ;
#12360 = FILL_AREA_STYLE_COLOUR ( '', #12354 ) ;
#12361 = DIRECTION ( 'NONE',  ( 1.000000000000000000, 0.0000000000000000000, -6.982966722218764100E-015 ) ) ;
#12362 = DIRECTION ( 'NONE',  ( -2.438091212180733500E-029, -1.000000000000000000, -3.491483361109382100E-015 ) ) ;
#12363 = CARTESIAN_POINT ( 'NONE',  ( 1.999999999999968900, -2.999999999999986200, -4.250000000000028400 ) ) ;
#12364 = AXIS2_PLACEMENT_3D ( 'NONE', #12363, #12362, #12361 ) ;
#12365 = PLANE ( 'NONE',  #12364 ) ;
#12366 =( GEOMETRIC_REPRESENTATION_CONTEXT ( 3 ) GLOBAL_UNCERTAINTY_ASSIGNED_CONTEXT ( ( #12367 ) ) GLOBAL_UNIT_ASSIGNED_CONTEXT ( ( #12315, #12314, #12368 ) ) REPRESENTATION_CONTEXT ( 'NONE', 'WORKASPACE' ) );
#12367 = UNCERTAINTY_MEASURE_WITH_UNIT (LENGTH_MEASURE( 1.000000000000000100E-005 ), #12315, 'distance_accuracy_value', 'NONE');
#12368 =( NAMED_UNIT ( * ) SI_UNIT ( $, .STERADIAN. ) SOLID_ANGLE_UNIT ( ) );
#12369 =( GEOMETRIC_REPRESENTATION_CONTEXT ( 3 ) GLOBAL_UNCERTAINTY_ASSIGNED_CONTEXT ( ( #12370 ) ) GLOBAL_UNIT_ASSIGNED_CONTEXT ( ( #12373, #12372, #12371 ) ) REPRESENTATION_CONTEXT ( 'NONE', 'WORKASPACE' ) );
#12370 = UNCERTAINTY_MEASURE_WITH_UNIT (LENGTH_MEASURE( 1.000000000000000100E-005 ), #12373, 'distance_accuracy_value', 'NONE');
#12371 =( NAMED_UNIT ( * ) SI_UNIT ( $, .STERADIAN. ) SOLID_ANGLE_UNIT ( ) );
#12372 =( NAMED_UNIT ( * ) PLANE_ANGLE_UNIT ( ) SI_UNIT ( $, .RADIAN. ) );
#12373 =( LENGTH_UNIT ( ) NAMED_UNIT ( * ) SI_UNIT ( .MILLI., .METRE. ) );
#12374 = MECHANICAL_DESIGN_GEOMETRIC_PRESENTATION_REPRESENTATION (  '', ( #12376 ), #12369 ) ;
#12375 = PRESENTATION_LAYER_ASSIGNMENT (  '', '', ( #12376 ) ) ;
#12376 = STYLED_ITEM ( 'NONE', ( #12377 ), #7168 ) ;
#12377 = PRESENTATION_STYLE_ASSIGNMENT (( #12378 ) ) ;
#12378 = SURFACE_STYLE_USAGE ( .BOTH. , #12379 ) ;
#12379 = SURFACE_SIDE_STYLE ('',( #12380 ) ) ;
#12380 = SURFACE_STYLE_FILL_AREA ( #12381 ) ;
#12381 = FILL_AREA_STYLE ('',( #12382 ) ) ;
#12382 = FILL_AREA_STYLE_COLOUR ( '', #12383 ) ;
#12383 = COLOUR_RGB ( '',0.7529411764705882200, 0.7529411764705882200, 0.7529411764705882200 ) ;
#12384 = FACE_OUTER_BOUND ( 'NONE', #7169, .T. ) ;
#12385 = CARTESIAN_POINT ( 'NONE',  ( 0.2499999999999704700, 3.250000000000014200, -3.999999999999994200 ) ) ;
#12386 = DIRECTION ( 'NONE',  ( 1.000000000000000000, 0.0000000000000000000, -6.982966722218764100E-015 ) ) ;
#12387 = VECTOR ( 'NONE', #12386, 1000.000000000000000 ) ;
#12388 = CARTESIAN_POINT ( 'NONE',  ( -0.2500000000000298600, 3.250000000000014200, -3.999999999999990700 ) ) ;
#12389 = LINE ( 'NONE', #12388, #12387 ) ;
#12390 = DIRECTION ( 'NONE',  ( 1.000000000000000000, 0.0000000000000000000, -6.982966722218764100E-015 ) ) ;
#12391 = DIRECTION ( 'NONE',  ( -2.438091212180733500E-029, -1.000000000000000000, -3.491483361109382100E-015 ) ) ;
#12392 = CARTESIAN_POINT ( 'NONE',  ( -0.2500000000000365800, 3.250000000000017800, -4.957106781186539900 ) ) ;
#12393 = AXIS2_PLACEMENT_3D ( 'NONE', #12392, #12391, #12390 ) ;
#12394 = PLANE ( 'NONE',  #12393 ) ;
#12395 =( GEOMETRIC_REPRESENTATION_CONTEXT ( 3 ) GLOBAL_UNCERTAINTY_ASSIGNED_CONTEXT ( ( #11874 ) ) GLOBAL_UNIT_ASSIGNED_CONTEXT ( ( #12345, #12343, #12341 ) ) REPRESENTATION_CONTEXT ( 'NONE', 'WORKASPACE' ) );
#12396 = ORIENTED_EDGE ( 'NONE', *, *, #6678, .T. ) ;
#12397 = UNCERTAINTY_MEASURE_WITH_UNIT (LENGTH_MEASURE( 1.000000000000000100E-005 ), #12400, 'distance_accuracy_value', 'NONE');
#12398 =( NAMED_UNIT ( * ) SI_UNIT ( $, .STERADIAN. ) SOLID_ANGLE_UNIT ( ) );
#12399 =( NAMED_UNIT ( * ) PLANE_ANGLE_UNIT ( ) SI_UNIT ( $, .RADIAN. ) );
#12400 =( LENGTH_UNIT ( ) NAMED_UNIT ( * ) SI_UNIT ( .MILLI., .METRE. ) );
#12401 = MECHANICAL_DESIGN_GEOMETRIC_PRESENTATION_REPRESENTATION (  '', ( #12403 ), #12455 ) ;
#12402 = PRESENTATION_LAYER_ASSIGNMENT (  '', '', ( #12403 ) ) ;
#12403 = STYLED_ITEM ( 'NONE', ( #12404 ), #7181 ) ;
#12404 = PRESENTATION_STYLE_ASSIGNMENT (( #12405 ) ) ;
#12405 = SURFACE_STYLE_USAGE ( .BOTH. , #12406 ) ;
#12406 = SURFACE_SIDE_STYLE ('',( #12407 ) ) ;
#12407 = SURFACE_STYLE_FILL_AREA ( #12408 ) ;
#12408 = FILL_AREA_STYLE ('',( #12409 ) ) ;
#12409 = FILL_AREA_STYLE_COLOUR ( '', #12410 ) ;
#12410 = COLOUR_RGB ( '',0.7529411764705882200, 0.7529411764705882200, 0.7529411764705882200 ) ;
#12411 = FACE_OUTER_BOUND ( 'NONE', #7182, .T. ) ;
#12412 = CARTESIAN_POINT ( 'NONE',  ( -0.2500000000000298600, -2.999999999999986200, -4.000000000000012400 ) ) ;
#12413 = CARTESIAN_POINT ( 'NONE',  ( -0.2500000000000334200, -2.999999999999984500, -4.500000000000012400 ) ) ;
#12414 = DIRECTION ( 'NONE',  ( -2.438091212180733800E-029, -1.000000000000000000, -3.491483361109382500E-015 ) ) ;
#12415 = VECTOR ( 'NONE', #12414, 1000.000000000000000 ) ;
#12416 = CARTESIAN_POINT ( 'NONE',  ( -0.2500000000000334200, 3.750000000000016400, -4.499999999999989300 ) ) ;
#12417 = LINE ( 'NONE', #12416, #12415 ) ;
#12418 = CARTESIAN_POINT ( 'NONE',  ( -0.2500000000000334200, 3.750000000000016400, -4.499999999999989300 ) ) ;
#12419 = DIRECTION ( 'NONE',  ( 6.982966722218764100E-015, -3.491483361109382100E-015, 1.000000000000000000 ) ) ;
#12420 = VECTOR ( 'NONE', #12419, 1000.000000000000000 ) ;
#12421 = CARTESIAN_POINT ( 'NONE',  ( -0.2500000000000365800, 3.750000000000018200, -4.957106781186538100 ) ) ;
#12422 = LINE ( 'NONE', #12421, #12420 ) ;
#12423 = DIRECTION ( 'NONE',  ( -2.438091212180733500E-029, -1.000000000000000000, -3.491483361109382100E-015 ) ) ;
#12424 = DIRECTION ( 'NONE',  ( -1.000000000000000000, 0.0000000000000000000, 6.982966722218764100E-015 ) ) ;
#12425 = CARTESIAN_POINT ( 'NONE',  ( -0.2500000000000365800, 3.750000000000018200, -4.957106781186538100 ) ) ;
#12426 = AXIS2_PLACEMENT_3D ( 'NONE', #12425, #12424, #12423 ) ;
#12427 = PLANE ( 'NONE',  #12426 ) ;
#12428 =( GEOMETRIC_REPRESENTATION_CONTEXT ( 3 ) GLOBAL_UNCERTAINTY_ASSIGNED_CONTEXT ( ( #12430 ) ) GLOBAL_UNIT_ASSIGNED_CONTEXT ( ( #12433, #12432, #12431 ) ) REPRESENTATION_CONTEXT ( 'NONE', 'WORKASPACE' ) );
#12429 = ADVANCED_FACE ( 'NONE', ( #5805 ), #5854, .T. ) ;
#12430 = UNCERTAINTY_MEASURE_WITH_UNIT (LENGTH_MEASURE( 1.000000000000000100E-005 ), #12433, 'distance_accuracy_value', 'NONE');
#12431 =( NAMED_UNIT ( * ) SI_UNIT ( $, .STERADIAN. ) SOLID_ANGLE_UNIT ( ) );
#12432 =( NAMED_UNIT ( * ) PLANE_ANGLE_UNIT ( ) SI_UNIT ( $, .RADIAN. ) );
#12433 =( LENGTH_UNIT ( ) NAMED_UNIT ( * ) SI_UNIT ( .MILLI., .METRE. ) );
#12434 = MECHANICAL_DESIGN_GEOMETRIC_PRESENTATION_REPRESENTATION (  '', ( #12436 ), #12428 ) ;
#12435 = PRESENTATION_LAYER_ASSIGNMENT (  '', '', ( #12436 ) ) ;
#12436 = STYLED_ITEM ( 'NONE', ( #12437 ), #7188 ) ;
#12437 = PRESENTATION_STYLE_ASSIGNMENT (( #12438 ) ) ;
#12438 = SURFACE_STYLE_USAGE ( .BOTH. , #12439 ) ;
#12439 = SURFACE_SIDE_STYLE ('',( #12440 ) ) ;
#12440 = SURFACE_STYLE_FILL_AREA ( #12441 ) ;
#12441 = FILL_AREA_STYLE ('',( #12448 ) ) ;
#12442 = COLOUR_RGB ( '',0.7529411764705882200, 0.7529411764705882200, 0.7529411764705882200 ) ;
#12443 = FACE_OUTER_BOUND ( 'NONE', #7189, .T. ) ;
#12444 = DIRECTION ( 'NONE',  ( 6.982966722218764100E-015, -3.491483361109382100E-015, 1.000000000000000000 ) ) ;
#12445 = VECTOR ( 'NONE', #12444, 1000.000000000000000 ) ;
#12446 = CARTESIAN_POINT ( 'NONE',  ( -0.2500000000000365800, 3.250000000000017800, -4.957106781186539900 ) ) ;
#12447 = LINE ( 'NONE', #12446, #12445 ) ;
#12448 = FILL_AREA_STYLE_COLOUR ( '', #12442 ) ;
#12449 = DIRECTION ( 'NONE',  ( 1.000000000000000000, 0.0000000000000000000, -6.982966722218764100E-015 ) ) ;
#12450 = DIRECTION ( 'NONE',  ( -2.438091212180733500E-029, -1.000000000000000000, -3.491483361109382100E-015 ) ) ;
#12451 = CARTESIAN_POINT ( 'NONE',  ( -0.2500000000000365800, 3.250000000000017800, -4.957106781186539900 ) ) ;
#12452 = AXIS2_PLACEMENT_3D ( 'NONE', #12451, #12450, #12449 ) ;
#12453 = ORIENTED_EDGE ( 'NONE', *, *, #6423, .F. ) ;
#12454 = PLANE ( 'NONE',  #12452 ) ;
#12455 =( GEOMETRIC_REPRESENTATION_CONTEXT ( 3 ) GLOBAL_UNCERTAINTY_ASSIGNED_CONTEXT ( ( #12397 ) ) GLOBAL_UNIT_ASSIGNED_CONTEXT ( ( #12400, #12399, #12398 ) ) REPRESENTATION_CONTEXT ( 'NONE', 'WORKASPACE' ) );
#12456 = CARTESIAN_POINT ( 'NONE',  ( 0.2499999999999621100, 3.750000000000018200, -4.957106781186541700 ) ) ;
#12457 = LINE ( 'NONE', #12456, #12515 ) ;
#12458 = DIRECTION ( 'NONE',  ( -1.000000000000000000, 0.0000000000000000000, 6.982966722218764100E-015 ) ) ;
#12459 = DIRECTION ( 'NONE',  ( 2.438091212180733500E-029, 1.000000000000000000, 3.491483361109382100E-015 ) ) ;
#12460 = CARTESIAN_POINT ( 'NONE',  ( -0.2500000000000365800, 3.750000000000018200, -4.957106781186538100 ) ) ;
#12461 = AXIS2_PLACEMENT_3D ( 'NONE', #12460, #12459, #12458 ) ;
#12462 = PLANE ( 'NONE',  #12461 ) ;
#12463 =( GEOMETRIC_REPRESENTATION_CONTEXT ( 3 ) GLOBAL_UNCERTAINTY_ASSIGNED_CONTEXT ( ( #12464 ) ) GLOBAL_UNIT_ASSIGNED_CONTEXT ( ( #12467, #12466, #12465 ) ) REPRESENTATION_CONTEXT ( 'NONE', 'WORKASPACE' ) );
#12464 = UNCERTAINTY_MEASURE_WITH_UNIT (LENGTH_MEASURE( 1.000000000000000100E-005 ), #12467, 'distance_accuracy_value', 'NONE');
#12465 =( NAMED_UNIT ( * ) SI_UNIT ( $, .STERADIAN. ) SOLID_ANGLE_UNIT ( ) );
#12466 =( NAMED_UNIT ( * ) PLANE_ANGLE_UNIT ( ) SI_UNIT ( $, .RADIAN. ) );
#12467 =( LENGTH_UNIT ( ) NAMED_UNIT ( * ) SI_UNIT ( .MILLI., .METRE. ) );
#12468 = MECHANICAL_DESIGN_GEOMETRIC_PRESENTATION_REPRESENTATION (  '', ( #12470 ), #12463 ) ;
#12469 = PRESENTATION_LAYER_ASSIGNMENT (  '', '', ( #12470 ) ) ;
#12470 = STYLED_ITEM ( 'NONE', ( #12471 ), #7191 ) ;
#12471 = PRESENTATION_STYLE_ASSIGNMENT (( #12472 ) ) ;
#12472 = SURFACE_STYLE_USAGE ( .BOTH. , #12473 ) ;
#12473 = SURFACE_SIDE_STYLE ('',( #12474 ) ) ;
#12474 = SURFACE_STYLE_FILL_AREA ( #12475 ) ;
#12475 = FILL_AREA_STYLE ('',( #12483 ) ) ;
#12476 = COLOUR_RGB ( '',0.7529411764705882200, 0.7529411764705882200, 0.7529411764705882200 ) ;
#12477 = FACE_OUTER_BOUND ( 'NONE', #7192, .T. ) ;
#12478 = DIRECTION ( 'NONE',  ( -2.438091212180733500E-029, -1.000000000000000000, -3.491483361109382100E-015 ) ) ;
#12479 = DIRECTION ( 'NONE',  ( -1.000000000000000000, 0.0000000000000000000, 6.982966722218764100E-015 ) ) ;
#12480 = CARTESIAN_POINT ( 'NONE',  ( -0.2500000000000365800, 3.750000000000018200, -4.957106781186538100 ) ) ;
#12481 = AXIS2_PLACEMENT_3D ( 'NONE', #12480, #12479, #12478 ) ;
#12482 = PLANE ( 'NONE',  #12481 ) ;
#12483 = FILL_AREA_STYLE_COLOUR ( '', #12476 ) ;
#12484 = DIRECTION ( 'NONE',  ( -3.469446951953587000E-015, 1.000000000000000000, 3.491483361109406100E-015 ) ) ;
#12485 = VECTOR ( 'NONE', #12484, 1000.000000000000000 ) ;
#12486 = CARTESIAN_POINT ( 'NONE',  ( -9.750000000000021300, 5.000000000000013300, -1.749999999999917000 ) ) ;
#12487 = LINE ( 'NONE', #12486, #12485 ) ;
#12488 = CARTESIAN_POINT ( 'NONE',  ( -9.750000000000014200, 3.250000000000006200, -1.749999999999923000 ) ) ;
#12489 = DIRECTION ( 'NONE',  ( 1.000000000000000000, 0.0000000000000000000, -6.982966722218764100E-015 ) ) ;
#12490 = VECTOR ( 'NONE', #12489, 1000.000000000000000 ) ;
#12491 = CARTESIAN_POINT ( 'NONE',  ( -11.95000000000001200, 3.250000000000006200, -1.749999999999907600 ) ) ;
#12492 = LINE ( 'NONE', #12491, #12490 ) ;
#12493 = CARTESIAN_POINT ( 'NONE',  ( -10.25000000000001400, 3.250000000000006200, -1.749999999999919600 ) ) ;
#12494 = DIRECTION ( 'NONE',  ( -2.438091212180733500E-029, -1.000000000000000000, -3.491483361109382100E-015 ) ) ;
#12495 = VECTOR ( 'NONE', #12494, 1000.000000000000000 ) ;
#12496 = CARTESIAN_POINT ( 'NONE',  ( -10.25000000000001400, 5.000000000000005300, -1.749999999999913600 ) ) ;
#12497 = LINE ( 'NONE', #12496, #12495 ) ;
#12498 = CARTESIAN_POINT ( 'NONE',  ( -10.25000000000001400, 3.750000000000006700, -1.749999999999917800 ) ) ;
#12499 = DIRECTION ( 'NONE',  ( -1.000000000000000000, 0.0000000000000000000, 6.982966722218764100E-015 ) ) ;
#12500 = VECTOR ( 'NONE', #12499, 1000.000000000000000 ) ;
#12501 = CARTESIAN_POINT ( 'NONE',  ( -11.95000000000001200, 3.750000000000006700, -1.749999999999905900 ) ) ;
#12502 = LINE ( 'NONE', #12501, #12500 ) ;
#12503 = CARTESIAN_POINT ( 'NONE',  ( -6.250000000000014200, 3.250000000000006200, -1.749999999999947600 ) ) ;
#12504 = DIRECTION ( 'NONE',  ( -2.438091212180733500E-029, -1.000000000000000000, -3.491483361109382100E-015 ) ) ;
#12505 = VECTOR ( 'NONE', #12504, 1000.000000000000000 ) ;
#12506 = CARTESIAN_POINT ( 'NONE',  ( -6.250000000000014200, 5.000000000000005300, -1.749999999999941400 ) ) ;
#12507 = LINE ( 'NONE', #12506, #12505 ) ;
#12508 = CARTESIAN_POINT ( 'NONE',  ( -6.250000000000014200, 3.750000000000006700, -1.749999999999945800 ) ) ;
#12509 = CARTESIAN_POINT ( 'NONE',  ( -5.750000000000015100, 3.750000000000006700, -1.749999999999949400 ) ) ;
#12510 = DIRECTION ( 'NONE',  ( -1.000000000000000000, 0.0000000000000000000, 6.982966722218764100E-015 ) ) ;
#12511 = VECTOR ( 'NONE', #12510, 1000.000000000000000 ) ;
#12512 = CARTESIAN_POINT ( 'NONE',  ( -11.95000000000001200, 3.750000000000006700, -1.749999999999905900 ) ) ;
#12513 = LINE ( 'NONE', #12512, #12511 ) ;
#12514 = DIRECTION ( 'NONE',  ( 6.982966722218764100E-015, -3.491483361109382100E-015, 1.000000000000000000 ) ) ;
#12515 = VECTOR ( 'NONE', #12514, 1000.000000000000000 ) ;
#12516 = FACE_BOUND ( 'NONE', #7238, .T. ) ;
#12517 = FACE_BOUND ( 'NONE', #7256, .T. ) ;
#12518 = FACE_BOUND ( 'NONE', #7242, .T. ) ;
#12519 = FACE_BOUND ( 'NONE', #7262, .T. ) ;
#12520 = FACE_BOUND ( 'NONE', #7280, .T. ) ;
#12521 = FACE_BOUND ( 'NONE', #7213, .T. ) ;
#12522 = FACE_BOUND ( 'NONE', #7221, .T. ) ;
#12523 = DIRECTION ( 'NONE',  ( -1.000000000000000000, 0.0000000000000000000, 6.982966722218764100E-015 ) ) ;
#12524 = VECTOR ( 'NONE', #12523, 1000.000000000000000 ) ;
#12525 = CARTESIAN_POINT ( 'NONE',  ( -11.95000000000001200, 1.750000000000007300, -1.749999999999913000 ) ) ;
#12526 = LINE ( 'NONE', #12525, #12524 ) ;
#12527 =( GEOMETRIC_REPRESENTATION_CONTEXT ( 3 ) GLOBAL_UNCERTAINTY_ASSIGNED_CONTEXT ( ( #12528 ) ) GLOBAL_UNIT_ASSIGNED_CONTEXT ( ( #12531, #12530, #12529 ) ) REPRESENTATION_CONTEXT ( 'NONE', 'WORKASPACE' ) );
#12528 = UNCERTAINTY_MEASURE_WITH_UNIT (LENGTH_MEASURE( 1.000000000000000100E-005 ), #12531, 'distance_accuracy_value', 'NONE');
#12529 =( NAMED_UNIT ( * ) SI_UNIT ( $, .STERADIAN. ) SOLID_ANGLE_UNIT ( ) );
#12530 =( NAMED_UNIT ( * ) PLANE_ANGLE_UNIT ( ) SI_UNIT ( $, .RADIAN. ) );
#12531 =( LENGTH_UNIT ( ) NAMED_UNIT ( * ) SI_UNIT ( .MILLI., .METRE. ) );
#12532 = MECHANICAL_DESIGN_GEOMETRIC_PRESENTATION_REPRESENTATION (  '', ( #12534 ), #12527 ) ;
#12533 = PRESENTATION_LAYER_ASSIGNMENT (  '', '', ( #12534 ) ) ;
#12534 = STYLED_ITEM ( 'NONE', ( #12535 ), #7218 ) ;
#12535 = PRESENTATION_STYLE_ASSIGNMENT (( #12536 ) ) ;
#12536 = SURFACE_STYLE_USAGE ( .BOTH. , #12537 ) ;
#12537 = SURFACE_SIDE_STYLE ('',( #12538 ) ) ;
#12538 = SURFACE_STYLE_FILL_AREA ( #12539 ) ;
#12539 = FILL_AREA_STYLE ('',( #12540 ) ) ;
#12540 = FILL_AREA_STYLE_COLOUR ( '', #12541 ) ;
#12541 = COLOUR_RGB ( '',0.0000000000000000000, 0.0000000000000000000, 0.6274509803921568500 ) ;
#12542 = CARTESIAN_POINT ( 'NONE',  ( -8.250000000000016000, 3.750000000000006700, -1.749999999999931800 ) ) ;
#12543 = CARTESIAN_POINT ( 'NONE',  ( -7.750000000000016900, 3.750000000000006700, -1.749999999999935200 ) ) ;
#12544 = DIRECTION ( 'NONE',  ( -1.000000000000000000, 0.0000000000000000000, 6.982966722218764100E-015 ) ) ;
#12545 = VECTOR ( 'NONE', #12544, 1000.000000000000000 ) ;
#12546 = CARTESIAN_POINT ( 'NONE',  ( -11.95000000000001200, 3.750000000000006700, -1.749999999999905900 ) ) ;
#12547 = LINE ( 'NONE', #12546, #12545 ) ;
#12548 = FACE_BOUND ( 'NONE', #7333, .T. ) ;
#12549 = FACE_BOUND ( 'NONE', #7352, .T. ) ;
#12550 = FACE_BOUND ( 'NONE', #7373, .T. ) ;
#12551 = FACE_BOUND ( 'NONE', #7235, .T. ) ;
#12552 = DIRECTION ( 'NONE',  ( 6.982966722218764100E-015, -3.491483361109382100E-015, 1.000000000000000000 ) ) ;
#12553 = VECTOR ( 'NONE', #12552, 1000.000000000000000 ) ;
#12554 = CARTESIAN_POINT ( 'NONE',  ( 10.80000000000003100, 4.599999999999983700, 4.749999999999936100 ) ) ;
#12555 = LINE ( 'NONE', #12554, #12553 ) ;
#12556 = DIRECTION ( 'NONE',  ( -1.000000000000000000, -1.210047067506143700E-016, 6.982966722218763300E-015 ) ) ;
#12557 = VECTOR ( 'NONE', #12556, 1000.000000000000000 ) ;
#12558 = CARTESIAN_POINT ( 'NONE',  ( 11.19999999999999600, 4.600000000000000500, -0.2500000000000658900 ) ) ;
#12559 = LINE ( 'NONE', #12558, #12557 ) ;
#12560 = CARTESIAN_POINT ( 'NONE',  ( 9.474999999999996100, 4.600000000000000500, -0.2500000000000538500 ) ) ;
#12561 = DIRECTION ( 'NONE',  ( 6.982966722218764100E-015, -3.491483361109382100E-015, 1.000000000000000000 ) ) ;
#12562 = VECTOR ( 'NONE', #12561, 1000.000000000000000 ) ;
#12563 = CARTESIAN_POINT ( 'NONE',  ( 9.475000000000021000, 4.599999999999988100, 3.449999999999945600 ) ) ;
#12564 = LINE ( 'NONE', #12563, #12562 ) ;
#12565 = CARTESIAN_POINT ( 'NONE',  ( 10.80000000000002200, 4.599999999999988100, 3.449999999999936700 ) ) ;
#12566 = CARTESIAN_POINT ( 'NONE',  ( 9.475000000000021000, 4.599999999999988100, 3.449999999999945600 ) ) ;
#12567 = CARTESIAN_POINT ( 'NONE',  ( -9.750000000000016000, 3.750000000000006700, -1.749999999999921400 ) ) ;
#12568 = DIRECTION ( 'NONE',  ( 2.438091212180733500E-029, 1.000000000000000000, 3.491483361109382100E-015 ) ) ;
#12569 = DIRECTION ( 'NONE',  ( 6.982966722218764100E-015, -3.491483361109382100E-015, 1.000000000000000000 ) ) ;
#12570 = CARTESIAN_POINT ( 'NONE',  ( -11.95000000000001200, 5.000000000000005300, -1.749999999999901600 ) ) ;
#12571 = AXIS2_PLACEMENT_3D ( 'NONE', #12570, #12569, #12568 ) ;
#12572 = PLANE ( 'NONE',  #12571 ) ;
#12573 = FACE_OUTER_BOUND ( 'NONE', #6903, .T. ) ;
#12574 = FACE_BOUND ( 'NONE', #6873, .T. ) ;
#12575 = FACE_BOUND ( 'NONE', #6886, .T. ) ;
#12576 = FACE_BOUND ( 'NONE', #6867, .T. ) ;
#12577 = FACE_BOUND ( 'NONE', #9452, .T. ) ;
#12578 = FACE_BOUND ( 'NONE', #48, .T. ) ;
#12579 = FACE_BOUND ( 'NONE', #6997, .T. ) ;
#12580 = FACE_BOUND ( 'NONE', #9794, .T. ) ;
#12581 = FACE_BOUND ( 'NONE', #10920, .T. ) ;
#12582 = FACE_BOUND ( 'NONE', #514, .T. ) ;
#12583 = FACE_BOUND ( 'NONE', #3588, .T. ) ;
#12584 = FACE_BOUND ( 'NONE', #49, .T. ) ;
#12585 = FACE_BOUND ( 'NONE', #6988, .T. ) ;
#12586 = FACE_BOUND ( 'NONE', #34, .T. ) ;
#12587 = FACE_BOUND ( 'NONE', #7291, .T. ) ;
#12588 = FACE_BOUND ( 'NONE', #7310, .T. ) ;
#12589 = DIRECTION ( 'NONE',  ( -3.469446951953587000E-015, 1.000000000000000000, 3.491483361109406100E-015 ) ) ;
#12590 = VECTOR ( 'NONE', #12589, 1000.000000000000000 ) ;
#12591 = CARTESIAN_POINT ( 'NONE',  ( -3.750000000000019100, 5.000000000000033800, -1.749999999999958900 ) ) ;
#12592 = LINE ( 'NONE', #12591, #12590 ) ;
#12593 = DIRECTION ( 'NONE',  ( 1.000000000000000000, 0.0000000000000000000, -6.982966722218764100E-015 ) ) ;
#12594 = VECTOR ( 'NONE', #12593, 1000.000000000000000 ) ;
#12595 = CARTESIAN_POINT ( 'NONE',  ( -11.95000000000001200, 3.250000000000006200, -1.749999999999907600 ) ) ;
#12596 = LINE ( 'NONE', #12595, #12594 ) ;
#12597 = DIRECTION ( 'NONE',  ( -3.469446951953587000E-015, 1.000000000000000000, 3.491483361109406100E-015 ) ) ;
#12598 = VECTOR ( 'NONE', #12597, 1000.000000000000000 ) ;
#12599 = CARTESIAN_POINT ( 'NONE',  ( 0.2499999999999811000, 5.000000000000048000, -1.749999999999986900 ) ) ;
#12600 = LINE ( 'NONE', #12599, #12598 ) ;
#12601 = DIRECTION ( 'NONE',  ( -1.000000000000000000, -1.210047067506143700E-016, 6.982966722218763300E-015 ) ) ;
#12602 = DIRECTION ( 'NONE',  ( -1.210047067505899900E-016, 1.000000000000000000, 3.491483361109382900E-015 ) ) ;
#12603 = CARTESIAN_POINT ( 'NONE',  ( 11.19999999999999600, 4.600000000000000500, -0.2500000000000658900 ) ) ;
#12604 = AXIS2_PLACEMENT_3D ( 'NONE', #12603, #12602, #12601 ) ;
#12605 = PLANE ( 'NONE',  #12604 ) ;
#12606 = FACE_OUTER_BOUND ( 'NONE', #6730, .T. ) ;
#12607 = FACE_BOUND ( 'NONE', #6612, .T. ) ;
#12608 = DIRECTION ( 'NONE',  ( 2.438091212180733500E-029, 1.000000000000000000, 3.491483361109382100E-015 ) ) ;
#12609 = DIRECTION ( 'NONE',  ( 6.982966722218764100E-015, -3.491483361109382100E-015, 1.000000000000000000 ) ) ;
#12610 = CARTESIAN_POINT ( 'NONE',  ( 11.19999999999999600, 0.3999999999999999700, -0.2500000000000806000 ) ) ;
#12611 = AXIS2_PLACEMENT_3D ( 'NONE', #12610, #12609, #12608 ) ;
#12612 = PLANE ( 'NONE',  #12611 ) ;
#12613 = FACE_OUTER_BOUND ( 'NONE', #7635, .T. ) ;
#12614 = FACE_BOUND ( 'NONE', #7562, .T. ) ;
#12615 = FACE_BOUND ( 'NONE', #7580, .T. ) ;
#12616 = FACE_BOUND ( 'NONE', #7598, .T. ) ;
#12617 = FACE_BOUND ( 'NONE', #7520, .T. ) ;
#12618 = FACE_BOUND ( 'NONE', #7602, .T. ) ;
#12619 = FACE_BOUND ( 'NONE', #7528, .T. ) ;
#12620 = FACE_BOUND ( 'NONE', #7547, .T. ) ;
#12621 = FACE_BOUND ( 'NONE', #7473, .T. ) ;
#12622 = FACE_BOUND ( 'NONE', #7491, .T. ) ;
#12623 = FACE_BOUND ( 'NONE', #7507, .T. ) ;
#12624 = FACE_BOUND ( 'NONE', #7432, .T. ) ;
#12625 = FACE_BOUND ( 'NONE', #7420, .T. ) ;
#12626 = FACE_BOUND ( 'NONE', #7439, .T. ) ;
#12627 = FACE_BOUND ( 'NONE', #7458, .T. ) ;
#12628 = FACE_BOUND ( 'NONE', #7384, .T. ) ;
#12629 = FACE_BOUND ( 'NONE', #7402, .T. ) ;
#12630 = FACE_BOUND ( 'NONE', #7417, .T. ) ;
#12631 = FACE_BOUND ( 'NONE', #7406, .T. ) ;
#12632 = DIRECTION ( 'NONE',  ( -3.469446951953587000E-015, 1.000000000000000000, 3.491483361109406100E-015 ) ) ;
#12633 = VECTOR ( 'NONE', #12632, 1000.000000000000000 ) ;
#12634 = CARTESIAN_POINT ( 'NONE',  ( -5.750000000000019500, 5.000000000000026600, -1.749999999999944900 ) ) ;
#12635 = LINE ( 'NONE', #12634, #12633 ) ;
#12636 = CARTESIAN_POINT ( 'NONE',  ( -5.750000000000014200, 3.250000000000006200, -1.749999999999950900 ) ) ;
#12637 = DIRECTION ( 'NONE',  ( 1.000000000000000000, 0.0000000000000000000, -6.982966722218764100E-015 ) ) ;
#12638 = VECTOR ( 'NONE', #12637, 1000.000000000000000 ) ;
#12639 = CARTESIAN_POINT ( 'NONE',  ( -11.95000000000001200, 3.250000000000006200, -1.749999999999907600 ) ) ;
#12640 = LINE ( 'NONE', #12639, #12638 ) ;
#12641 = DIRECTION ( 'NONE',  ( -3.469446951953587000E-015, 1.000000000000000000, 3.491483361109406100E-015 ) ) ;
#12642 = VECTOR ( 'NONE', #12641, 1000.000000000000000 ) ;
#12643 = CARTESIAN_POINT ( 'NONE',  ( -1.750000000000018900, 5.000000000000040900, -1.749999999999972900 ) ) ;
#12644 = LINE ( 'NONE', #12643, #12642 ) ;
#12645 = CARTESIAN_POINT ( 'NONE',  ( -1.750000000000013800, 3.250000000000006200, -1.749999999999978900 ) ) ;
#12646 = DIRECTION ( 'NONE',  ( 1.000000000000000000, 0.0000000000000000000, -6.982966722218764100E-015 ) ) ;
#12647 = VECTOR ( 'NONE', #12646, 1000.000000000000000 ) ;
#12648 = CARTESIAN_POINT ( 'NONE',  ( -11.95000000000001200, 3.250000000000006200, -1.749999999999907600 ) ) ;
#12649 = LINE ( 'NONE', #12648, #12647 ) ;
#12650 = CARTESIAN_POINT ( 'NONE',  ( -2.250000000000014200, 3.250000000000006200, -1.749999999999975600 ) ) ;
#12651 = DIRECTION ( 'NONE',  ( -2.438091212180733500E-029, -1.000000000000000000, -3.491483361109382100E-015 ) ) ;
#12652 = VECTOR ( 'NONE', #12651, 1000.000000000000000 ) ;
#12653 = CARTESIAN_POINT ( 'NONE',  ( -2.250000000000014200, 5.000000000000005300, -1.749999999999969400 ) ) ;
#12654 = LINE ( 'NONE', #12653, #12652 ) ;
#12655 = CARTESIAN_POINT ( 'NONE',  ( 2.249999999999986200, 1.750000000000007300, -1.750000000000012000 ) ) ;
#12656 = CARTESIAN_POINT ( 'NONE',  ( -2.250000000000014200, 3.750000000000006700, -1.749999999999973800 ) ) ;
#12657 = CARTESIAN_POINT ( 'NONE',  ( -1.750000000000015500, 3.750000000000006700, -1.749999999999977400 ) ) ;
#12658 = DIRECTION ( 'NONE',  ( -1.000000000000000000, 0.0000000000000000000, 6.982966722218764100E-015 ) ) ;
#12659 = VECTOR ( 'NONE', #12658, 1000.000000000000000 ) ;
#12660 = CARTESIAN_POINT ( 'NONE',  ( -11.95000000000001200, 3.750000000000006700, -1.749999999999905900 ) ) ;
#12661 = LINE ( 'NONE', #12660, #12659 ) ;
#12662 = LINE ( 'NONE', #12726, #12725 ) ;
#12663 = CARTESIAN_POINT ( 'NONE',  ( -8.250000000000005300, 3.750000000000001800, -0.2499999999999330500 ) ) ;
#12664 = DIRECTION ( 'NONE',  ( -2.438091212180733500E-029, -1.000000000000000000, -3.491483361109382100E-015 ) ) ;
#12665 = VECTOR ( 'NONE', #12664, 1000.000000000000000 ) ;
#12666 = CARTESIAN_POINT ( 'NONE',  ( -8.250000000000005300, 0.3999999999999999700, -0.2499999999999447700 ) ) ;
#12667 = LINE ( 'NONE', #12666, #12665 ) ;
#12668 = DIRECTION ( 'NONE',  ( -3.469446951953587000E-015, 1.000000000000000000, 3.491483361109406100E-015 ) ) ;
#12669 = VECTOR ( 'NONE', #12668, 1000.000000000000000 ) ;
#12670 = CARTESIAN_POINT ( 'NONE',  ( -7.750000000000021300, 5.000000000000020400, -1.749999999999930900 ) ) ;
#12671 = LINE ( 'NONE', #12670, #12669 ) ;
#12672 = CARTESIAN_POINT ( 'NONE',  ( -7.750000000000016000, 3.250000000000006200, -1.749999999999936900 ) ) ;
#12673 = DIRECTION ( 'NONE',  ( 1.000000000000000000, 0.0000000000000000000, -6.982966722218764100E-015 ) ) ;
#12674 = VECTOR ( 'NONE', #12673, 1000.000000000000000 ) ;
#12675 = CARTESIAN_POINT ( 'NONE',  ( -11.95000000000001200, 3.250000000000006200, -1.749999999999907600 ) ) ;
#12676 = LINE ( 'NONE', #12675, #12674 ) ;
#12677 = CARTESIAN_POINT ( 'NONE',  ( -8.250000000000016000, 3.250000000000006200, -1.749999999999933400 ) ) ;
#12678 = DIRECTION ( 'NONE',  ( -2.438091212180733500E-029, -1.000000000000000000, -3.491483361109382100E-015 ) ) ;
#12679 = VECTOR ( 'NONE', #12678, 1000.000000000000000 ) ;
#12680 = CARTESIAN_POINT ( 'NONE',  ( -8.250000000000016000, 5.000000000000005300, -1.749999999999927400 ) ) ;
#12681 = LINE ( 'NONE', #12680, #12679 ) ;
#12682 = CARTESIAN_POINT ( 'NONE',  ( -3.750000000000013800, 3.250000000000006200, -1.749999999999964900 ) ) ;
#12683 = CARTESIAN_POINT ( 'NONE',  ( -4.250000000000014200, 3.250000000000006200, -1.749999999999961400 ) ) ;
#12684 = DIRECTION ( 'NONE',  ( -2.438091212180733500E-029, -1.000000000000000000, -3.491483361109382100E-015 ) ) ;
#12685 = VECTOR ( 'NONE', #12684, 1000.000000000000000 ) ;
#12686 = CARTESIAN_POINT ( 'NONE',  ( -4.250000000000014200, 5.000000000000005300, -1.749999999999955400 ) ) ;
#12687 = LINE ( 'NONE', #12686, #12685 ) ;
#12688 = CARTESIAN_POINT ( 'NONE',  ( -4.250000000000014200, 3.750000000000006700, -1.749999999999959800 ) ) ;
#12689 = CARTESIAN_POINT ( 'NONE',  ( -3.750000000000015500, 3.750000000000006700, -1.749999999999963100 ) ) ;
#12690 = DIRECTION ( 'NONE',  ( -1.000000000000000000, 0.0000000000000000000, 6.982966722218764100E-015 ) ) ;
#12691 = VECTOR ( 'NONE', #12690, 1000.000000000000000 ) ;
#12692 = CARTESIAN_POINT ( 'NONE',  ( -11.95000000000001200, 3.750000000000006700, -1.749999999999905900 ) ) ;
#12693 = LINE ( 'NONE', #12692, #12691 ) ;
#12694 = CARTESIAN_POINT ( 'NONE',  ( 1.749999999999986000, 3.250000000000006200, -1.750000000000003300 ) ) ;
#12695 = DIRECTION ( 'NONE',  ( -2.438091212180733500E-029, -1.000000000000000000, -3.491483361109382100E-015 ) ) ;
#12696 = VECTOR ( 'NONE', #12695, 1000.000000000000000 ) ;
#12697 = CARTESIAN_POINT ( 'NONE',  ( 1.749999999999986000, 5.000000000000005300, -1.749999999999997100 ) ) ;
#12698 = LINE ( 'NONE', #12697, #12696 ) ;
#12699 = CARTESIAN_POINT ( 'NONE',  ( 1.749999999999986000, 3.750000000000006700, -1.750000000000001600 ) ) ;
#12700 = CARTESIAN_POINT ( 'NONE',  ( 2.249999999999984500, 3.750000000000006700, -1.750000000000005100 ) ) ;
#12701 = DIRECTION ( 'NONE',  ( -1.000000000000000000, 0.0000000000000000000, 6.982966722218764100E-015 ) ) ;
#12702 = VECTOR ( 'NONE', #12701, 1000.000000000000000 ) ;
#12703 = CARTESIAN_POINT ( 'NONE',  ( -11.95000000000001200, 3.750000000000006700, -1.749999999999905900 ) ) ;
#12704 = LINE ( 'NONE', #12703, #12702 ) ;
#12705 = DIRECTION ( 'NONE',  ( -2.438091212180733500E-029, -1.000000000000000000, -3.491483361109382100E-015 ) ) ;
#12706 = VECTOR ( 'NONE', #12705, 1000.000000000000000 ) ;
#12707 = CARTESIAN_POINT ( 'NONE',  ( 5.749999999999985800, 5.000000000000005300, -1.750000000000025100 ) ) ;
#12708 = LINE ( 'NONE', #12707, #12706 ) ;
#12709 = CARTESIAN_POINT ( 'NONE',  ( 5.749999999999989300, 3.750000000000006700, -1.750000000000029500 ) ) ;
#12710 = CARTESIAN_POINT ( 'NONE',  ( 6.249999999999984900, 3.750000000000006700, -1.750000000000033100 ) ) ;
#12711 = DIRECTION ( 'NONE',  ( -1.000000000000000000, 0.0000000000000000000, 6.982966722218764100E-015 ) ) ;
#12712 = VECTOR ( 'NONE', #12711, 1000.000000000000000 ) ;
#12713 = CARTESIAN_POINT ( 'NONE',  ( -11.95000000000001200, 3.750000000000006700, -1.749999999999905900 ) ) ;
#12714 = LINE ( 'NONE', #12713, #12712 ) ;
#12715 = DIRECTION ( 'NONE',  ( -3.469446951953587000E-015, 1.000000000000000000, 3.491483361109406100E-015 ) ) ;
#12716 = VECTOR ( 'NONE', #12715, 1000.000000000000000 ) ;
#12717 = CARTESIAN_POINT ( 'NONE',  ( 4.249999999999981300, 5.000000000000061300, -1.750000000000014900 ) ) ;
#12718 = LINE ( 'NONE', #12717, #12716 ) ;
#12719 = CARTESIAN_POINT ( 'NONE',  ( 4.249999999999986700, 3.250000000000006200, -1.750000000000020900 ) ) ;
#12720 = DIRECTION ( 'NONE',  ( 1.000000000000000000, 0.0000000000000000000, -6.982966722218764100E-015 ) ) ;
#12721 = VECTOR ( 'NONE', #12720, 1000.000000000000000 ) ;
#12722 = CARTESIAN_POINT ( 'NONE',  ( -11.95000000000001200, 3.250000000000006200, -1.749999999999907600 ) ) ;
#12723 = LINE ( 'NONE', #12722, #12721 ) ;
#12724 = DIRECTION ( 'NONE',  ( -2.438091212180733500E-029, -1.000000000000000000, -3.491483361109382100E-015 ) ) ;
#12725 = VECTOR ( 'NONE', #12724, 1000.000000000000000 ) ;
#12726 = CARTESIAN_POINT ( 'NONE',  ( 3.749999999999987600, 5.000000000000005300, -1.750000000000011300 ) ) ;
#12727 = CARTESIAN_POINT ( 'NONE',  ( -0.2500000000000141600, 3.250000000000006200, -1.749999999999989300 ) ) ;
#12728 = DIRECTION ( 'NONE',  ( -2.438091212180733500E-029, -1.000000000000000000, -3.491483361109382100E-015 ) ) ;
#12729 = VECTOR ( 'NONE', #12728, 1000.000000000000000 ) ;
#12730 = CARTESIAN_POINT ( 'NONE',  ( -0.2500000000000141600, 5.000000000000005300, -1.749999999999983300 ) ) ;
#12731 = LINE ( 'NONE', #12730, #12729 ) ;
#12732 = CARTESIAN_POINT ( 'NONE',  ( -0.2500000000000141600, 3.750000000000006700, -1.749999999999987600 ) ) ;
#12733 = DIRECTION ( 'NONE',  ( -2.438091212180733500E-029, -1.000000000000000000, -3.491483361109382100E-015 ) ) ;
#12734 = VECTOR ( 'NONE', #12733, 1000.000000000000000 ) ;
#12735 = CARTESIAN_POINT ( 'NONE',  ( 1.749999999999986000, 5.000000000000005300, -1.749999999999997100 ) ) ;
#12736 = LINE ( 'NONE', #12735, #12734 ) ;
#12737 = CARTESIAN_POINT ( 'NONE',  ( 0.2499999999999845700, 3.750000000000006700, -1.749999999999991100 ) ) ;
#12738 = DIRECTION ( 'NONE',  ( -1.000000000000000000, 0.0000000000000000000, 6.982966722218764100E-015 ) ) ;
#12739 = VECTOR ( 'NONE', #12738, 1000.000000000000000 ) ;
#12740 = CARTESIAN_POINT ( 'NONE',  ( -11.95000000000001200, 3.750000000000006700, -1.749999999999905900 ) ) ;
#12741 = LINE ( 'NONE', #12740, #12739 ) ;
#12742 = CARTESIAN_POINT ( 'NONE',  ( 3.749999999999985800, 3.250000000000006200, -1.750000000000017300 ) ) ;
#12743 = CARTESIAN_POINT ( 'NONE',  ( 3.749999999999987600, 3.750000000000006700, -1.750000000000015500 ) ) ;
#12744 = CARTESIAN_POINT ( 'NONE',  ( 4.249999999999984900, 3.750000000000006700, -1.750000000000019100 ) ) ;
#12745 = DIRECTION ( 'NONE',  ( -1.000000000000000000, 0.0000000000000000000, 6.982966722218764100E-015 ) ) ;
#12746 = VECTOR ( 'NONE', #12745, 1000.000000000000000 ) ;
#12747 = CARTESIAN_POINT ( 'NONE',  ( -11.95000000000001200, 3.750000000000006700, -1.749999999999905900 ) ) ;
#12748 = LINE ( 'NONE', #12747, #12746 ) ;
#12749 = DIRECTION ( 'NONE',  ( -3.469446951953587000E-015, 1.000000000000000000, 3.491483361109406100E-015 ) ) ;
#12750 = VECTOR ( 'NONE', #12749, 1000.000000000000000 ) ;
#12751 = CARTESIAN_POINT ( 'NONE',  ( 2.249999999999981300, 5.000000000000055100, -1.750000000000000700 ) ) ;
#12752 = LINE ( 'NONE', #12751, #12750 ) ;
#12753 = CARTESIAN_POINT ( 'NONE',  ( 2.249999999999986200, 3.250000000000006200, -1.750000000000006700 ) ) ;
#12754 = DIRECTION ( 'NONE',  ( 1.000000000000000000, 0.0000000000000000000, -6.982966722218764100E-015 ) ) ;
#12755 = VECTOR ( 'NONE', #12754, 1000.000000000000000 ) ;
#12756 = CARTESIAN_POINT ( 'NONE',  ( -11.95000000000001200, 3.250000000000006200, -1.749999999999907600 ) ) ;
#12757 = LINE ( 'NONE', #12756, #12755 ) ;
#12758 = CARTESIAN_POINT ( 'NONE',  ( -7.750000000000008900, 3.750000000000001800, -0.2499999999999365800 ) ) ;
#12759 = DIRECTION ( 'NONE',  ( -1.000000000000000000, 0.0000000000000000000, 6.982966722218764100E-015 ) ) ;
#12760 = VECTOR ( 'NONE', #12759, 1000.000000000000000 ) ;
#12761 = CARTESIAN_POINT ( 'NONE',  ( 11.19999999999999600, 3.750000000000001800, -0.2500000000000688900 ) ) ;
#12762 = LINE ( 'NONE', #12761, #12760 ) ;
#12763 = CARTESIAN_POINT ( 'NONE',  ( -8.250000000000005300, 3.250000000000001300, -0.2499999999999348000 ) ) ;
#12764 = CARTESIAN_POINT ( 'NONE',  ( -3.750000000000003100, 3.250000000000001300, -0.2499999999999662200 ) ) ;
#12765 = CARTESIAN_POINT ( 'NONE',  ( -3.750000000000004900, 3.750000000000001800, -0.2499999999999645000 ) ) ;
#12766 = DIRECTION ( 'NONE',  ( -1.000000000000000000, 0.0000000000000000000, 6.982966722218764100E-015 ) ) ;
#12767 = VECTOR ( 'NONE', #12766, 1000.000000000000000 ) ;
#12768 = CARTESIAN_POINT ( 'NONE',  ( 11.19999999999999600, 3.750000000000001800, -0.2500000000000688900 ) ) ;
#12769 = LINE ( 'NONE', #12768, #12767 ) ;
#12770 = CARTESIAN_POINT ( 'NONE',  ( -4.250000000000003600, 3.250000000000001300, -0.2499999999999627500 ) ) ;
#12771 = CARTESIAN_POINT ( 'NONE',  ( -4.250000000000003600, 3.750000000000001800, -0.2499999999999610300 ) ) ;
#12772 = DIRECTION ( 'NONE',  ( -2.438091212180733500E-029, -1.000000000000000000, -3.491483361109382100E-015 ) ) ;
#12773 = VECTOR ( 'NONE', #12772, 1000.000000000000000 ) ;
#12774 = CARTESIAN_POINT ( 'NONE',  ( -4.250000000000003600, 0.3999999999999999700, -0.2499999999999727400 ) ) ;
#12775 = LINE ( 'NONE', #12774, #12773 ) ;
#12776 = DIRECTION ( 'NONE',  ( 1.000000000000000000, 0.0000000000000000000, -6.982966722218764100E-015 ) ) ;
#12777 = VECTOR ( 'NONE', #12776, 1000.000000000000000 ) ;
#12778 = CARTESIAN_POINT ( 'NONE',  ( 11.19999999999999600, 3.250000000000001300, -0.2500000000000706700 ) ) ;
#12779 = LINE ( 'NONE', #12778, #12777 ) ;
#12780 = CARTESIAN_POINT ( 'NONE',  ( -5.750000000000002700, 3.250000000000001300, -0.2499999999999522300 ) ) ;
#12781 = DIRECTION ( 'NONE',  ( -3.469446951953586600E-015, 1.000000000000000000, 3.491483361109406100E-015 ) ) ;
#12782 = VECTOR ( 'NONE', #12781, 1000.000000000000000 ) ;
#12783 = CARTESIAN_POINT ( 'NONE',  ( -5.749999999999992900, 0.3999999999999409600, -0.2499999999999622200 ) ) ;
#12784 = LINE ( 'NONE', #12783, #12782 ) ;
#12785 = CARTESIAN_POINT ( 'NONE',  ( 0.2499999999999862900, 3.250000000000006200, -1.749999999999992900 ) ) ;
#12786 = DIRECTION ( 'NONE',  ( 1.000000000000000000, 0.0000000000000000000, -6.982966722218764100E-015 ) ) ;
#12787 = VECTOR ( 'NONE', #12786, 1000.000000000000000 ) ;
#12788 = CARTESIAN_POINT ( 'NONE',  ( -11.95000000000001200, 3.250000000000006200, -1.749999999999907600 ) ) ;
#12789 = LINE ( 'NONE', #12788, #12787 ) ;
#12790 = CARTESIAN_POINT ( 'NONE',  ( -9.750000000000007100, 3.750000000000001800, -0.2499999999999225900 ) ) ;
#12791 = DIRECTION ( 'NONE',  ( -1.000000000000000000, 0.0000000000000000000, 6.982966722218764100E-015 ) ) ;
#12792 = VECTOR ( 'NONE', #12791, 1000.000000000000000 ) ;
#12793 = CARTESIAN_POINT ( 'NONE',  ( 11.19999999999999600, 3.750000000000001800, -0.2500000000000688900 ) ) ;
#12794 = LINE ( 'NONE', #12793, #12792 ) ;
#12795 = CARTESIAN_POINT ( 'NONE',  ( -10.25000000000000000, 3.250000000000001300, -0.2499999999999208700 ) ) ;
#12796 = CARTESIAN_POINT ( 'NONE',  ( -10.25000000000000400, 3.750000000000001800, -0.2499999999999191200 ) ) ;
#12797 = DIRECTION ( 'NONE',  ( -2.438091212180733500E-029, -1.000000000000000000, -3.491483361109382100E-015 ) ) ;
#12798 = VECTOR ( 'NONE', #12797, 1000.000000000000000 ) ;
#12799 = CARTESIAN_POINT ( 'NONE',  ( -10.25000000000000400, 0.3999999999999999700, -0.2499999999999308300 ) ) ;
#12800 = LINE ( 'NONE', #12799, #12798 ) ;
#12801 = CARTESIAN_POINT ( 'NONE',  ( -5.750000000000007100, 3.750000000000001800, -0.2499999999999505100 ) ) ;
#12802 = DIRECTION ( 'NONE',  ( -1.000000000000000000, 0.0000000000000000000, 6.982966722218764100E-015 ) ) ;
#12803 = VECTOR ( 'NONE', #12802, 1000.000000000000000 ) ;
#12804 = CARTESIAN_POINT ( 'NONE',  ( 11.19999999999999600, 3.750000000000001800, -0.2500000000000688900 ) ) ;
#12805 = LINE ( 'NONE', #12804, #12803 ) ;
#12806 = CARTESIAN_POINT ( 'NONE',  ( -6.250000000000003600, 3.250000000000001300, -0.2499999999999487600 ) ) ;
#12807 = CARTESIAN_POINT ( 'NONE',  ( -6.250000000000003600, 3.750000000000001800, -0.2499999999999470400 ) ) ;
#12808 = DIRECTION ( 'NONE',  ( -2.438091212180733500E-029, -1.000000000000000000, -3.491483361109382100E-015 ) ) ;
#12809 = VECTOR ( 'NONE', #12808, 1000.000000000000000 ) ;
#12810 = CARTESIAN_POINT ( 'NONE',  ( -6.250000000000003600, 0.3999999999999999700, -0.2499999999999587600 ) ) ;
#12811 = LINE ( 'NONE', #12810, #12809 ) ;
#12812 = DIRECTION ( 'NONE',  ( 1.000000000000000000, 0.0000000000000000000, -6.982966722218764100E-015 ) ) ;
#12813 = VECTOR ( 'NONE', #12812, 1000.000000000000000 ) ;
#12814 = CARTESIAN_POINT ( 'NONE',  ( 11.19999999999999600, 3.250000000000001300, -0.2500000000000706700 ) ) ;
#12815 = LINE ( 'NONE', #12814, #12813 ) ;
#12816 = CARTESIAN_POINT ( 'NONE',  ( -7.750000000000004400, 3.250000000000001300, -0.2499999999999383300 ) ) ;
#12817 = DIRECTION ( 'NONE',  ( -3.469446951953586600E-015, 1.000000000000000000, 3.491483361109406100E-015 ) ) ;
#12818 = VECTOR ( 'NONE', #12817, 1000.000000000000000 ) ;
#12819 = CARTESIAN_POINT ( 'NONE',  ( -7.749999999999994700, 0.3999999999999340200, -0.2499999999999482900 ) ) ;
#12820 = LINE ( 'NONE', #12819, #12818 ) ;
#12821 = ORIENTED_EDGE ( 'NONE', *, *, #6416, .F. ) ;
#12822 = DIRECTION ( 'NONE',  ( 1.000000000000000000, 0.0000000000000000000, -6.982966722218764100E-015 ) ) ;
#12823 = VECTOR ( 'NONE', #12822, 1000.000000000000000 ) ;
#12824 = CARTESIAN_POINT ( 'NONE',  ( 11.19999999999999600, 3.250000000000001300, -0.2500000000000706700 ) ) ;
#12825 = LINE ( 'NONE', #12824, #12823 ) ;
#12826 = CARTESIAN_POINT ( 'NONE',  ( 3.749999999999996400, 3.750000000000001800, -0.2500000000000168800 ) ) ;
#12827 = DIRECTION ( 'NONE',  ( -2.438091212180733500E-029, -1.000000000000000000, -3.491483361109382100E-015 ) ) ;
#12828 = VECTOR ( 'NONE', #12827, 1000.000000000000000 ) ;
#12829 = CARTESIAN_POINT ( 'NONE',  ( 3.749999999999996400, 0.3999999999999999700, -0.2500000000000285900 ) ) ;
#12830 = LINE ( 'NONE', #12829, #12828 ) ;
#12831 = DIRECTION ( 'NONE',  ( 1.000000000000000000, 0.0000000000000000000, -6.982966722218764100E-015 ) ) ;
#12832 = VECTOR ( 'NONE', #12831, 1000.000000000000000 ) ;
#12833 = CARTESIAN_POINT ( 'NONE',  ( 11.19999999999999600, 3.250000000000001300, -0.2500000000000706700 ) ) ;
#12834 = LINE ( 'NONE', #12833, #12832 ) ;
#12835 = CARTESIAN_POINT ( 'NONE',  ( 2.249999999999997300, 3.250000000000001300, -0.2500000000000081600 ) ) ;
#12836 = DIRECTION ( 'NONE',  ( -3.469446951953586600E-015, 1.000000000000000000, 3.491483361109406100E-015 ) ) ;
#12837 = VECTOR ( 'NONE', #12836, 1000.000000000000000 ) ;
#12838 = CARTESIAN_POINT ( 'NONE',  ( 2.250000000000007100, 0.3999999999999687100, -0.2500000000000181000 ) ) ;
#12839 = LINE ( 'NONE', #12838, #12837 ) ;
#12840 = CARTESIAN_POINT ( 'NONE',  ( 2.249999999999995100, 3.750000000000001800, -0.2500000000000063800 ) ) ;
#12841 = DIRECTION ( 'NONE',  ( -1.000000000000000000, 0.0000000000000000000, 6.982966722218764100E-015 ) ) ;
#12842 = VECTOR ( 'NONE', #12841, 1000.000000000000000 ) ;
#12843 = CARTESIAN_POINT ( 'NONE',  ( 11.19999999999999600, 3.750000000000001800, -0.2500000000000688900 ) ) ;
#12844 = LINE ( 'NONE', #12843, #12842 ) ;
#12845 = CARTESIAN_POINT ( 'NONE',  ( 1.749999999999996400, 3.250000000000001300, -0.2500000000000046100 ) ) ;
#12846 = CARTESIAN_POINT ( 'NONE',  ( 1.749999999999996400, 3.750000000000001800, -0.2500000000000028900 ) ) ;
#12847 = DIRECTION ( 'NONE',  ( 1.000000000000000000, 0.0000000000000000000, -6.982966722218764100E-015 ) ) ;
#12848 = VECTOR ( 'NONE', #12847, 1000.000000000000000 ) ;
#12849 = CARTESIAN_POINT ( 'NONE',  ( 11.19999999999999600, 3.250000000000001300, -0.2500000000000706700 ) ) ;
#12850 = LINE ( 'NONE', #12849, #12848 ) ;
#12851 = CARTESIAN_POINT ( 'NONE',  ( -9.750000000000007100, 3.250000000000001300, -0.2499999999999243400 ) ) ;
#12852 = DIRECTION ( 'NONE',  ( -3.469446951953586600E-015, 1.000000000000000000, 3.491483361109406100E-015 ) ) ;
#12853 = VECTOR ( 'NONE', #12852, 1000.000000000000000 ) ;
#12854 = CARTESIAN_POINT ( 'NONE',  ( -9.749999999999996400, 0.3999999999999270800, -0.2499999999999343000 ) ) ;
#12855 = LINE ( 'NONE', #12854, #12853 ) ;
#12856 = DIRECTION ( 'NONE',  ( -2.438091212180733500E-029, -1.000000000000000000, -3.491483361109382100E-015 ) ) ;
#12857 = VECTOR ( 'NONE', #12856, 1000.000000000000000 ) ;
#12858 = CARTESIAN_POINT ( 'NONE',  ( -2.250000000000003600, 0.3999999999999999700, -0.2499999999999866800 ) ) ;
#12859 = LINE ( 'NONE', #12858, #12857 ) ;
#12860 =( NAMED_UNIT ( * ) SI_UNIT ( $, .STERADIAN. ) SOLID_ANGLE_UNIT ( ) );
#12861 = DIRECTION ( 'NONE',  ( 1.000000000000000000, 0.0000000000000000000, -6.982966722218764100E-015 ) ) ;
#12862 = VECTOR ( 'NONE', #12861, 1000.000000000000000 ) ;
#12863 = CARTESIAN_POINT ( 'NONE',  ( 11.19999999999999600, 3.250000000000001300, -0.2500000000000706700 ) ) ;
#12864 = LINE ( 'NONE', #12863, #12862 ) ;
#12865 = DIRECTION ( 'NONE',  ( -3.469446951953586600E-015, 1.000000000000000000, 3.491483361109406100E-015 ) ) ;
#12866 = VECTOR ( 'NONE', #12865, 1000.000000000000000 ) ;
#12867 = CARTESIAN_POINT ( 'NONE',  ( -3.749999999999992900, 0.3999999999999479000, -0.2499999999999762100 ) ) ;
#12868 = LINE ( 'NONE', #12867, #12866 ) ;
#12869 = DIRECTION ( 'NONE',  ( 1.000000000000000000, 0.0000000000000000000, -6.982966722218764100E-015 ) ) ;
#12870 = VECTOR ( 'NONE', #12869, 1000.000000000000000 ) ;
#12871 = CARTESIAN_POINT ( 'NONE',  ( 11.19999999999999600, 3.250000000000001300, -0.2500000000000706700 ) ) ;
#12872 = LINE ( 'NONE', #12871, #12870 ) ;
#12873 = CARTESIAN_POINT ( 'NONE',  ( 0.2499999999999973100, 3.250000000000001300, -0.2499999999999941400 ) ) ;
#12874 = DIRECTION ( 'NONE',  ( -3.469446951953586600E-015, 1.000000000000000000, 3.491483361109406100E-015 ) ) ;
#12875 = VECTOR ( 'NONE', #12874, 1000.000000000000000 ) ;
#12876 = CARTESIAN_POINT ( 'NONE',  ( 0.2500000000000071600, 0.3999999999999617800, -0.2500000000000041100 ) ) ;
#12877 = LINE ( 'NONE', #12876, #12875 ) ;
#12878 = CARTESIAN_POINT ( 'NONE',  ( 0.2499999999999950000, 3.750000000000001800, -0.2499999999999924200 ) ) ;
#12879 = DIRECTION ( 'NONE',  ( -1.000000000000000000, 0.0000000000000000000, 6.982966722218764100E-015 ) ) ;
#12880 = VECTOR ( 'NONE', #12879, 1000.000000000000000 ) ;
#12881 = CARTESIAN_POINT ( 'NONE',  ( 11.19999999999999600, 3.750000000000001800, -0.2500000000000688900 ) ) ;
#12882 = LINE ( 'NONE', #12881, #12880 ) ;
#12883 = CARTESIAN_POINT ( 'NONE',  ( -0.2500000000000036600, 3.250000000000001300, -0.2499999999999906700 ) ) ;
#12884 = CARTESIAN_POINT ( 'NONE',  ( -0.2500000000000036600, 3.750000000000001800, -0.2499999999999889500 ) ) ;
#12885 = DIRECTION ( 'NONE',  ( -2.438091212180733500E-029, -1.000000000000000000, -3.491483361109382100E-015 ) ) ;
#12886 = VECTOR ( 'NONE', #12885, 1000.000000000000000 ) ;
#12887 = CARTESIAN_POINT ( 'NONE',  ( -0.2500000000000036600, 0.3999999999999999700, -0.2500000000000006700 ) ) ;
#12888 = LINE ( 'NONE', #12887, #12886 ) ;
#12889 = DIRECTION ( 'NONE',  ( 1.000000000000000000, 0.0000000000000000000, -6.982966722218764100E-015 ) ) ;
#12890 = VECTOR ( 'NONE', #12889, 1000.000000000000000 ) ;
#12891 = CARTESIAN_POINT ( 'NONE',  ( 11.19999999999999600, 1.250000000000001800, -0.2500000000000776000 ) ) ;
#12892 = LINE ( 'NONE', #12891, #12890 ) ;
#12893 = CARTESIAN_POINT ( 'NONE',  ( -9.750000000000007100, 1.750000000000002200, -0.2499999999999295300 ) ) ;
#12894 = CARTESIAN_POINT ( 'NONE',  ( -10.24999999999998200, 3.749999999999991100, 2.650000000000080700 ) ) ;
#12895 = CARTESIAN_POINT ( 'NONE',  ( -9.750000000000003600, 1.250000000000002200, -0.2499999999999312800 ) ) ;
#12896 = DIRECTION ( 'NONE',  ( 2.438091212180733500E-029, 1.000000000000000000, 3.491483361109382100E-015 ) ) ;
#12897 = VECTOR ( 'NONE', #12896, 1000.000000000000000 ) ;
#12898 = CARTESIAN_POINT ( 'NONE',  ( -9.750000000000003600, 0.3999999999999999700, -0.2499999999999343000 ) ) ;
#12899 = LINE ( 'NONE', #12898, #12897 ) ;
#12900 = DIRECTION ( 'NONE',  ( -2.438091212180733500E-029, -1.000000000000000000, -3.491483361109382100E-015 ) ) ;
#12901 = VECTOR ( 'NONE', #12900, 1000.000000000000000 ) ;
#12902 = CARTESIAN_POINT ( 'NONE',  ( -10.24999999999998200, 3.749999999999991100, 2.650000000000080700 ) ) ;
#12903 = LINE ( 'NONE', #12902, #12901 ) ;
#12904 = DIRECTION ( 'NONE',  ( 1.000000000000000000, 0.0000000000000000000, -6.982966722218764100E-015 ) ) ;
#12905 = VECTOR ( 'NONE', #12904, 1000.000000000000000 ) ;
#12906 = CARTESIAN_POINT ( 'NONE',  ( 11.19999999999999600, 3.250000000000001300, -0.2500000000000706700 ) ) ;
#12907 = LINE ( 'NONE', #12906, #12905 ) ;
#12908 = CARTESIAN_POINT ( 'NONE',  ( -1.750000000000002900, 3.250000000000001300, -0.2499999999999802100 ) ) ;
#12909 = DIRECTION ( 'NONE',  ( -3.469446951953586600E-015, 1.000000000000000000, 3.491483361109406100E-015 ) ) ;
#12910 = VECTOR ( 'NONE', #12909, 1000.000000000000000 ) ;
#12911 = CARTESIAN_POINT ( 'NONE',  ( -1.749999999999992900, 0.3999999999999548400, -0.2499999999999902000 ) ) ;
#12912 = LINE ( 'NONE', #12911, #12910 ) ;
#12913 = CARTESIAN_POINT ( 'NONE',  ( -1.750000000000005100, 3.750000000000001800, -0.2499999999999784900 ) ) ;
#12914 = DIRECTION ( 'NONE',  ( -1.000000000000000000, 0.0000000000000000000, 6.982966722218764100E-015 ) ) ;
#12915 = VECTOR ( 'NONE', #12914, 1000.000000000000000 ) ;
#12916 = CARTESIAN_POINT ( 'NONE',  ( 11.19999999999999600, 3.750000000000001800, -0.2500000000000688900 ) ) ;
#12917 = LINE ( 'NONE', #12916, #12915 ) ;
#12918 = CARTESIAN_POINT ( 'NONE',  ( -2.250000000000003600, 3.250000000000001300, -0.2499999999999766900 ) ) ;
#12919 = CARTESIAN_POINT ( 'NONE',  ( -2.250000000000003600, 3.750000000000001800, -0.2499999999999749600 ) ) ;
#12920 = DIRECTION ( 'NONE',  ( -1.000000000000000000, 0.0000000000000000000, 6.982966722218764100E-015 ) ) ;
#12921 = VECTOR ( 'NONE', #12920, 1000.000000000000000 ) ;
#12922 = CARTESIAN_POINT ( 'NONE',  ( 11.19999999999999600, 3.750000000000001800, -0.2500000000000688900 ) ) ;
#12923 = LINE ( 'NONE', #12922, #12921 ) ;
#12924 = CARTESIAN_POINT ( 'NONE',  ( 3.749999999999996400, 3.250000000000001300, -0.2500000000000186000 ) ) ;
#12925 = CARTESIAN_POINT ( 'NONE',  ( 8.249999999999994700, 3.750000000000001800, -0.2500000000000482900 ) ) ;
#12926 = CARTESIAN_POINT ( 'NONE',  ( -10.24999999999998200, 3.249999999999990700, 2.650000000000079000 ) ) ;
#12927 = DIRECTION ( 'NONE',  ( -1.000000000000000000, 0.0000000000000000000, 6.982966722218764100E-015 ) ) ;
#12928 = VECTOR ( 'NONE', #12927, 1000.000000000000000 ) ;
#12929 = CARTESIAN_POINT ( 'NONE',  ( 11.19999999999999600, 3.750000000000001800, -0.2500000000000688900 ) ) ;
#12930 = LINE ( 'NONE', #12929, #12928 ) ;
#12931 = CARTESIAN_POINT ( 'NONE',  ( 7.749999999999996400, 3.250000000000001300, -0.2500000000000465200 ) ) ;
#12932 = CARTESIAN_POINT ( 'NONE',  ( 7.749999999999996400, 3.750000000000001800, -0.2500000000000448000 ) ) ;
#12933 = DIRECTION ( 'NONE',  ( -2.438091212180733500E-029, -1.000000000000000000, -3.491483361109382100E-015 ) ) ;
#12934 = VECTOR ( 'NONE', #12933, 1000.000000000000000 ) ;
#12935 = CARTESIAN_POINT ( 'NONE',  ( 7.749999999999996400, 0.3999999999999999700, -0.2500000000000565100 ) ) ;
#12936 = LINE ( 'NONE', #12935, #12934 ) ;
#12937 = DIRECTION ( 'NONE',  ( 1.000000000000000000, 0.0000000000000000000, -6.982966722218764100E-015 ) ) ;
#12938 = VECTOR ( 'NONE', #12937, 1000.000000000000000 ) ;
#12939 = CARTESIAN_POINT ( 'NONE',  ( 11.19999999999999600, 3.250000000000001300, -0.2500000000000706700 ) ) ;
#12940 = LINE ( 'NONE', #12939, #12938 ) ;
#12941 = CARTESIAN_POINT ( 'NONE',  ( 6.249999999999996400, 3.250000000000001300, -0.2500000000000360800 ) ) ;
#12942 = DIRECTION ( 'NONE',  ( -3.469446951953586600E-015, 1.000000000000000000, 3.491483361109406100E-015 ) ) ;
#12943 = VECTOR ( 'NONE', #12942, 1000.000000000000000 ) ;
#12944 = CARTESIAN_POINT ( 'NONE',  ( 6.250000000000006200, 0.3999999999999825900, -0.2500000000000460200 ) ) ;
#12945 = LINE ( 'NONE', #12944, #12943 ) ;
#12946 = CARTESIAN_POINT ( 'NONE',  ( 6.249999999999995600, 3.750000000000001800, -0.2500000000000343100 ) ) ;
#12947 = CARTESIAN_POINT ( 'NONE',  ( -10.25000000000000400, 1.750000000000002200, -0.2499999999999260600 ) ) ;
#12948 = DIRECTION ( 'NONE',  ( -2.438091212180733500E-029, -1.000000000000000000, -3.491483361109382100E-015 ) ) ;
#12949 = VECTOR ( 'NONE', #12948, 1000.000000000000000 ) ;
#12950 = CARTESIAN_POINT ( 'NONE',  ( -10.25000000000000400, 0.3999999999999999700, -0.2499999999999308300 ) ) ;
#12951 = LINE ( 'NONE', #12950, #12949 ) ;
#12952 = CARTESIAN_POINT ( 'NONE',  ( -10.25000000000000000, 1.250000000000001800, -0.2499999999999278100 ) ) ;
#12953 = CARTESIAN_POINT ( 'NONE',  ( -4.250000000000003600, 1.750000000000002200, -0.2499999999999679700 ) ) ;
#12954 = DIRECTION ( 'NONE',  ( -2.438091212180733500E-029, -1.000000000000000000, -3.491483361109382100E-015 ) ) ;
#12955 = VECTOR ( 'NONE', #12954, 1000.000000000000000 ) ;
#12956 = CARTESIAN_POINT ( 'NONE',  ( -4.250000000000003600, 0.3999999999999999700, -0.2499999999999727400 ) ) ;
#12957 = LINE ( 'NONE', #12956, #12955 ) ;
#12958 = CARTESIAN_POINT ( 'NONE',  ( -4.250000000000003600, 1.250000000000001800, -0.2499999999999696900 ) ) ;
#12959 = DIRECTION ( 'NONE',  ( -2.438091212180733500E-029, -1.000000000000000000, -3.491483361109382100E-015 ) ) ;
#12960 = VECTOR ( 'NONE', #12959, 1000.000000000000000 ) ;
#12961 = CARTESIAN_POINT ( 'NONE',  ( 1.749999999999996400, 0.3999999999999999700, -0.2500000000000146000 ) ) ;
#12962 = LINE ( 'NONE', #12961, #12960 ) ;
#12963 = DIRECTION ( 'NONE',  ( -1.000000000000000000, 0.0000000000000000000, 6.982966722218764100E-015 ) ) ;
#12964 = VECTOR ( 'NONE', #12963, 1000.000000000000000 ) ;
#12965 = CARTESIAN_POINT ( 'NONE',  ( 11.19999999999999600, 3.750000000000001800, -0.2500000000000688900 ) ) ;
#12966 = LINE ( 'NONE', #12965, #12964 ) ;
#12967 = CARTESIAN_POINT ( 'NONE',  ( 5.749999999999996400, 3.250000000000001300, -0.2500000000000325900 ) ) ;
#12968 = CARTESIAN_POINT ( 'NONE',  ( 5.749999999999996400, 3.750000000000001800, -0.2500000000000308600 ) ) ;
#12969 = DIRECTION ( 'NONE',  ( -2.438091212180733500E-029, -1.000000000000000000, -3.491483361109382100E-015 ) ) ;
#12970 = VECTOR ( 'NONE', #12969, 1000.000000000000000 ) ;
#12971 = CARTESIAN_POINT ( 'NONE',  ( 5.749999999999996400, 0.3999999999999999700, -0.2500000000000425800 ) ) ;
#12972 = LINE ( 'NONE', #12971, #12970 ) ;
#12973 = DIRECTION ( 'NONE',  ( 1.000000000000000000, 0.0000000000000000000, -6.982966722218764100E-015 ) ) ;
#12974 = VECTOR ( 'NONE', #12973, 1000.000000000000000 ) ;
#12975 = CARTESIAN_POINT ( 'NONE',  ( 11.19999999999999600, 3.250000000000001300, -0.2500000000000706700 ) ) ;
#12976 = LINE ( 'NONE', #12975, #12974 ) ;
#12977 = CARTESIAN_POINT ( 'NONE',  ( 4.249999999999996400, 3.250000000000001300, -0.2500000000000220900 ) ) ;
#12978 = DIRECTION ( 'NONE',  ( -3.469446951953586600E-015, 1.000000000000000000, 3.491483361109406100E-015 ) ) ;
#12979 = VECTOR ( 'NONE', #12978, 1000.000000000000000 ) ;
#12980 = CARTESIAN_POINT ( 'NONE',  ( 4.250000000000006200, 0.3999999999999756500, -0.2500000000000320300 ) ) ;
#12981 = LINE ( 'NONE', #12980, #12979 ) ;
#12982 = CARTESIAN_POINT ( 'NONE',  ( 4.249999999999994700, 3.750000000000001800, -0.2500000000000203200 ) ) ;
#12983 = VECTOR ( 'NONE', #13048, 1000.000000000000000 ) ;
#12984 = CARTESIAN_POINT ( 'NONE',  ( 11.19999999999999600, 1.750000000000002200, -0.2500000000000758300 ) ) ;
#12985 = LINE ( 'NONE', #12984, #12983 ) ;
#12986 = DIRECTION ( 'NONE',  ( -1.000000000000000000, 0.0000000000000000000, 6.982966722218764100E-015 ) ) ;
#12987 = VECTOR ( 'NONE', #12986, 1000.000000000000000 ) ;
#12988 = CARTESIAN_POINT ( 'NONE',  ( 11.19999999999999600, 1.750000000000002200, -0.2500000000000758300 ) ) ;
#12989 = LINE ( 'NONE', #12988, #12987 ) ;
#12990 = CARTESIAN_POINT ( 'NONE',  ( -6.250000000000003600, 1.750000000000002200, -0.2499999999999539800 ) ) ;
#12991 = DIRECTION ( 'NONE',  ( -2.438091212180733500E-029, -1.000000000000000000, -3.491483361109382100E-015 ) ) ;
#12992 = VECTOR ( 'NONE', #12991, 1000.000000000000000 ) ;
#12993 = CARTESIAN_POINT ( 'NONE',  ( -6.250000000000003600, 0.3999999999999999700, -0.2499999999999587600 ) ) ;
#12994 = LINE ( 'NONE', #12993, #12992 ) ;
#12995 = CARTESIAN_POINT ( 'NONE',  ( -6.250000000000003600, 1.250000000000001800, -0.2499999999999557000 ) ) ;
#12996 = DIRECTION ( 'NONE',  ( 1.000000000000000000, 0.0000000000000000000, -6.982966722218764100E-015 ) ) ;
#12997 = VECTOR ( 'NONE', #12996, 1000.000000000000000 ) ;
#12998 = CARTESIAN_POINT ( 'NONE',  ( 11.19999999999999600, 1.250000000000001800, -0.2500000000000776000 ) ) ;
#12999 = LINE ( 'NONE', #12998, #12997 ) ;
#13000 = CARTESIAN_POINT ( 'NONE',  ( -5.750000000000003600, 1.750000000000002200, -0.2499999999999574500 ) ) ;
#13001 = CARTESIAN_POINT ( 'NONE',  ( -5.750000000000003600, 1.250000000000002200, -0.2499999999999591700 ) ) ;
#13002 = DIRECTION ( 'NONE',  ( 2.438091212180733500E-029, 1.000000000000000000, 3.491483361109382100E-015 ) ) ;
#13003 = VECTOR ( 'NONE', #13002, 1000.000000000000000 ) ;
#13004 = CARTESIAN_POINT ( 'NONE',  ( -5.750000000000003600, 0.3999999999999999700, -0.2499999999999622200 ) ) ;
#13005 = LINE ( 'NONE', #13004, #13003 ) ;
#13006 = CARTESIAN_POINT ( 'NONE',  ( -2.250000000000003600, 1.250000000000001800, -0.2499999999999836200 ) ) ;
#13007 = CARTESIAN_POINT ( 'NONE',  ( -1.750000000000003300, 1.750000000000002200, -0.2499999999999854300 ) ) ;
#13008 = CARTESIAN_POINT ( 'NONE',  ( -1.750000000000003300, 1.250000000000002200, -0.2499999999999871500 ) ) ;
#13009 = DIRECTION ( 'NONE',  ( 2.438091212180733500E-029, 1.000000000000000000, 3.491483361109382100E-015 ) ) ;
#13010 = VECTOR ( 'NONE', #13009, 1000.000000000000000 ) ;
#13011 = CARTESIAN_POINT ( 'NONE',  ( -1.750000000000003300, 0.3999999999999999700, -0.2499999999999902000 ) ) ;
#13012 = LINE ( 'NONE', #13011, #13010 ) ;
#13013 = DIRECTION ( 'NONE',  ( -1.000000000000000000, 0.0000000000000000000, 6.982966722218764100E-015 ) ) ;
#13014 = VECTOR ( 'NONE', #13013, 1000.000000000000000 ) ;
#13015 = CARTESIAN_POINT ( 'NONE',  ( 11.19999999999999600, 1.750000000000002200, -0.2500000000000758300 ) ) ;
#13016 = LINE ( 'NONE', #13015, #13014 ) ;
#13017 = CARTESIAN_POINT ( 'NONE',  ( 3.749999999999996400, 1.250000000000001800, -0.2500000000000255400 ) ) ;
#13018 = DIRECTION ( 'NONE',  ( 1.000000000000000000, 0.0000000000000000000, -6.982966722218764100E-015 ) ) ;
#13019 = VECTOR ( 'NONE', #13018, 1000.000000000000000 ) ;
#13020 = CARTESIAN_POINT ( 'NONE',  ( 11.19999999999999600, 1.250000000000001800, -0.2500000000000776000 ) ) ;
#13021 = LINE ( 'NONE', #13020, #13019 ) ;
#13022 = CARTESIAN_POINT ( 'NONE',  ( 4.249999999999996400, 1.750000000000002200, -0.2500000000000272600 ) ) ;
#13023 = CARTESIAN_POINT ( 'NONE',  ( 8.249999999999996400, 3.250000000000001300, -0.2500000000000500200 ) ) ;
#13024 = DIRECTION ( 'NONE',  ( -3.469446951953586600E-015, 1.000000000000000000, 3.491483361109406100E-015 ) ) ;
#13025 = VECTOR ( 'NONE', #13024, 1000.000000000000000 ) ;
#13026 = CARTESIAN_POINT ( 'NONE',  ( 8.250000000000007100, 0.3999999999999895300, -0.2500000000000600100 ) ) ;
#13027 = LINE ( 'NONE', #13026, #13025 ) ;
#13028 = DIRECTION ( 'NONE',  ( -1.000000000000000000, 0.0000000000000000000, 6.982966722218764100E-015 ) ) ;
#13029 = VECTOR ( 'NONE', #13028, 1000.000000000000000 ) ;
#13030 = CARTESIAN_POINT ( 'NONE',  ( 11.19999999999999600, 1.750000000000002200, -0.2500000000000758300 ) ) ;
#13031 = LINE ( 'NONE', #13030, #13029 ) ;
#13032 = CARTESIAN_POINT ( 'NONE',  ( -8.250000000000005300, 1.750000000000002200, -0.2499999999999399900 ) ) ;
#13033 = DIRECTION ( 'NONE',  ( -2.438091212180733500E-029, -1.000000000000000000, -3.491483361109382100E-015 ) ) ;
#13034 = VECTOR ( 'NONE', #13033, 1000.000000000000000 ) ;
#13035 = CARTESIAN_POINT ( 'NONE',  ( -8.250000000000005300, 0.3999999999999999700, -0.2499999999999447700 ) ) ;
#13036 = LINE ( 'NONE', #13035, #13034 ) ;
#13037 = CARTESIAN_POINT ( 'NONE',  ( -8.250000000000005300, 1.250000000000001800, -0.2499999999999417400 ) ) ;
#13038 = DIRECTION ( 'NONE',  ( 1.000000000000000000, 0.0000000000000000000, -6.982966722218764100E-015 ) ) ;
#13039 = VECTOR ( 'NONE', #13038, 1000.000000000000000 ) ;
#13040 = CARTESIAN_POINT ( 'NONE',  ( 11.19999999999999600, 1.250000000000001800, -0.2500000000000776000 ) ) ;
#13041 = LINE ( 'NONE', #13040, #13039 ) ;
#13042 = CARTESIAN_POINT ( 'NONE',  ( -7.750000000000005300, 1.750000000000002200, -0.2499999999999435200 ) ) ;
#13043 = CARTESIAN_POINT ( 'NONE',  ( -7.750000000000005300, 1.250000000000002200, -0.2499999999999452700 ) ) ;
#13044 = DIRECTION ( 'NONE',  ( 2.438091212180733500E-029, 1.000000000000000000, 3.491483361109382100E-015 ) ) ;
#13045 = VECTOR ( 'NONE', #13044, 1000.000000000000000 ) ;
#13046 = CARTESIAN_POINT ( 'NONE',  ( -7.750000000000005300, 0.3999999999999999700, -0.2499999999999482900 ) ) ;
#13047 = LINE ( 'NONE', #13046, #13045 ) ;
#13048 = DIRECTION ( 'NONE',  ( -1.000000000000000000, 0.0000000000000000000, 6.982966722218764100E-015 ) ) ;
#13049 = CARTESIAN_POINT ( 'NONE',  ( 1.749999999999996400, 1.250000000000001800, -0.2500000000000115500 ) ) ;
#13050 = DIRECTION ( 'NONE',  ( 1.000000000000000000, 0.0000000000000000000, -6.982966722218764100E-015 ) ) ;
#13051 = VECTOR ( 'NONE', #13050, 1000.000000000000000 ) ;
#13052 = CARTESIAN_POINT ( 'NONE',  ( 11.19999999999999600, 1.250000000000001800, -0.2500000000000776000 ) ) ;
#13053 = LINE ( 'NONE', #13052, #13051 ) ;
#13054 = CARTESIAN_POINT ( 'NONE',  ( 2.249999999999996900, 1.750000000000002200, -0.2500000000000133200 ) ) ;
#13055 = CARTESIAN_POINT ( 'NONE',  ( 2.249999999999996900, 1.250000000000002200, -0.2500000000000151000 ) ) ;
#13056 = DIRECTION ( 'NONE',  ( 2.438091212180733500E-029, 1.000000000000000000, 3.491483361109382100E-015 ) ) ;
#13057 = VECTOR ( 'NONE', #13056, 1000.000000000000000 ) ;
#13058 = CARTESIAN_POINT ( 'NONE',  ( 2.249999999999996900, 0.3999999999999999700, -0.2500000000000181000 ) ) ;
#13059 = LINE ( 'NONE', #13058, #13057 ) ;
#13060 = DIRECTION ( 'NONE',  ( 1.000000000000000000, 0.0000000000000000000, -6.982966722218764100E-015 ) ) ;
#13061 = VECTOR ( 'NONE', #13060, 1000.000000000000000 ) ;
#13062 = CARTESIAN_POINT ( 'NONE',  ( -10.24999999999998200, 3.249999999999990700, 2.650000000000079000 ) ) ;
#13063 = LINE ( 'NONE', #13062, #13061 ) ;
#13064 = DIRECTION ( 'NONE',  ( -1.000000000000000000, 0.0000000000000000000, 6.982966722218764100E-015 ) ) ;
#13065 = VECTOR ( 'NONE', #13064, 1000.000000000000000 ) ;
#13066 = CARTESIAN_POINT ( 'NONE',  ( 11.19999999999999600, 1.750000000000002200, -0.2500000000000758300 ) ) ;
#13067 = LINE ( 'NONE', #13066, #13065 ) ;
#13068 = CARTESIAN_POINT ( 'NONE',  ( -0.2500000000000036600, 1.750000000000002200, -0.2499999999999958900 ) ) ;
#13069 = CARTESIAN_POINT ( 'NONE',  ( 1.749999999999986000, 1.750000000000007300, -1.750000000000008400 ) ) ;
#13070 = DIRECTION ( 'NONE',  ( -2.438091212180733500E-029, -1.000000000000000000, -3.491483361109382100E-015 ) ) ;
#13071 = VECTOR ( 'NONE', #13070, 1000.000000000000000 ) ;
#13072 = CARTESIAN_POINT ( 'NONE',  ( -0.2500000000000036600, 0.3999999999999999700, -0.2500000000000006700 ) ) ;
#13073 = LINE ( 'NONE', #13072, #13071 ) ;
#13074 = CARTESIAN_POINT ( 'NONE',  ( 3.749999999999996400, 1.750000000000002200, -0.2500000000000238100 ) ) ;
#13075 = DIRECTION ( 'NONE',  ( -2.438091212180733500E-029, -1.000000000000000000, -3.491483361109382100E-015 ) ) ;
#13076 = VECTOR ( 'NONE', #13075, 1000.000000000000000 ) ;
#13077 = CARTESIAN_POINT ( 'NONE',  ( 3.749999999999996400, 0.3999999999999999700, -0.2500000000000285900 ) ) ;
#13078 = LINE ( 'NONE', #13077, #13076 ) ;
#13079 = CARTESIAN_POINT ( 'NONE',  ( -3.750000000000003600, 1.250000000000002200, -0.2499999999999731600 ) ) ;
#13080 = DIRECTION ( 'NONE',  ( 2.438091212180733500E-029, 1.000000000000000000, 3.491483361109382100E-015 ) ) ;
#13081 = VECTOR ( 'NONE', #13080, 1000.000000000000000 ) ;
#13082 = CARTESIAN_POINT ( 'NONE',  ( -3.750000000000003600, 0.3999999999999999700, -0.2499999999999762100 ) ) ;
#13083 = LINE ( 'NONE', #13082, #13081 ) ;
#13084 = CARTESIAN_POINT ( 'NONE',  ( -0.2500000000000036600, 1.250000000000001800, -0.2499999999999976100 ) ) ;
#13085 = DIRECTION ( 'NONE',  ( 1.000000000000000000, 0.0000000000000000000, -6.982966722218764100E-015 ) ) ;
#13086 = VECTOR ( 'NONE', #13085, 1000.000000000000000 ) ;
#13087 = CARTESIAN_POINT ( 'NONE',  ( 11.19999999999999600, 1.250000000000001800, -0.2500000000000776000 ) ) ;
#13088 = LINE ( 'NONE', #13087, #13086 ) ;
#13089 = CARTESIAN_POINT ( 'NONE',  ( 0.2499999999999967500, 1.750000000000002200, -0.2499999999999993600 ) ) ;
#13090 = CARTESIAN_POINT ( 'NONE',  ( 0.2499999999999967500, 1.250000000000002200, -0.2500000000000011100 ) ) ;
#13091 = DIRECTION ( 'NONE',  ( 2.438091212180733500E-029, 1.000000000000000000, 3.491483361109382100E-015 ) ) ;
#13092 = VECTOR ( 'NONE', #13091, 1000.000000000000000 ) ;
#13093 = CARTESIAN_POINT ( 'NONE',  ( 0.2499999999999967500, 0.3999999999999999700, -0.2500000000000041100 ) ) ;
#13094 = LINE ( 'NONE', #13093, #13092 ) ;
#13095 = DIRECTION ( 'NONE',  ( -1.000000000000000000, 0.0000000000000000000, 6.982966722218764100E-015 ) ) ;
#13096 = VECTOR ( 'NONE', #13095, 1000.000000000000000 ) ;
#13097 = CARTESIAN_POINT ( 'NONE',  ( 11.19999999999999600, 1.750000000000002200, -0.2500000000000758300 ) ) ;
#13098 = LINE ( 'NONE', #13097, #13096 ) ;
#13099 = CARTESIAN_POINT ( 'NONE',  ( -2.250000000000003600, 1.750000000000002200, -0.2499999999999819000 ) ) ;
#13100 = DIRECTION ( 'NONE',  ( -2.438091212180733500E-029, -1.000000000000000000, -3.491483361109382100E-015 ) ) ;
#13101 = VECTOR ( 'NONE', #13100, 1000.000000000000000 ) ;
#13102 = CARTESIAN_POINT ( 'NONE',  ( -2.250000000000003600, 0.3999999999999999700, -0.2499999999999866800 ) ) ;
#13103 = LINE ( 'NONE', #13102, #13101 ) ;
#13104 = DIRECTION ( 'NONE',  ( 1.000000000000000000, 0.0000000000000000000, -6.982966722218764100E-015 ) ) ;
#13105 = VECTOR ( 'NONE', #13104, 1000.000000000000000 ) ;
#13106 = CARTESIAN_POINT ( 'NONE',  ( 11.19999999999999600, 1.250000000000001800, -0.2500000000000776000 ) ) ;
#13107 = LINE ( 'NONE', #13106, #13105 ) ;
#13108 = CARTESIAN_POINT ( 'NONE',  ( 1.749999999999996400, 1.750000000000002200, -0.2500000000000098300 ) ) ;
#13109 = DIRECTION ( 'NONE',  ( -2.438091212180733500E-029, -1.000000000000000000, -3.491483361109382100E-015 ) ) ;
#13110 = VECTOR ( 'NONE', #13109, 1000.000000000000000 ) ;
#13111 = CARTESIAN_POINT ( 'NONE',  ( 1.749999999999996400, 0.3999999999999999700, -0.2500000000000146000 ) ) ;
#13112 = LINE ( 'NONE', #13111, #13110 ) ;
#13113 = LINE ( 'NONE', #8827, #13175 ) ;
#13114 = CARTESIAN_POINT ( 'NONE',  ( 7.749999999999996400, 1.250000000000001800, -0.2500000000000534600 ) ) ;
#13115 = DIRECTION ( 'NONE',  ( 1.000000000000000000, 0.0000000000000000000, -6.982966722218764100E-015 ) ) ;
#13116 = VECTOR ( 'NONE', #13115, 1000.000000000000000 ) ;
#13117 = CARTESIAN_POINT ( 'NONE',  ( 11.19999999999999600, 1.250000000000001800, -0.2500000000000776000 ) ) ;
#13118 = LINE ( 'NONE', #13117, #13116 ) ;
#13119 = CARTESIAN_POINT ( 'NONE',  ( 8.249999999999996400, 1.750000000000002200, -0.2500000000000552300 ) ) ;
#13120 = CARTESIAN_POINT ( 'NONE',  ( 8.249999999999996400, 1.250000000000002200, -0.2500000000000569500 ) ) ;
#13121 = DIRECTION ( 'NONE',  ( 2.438091212180733500E-029, 1.000000000000000000, 3.491483361109382100E-015 ) ) ;
#13122 = VECTOR ( 'NONE', #13121, 1000.000000000000000 ) ;
#13123 = CARTESIAN_POINT ( 'NONE',  ( 8.249999999999996400, 0.3999999999999999700, -0.2500000000000600100 ) ) ;
#13124 = LINE ( 'NONE', #13123, #13122 ) ;
#13125 = DIRECTION ( 'NONE',  ( 1.000000000000000000, 0.0000000000000000000, -6.982966722218764100E-015 ) ) ;
#13126 = VECTOR ( 'NONE', #13125, 1000.000000000000000 ) ;
#13127 = CARTESIAN_POINT ( 'NONE',  ( 11.19999999999999600, 1.250000000000001800, -0.2500000000000776000 ) ) ;
#13128 = LINE ( 'NONE', #13127, #13126 ) ;
#13129 = CARTESIAN_POINT ( 'NONE',  ( 10.24999999999999600, 1.750000000000002200, -0.2500000000000691700 ) ) ;
#13130 = CARTESIAN_POINT ( 'NONE',  ( 10.24999999999999600, 1.250000000000002200, -0.2500000000000708900 ) ) ;
#13131 = DIRECTION ( 'NONE',  ( 2.438091212180733500E-029, 1.000000000000000000, 3.491483361109382100E-015 ) ) ;
#13132 = VECTOR ( 'NONE', #13131, 1000.000000000000000 ) ;
#13133 = CARTESIAN_POINT ( 'NONE',  ( 10.24999999999999600, 0.3999999999999999700, -0.2500000000000739400 ) ) ;
#13134 = LINE ( 'NONE', #13133, #13132 ) ;
#13135 = DIRECTION ( 'NONE',  ( 1.000000000000000000, 0.0000000000000000000, -6.982966722218764100E-015 ) ) ;
#13136 = VECTOR ( 'NONE', #13135, 1000.000000000000000 ) ;
#13137 = CARTESIAN_POINT ( 'NONE',  ( 11.19999999999999600, 3.250000000000001300, -0.2500000000000706700 ) ) ;
#13138 = LINE ( 'NONE', #13137, #13136 ) ;
#13139 = DIRECTION ( 'NONE',  ( 1.000000000000000000, 0.0000000000000000000, -6.982966722218764100E-015 ) ) ;
#13140 = VECTOR ( 'NONE', #13139, 1000.000000000000000 ) ;
#13141 = CARTESIAN_POINT ( 'NONE',  ( 11.19999999999999600, 1.250000000000001800, -0.2500000000000776000 ) ) ;
#13142 = LINE ( 'NONE', #13141, #13140 ) ;
#13143 = CARTESIAN_POINT ( 'NONE',  ( -3.750000000000003600, 1.750000000000002200, -0.2499999999999714400 ) ) ;
#13144 = DIRECTION ( 'NONE',  ( -2.438091212180733500E-029, -1.000000000000000000, -3.491483361109382100E-015 ) ) ;
#13145 = VECTOR ( 'NONE', #13144, 1000.000000000000000 ) ;
#13146 = CARTESIAN_POINT ( 'NONE',  ( 5.749999999999996400, 0.3999999999999999700, -0.2500000000000425800 ) ) ;
#13147 = LINE ( 'NONE', #13146, #13145 ) ;
#13148 = CARTESIAN_POINT ( 'NONE',  ( 5.749999999999996400, 1.250000000000001800, -0.2500000000000395200 ) ) ;
#13149 = DIRECTION ( 'NONE',  ( 1.000000000000000000, 0.0000000000000000000, -6.982966722218764100E-015 ) ) ;
#13150 = VECTOR ( 'NONE', #13149, 1000.000000000000000 ) ;
#13151 = CARTESIAN_POINT ( 'NONE',  ( 11.19999999999999600, 1.250000000000001800, -0.2500000000000776000 ) ) ;
#13152 = LINE ( 'NONE', #13151, #13150 ) ;
#13153 = CARTESIAN_POINT ( 'NONE',  ( 6.249999999999996400, 1.750000000000002200, -0.2500000000000412400 ) ) ;
#13154 = CARTESIAN_POINT ( 'NONE',  ( 6.249999999999996400, 1.250000000000002200, -0.2500000000000430200 ) ) ;
#13155 = DIRECTION ( 'NONE',  ( 2.438091212180733500E-029, 1.000000000000000000, 3.491483361109382100E-015 ) ) ;
#13156 = VECTOR ( 'NONE', #13155, 1000.000000000000000 ) ;
#13157 = CARTESIAN_POINT ( 'NONE',  ( 6.249999999999996400, 0.3999999999999999700, -0.2500000000000460200 ) ) ;
#13158 = LINE ( 'NONE', #13157, #13156 ) ;
#13159 = DIRECTION ( 'NONE',  ( -1.000000000000000000, 0.0000000000000000000, 6.982966722218764100E-015 ) ) ;
#13160 = VECTOR ( 'NONE', #13159, 1000.000000000000000 ) ;
#13161 = CARTESIAN_POINT ( 'NONE',  ( 11.19999999999999600, 1.750000000000002200, -0.2500000000000758300 ) ) ;
#13162 = LINE ( 'NONE', #13161, #13160 ) ;
#13163 = CARTESIAN_POINT ( 'NONE',  ( 9.749999999999996400, 3.250000000000001300, -0.2500000000000605100 ) ) ;
#13164 = CARTESIAN_POINT ( 'NONE',  ( 9.749999999999996400, 3.750000000000001800, -0.2500000000000587900 ) ) ;
#13165 = DIRECTION ( 'NONE',  ( -2.438091212180733500E-029, -1.000000000000000000, -3.491483361109382100E-015 ) ) ;
#13166 = VECTOR ( 'NONE', #13165, 1000.000000000000000 ) ;
#13167 = CARTESIAN_POINT ( 'NONE',  ( 9.749999999999996400, 0.3999999999999999700, -0.2500000000000705000 ) ) ;
#13168 = LINE ( 'NONE', #13167, #13166 ) ;
#13169 = DIRECTION ( 'NONE',  ( -1.000000000000000000, 0.0000000000000000000, 6.982966722218764100E-015 ) ) ;
#13170 = VECTOR ( 'NONE', #13169, 1000.000000000000000 ) ;
#13171 = CARTESIAN_POINT ( 'NONE',  ( 11.19999999999999600, 1.750000000000002200, -0.2500000000000758300 ) ) ;
#13172 = LINE ( 'NONE', #13171, #13170 ) ;
#13173 = CARTESIAN_POINT ( 'NONE',  ( 7.749999999999996400, 1.750000000000002200, -0.2500000000000517400 ) ) ;
#13174 = DIRECTION ( 'NONE',  ( -2.438091212180733500E-029, -1.000000000000000000, -3.491483361109382100E-015 ) ) ;
#13175 = VECTOR ( 'NONE', #13174, 1000.000000000000000 ) ;
#13176 = DIRECTION ( 'NONE',  ( 2.438091212180733500E-029, 1.000000000000000000, 3.491483361109382100E-015 ) ) ;
#13177 = VECTOR ( 'NONE', #13176, 1000.000000000000000 ) ;
#13178 = CARTESIAN_POINT ( 'NONE',  ( 8.524999999999995000, -0.001000000000001216900, -0.2500000000000632300 ) ) ;
#13179 = LINE ( 'NONE', #13178, #13177 ) ;
#13180 = DIRECTION ( 'NONE',  ( 2.438091212180733500E-029, 1.000000000000000000, 3.491483361109382100E-015 ) ) ;
#13181 = DIRECTION ( 'NONE',  ( 1.000000000000000000, 0.0000000000000000000, -6.982966722218764100E-015 ) ) ;
#13182 = CARTESIAN_POINT ( 'NONE',  ( 9.475000000000021000, -0.001000000000014227400, 3.449999999999930000 ) ) ;
#13183 = AXIS2_PLACEMENT_3D ( 'NONE', #13182, #13181, #13180 ) ;
#13184 = PLANE ( 'NONE',  #13183 ) ;
#13185 = FACE_OUTER_BOUND ( 'NONE', #7612, .T. ) ;
#13186 = DIRECTION ( 'NONE',  ( 2.438091212180733500E-029, 1.000000000000000000, 3.491483361109382100E-015 ) ) ;
#13187 = VECTOR ( 'NONE', #13186, 1000.000000000000000 ) ;
#13188 = CARTESIAN_POINT ( 'NONE',  ( 9.475000000000021000, -0.001000000000014227400, 3.449999999999930000 ) ) ;
#13189 = LINE ( 'NONE', #13188, #13187 ) ;
#13190 = DIRECTION ( 'NONE',  ( 2.438091212180733500E-029, 1.000000000000000000, 3.491483361109382100E-015 ) ) ;
#13191 = VECTOR ( 'NONE', #13190, 1000.000000000000000 ) ;
#13192 = CARTESIAN_POINT ( 'NONE',  ( 10.80000000000002200, -0.001000000000014227400, 3.449999999999921100 ) ) ;
#13193 = LINE ( 'NONE', #13192, #13191 ) ;
#13194 = DIRECTION ( 'NONE',  ( 2.438091212180733500E-029, 1.000000000000000000, 3.491483361109382100E-015 ) ) ;
#13195 = VECTOR ( 'NONE', #13194, 1000.000000000000000 ) ;
#13196 = CARTESIAN_POINT ( 'NONE',  ( 4.249999999999996400, 0.3999999999999999700, -0.2500000000000320300 ) ) ;
#13197 = LINE ( 'NONE', #13196, #13195 ) ;
#13198 = DIRECTION ( 'NONE',  ( -1.000000000000000000, 0.0000000000000000000, 6.982966722218764100E-015 ) ) ;
#13199 = VECTOR ( 'NONE', #13198, 1000.000000000000000 ) ;
#13200 = CARTESIAN_POINT ( 'NONE',  ( 11.19999999999999600, 1.750000000000002200, -0.2500000000000758300 ) ) ;
#13201 = LINE ( 'NONE', #13200, #13199 ) ;
#13202 = DIRECTION ( 'NONE',  ( -1.000000000000000000, 0.0000000000000000000, 6.982966722218764100E-015 ) ) ;
#13203 = VECTOR ( 'NONE', #13202, 1000.000000000000000 ) ;
#13204 = CARTESIAN_POINT ( 'NONE',  ( 11.19999999999999600, 1.750000000000002200, -0.2500000000000758300 ) ) ;
#13205 = LINE ( 'NONE', #13204, #13203 ) ;
#13206 = CARTESIAN_POINT ( 'NONE',  ( 5.749999999999996400, 1.750000000000002200, -0.2500000000000378000 ) ) ;
#13207 = CARTESIAN_POINT ( 'NONE',  ( 10.24999999999999500, 3.750000000000001800, -0.2500000000000622300 ) ) ;
#13208 = DIRECTION ( 'NONE',  ( -1.000000000000000000, 0.0000000000000000000, 6.982966722218764100E-015 ) ) ;
#13209 = VECTOR ( 'NONE', #13208, 1000.000000000000000 ) ;
#13210 = CARTESIAN_POINT ( 'NONE',  ( 11.19999999999999600, 3.750000000000001800, -0.2500000000000688900 ) ) ;
#13211 = LINE ( 'NONE', #13210, #13209 ) ;
#13212 = DIRECTION ( 'NONE',  ( 2.438091212180733500E-029, 1.000000000000000000, 3.491483361109382100E-015 ) ) ;
#13213 = VECTOR ( 'NONE', #13212, 1000.000000000000000 ) ;
#13214 = CARTESIAN_POINT ( 'NONE',  ( 9.474999999999996100, -0.001000000000001216900, -0.2500000000000698900 ) ) ;
#13215 = LINE ( 'NONE', #13214, #13213 ) ;
#13216 = DIRECTION ( 'NONE',  ( -1.000000000000000000, 0.0000000000000000000, 6.982966722218764100E-015 ) ) ;
#13217 = VECTOR ( 'NONE', #13216, 1000.000000000000000 ) ;
#13218 = CARTESIAN_POINT ( 'NONE',  ( 11.19999999999999600, 1.750000000000002200, -0.2500000000000758300 ) ) ;
#13219 = LINE ( 'NONE', #13218, #13217 ) ;
#13220 = CARTESIAN_POINT ( 'NONE',  ( 9.749999999999996400, 1.750000000000002200, -0.2500000000000657300 ) ) ;
#13221 = DIRECTION ( 'NONE',  ( -2.438091212180733500E-029, -1.000000000000000000, -3.491483361109382100E-015 ) ) ;
#13222 = VECTOR ( 'NONE', #13221, 1000.000000000000000 ) ;
#13223 = CARTESIAN_POINT ( 'NONE',  ( 9.749999999999996400, 0.3999999999999999700, -0.2500000000000705000 ) ) ;
#13224 = LINE ( 'NONE', #13223, #13222 ) ;
#13225 = CARTESIAN_POINT ( 'NONE',  ( 9.749999999999996400, 1.250000000000001800, -0.2500000000000674500 ) ) ;
#13226 = DIRECTION ( 'NONE',  ( -2.438091212180733500E-029, -1.000000000000000000, -3.491483361109382100E-015 ) ) ;
#13227 = DIRECTION ( 'NONE',  ( -6.982966722218764100E-015, 3.491483361109382100E-015, -1.000000000000000000 ) ) ;
#13228 = CARTESIAN_POINT ( 'NONE',  ( 10.80000000000002200, -0.001000000000014227400, 3.449999999999921100 ) ) ;
#13229 = AXIS2_PLACEMENT_3D ( 'NONE', #13228, #13227, #13226 ) ;
#13230 = PLANE ( 'NONE',  #13229 ) ;
#13231 = FACE_OUTER_BOUND ( 'NONE', #7685, .T. ) ;
#13232 = DIRECTION ( 'NONE',  ( 2.438091212180733500E-029, 1.000000000000000000, 3.491483361109382100E-015 ) ) ;
#13233 = VECTOR ( 'NONE', #13232, 1000.000000000000000 ) ;
#13234 = CARTESIAN_POINT ( 'NONE',  ( -9.474999999999999600, -0.001000000000001216900, -0.2499999999999374900 ) ) ;
#13235 = LINE ( 'NONE', #13234, #13233 ) ;
#13236 = DIRECTION ( 'NONE',  ( 2.438091212180733500E-029, 1.000000000000000000, 3.491483361109382100E-015 ) ) ;
#13237 = VECTOR ( 'NONE', #13236, 1000.000000000000000 ) ;
#13238 = CARTESIAN_POINT ( 'NONE',  ( -8.524999999999998600, -0.001000000000001216900, -0.2499999999999441600 ) ) ;
#13239 = LINE ( 'NONE', #13238, #13237 ) ;
#13240 = CARTESIAN_POINT ( 'NONE',  ( -8.524999999999970200, -0.001000000000014227400, 3.450000000000055700 ) ) ;
#13241 = AXIS2_PLACEMENT_3D ( 'NONE', #13240, #13308, #13307 ) ;
#13242 = PLANE ( 'NONE',  #13241 ) ;
#13243 = FACE_OUTER_BOUND ( 'NONE', #7667, .T. ) ;
#13244 = DIRECTION ( 'NONE',  ( 2.438091212180733500E-029, 1.000000000000000000, 3.491483361109382100E-015 ) ) ;
#13245 = VECTOR ( 'NONE', #13244, 1000.000000000000000 ) ;
#13246 = CARTESIAN_POINT ( 'NONE',  ( -8.524999999999970200, -0.001000000000014227400, 3.450000000000055700 ) ) ;
#13247 = LINE ( 'NONE', #13246, #13245 ) ;
#13248 = DIRECTION ( 'NONE',  ( -2.438091212180733500E-029, -1.000000000000000000, -3.491483361109382100E-015 ) ) ;
#13249 = DIRECTION ( 'NONE',  ( -1.000000000000000000, 0.0000000000000000000, 6.982966722218764100E-015 ) ) ;
#13250 = CARTESIAN_POINT ( 'NONE',  ( -10.79999999999996700, -0.001000000000018564200, 4.750000000000072800 ) ) ;
#13251 = AXIS2_PLACEMENT_3D ( 'NONE', #13250, #13249, #13248 ) ;
#13252 = PLANE ( 'NONE',  #13251 ) ;
#13253 = ADVANCED_FACE ( 'NONE', ( #5848 ), #5888, .T. ) ;
#13254 = FACE_OUTER_BOUND ( 'NONE', #7662, .T. ) ;
#13255 = DIRECTION ( 'NONE',  ( 2.438091212180733500E-029, 1.000000000000000000, 3.491483361109382100E-015 ) ) ;
#13256 = VECTOR ( 'NONE', #13255, 1000.000000000000000 ) ;
#13257 = CARTESIAN_POINT ( 'NONE',  ( -10.79999999999997600, -0.001000000000014227400, 3.450000000000072100 ) ) ;
#13258 = LINE ( 'NONE', #13257, #13256 ) ;
#13259 = DIRECTION ( 'NONE',  ( -2.438091212180733500E-029, -1.000000000000000000, -3.491483361109382100E-015 ) ) ;
#13260 = DIRECTION ( 'NONE',  ( -6.982966722218764100E-015, 3.491483361109382100E-015, -1.000000000000000000 ) ) ;
#13261 = CARTESIAN_POINT ( 'NONE',  ( -9.474999999999971200, -0.001000000000014227400, 3.450000000000062800 ) ) ;
#13262 = AXIS2_PLACEMENT_3D ( 'NONE', #13261, #13260, #13259 ) ;
#13263 = PLANE ( 'NONE',  #13262 ) ;
#13264 = FACE_OUTER_BOUND ( 'NONE', #7655, .T. ) ;
#13265 = DIRECTION ( 'NONE',  ( 2.438091212180733500E-029, 1.000000000000000000, 3.491483361109382100E-015 ) ) ;
#13266 = VECTOR ( 'NONE', #13265, 1000.000000000000000 ) ;
#13267 = CARTESIAN_POINT ( 'NONE',  ( -9.474999999999971200, -0.001000000000014227400, 3.450000000000062800 ) ) ;
#13268 = LINE ( 'NONE', #13267, #13266 ) ;
#13269 = CARTESIAN_POINT ( 'NONE',  ( 10.24999999999999600, 3.250000000000001300, -0.2500000000000639500 ) ) ;
#13270 = DIRECTION ( 'NONE',  ( -3.469446951953586600E-015, 1.000000000000000000, 3.491483361109406100E-015 ) ) ;
#13271 = VECTOR ( 'NONE', #13270, 1000.000000000000000 ) ;
#13272 = CARTESIAN_POINT ( 'NONE',  ( 10.25000000000000700, 0.3999999999999964700, -0.2500000000000739400 ) ) ;
#13273 = LINE ( 'NONE', #13272, #13271 ) ;
#13274 = FACE_OUTER_BOUND ( 'NONE', #7691, .T. ) ;
#13275 = DIRECTION ( 'NONE',  ( 2.438091212180733500E-029, 1.000000000000000000, 3.491483361109382100E-015 ) ) ;
#13276 = VECTOR ( 'NONE', #13275, 1000.000000000000000 ) ;
#13277 = CARTESIAN_POINT ( 'NONE',  ( -11.14999999999998600, -0.001000000000008155800, 1.750000000000075900 ) ) ;
#13278 = LINE ( 'NONE', #13277, #13276 ) ;
#13279 = DIRECTION ( 'NONE',  ( 2.438091212180733500E-029, 1.000000000000000000, 3.491483361109382100E-015 ) ) ;
#13280 = DIRECTION ( 'NONE',  ( 1.000000000000000000, 0.0000000000000000000, -6.982966722218764100E-015 ) ) ;
#13281 = CARTESIAN_POINT ( 'NONE',  ( 11.15000000000001100, -0.001000000000008155800, 1.749999999999920300 ) ) ;
#13282 = AXIS2_PLACEMENT_3D ( 'NONE', #13281, #13280, #13279 ) ;
#13283 = PLANE ( 'NONE',  #13282 ) ;
#13284 = FACE_OUTER_BOUND ( 'NONE', #7687, .T. ) ;
#13285 = DIRECTION ( 'NONE',  ( -2.438091212180733500E-029, -1.000000000000000000, -3.491483361109382100E-015 ) ) ;
#13286 = DIRECTION ( 'NONE',  ( -6.982966722218764100E-015, 3.491483361109382100E-015, -1.000000000000000000 ) ) ;
#13287 = CARTESIAN_POINT ( 'NONE',  ( 8.525000000000021700, -0.001000000000014227400, 3.449999999999937100 ) ) ;
#13288 = AXIS2_PLACEMENT_3D ( 'NONE', #13287, #13286, #13285 ) ;
#13289 = PLANE ( 'NONE',  #13288 ) ;
#13290 = FACE_OUTER_BOUND ( 'NONE', #7682, .T. ) ;
#13291 = DIRECTION ( 'NONE',  ( 2.438091212180733500E-029, 1.000000000000000000, 3.491483361109382100E-015 ) ) ;
#13292 = VECTOR ( 'NONE', #13291, 1000.000000000000000 ) ;
#13293 = CARTESIAN_POINT ( 'NONE',  ( 8.525000000000021700, -0.001000000000014227400, 3.449999999999937100 ) ) ;
#13294 = LINE ( 'NONE', #13293, #13292 ) ;
#13295 = DIRECTION ( 'NONE',  ( 7.451810904915198000E-015, -3.491483361109382100E-015, 1.000000000000000000 ) ) ;
#13296 = DIRECTION ( 'NONE',  ( -1.000000000000000000, -1.636961662837527100E-030, 7.451810904915198000E-015 ) ) ;
#13297 = CARTESIAN_POINT ( 'NONE',  ( 8.525000000000021700, -0.001000000000014227400, 3.449999999999937100 ) ) ;
#13298 = AXIS2_PLACEMENT_3D ( 'NONE', #13297, #13296, #13295 ) ;
#13299 = PLANE ( 'NONE',  #13298 ) ;
#13300 = FACE_OUTER_BOUND ( 'NONE', #7617, .T. ) ;
#13301 = DIRECTION ( 'NONE',  ( 7.451810904915198000E-015, -3.491483361109382100E-015, 1.000000000000000000 ) ) ;
#13302 = DIRECTION ( 'NONE',  ( -1.000000000000000000, -1.636961662837527100E-030, 7.451810904915198000E-015 ) ) ;
#13303 = CARTESIAN_POINT ( 'NONE',  ( -9.474999999999971200, -0.001000000000014227400, 3.450000000000062800 ) ) ;
#13304 = AXIS2_PLACEMENT_3D ( 'NONE', #13303, #13302, #13301 ) ;
#13305 = PLANE ( 'NONE',  #13304 ) ;
#13306 = FACE_OUTER_BOUND ( 'NONE', #7673, .T. ) ;
#13307 = DIRECTION ( 'NONE',  ( -7.451810904915198000E-015, 3.491483361109382100E-015, -1.000000000000000000 ) ) ;
#13308 = DIRECTION ( 'NONE',  ( 1.000000000000000000, 1.636961662837527100E-030, -7.451810904915198000E-015 ) ) ;
#13309 = AXIS2_PLACEMENT_3D ( 'NONE', #13375, #13374, #13373 ) ;
#13310 = PLANE ( 'NONE',  #13309 ) ;
#13311 = FACE_OUTER_BOUND ( 'NONE', #7718, .T. ) ;
#13312 = DIRECTION ( 'NONE',  ( -2.438091212180733500E-029, -1.000000000000000000, -3.491483361109382100E-015 ) ) ;
#13313 = DIRECTION ( 'NONE',  ( -1.000000000000000000, 0.0000000000000000000, 6.982966722218764100E-015 ) ) ;
#13314 = CARTESIAN_POINT ( 'NONE',  ( -11.14999999999998600, -0.001000000000008155800, 1.750000000000075900 ) ) ;
#13315 = AXIS2_PLACEMENT_3D ( 'NONE', #13314, #13313, #13312 ) ;
#13316 = PLANE ( 'NONE',  #13315 ) ;
#13317 = FACE_OUTER_BOUND ( 'NONE', #7708, .T. ) ;
#13318 = DIRECTION ( 'NONE',  ( 2.438091212180733500E-029, 1.000000000000000000, 3.491483361109382100E-015 ) ) ;
#13319 = VECTOR ( 'NONE', #13318, 1000.000000000000000 ) ;
#13320 = CARTESIAN_POINT ( 'NONE',  ( -11.14999999999999700, -0.001000000000002951700, 0.2500000000000754400 ) ) ;
#13321 = LINE ( 'NONE', #13320, #13319 ) ;
#13322 = DIRECTION ( 'NONE',  ( 2.438091212180733500E-029, 1.000000000000000000, 3.491483361109382100E-015 ) ) ;
#13323 = VECTOR ( 'NONE', #13322, 1000.000000000000000 ) ;
#13324 = CARTESIAN_POINT ( 'NONE',  ( -10.44999999999999800, -0.001000000000002951700, 0.2500000000000706100 ) ) ;
#13325 = LINE ( 'NONE', #13324, #13323 ) ;
#13326 = DIRECTION ( 'NONE',  ( 2.438091212180733500E-029, 1.000000000000000000, 3.491483361109382100E-015 ) ) ;
#13327 = DIRECTION ( 'NONE',  ( 1.000000000000000000, 0.0000000000000000000, -6.982966722218764100E-015 ) ) ;
#13328 = CARTESIAN_POINT ( 'NONE',  ( -10.44999999999998700, -0.001000000000008155800, 1.750000000000071100 ) ) ;
#13329 = AXIS2_PLACEMENT_3D ( 'NONE', #13328, #13327, #13326 ) ;
#13330 = PLANE ( 'NONE',  #13329 ) ;
#13331 = FACE_OUTER_BOUND ( 'NONE', #7698, .T. ) ;
#13332 = DIRECTION ( 'NONE',  ( 2.438091212180733500E-029, 1.000000000000000000, 3.491483361109382100E-015 ) ) ;
#13333 = VECTOR ( 'NONE', #13332, 1000.000000000000000 ) ;
#13334 = CARTESIAN_POINT ( 'NONE',  ( -10.44999999999998700, -0.001000000000008155800, 1.750000000000071100 ) ) ;
#13335 = LINE ( 'NONE', #13334, #13333 ) ;
#13336 = DIRECTION ( 'NONE',  ( 1.000000000000000000, 2.163127911606735700E-030, -7.602510820781910700E-015 ) ) ;
#13337 = DIRECTION ( 'NONE',  ( 7.602510820781910700E-015, -3.491483361109382100E-015, 1.000000000000000000 ) ) ;
#13338 = CARTESIAN_POINT ( 'NONE',  ( -10.44999999999998700, -0.001000000000008155800, 1.750000000000071100 ) ) ;
#13339 = AXIS2_PLACEMENT_3D ( 'NONE', #13338, #13337, #13336 ) ;
#13340 = PLANE ( 'NONE',  #13339 ) ;
#13341 = DIRECTION ( 'NONE',  ( -2.438091212180733500E-029, -1.000000000000000000, -3.491483361109382100E-015 ) ) ;
#13342 = DIRECTION ( 'NONE',  ( -6.982966722218764100E-015, 3.491483361109382100E-015, -1.000000000000000000 ) ) ;
#13343 = CARTESIAN_POINT ( 'NONE',  ( 10.45000000000000100, -0.001000000000002951700, 0.2499999999999246400 ) ) ;
#13344 = AXIS2_PLACEMENT_3D ( 'NONE', #13343, #13342, #13341 ) ;
#13345 = PLANE ( 'NONE',  #13344 ) ;
#13346 = FACE_OUTER_BOUND ( 'NONE', #7745, .T. ) ;
#13347 = DIRECTION ( 'NONE',  ( 2.438091212180733500E-029, 1.000000000000000000, 3.491483361109382100E-015 ) ) ;
#13348 = VECTOR ( 'NONE', #13347, 1000.000000000000000 ) ;
#13349 = CARTESIAN_POINT ( 'NONE',  ( 11.15000000000000000, -0.001000000000002951700, 0.2499999999999197900 ) ) ;
#13350 = LINE ( 'NONE', #13349, #13348 ) ;
#13351 = DIRECTION ( 'NONE',  ( -2.344910317526904900E-029, -1.000000000000000000, -3.358043093726550800E-015 ) ) ;
#13352 = VECTOR ( 'NONE', #13351, 1000.000000000000000 ) ;
#13353 = CARTESIAN_POINT ( 'NONE',  ( -10.79999999999997200, 5.000999999999987900, 3.450000000000088600 ) ) ;
#13354 = LINE ( 'NONE', #13353, #13352 ) ;
#13355 = DIRECTION ( 'NONE',  ( -2.344910317526904900E-029, -1.000000000000000000, -3.358043093726550800E-015 ) ) ;
#13356 = DIRECTION ( 'NONE',  ( -6.982966722218764100E-015, 3.358043093726550800E-015, -1.000000000000000000 ) ) ;
#13357 = CARTESIAN_POINT ( 'NONE',  ( -10.79999999999997200, 5.000999999999987900, 3.450000000000088600 ) ) ;
#13358 = AXIS2_PLACEMENT_3D ( 'NONE', #13357, #13356, #13355 ) ;
#13359 = PLANE ( 'NONE',  #13358 ) ;
#13360 = FACE_OUTER_BOUND ( 'NONE', #7735, .T. ) ;
#13361 = DIRECTION ( 'NONE',  ( -2.344910317526904900E-029, -1.000000000000000000, -3.358043093726550800E-015 ) ) ;
#13362 = DIRECTION ( 'NONE',  ( -6.982966722218764100E-015, 3.358043093726550800E-015, -1.000000000000000000 ) ) ;
#13363 = CARTESIAN_POINT ( 'NONE',  ( -9.999999999999984000, 5.000999999999993200, 2.050000000000082400 ) ) ;
#13364 = AXIS2_PLACEMENT_3D ( 'NONE', #13363, #13362, #13361 ) ;
#13365 = PLANE ( 'NONE',  #13364 ) ;
#13366 = FACE_OUTER_BOUND ( 'NONE', #7725, .T. ) ;
#13367 = DIRECTION ( 'NONE',  ( -2.438091212180733500E-029, -1.000000000000000000, -3.491483361109382100E-015 ) ) ;
#13368 = DIRECTION ( 'NONE',  ( -6.982966722218764100E-015, 3.491483361109382100E-015, -1.000000000000000000 ) ) ;
#13369 = CARTESIAN_POINT ( 'NONE',  ( -10.44999999999999800, -0.001000000000002951700, 0.2500000000000706100 ) ) ;
#13370 = AXIS2_PLACEMENT_3D ( 'NONE', #13369, #13368, #13367 ) ;
#13371 = PLANE ( 'NONE',  #13370 ) ;
#13372 = FACE_OUTER_BOUND ( 'NONE', #7649, .T. ) ;
#13373 = DIRECTION ( 'NONE',  ( 2.438091212180733500E-029, 1.000000000000000000, 3.491483361109382100E-015 ) ) ;
#13374 = DIRECTION ( 'NONE',  ( 1.000000000000000000, 0.0000000000000000000, -6.982966722218764100E-015 ) ) ;
#13375 = CARTESIAN_POINT ( 'NONE',  ( 10.80000000000003100, -0.001000000000018564200, 4.749999999999921800 ) ) ;
#13376 = DIRECTION ( 'NONE',  ( -2.438091212180733500E-029, -1.000000000000000000, -3.491483361109382100E-015 ) ) ;
#13377 = DIRECTION ( 'NONE',  ( -1.000000000000000000, 0.0000000000000000000, 6.982966722218764100E-015 ) ) ;
#13378 = CARTESIAN_POINT ( 'NONE',  ( 8.500000000000017800, 5.000999999999990600, 2.749999999999953400 ) ) ;
#13379 = AXIS2_PLACEMENT_3D ( 'NONE', #13378, #13377, #13376 ) ;
#13380 = PLANE ( 'NONE',  #13379 ) ;
#13381 = FACE_OUTER_BOUND ( 'NONE', #7772, .T. ) ;
#13382 = DIRECTION ( 'NONE',  ( -2.344910317526904900E-029, -1.000000000000000000, -3.358043093726550800E-015 ) ) ;
#13383 = VECTOR ( 'NONE', #13382, 1000.000000000000000 ) ;
#13384 = CARTESIAN_POINT ( 'NONE',  ( 8.500000000000017800, 5.000999999999990600, 2.749999999999953400 ) ) ;
#13385 = LINE ( 'NONE', #13384, #13383 ) ;
#13386 = DIRECTION ( 'NONE',  ( 2.438091212180733500E-029, 1.000000000000000000, 3.491483361109382100E-015 ) ) ;
#13387 = VECTOR ( 'NONE', #13386, 1000.000000000000000 ) ;
#13388 = CARTESIAN_POINT ( 'NONE',  ( 11.15000000000001100, -0.001000000000008155800, 1.749999999999920300 ) ) ;
#13389 = LINE ( 'NONE', #13388, #13387 ) ;
#13390 = DIRECTION ( 'NONE',  ( 2.438091212180733500E-029, 1.000000000000000000, 3.491483361109382100E-015 ) ) ;
#13391 = VECTOR ( 'NONE', #13390, 1000.000000000000000 ) ;
#13392 = CARTESIAN_POINT ( 'NONE',  ( 10.45000000000001200, -0.001000000000008155800, 1.749999999999924900 ) ) ;
#13393 = LINE ( 'NONE', #13392, #13391 ) ;
#13394 = DIRECTION ( 'NONE',  ( 1.000000000000000000, -2.163127911606735700E-030, -6.363422623655617600E-015 ) ) ;
#13395 = DIRECTION ( 'NONE',  ( 6.363422623655617600E-015, -3.491483361109382100E-015, 1.000000000000000000 ) ) ;
#13396 = CARTESIAN_POINT ( 'NONE',  ( 10.45000000000001200, -0.001000000000008155800, 1.749999999999924900 ) ) ;
#13397 = AXIS2_PLACEMENT_3D ( 'NONE', #13396, #13395, #13394 ) ;
#13398 = PLANE ( 'NONE',  #13397 ) ;
#13399 = FACE_OUTER_BOUND ( 'NONE', #7755, .T. ) ;
#13400 = DIRECTION ( 'NONE',  ( -2.438091212180733500E-029, -1.000000000000000000, -3.491483361109382100E-015 ) ) ;
#13401 = DIRECTION ( 'NONE',  ( -1.000000000000000000, 0.0000000000000000000, 6.982966722218764100E-015 ) ) ;
#13402 = CARTESIAN_POINT ( 'NONE',  ( 10.45000000000001200, -0.001000000000008155800, 1.749999999999924900 ) ) ;
#13403 = AXIS2_PLACEMENT_3D ( 'NONE', #13402, #13401, #13400 ) ;
#13404 = PLANE ( 'NONE',  #13403 ) ;
#13405 = FACE_OUTER_BOUND ( 'NONE', #7729, .T. ) ;
#13406 = DIRECTION ( 'NONE',  ( 2.438091212180733500E-029, 1.000000000000000000, 3.491483361109382100E-015 ) ) ;
#13407 = VECTOR ( 'NONE', #13406, 1000.000000000000000 ) ;
#13408 = CARTESIAN_POINT ( 'NONE',  ( 10.45000000000000100, -0.001000000000002951700, 0.2499999999999246400 ) ) ;
#13409 = LINE ( 'NONE', #13408, #13407 ) ;
#13410 = ORIENTED_EDGE ( 'NONE', *, *, #7252, .F. ) ;
#13411 = EDGE_LOOP ( 'NONE', ( #13410, #13448, #13446, #13429 ) ) ;
#13412 = ADVANCED_FACE ( 'NONE', ( #5882 ), #5922, .T. ) ;
#13413 = VERTEX_POINT ( 'NONE', #5917 ) ;
#13414 = EDGE_CURVE ( 'NONE', #13416, #7250, #5916, .T. ) ;
#13415 = ORIENTED_EDGE ( 'NONE', *, *, #13414, .T. ) ;
#13416 = VERTEX_POINT ( 'NONE', #5912 ) ;
#13417 = EDGE_CURVE ( 'NONE', #13416, #13413, #5911, .T. ) ;
#13418 = ORIENTED_EDGE ( 'NONE', *, *, #13417, .F. ) ;
#13419 = VERTEX_POINT ( 'NONE', #5907 ) ;
#13420 = ORIENTED_EDGE ( 'NONE', *, *, #13421, .F. ) ;
#13421 = EDGE_CURVE ( 'NONE', #13413, #13419, #5906, .T. ) ;
#13422 = ORIENTED_EDGE ( 'NONE', *, *, #13423, .T. ) ;
#13423 = EDGE_CURVE ( 'NONE', #13442, #13419, #5902, .T. ) ;
#13424 = VERTEX_POINT ( 'NONE', #5898 ) ;
#13425 = ORIENTED_EDGE ( 'NONE', *, *, #13427, .T. ) ;
#13426 = ORIENTED_EDGE ( 'NONE', *, *, #6697, .F. ) ;
#13427 = EDGE_CURVE ( 'NONE', #13436, #13428, #5897, .T. ) ;
#13428 = VERTEX_POINT ( 'NONE', #5893 ) ;
#13429 = ORIENTED_EDGE ( 'NONE', *, *, #13430, .T. ) ;
#13430 = EDGE_CURVE ( 'NONE', #13436, #7253, #5949, .T. ) ;
#13431 = ADVANCED_FACE ( 'NONE', ( #5945 ), #5930, .T. ) ;
#13432 = EDGE_LOOP ( 'NONE', ( #13433, #13434, #13425, #151, #154, #157 ) ) ;
#13433 = ORIENTED_EDGE ( 'NONE', *, *, #7255, .F. ) ;
#13434 = ORIENTED_EDGE ( 'NONE', *, *, #13430, .F. ) ;
#13435 = ORIENTED_EDGE ( 'NONE', *, *, #13452, .T. ) ;
#13436 = VERTEX_POINT ( 'NONE', #5925 ) ;
#13437 = ORIENTED_EDGE ( 'NONE', *, *, #158, .F. ) ;
#13438 = ORIENTED_EDGE ( 'NONE', *, *, #13461, .F. ) ;
#13439 = ORIENTED_EDGE ( 'NONE', *, *, #6599, .T. ) ;
#13440 = ORIENTED_EDGE ( 'NONE', *, *, #6701, .F. ) ;
#13441 = ORIENTED_EDGE ( 'NONE', *, *, #13456, .F. ) ;
#13442 = VERTEX_POINT ( 'NONE', #5924 ) ;
#13443 = ORIENTED_EDGE ( 'NONE', *, *, #13444, .F. ) ;
#13444 = EDGE_CURVE ( 'NONE', #7416, #6420, #5982, .T. ) ;
#13445 = ORIENTED_EDGE ( 'NONE', *, *, #7244, .F. ) ;
#13446 = ORIENTED_EDGE ( 'NONE', *, *, #13449, .T. ) ;
#13447 = EDGE_LOOP ( 'NONE', ( #13441, #13440, #13438, #13439 ) ) ;
#13448 = ORIENTED_EDGE ( 'NONE', *, *, #13414, .F. ) ;
#13449 = EDGE_CURVE ( 'NONE', #13416, #13436, #5978, .T. ) ;
#13450 = EDGE_LOOP ( 'NONE', ( #13445, #13437, #13435, #160 ) ) ;
#13451 = ORIENTED_EDGE ( 'NONE', *, *, #13474, .F. ) ;
#13452 = EDGE_CURVE ( 'NONE', #146, #13442, #5974, .T. ) ;
#13453 = ORIENTED_EDGE ( 'NONE', *, *, #13476, .T. ) ;
#13454 = ORIENTED_EDGE ( 'NONE', *, *, #6689, .T. ) ;
#13455 = VERTEX_POINT ( 'NONE', #5970 ) ;
#13456 = EDGE_CURVE ( 'NONE', #6693, #6623, #5968, .T. ) ;
#13457 = ADVANCED_FACE ( 'NONE', ( #5964 ), #6010, .F. ) ;
#13458 = ORIENTED_EDGE ( 'NONE', *, *, #6683, .T. ) ;
#13459 = VERTEX_POINT ( 'NONE', #6005 ) ;
#13460 = ORIENTED_EDGE ( 'NONE', *, *, #7203, .F. ) ;
#13461 = EDGE_CURVE ( 'NONE', #6597, #6699, #6004, .T. ) ;
#13462 = ORIENTED_EDGE ( 'NONE', *, *, #6585, .F. ) ;
#13463 = ORIENTED_EDGE ( 'NONE', *, *, #13461, .T. ) ;
#13464 = ORIENTED_EDGE ( 'NONE', *, *, #6634, .T. ) ;
#13465 = EDGE_LOOP ( 'NONE', ( #13464, #13453, #13454, #779 ) ) ;
#13466 = VERTEX_POINT ( 'NONE', #6000 ) ;
#13467 = ORIENTED_EDGE ( 'NONE', *, *, #6685, .T. ) ;
#13468 = ADVANCED_FACE ( 'NONE', ( #5999 ), #6045, .T. ) ;
#13469 = ORIENTED_EDGE ( 'NONE', *, *, #6698, .F. ) ;
#13470 = ORIENTED_EDGE ( 'NONE', *, *, #13475, .F. ) ;
#13471 = ORIENTED_EDGE ( 'NONE', *, *, #6633, .F. ) ;
#13472 = ORIENTED_EDGE ( 'NONE', *, *, #13473, .F. ) ;
#13473 = EDGE_CURVE ( 'NONE', #13455, #13466, #6040, .T. ) ;
#13474 = EDGE_CURVE ( 'NONE', #6733, #13455, #6036, .T. ) ;
#13475 = EDGE_CURVE ( 'NONE', #13466, #13459, #6032, .T. ) ;
#13476 = EDGE_CURVE ( 'NONE', #6635, #6687, #6028, .T. ) ;
#13477 = ORIENTED_EDGE ( 'NONE', *, *, #13476, .F. ) ;
#13478 = EDGE_LOOP ( 'NONE', ( #13477, #13471, #13469, #13467 ) ) ;
#13479 = ORIENTED_EDGE ( 'NONE', *, *, #13494, .F. ) ;
#13480 = ORIENTED_EDGE ( 'NONE', *, *, #13486, .T. ) ;
#13481 = VERTEX_POINT ( 'NONE', #6024 ) ;
#13482 = EDGE_LOOP ( 'NONE', ( #13485, #13479, #13480, #13483, #13503, #6401 ) ) ;
#13483 = ORIENTED_EDGE ( 'NONE', *, *, #13505, .F. ) ;
#13484 = ADVANCED_FACE ( 'NONE', ( #6023 ), #6067, .F. ) ;
#13485 = ORIENTED_EDGE ( 'NONE', *, *, #7237, .F. ) ;
#13486 = EDGE_CURVE ( 'NONE', #7163, #13481, #6061, .T. ) ;
#13487 = ORIENTED_EDGE ( 'NONE', *, *, #6719, .T. ) ;
#13488 = ADVANCED_FACE ( 'NONE', ( #6057 ), #6099, .T. ) ;
#13489 = ADVANCED_FACE ( 'NONE', ( #6094 ), #6093, .F. ) ;
#13490 = EDGE_LOOP ( 'NONE', ( #13487, #247, #246, #245 ) ) ;
#13491 = EDGE_LOOP ( 'NONE', ( #13492, #6419, #6422, #6406 ) ) ;
#13492 = ORIENTED_EDGE ( 'NONE', *, *, #7038, .F. ) ;
#13493 = VERTEX_POINT ( 'NONE', #6088 ) ;
#13494 = EDGE_CURVE ( 'NONE', #7163, #7326, #6086, .T. ) ;
#13495 = ORIENTED_EDGE ( 'NONE', *, *, #7172, .T. ) ;
#13496 = ADVANCED_FACE ( 'NONE', ( #6082 ), #6122, .F. ) ;
#13497 = ORIENTED_EDGE ( 'NONE', *, *, #6603, .F. ) ;
#13498 = ORIENTED_EDGE ( 'NONE', *, *, #6400, .F. ) ;
#13499 = EDGE_CURVE ( 'NONE', #208, #7173, #6117, .T. ) ;
#13500 = ORIENTED_EDGE ( 'NONE', *, *, #7317, .F. ) ;
#13501 = ORIENTED_EDGE ( 'NONE', *, *, #13499, .T. ) ;
#13502 = VERTEX_POINT ( 'NONE', #6113 ) ;
#13503 = ORIENTED_EDGE ( 'NONE', *, *, #13506, .F. ) ;
#13504 = VERTEX_POINT ( 'NONE', #6112 ) ;
#13505 = EDGE_CURVE ( 'NONE', #13504, #13481, #6111, .T. ) ;
#13506 = EDGE_CURVE ( 'NONE', #208, #13504, #6107, .T. ) ;
#13507 = VERTEX_POINT ( 'NONE', #6103 ) ;
#13508 = ORIENTED_EDGE ( 'NONE', *, *, #2416, .F. ) ;
#13509 = EDGE_CURVE ( 'NONE', #13507, #1644, #6157, .T. ) ;
#13510 = ORIENTED_EDGE ( 'NONE', *, *, #13519, .T. ) ;
#13511 = ORIENTED_EDGE ( 'NONE', *, *, #13513, .F. ) ;
#13512 = EDGE_LOOP ( 'NONE', ( #13511, #13514, #13510, #13537 ) ) ;
#13513 = EDGE_CURVE ( 'NONE', #7343, #6508, #6152, .T. ) ;
#13514 = ORIENTED_EDGE ( 'NONE', *, *, #7351, .T. ) ;
#13515 = ORIENTED_EDGE ( 'NONE', *, *, #8, .F. ) ;
#13516 = ADVANCED_FACE ( 'NONE', ( #6148 ), #6133, .T. ) ;
#13517 = ORIENTED_EDGE ( 'NONE', *, *, #6544, .T. ) ;
#13518 = ADVANCED_FACE ( 'NONE', ( #6127 ), #6171, .T. ) ;
#13519 = EDGE_CURVE ( 'NONE', #7349, #6513, #6166, .T. ) ;
#13520 = ORIENTED_EDGE ( 'NONE', *, *, #7348, .T. ) ;
#13521 = ORIENTED_EDGE ( 'NONE', *, *, #13519, .F. ) ;
#13522 = VERTEX_POINT ( 'NONE', #6162 ) ;
#13523 = EDGE_CURVE ( 'NONE', #13522, #7217, #6160, .T. ) ;
#13524 = EDGE_LOOP ( 'NONE', ( #13526, #13527, #13548, #13543, #13539, #13542 ) ) ;
#13525 = ADVANCED_FACE ( 'NONE', ( #6216 ), #6201, .T. ) ;
#13526 = ORIENTED_EDGE ( 'NONE', *, *, #7273, .F. ) ;
#13527 = ORIENTED_EDGE ( 'NONE', *, *, #13523, .F. ) ;
#13528 = ORIENTED_EDGE ( 'NONE', *, *, #6518, .F. ) ;
#13529 = ORIENTED_EDGE ( 'NONE', *, *, #13513, .T. ) ;
#13530 = ORIENTED_EDGE ( 'NONE', *, *, #7282, .T. ) ;
#13531 = ADVANCED_FACE ( 'NONE', ( #6195 ), #6237, .T. ) ;
#13532 = ORIENTED_EDGE ( 'NONE', *, *, #6545, .F. ) ;
#13533 = ORIENTED_EDGE ( 'NONE', *, *, #13550, .F. ) ;
#13534 = EDGE_LOOP ( 'NONE', ( #13535, #13565, #13561, #13559 ) ) ;
#13535 = ORIENTED_EDGE ( 'NONE', *, *, #7276, .F. ) ;
#13536 = ADVANCED_FACE ( 'NONE', ( #6231 ), #6267, .T. ) ;
#13537 = ORIENTED_EDGE ( 'NONE', *, *, #6512, .F. ) ;
#13538 = VERTEX_POINT ( 'NONE', #6262 ) ;
#13539 = ORIENTED_EDGE ( 'NONE', *, *, #13545, .F. ) ;
#13540 = EDGE_CURVE ( 'NONE', #13522, #13544, #6261, .T. ) ;
#13541 = VERTEX_POINT ( 'NONE', #6257 ) ;
#13542 = ORIENTED_EDGE ( 'NONE', *, *, #13546, .T. ) ;
#13543 = ORIENTED_EDGE ( 'NONE', *, *, #13547, .F. ) ;
#13544 = VERTEX_POINT ( 'NONE', #6256 ) ;
#13545 = EDGE_CURVE ( 'NONE', #13541, #13538, #6255, .T. ) ;
#13546 = EDGE_CURVE ( 'NONE', #13541, #7274, #6251, .T. ) ;
#13547 = EDGE_CURVE ( 'NONE', #13538, #13544, #6247, .T. ) ;
#13548 = ORIENTED_EDGE ( 'NONE', *, *, #13540, .T. ) ;
#13549 = VERTEX_POINT ( 'NONE', #6243 ) ;
#13550 = EDGE_CURVE ( 'NONE', #13549, #7178, #6297, .T. ) ;
#13551 = VERTEX_POINT ( 'NONE', #6293 ) ;
#13552 = EDGE_CURVE ( 'NONE', #13562, #13551, #6291, .T. ) ;
#13553 = ORIENTED_EDGE ( 'NONE', *, *, #13552, .T. ) ;
#13554 = ADVANCED_FACE ( 'NONE', ( #6287 ), #6272, .T. ) ;
#13555 = ORIENTED_EDGE ( 'NONE', *, *, #13558, .F. ) ;
#13556 = EDGE_LOOP ( 'NONE', ( #13557, #13555, #13553, #19, #4, #13571 ) ) ;
#13557 = ORIENTED_EDGE ( 'NONE', *, *, #7279, .F. ) ;
#13558 = EDGE_CURVE ( 'NONE', #13562, #7277, #6323, .T. ) ;
#13559 = ORIENTED_EDGE ( 'NONE', *, *, #13558, .T. ) ;
#13560 = EDGE_LOOP ( 'NONE', ( #13564, #13563, #13566, #6973 ) ) ;
#13561 = ORIENTED_EDGE ( 'NONE', *, *, #13567, .T. ) ;
#13562 = VERTEX_POINT ( 'NONE', #6319 ) ;
#13563 = ORIENTED_EDGE ( 'NONE', *, *, #13570, .F. ) ;
#13564 = ORIENTED_EDGE ( 'NONE', *, *, #7215, .F. ) ;
#13565 = ORIENTED_EDGE ( 'NONE', *, *, #13546, .F. ) ;
#13566 = ORIENTED_EDGE ( 'NONE', *, *, #6976, .T. ) ;
#13567 = EDGE_CURVE ( 'NONE', #13541, #13562, #6317, .T. ) ;
#13568 = ADVANCED_FACE ( 'NONE', ( #6313 ), #6298, .T. ) ;
#13569 = ORIENTED_EDGE ( 'NONE', *, *, #6795, .F. ) ;
#13570 = EDGE_CURVE ( 'NONE', #2, #7216, #6339, .T. ) ;
#13571 = ORIENTED_EDGE ( 'NONE', *, *, #13570, .T. ) ;
ENDSEC;
END-ISO-10303-21;
